pl_name,pl_rade,pl_bmasse,pl_eqt,pl_orbsmax,pl_orbeccen,st_teff,sy_snum,P_ESI
11 Com b,12.2,4914.89848585,1437.38,1.178,0.238,4874.0,2.0,0.087643878
11 UMi b,12.3,4684.8142,607.766,1.5300000000000002,0.08,4213.0,1.0,0.081365972
14 And b,13.1,1131.15130051,909.7660000000001,0.7750000000000012,0.0,4888.0,1.0,0.077422028
14 Her b,12.5,2828.6728223,830.966,2.839,0.3683,5338.0,1.0,0.16301977
16 Cyg B b,13.5,565.7374,606.0,1.6600000000000001,0.6800000000000002,5750.0,3.0,0.3680929
17 Sco b,12.9,1373.01871824,910.96,1.4500000000000002,0.06,4157.0,1.0,0.08151397
18 Del b,12.5,2926.24614325,1765.1999999999998,2.476,0.024,4980.0,2.0,0.19709795
1RXS J160929.1-210524 b,18.647,3000.0,1700.0,330.0,0.2166,4060.0,1.0,0.049538687
24 Boo b,13.899999999999999,280.64248338,981.982,0.19399999999999995,0.032,4816.0,1.0,0.065236534
24 Sex b,13.4,632.46,1382.78,1.3330000000000002,0.09,5098.0,1.0,0.17671788
24 Sex c,13.899999999999999,273.32,1021.98,2.08,0.29,5098.0,1.0,0.271731
2M0437 b,13.0,1271.313628,1450.0,118.0,0.1422,3100.0,1.0,0.068690673
2MASS J01225093-2439505 b,11.209,7786.5,1600.0,52.0,0.1242,3530.0,1.0,0.078268075
2MASS J02192210-3925225 b,16.14096,4417.837,1142.246,156.0,0.23,3064.0,1.0,0.056534469
2MASS J04414489+2301513 b,12.6,2383.6,997.2,15.0,0.23039999999999997,2936.0,1.0,0.070633378
2MASS J12073346-3932539 b,15.692572979999998,1652.7077164,1163.0,46.0,0.17819999999999997,2825.0,1.0,0.069159148
2MASS J19383260+4603591 b,13.4,603.877,2341.2,0.9199999999999999,0.33,29564.0,2.0,0.096041501
2MASS J22362452+4751425 b,12.3,3972.875,1022.246,230.0,0.41780000000000006,4045.0,1.0,0.072138539
4 UMa b,12.6,2511.48007211,547.366,0.8769999999999998,0.453,4415.0,1.0,0.076958767
47 UMa b,13.2,804.08,1415.0,2.0999999999999996,0.032,5872.0,1.0,0.30655665
47 UMa c,14.2,171.621,1131.046,3.6,0.098,5872.0,1.0,0.17364662
47 UMa d,13.5,521.22,1375.6,11.6,0.16,5872.0,1.0,0.07892382
51 Eri b,12.899999999999999,3464.3296363,807.0,10.4,0.57,7422.0,3.0,0.11258312
51 Peg b,14.3,146.2018,1543.1999999999998,0.05269999999999975,0.012999999999999998,5758.0,1.0,0.06523781
55 Cnc b,13.899999999999999,263.9785,700.0,0.11800000000000033,0.0029,5198.0,2.0,0.085730217
55 Cnc c,8.51,54.47379999999998,755.13,0.2469999999999999,0.088,5198.0,2.0,0.18618842
55 Cnc d,13.0,1232.493,1500.4,5.6,0.0913,5198.0,2.0,0.08758419
55 Cnc e,1.875,7.990000000000009,1958.0,0.015439999999999898,0.05,5172.0,2.0,0.2613764
55 Cnc f,7.59,44.81200000000001,702.53,0.8019999999999996,0.063,5198.0,2.0,0.45696022
6 Lyn b,13.4,597.83523357,1132.166,2.0280000000000005,0.042,4941.0,1.0,0.28726791
61 Vir b,2.11,5.100000000000023,710.2,0.050201000000000384,0.12,5577.0,1.0,0.25333762
61 Vir c,4.46,18.19999999999999,869.8,0.21750000000000025,0.14,5577.0,1.0,0.22754245
61 Vir d,5.11,22.899999999999977,930.674,0.476,0.35,5577.0,1.0,0.37098364
7 CMa b,13.4,587.9855,1493.366,1.758,0.06,4826.0,1.0,0.26636555
7 CMa c,13.899999999999999,276.5121,1185.5620000000001,2.153,0.08,4826.0,1.0,0.31679824
70 Vir b,12.6,2380.45,612.966,0.48099999999999987,0.39880000000000004,5495.0,1.0,0.14338115
75 Cet b,13.3,787.89662095,1360.2,1.912,0.093,4809.0,2.0,0.13562122
75 Cet c,13.899999999999999,289.85950718,1086.8,3.929,0.023,4809.0,2.0,0.27824696
8 UMi b,13.5,524.41687155,1225.5819999999999,0.46199999999999974,0.062,4847.0,1.0,0.070780823
81 Cet b,13.1,1051.05854195,1095.366,2.104,0.037,4734.0,1.0,0.14231034
91 Aqr b,13.1,1017.0,1066.4,0.7000000000000002,0.026999999999999996,4665.0,3.0,0.078752705
AB Aur b,12.5,2860.455663,1230.0,93.9,0.4000000000000001,9770.0,1.0,0.07889747
AB Pic b,12.3,4290.5,931.1460000000001,260.0,0.2054,5285.0,1.0,0.072146073
AF Lep b,13.0,1147.36054927,1400.0,8.996,0.015,6140.0,1.0,0.097563246
AU Mic b,4.79,8.990000000000009,554.8,0.07000000000000028,0.07,3540.0,1.0,0.22279239
AU Mic c,2.79,14.45999999999998,424.7,0.11899999999999977,0.18,3540.0,1.0,0.32906063
AU Mic d,1.0200000000000005,1.0529999999999973,561.4,0.05014000000000074,0.003049999999999997,3678.0,1.0,0.39679677
BD+03 2562 b,12.7,2034.112,743.486,1.2999999999999998,0.2,4095.0,1.0,0.073659806
BD+14 4559 b,13.8,330.5432,1007.38,0.7800000000000002,0.29,4864.0,1.0,0.38456025
BD+15 2375 b,13.8,337.21763,1136.78,0.5759999999999996,0.0010000000000000009,4649.0,1.0,0.074553831
BD+15 2940 b,13.7,352.78,1088.766,0.5389999999999997,0.26,4796.0,1.0,0.06847007
BD+20 2457 b,12.1,6807.63,875.94,1.4500000000000002,0.15,4137.0,1.0,0.074700228
BD+20 2457 c,12.399999999999999,3963.17,431.34600000000006,2.01,0.18,4137.0,1.0,0.074505711
BD+20 274 b,13.0,1334.886,731.966,1.2999999999999998,0.21,4296.0,1.0,0.08764565
BD+20 594 b,2.57807,22.248100000000022,546.0,0.24099999999999966,0.0,5766.0,1.0,0.30647469
BD+45 564 b,13.599999999999998,432.24663352,1382.78,0.8300000000000001,0.12,5004.0,1.0,0.36203391
BD+48 738 b,13.899999999999999,289.2253,1070.966,1.0,0.2,4414.0,1.0,0.085492126
BD+48 740 b,13.5,540.311,1257.38,1.7000000000000002,0.7599999999999998,4534.0,1.0,0.10978786
BD+49 828 b,13.5,508.5,1030.18,4.2,0.35,4943.0,1.0,0.35861276
BD+55 362 b,14.0,228.83645304,1007.38,0.7800000000000002,0.27,5012.0,1.0,0.38367829
BD+60 1417 b,14.68376472,4767.426105,1303.0,1662.0,0.22440000000000002,4993.0,1.0,0.061591603
BD+63 1405 b,12.399999999999999,3305.4154328,566.886,2.06,0.8800000000000001,5000.0,1.0,0.23063409
BD-06 1339 b,8.736,1523.03372634,701.4,0.04279999999999973,0.0,4324.0,1.0,0.23950512
BD-06 1339 c,8.38,53.0,752.0,0.4349999999999996,0.31,4324.0,1.0,0.40240802
BD-08 2823 b,12.6248,2948.49413174,643.1659999999999,0.05999999999999961,0.15,4816.0,1.0,0.20560321
BD-08 2823 c,12.5,104.0,999.158,0.6799999999999997,0.19,4746.0,1.0,0.35783763
BD-10 3166 b,14.099999999999998,187.5197,1331.2,0.03999999999999915,0.020000000000000004,5393.0,1.0,0.066523104
BD-11 4672 b,14.099999999999998,206.5895,1361.616,2.36,0.05,4550.0,1.0,0.092851813
BD-11 4672 c,4.04,15.370000000000005,979.97,0.2999999999999998,0.4000000000000001,4550.0,1.0,0.52005613
BD-13 2130 b,12.5,3108.3774,755.566,1.6600000000000001,0.21,4545.0,1.0,0.096496005
BD-17 63 b,12.8,1639.99458012,816.566,1.3399999999999999,0.5439,4714.0,1.0,0.19289263
BD-210397 b,14.0,214.0,1112.04,2.63,0.1,4051.0,1.0,0.084660225
BD-210397 c,12.9,1525.5763536,946.1659999999999,5.9,0.43,4051.0,1.0,0.07374133
CD Cet b,1.8200000000000003,3.9499999999999886,464.0,0.018500000000000405,0.17200000000000001,3130.0,1.0,0.40416679
CFBDSIR J145829+101343 b,12.399999999999999,3337.1,370.0,2.6,0.2876,580.5,1.0,0.071622779
CFHTWIR-Oph 98 b,20.8487041,2479.0615746,1800.0,200.0,0.1938,2320.0,1.0,0.044671746
COCONUTS-2 b,12.57647635,2383.7130525,493.0,7506.0,0.28,3552.0,1.0,0.071408901
CT Cha b,24.66,5403.0,2600.0,440.0,0.38138,4403.0,1.0,0.038185579
CoRoT-1 b,16.700000000000003,327.35,1898.0,0.02751999999999999,0.0,5950.0,1.0,0.055210389
CoRoT-10 b,10.87,874.0,600.0,0.10550000000000015,0.53,5075.0,1.0,0.13130296
CoRoT-11 b,16.03,740.51,1657.0,0.04359999999999964,0.0,6440.0,1.0,0.057733305
CoRoT-12 b,16.14,291.438,1442.0,0.040160000000000196,0.07,5675.0,1.0,0.057985974
CoRoT-13 b,9.92,415.704,1700.0,0.051000000000000156,0.0,5945.0,1.0,0.089371693
CoRoT-14 b,12.220000000000002,2415.4,1952.0,0.027000000000000135,0.0,6035.0,1.0,0.073150266
CoRoT-16 b,13.11,170.032,1237.246,0.061799999999999855,0.33,5650.0,1.0,0.078561072
CoRoT-17 b,11.43,772.29,1626.0,0.04610000000000003,0.0,5740.0,1.0,0.078625359
CoRoT-18 b,14.68,1102.82,1550.0,0.029499999999999638,0.08,5440.0,1.0,0.062970643
CoRoT-19 b,14.46,352.78,2000.0,0.05180000000000007,0.047,6090.0,1.0,0.063265151
CoRoT-2 b,16.432,1102.82,1521.0,0.027980000000000338,0.0143,5625.0,2.0,0.056740878
CoRoT-20 b,9.41556,1366.669,1024.0,0.08999999999999986,0.5900000000000001,5880.0,1.0,0.095756334
CoRoT-20 c,12.2,5403.11,927.046,2.9,0.6000000000000001,5880.0,1.0,0.20480289
CoRoT-21 b,14.5717,718.2958,1889.4,0.041699999999999626,0.0,6200.0,1.0,0.062382445
CoRoT-22 b,4.88,12.199999999999989,885.0,0.09199999999999964,0.077,5939.0,1.0,0.16236543
CoRoT-23 b,11.77,889.9,1660.0,0.04800000000000004,0.16,5900.0,1.0,0.076994975
CoRoT-24 b,3.7,5.699999999999989,1070.0,0.05600000000000005,0.0,4950.0,1.0,0.1996284
CoRoT-24 c,5.0,28.0,850.0,0.09799999999999986,0.0,4950.0,1.0,0.19307331
CoRoT-25 b,12.11,85.81,1330.0,0.057800000000000296,0.0,6040.0,1.0,0.075729936
CoRoT-26 b,14.119999999999997,165.26,1600.0,0.05259999999999998,0.0,5590.0,1.0,0.064843236
CoRoT-27 b,11.286999999999999,3302.11,1500.0,0.04760000000000009,0.065,5900.0,1.0,0.081364856
CoRoT-28 b,10.704595,153.82972,990.564,0.0602999999999998,0.047,5150.0,1.0,0.083066795
CoRoT-29 b,10.0881,270.1555,960.944,0.038599999999999746,0.082,5260.0,1.0,0.087739955
CoRoT-3 b,11.32,6883.91,1695.0,0.05783000000000005,0.0,6740.0,1.0,0.079061404
CoRoT-30 b,11.309881,921.707,1189.4,0.08439999999999959,0.007000000000000006,5650.0,1.0,0.089615713
CoRoT-31 b,16.36514,266.9772,1878.4,0.05860000000000021,0.020000000000000004,5700.0,1.0,0.05728074
CoRoT-35 b,18.83108758,349.6112477,1747.0,0.04290000000000038,0.0,6390.0,1.0,0.049928133
CoRoT-36 b,15.804662789999998,216.12331676,1567.0,0.06599999999999984,0.0,6730.0,1.0,0.058335794
CoRoT-4 b,13.34,228.83,1074.0,0.08999999999999986,0.0,6190.0,1.0,0.072753402
CoRoT-5 b,15.558,148.42,1438.0,0.04947000000000035,0.09,6100.0,1.0,0.060161229
CoRoT-6 b,13.068,940.74,1017.0,0.08549999999999969,0.1,6090.0,1.0,0.075649966
CoRoT-7 b,1.6813499999999997,4.076605180000001,1756.0,0.01701599999999992,0.0,5275.0,1.0,0.27120979
CoRoT-7 c,2.83,8.399999999999977,611.5999999999999,0.04600000000000026,0.0,5256.0,1.0,0.2215501
CoRoT-7 d,4.31,17.141999999999996,633.76,0.32411999999999974,0.0582,5250.0,1.0,0.18235569
CoRoT-8 b,6.39,69.92000000000002,870.0,0.06299999999999972,0.0,5080.0,1.0,0.13603342
CoRoT-9 b,11.948794,266.9772,420.0,0.4020999999999999,0.133,5625.0,2.0,0.28548484
DE CVn b,12.399999999999999,3823.27330161,1252.0,5.75,0.0,3579.0,2.0,0.072490456
DH Tau b,30.2643,3496.0,2200.0,330.0,0.128,4371.0,1.0,0.031463206
DMPP-1 b,4.26,16.80000000000001,877.0,0.14229999999999965,0.2,6196.0,1.0,0.15584064
DMPP-1 c,3.31,10.939999999999998,1239.0,0.09729999999999972,0.22,6196.0,1.0,0.21030814
DMPP-1 d,2.02,4.720000000000027,1632.0,0.04466999999999999,0.36,6196.0,1.0,0.27309959
DMPP-1 e,1.8600000000000003,4.1299999999999955,1314.0,0.06510000000000016,0.07,6196.0,1.0,0.26435102
DMPP-2 b,14.2,171.48,1000.0,0.06637999999999966,0.06,6500.0,1.0,0.066751158
DMPP-3 A b,1.4400000000000004,2.670000000000016,854.0,0.05958000000000041,0.42,5138.0,2.0,0.2945082
DMPP-4 b,3.53,12.199999999999989,925.996,0.048530000000000406,0.063,6400.0,1.0,0.1910937
DP Leo b,12.7,1995.88832,2091.2,8.19,0.39,13500.0,2.0,0.070192739
DS Tuc A b,5.7,413.179,850.0,0.5299200000000006,0.0,5428.0,2.0,0.14622701
EPIC 201170410.02,1.0469999999999997,1.1499999999999773,679.4,0.03490000000000126,0.0,3648.0,1.0,0.41742203
EPIC 201238110 b,1.87,4.160000000000025,395.20000000000005,0.11537400000000098,0.03352,3587.0,1.0,0.71610717
EPIC 201427007 b,1.5,2.8600000000000136,1214.6,0.043543999999999805,0.0,5633.0,1.0,0.27925568
EPIC 201497682 b,0.6920000000000002,0.2599999999999909,895.6,0.05613199999999985,0.0,4991.0,1.0,0.2884597
EPIC 201595106 b,1.565,7.670000000000016,2038.0,0.017699999999999605,0.0,5679.0,1.0,0.28738835
EPIC 201615463 c,1.2199999999999998,1.9800000000000182,856.0,0.1165540000000016,0.0,5960.0,1.0,0.29059477
EPIC 201754305 d,1.0300000000000002,1.079999999999984,874.8,0.07443400000000011,0.0,4761.0,1.0,0.30181698
EPIC 201757695.02,0.9081900000000003,0.6879999999999882,737.8,0.029600000000000293,0.0,4520.0,1.0,0.29492741
EPIC 201833600 c,1.0,0.97199999999998,709.6,0.06121999999999961,0.0,4326.0,1.0,0.31092324
EPIC 201841433 b,1.04,1.1200000000000045,1173.8,0.03500000000000014,0.0,5053.0,1.0,0.30019225
EPIC 205950854 c,1.3099999999999996,2.269999999999982,960.6,0.05752000000000024,0.04,5502.7,1.0,0.2983761
EPIC 206024342 b,1.6999999999999997,3.5299999999999727,987.6,0.11639800000000111,0.0,5724.0,1.0,0.27499151
EPIC 206024342 c,1.3999999999999995,2.5400000000000205,1136.4,0.05723199999999906,0.0,5724.0,1.0,0.28380461
EPIC 206024342 d,2.6,7.269999999999982,602.2,0.25811600000000023,0.0,5724.0,1.0,0.25063549
EPIC 206032309 b,1.0099999999999998,1.009999999999991,513.3399999999999,0.09159999999999968,0.0612,3489.0,1.0,0.33497372
EPIC 206042996 b,1.6999999999999997,3.5299999999999727,765.4,0.07409999999999961,0.068,4114.0,1.0,0.30053173
EPIC 206042996 c,1.2000000000000002,1.8700000000000045,929.88,0.02522399999999969,0.0,4114.0,1.0,0.29086618
EPIC 206215704 b,1.0,0.97199999999998,531.8,0.03465399999999885,0.029999999999999992,3297.0,1.0,0.39343273
EPIC 206317286 b,0.96,0.839999999999975,792.0,0.08340000000000014,0.013999999999999999,4752.0,1.0,0.29585146
EPIC 206317286 c,2.0940000000000003,5.029999999999973,560.976,0.27550399999999975,0.104,4752.0,1.0,0.32522901
EPIC 211822797 b,1.9200000000000004,4.350000000000023,431.0,0.11950000000000038,0.06,4057.0,1.0,0.48103316
EPIC 211945201 b,5.76,11.0,817.0,0.1493000000000002,0.0,6069.0,1.0,0.14596648
EPIC 212297394 b,1.4799999999999995,2.7900000000000205,1149.0,0.04593399999999992,0.0,5171.0,1.0,0.28428654
EPIC 212297394 c,2.2700000000000005,5.769999999999982,866.0,0.08536799999999989,0.0318,5171.0,1.0,0.25312883
EPIC 212424622 b,2.17,5.350000000000023,673.8,0.15538200000000035,0.061,5782.33,1.0,0.26315746
EPIC 212499991 b,1.6,3.1899999999999977,875.2,0.06547999999999998,0.0,4982.79,1.0,0.43027597
EPIC 212587672 b,1.2599999999999998,2.1299999999999955,756.0,0.14097400000000082,0.0,6004.0,1.0,0.30792694
EPIC 212587672 c,2.32,5.990000000000009,658.0,0.17262999999999895,0.04,6004.0,1.0,0.26862097
EPIC 212624936 b,1.2000000000000002,1.8700000000000045,1040.6,0.07518599999999953,0.0,5765.0,1.0,0.29032315
EPIC 212624936 c,2.3,5.899999999999977,803.6,0.15781000000000045,0.061,5765.0,1.0,0.25775504
EPIC 212737443 b,2.586,7.199999999999989,536.0,0.09799999999999986,0.2,4684.0,1.0,0.29137883
EPIC 212737443 c,2.69,7.699999999999989,316.0,0.28000000000000025,0.2,4684.0,1.0,0.59538025
EPIC 220492298 b,0.9900000000000002,0.9370000000000118,1018.8,0.05848599999999937,0.0,5620.0,1.0,0.29325625
EPIC 220554210 c,1.6,3.1899999999999977,1259.2,0.039335999999999594,0.074,5499.0,1.0,0.27483038
EPIC 220674823 b,1.6060000000000003,7.5400000000000205,2324.0,0.013200000000000323,0.0,5578.0,1.0,0.26861068
EPIC 220674823 c,2.7119999999999997,7.899999999999977,838.0,0.10780000000000012,0.18,5578.0,1.0,0.23523564
EPIC 228836835 b,1.1000000000000005,1.3700000000000045,932.0,0.029336000000000695,0.05261,3782.0,1.0,0.30017627
EPIC 229004835 b,2.332,10.399999999999977,804.0,0.12370000000000037,0.23,5868.0,1.0,0.25645062
EPIC 246851721 b,11.780659,953.49,1401.0,0.07228999999999974,0.31742,6202.0,2.0,0.076605361
EPIC 248847494 b,12.44199,4131.79,183.0,4.5,0.0,4898.0,1.0,0.21937694
EPIC 249893012 b,1.9500000000000002,8.75,1616.0,0.04699999999999971,0.06,5430.0,1.0,0.25843827
EPIC 249893012 c,3.67,14.670000000000016,990.0,0.1299999999999999,0.07,5430.0,1.0,0.19451622
EPIC 249893012 d,3.94,10.180000000000007,752.0,0.21999999999999975,0.15,5430.0,1.0,0.20209233
FU Tau b,12.2,5085.28,2375.0,800.0,0.22440000000000002,2838.0,1.0,0.072658307
G 264-012 b,1.3899999999999997,2.5,587.0,0.022789999999999644,0.11599999999999999,3326.0,1.0,0.34826581
G 264-012 c,1.7599999999999998,3.75,387.0,0.05250000000000021,0.062,3326.0,1.0,0.54005486
G 9-40 b,1.9,4.0,440.6000000000001,0.04180000000000028,0.0,3395.0,1.0,0.41388817
GJ 1002 b,1.0300000000000002,1.079999999999984,230.89999999999998,0.045700000000000074,0.036,3024.0,1.0,0.86151546
GJ 1002 c,1.1000000000000005,1.3600000000000136,181.70000000000005,0.07380000000000031,0.044000000000000004,3024.0,1.0,0.58171525
GJ 1061 b,1.04,1.1100000000000136,257.91999999999996,0.020999999999999908,0.05,2953.0,1.0,0.57158634
GJ 1061 c,1.1900000000000004,1.8100000000000023,271.52,0.03420000000000023,0.020000000000000004,2953.0,1.0,0.85791058
GJ 1061 d,1.1600000000000001,1.670000000000016,258.91999999999996,0.05400000000000027,0.04,2953.0,1.0,0.85863511
GJ 1132 b,1.1915146500000002,1.8370481900000186,583.8,0.015699999999999825,0.011800000000000005,3229.0,1.0,0.36158321
GJ 1132 c,1.52,2.910000000000025,300.0,0.04760000000000009,0.19,3090.0,1.0,0.73238181
GJ 1148 b,11.9,96.69999999999999,909.9540000000001,0.16600000000000037,0.38,3287.0,1.0,0.3643561
GJ 1148 c,9.71,68.06,654.954,0.9119999999999999,0.342,3287.0,1.0,0.10710391
GJ 1151 c,3.25,10.620000000000005,549.4,0.5713999999999997,0.2316,3280.0,1.0,0.21243423
GJ 1214 b,2.733,8.410000000000025,567.0,0.015049999999999564,0.006199999999999997,3101.0,1.0,0.27839216
GJ 1252 b,1.1930000000000005,1.3199999999999932,1090.0,0.009149999999999991,0.0,3458.0,1.0,0.2961555
GJ 1265 b,2.6300000000000003,7.399999999999977,446.2000000000001,0.0259999999999998,0.04,3236.0,1.0,0.41971543
GJ 143 b,2.61,22.69999999999999,422.0,0.19149999999999956,0.188,4640.0,1.0,0.41165238
GJ 15 A b,1.5499999999999998,3.0299999999999727,550.0,0.07200000000000006,0.094,3607.0,2.0,0.53462708
GJ 15 A c,6.67,36.0,722.8,5.4,0.27,3607.0,2.0,0.12155438
GJ 160.2 b,3.17,10.199999999999989,784.756,0.052999999999999936,0.06,4347.0,1.0,0.22441106
GJ 163 b,3.25,10.600000000000023,484.11999999999995,0.060699999999999754,0.073,3500.0,1.0,0.38834652
GJ 163 c,2.5,6.800000000000011,460.12,0.12539999999999996,0.099,3500.0,1.0,0.68680696
GJ 163 d,5.92,29.399999999999977,546.8,1.0304000000000002,0.373,3500.0,1.0,0.15471048
GJ 179 b,13.8,301.93698665,851.154,2.41,0.21,3370.0,1.0,0.068123643
GJ 180 b,2.43,6.490000000000009,317.28,0.09199999999999964,0.07,3371.0,1.0,0.66909381
GJ 180 c,2.4100000000000006,6.399999999999977,330.68000000000006,0.12899999999999956,0.09,3371.0,1.0,0.69540275
GJ 180 d,2.66,7.560000000000002,487.0,0.30900000000000016,0.14,3371.0,1.0,0.4754664
GJ 2030 b,2.03,4.767426109999974,766.692,0.03399999999999981,0.23900000000000002,5485.0,1.0,0.25352208
GJ 2030 c,12.3,4069.15709482,894.78,16.761,0.041,5485.0,1.0,0.087529697
GJ 2056 b,4.17,16.19999999999999,615.742,0.28300000000000036,0.72,4069.95,1.0,0.48896943
GJ 229 A c,2.87,8.581366989999992,616.4,0.38400000000000034,0.366,3564.0,3.0,0.56015989
GJ 229 b,3.97,14.937935130000028,547.5999999999999,1.0860000000000003,0.4040000000000001,3564.0,3.0,0.20674238
GJ 251 b,1.79,3.8500000000000227,336.0,0.08079999999999998,0.0,3342.0,1.0,0.62909696
GJ 27.1 b,3.66,13.0,523.88,0.10099999999999998,0.08,3542.0,1.0,0.49134819
GJ 273 b,1.5099999999999998,2.8899999999999864,678.2,0.0911010000000001,0.1,3382.0,1.0,0.85463759
GJ 273 c,1.0599999999999996,1.1800000000000068,599.0,0.03646700000000003,0.16999999999999998,3382.0,1.0,0.47597106
GJ 3021 b,13.1,1071.04,350.0,0.4900000000000002,0.511,5540.0,2.0,0.28902954
GJ 3082 b,2.79,8.199999999999989,736.3240000000001,0.07899999999999974,0.22,3910.0,1.0,0.40317601
GJ 3090 b,2.18,4.519999999999982,723.0,0.03160000000000007,0.25,3707.0,1.0,0.27533568
GJ 3138 b,1.1799999999999997,1.7799999999999727,737.8,0.019700000000000273,0.19,3717.0,1.0,0.30232551
GJ 3138 c,1.88,4.180000000000007,410.65200000000004,0.057000000000000384,0.11,3717.0,1.0,0.35062972
GJ 3138 d,3.23,10.5,619.4259999999999,0.6980000000000004,0.32000000000000006,3717.0,1.0,0.30923984
GJ 317 b,13.3,794.5,766.8199999999999,1.138,0.0826,3496.0,1.0,0.083619689
GJ 317 c,13.599999999999998,454.49462201,851.154,5.04,0.217,3496.0,1.0,0.067230839
GJ 3222 b,3.4,11.441822650000006,657.072,0.09100000000000019,0.929,5257.46,2.0,0.20129518
GJ 328 b,13.3,797.74930157,895.8,4.11,0.22699999999999998,3897.0,1.0,0.072686782
GJ 328 c,4.91,21.399999999999977,718.76,0.657,0.14940000000000003,3897.0,1.0,0.33072342
GJ 3293 b,5.19,23.54000000000002,622.1199999999999,0.14339000000000013,0.06,3466.0,1.0,0.520749
GJ 3293 c,4.87,21.089999999999975,528.0799999999999,0.3617499999999998,0.11,3466.0,1.0,0.31442271
GJ 3293 d,2.67,7.600000000000023,448.52,0.19393999999999956,0.12,3466.0,1.0,0.6297766
GJ 3293 e,1.63,3.2799999999999727,577.44,0.08208000000000037,0.21,3466.0,1.0,0.58304096
GJ 3323 b,1.2299999999999995,2.019999999999982,370.1,0.03282000000000007,0.23,3159.0,1.0,0.68021567
GJ 3323 c,1.3200000000000003,2.3100000000000023,370.1,0.1264000000000003,0.16999999999999998,3159.0,1.0,0.49034681
GJ 3341 b,2.46,6.600000000000023,460.12,0.08900000000000041,0.31,3526.0,1.0,0.48858245
GJ 338 B b,3.25,10.600000000000023,391.0,0.14200000000000035,0.109,4014.0,2.0,0.43616595
GJ 3470 b,4.57,13.899999999999977,593.5,0.035499999999999865,0.017,3600.0,1.0,0.20910414
GJ 3473 b,1.2640000000000002,1.8600000000000136,773.0,0.015889999999999738,0.0,3347.0,2.0,0.31135508
GJ 3473 c,2.6300000000000003,7.410000000000025,329.1,0.08760000000000012,0.0,3347.0,2.0,0.60886327
GJ 3512 b,14.3,146.51889563,985.954,0.3376000000000001,0.4279,3141.0,1.0,0.079154938
GJ 3512 c,14.3,143.97626837,695.36,1.7309999999999999,0.089,3141.0,1.0,0.092750222
GJ 357 b,1.2000000000000002,1.829999999999984,518.0,0.03599999999999959,0.1068,3505.0,1.0,0.39591069
GJ 357 c,1.6600000000000001,3.3999999999999773,401.2,0.06099999999999994,0.0896,3505.0,1.0,0.52704265
GJ 357 d,2.34,6.100000000000023,219.60000000000002,0.20399999999999974,0.12420000000000002,3505.0,1.0,0.57551752
GJ 3634 b,2.83,8.399999999999977,458.91999999999996,0.028699999999999726,0.08,3517.0,1.0,0.26625103
GJ 367 b,0.6989999999999998,0.6329999999999814,1365.0,0.007089999999999819,0.06,3522.0,1.0,0.28429496
GJ 367 c,1.8600000000000003,4.1299999999999955,453.1600000000001,0.054080000000000794,0.09,3522.0,1.0,0.48708457
GJ 367 d,2.33,6.029999999999973,372.52,0.09388000000000041,0.14,3522.0,1.0,0.71355472
GJ 3779 b,2.75,8.0,495.40000000000003,0.0259999999999998,0.07,3324.0,1.0,0.31082073
GJ 3929 b,1.0899999999999999,1.75,568.0,0.02519999999999989,0.0,3384.0,1.0,0.370086
GJ 3929 c,2.26,5.7099999999999795,317.0,0.0810000000000004,0.0,3384.0,1.0,0.6752644
GJ 393 b,1.17,1.7099999999999795,485.0,0.0540200000000004,0.0984,3579.0,1.0,0.42881937
GJ 3942 b,2.5699999999999994,7.139999999999986,590.0,0.06080000000000041,0.121,3867.0,1.0,0.28678397
GJ 3988 b,1.7400000000000002,3.6899999999999977,348.0,0.04049999999999976,0.0,3273.0,1.0,0.64622072
GJ 3998 b,1.3899999999999997,2.5,480.8,0.03000000000000025,0.0,3726.0,1.0,0.31197872
GJ 3998 c,2.5,6.819999999999993,498.88599999999997,0.08999999999999986,0.0,3726.0,1.0,0.44119424
GJ 411 b,1.4500000000000002,2.6899999999999977,349.8299999999999,0.0787899999999997,0.063,3719.0,1.0,0.61154459
GJ 414 A b,2.6300000000000003,7.600000000000023,308.6,0.23240000000000016,0.45,4120.0,2.0,0.56349752
GJ 414 A c,8.4,53.829999999999984,124.70000000000005,1.4000000000000004,0.105,4120.0,2.0,0.16255617
GJ 422 b,3.33,11.069999999999993,563.8,0.11099999999999977,0.11,3323.0,1.0,0.61758603
GJ 4276 b,4.22,16.569999999999993,563.8,0.08199999999999985,0.37,3387.0,1.0,0.43037724
GJ 433 b,2.33,6.043000000000006,357.52,0.06200000000000028,0.04,3461.0,1.0,0.44372208
GJ 433 c,6.27,32.422000000000025,550.3599999999999,4.819,0.12,3461.0,1.0,0.12764352
GJ 433 d,2.14,5.223000000000013,343.72,0.17799999999999994,0.07,3461.0,1.0,0.74246005
GJ 436 b,4.17,22.100000000000023,686.0,0.02909999999999968,0.13827,3586.11,1.0,0.20789076
GJ 463 b,13.1,1080.6165838,940.42,3.53,0.146,3563.0,1.0,0.071271378
GJ 480 b,2.91,8.800000000000011,406.0,0.06799999999999962,0.0,3509.0,1.0,0.36929478
GJ 486 b,1.2889999999999997,2.769999999999982,696.3,0.017140000000000377,0.0008599999999999997,3317.0,1.0,0.3206508
GJ 504 b,12.10569916,1271.3,510.0,43.5,0.4368,6234.0,1.0,0.069902199
GJ 514 b,2.1300000000000003,5.199999999999989,202.0,0.4219999999999997,0.45,3728.0,1.0,0.52010084
GJ 536 b,2.4100000000000006,6.3700000000000045,450.99999999999994,0.06679999999999975,0.0,3641.0,1.0,0.37099671
GJ 581 b,4.79,20.5,636.56,0.03990000000000027,0.034199999999999994,3500.0,1.0,0.30302675
GJ 581 c,2.5,6.810000000000002,370.91999999999996,0.07179999999999964,0.032,3500.0,1.0,0.59582095
GJ 581 e,1.38,2.480000000000018,624.8399999999999,0.02798999999999996,0.011999999999999997,3500.0,1.0,0.37151251
GJ 625 b,1.4900000000000002,2.819999999999993,596.44,0.07836100000000012,0.13,3499.0,1.0,0.71353602
GJ 649 b,10.8,81.99972901000001,719.66,1.112,0.083,3734.0,1.0,0.1174291
GJ 667 C b,2.25,5.680000000000007,575.6,0.05043099999999967,0.2,3350.0,3.0,0.43995208
GJ 667 C c,1.7700000000000005,3.8000000000000114,567.4,0.125,0.020000000000000004,3350.0,3.0,0.7981014
GJ 667 C e,1.4500000000000002,2.6999999999999886,567.4,0.21300000000000008,0.020000000000000004,3350.0,3.0,0.59946584
GJ 667 C f,1.4500000000000002,2.6999999999999886,567.4,0.1559999999999997,0.03,3350.0,3.0,0.76372993
GJ 667 C g,1.9899999999999998,4.600000000000023,564.4,0.5490000000000004,0.08,3350.0,3.0,0.31345348
GJ 674 b,3.33,11.089999999999975,547.46,0.0389999999999997,0.2,3600.0,1.0,0.30082038
GJ 676 A b,12.8,1840.86213334,566.0799999999999,1.7350000000000003,0.319,3734.0,2.0,0.10226538
GJ 676 A c,12.3,4288.14086724,1494.2,9.726,0.295,3734.0,2.0,0.073215049
GJ 676 A d,1.7800000000000002,3.8139408800000183,477.272,0.0389999999999997,0.192,3734.0,2.0,0.28763755
GJ 676 A e,2.47,6.674396549999983,402.072,0.18100000000000005,0.152,3734.0,2.0,0.55085167
GJ 680 b,12.0,7977.4930157,1168.6,10.138,0.381,3563.0,2.0,0.074071217
GJ 682 b,1.9300000000000002,4.399999999999977,351.93999999999994,0.08000000000000007,0.08,3028.0,1.0,0.56760583
GJ 682 c,2.89,8.699999999999989,465.40000000000003,0.17600000000000016,0.1,3028.0,1.0,0.29035929
GJ 685 b,2.95,9.0,441.8,0.1344000000000003,0.0,3816.0,1.0,0.49748349
GJ 687 b,4.32,17.19999999999999,575.54,0.16300000000000026,0.16999999999999998,3413.0,1.0,0.5527234
GJ 687 c,4.14,16.0,546.8,1.165,0.4000000000000001,3413.0,1.0,0.19159356
GJ 720 A b,3.77,13.639999999999986,401.00000000000006,0.11899999999999977,0.12,3837.0,2.0,0.39737953
GJ 724 b,3.27,10.75,611.0,0.04685000000000006,0.577,3799.0,1.0,0.24111884
GJ 740 b,1.5300000000000002,2.9599999999999795,829.0,0.028999999999999915,0.24,3913.0,1.0,0.2954586
GJ 806 b,1.3310000000000004,1.8999999999999773,940.0,0.01405999999999974,0.0984,3600.0,1.0,0.29636305
GJ 806 c,2.2800000000000002,5.800000000000011,490.0,0.05229999999999979,0.22487999999999997,3600.0,1.0,0.36447091
GJ 832 b,13.8,314.65012293,736.86,3.7,0.05,3472.0,1.0,0.067151337
GJ 849 b,13.899999999999999,283.82076745,709.22,2.32,0.028999999999999998,3467.0,1.0,0.069776423
GJ 849 c,13.8,314.65012293,730.66,4.95,0.092,3467.0,1.0,0.066247883
GJ 86 b,12.9,1404.8086,1524.4,0.11000000000000032,0.04,5182.0,2.0,0.099732027
GJ 876 b,13.3,723.2235,766.8199999999999,0.20831700000000009,0.0324,3293.74,1.0,0.27590812
GJ 876 c,14.0,226.9846,968.354,0.12959000000000032,0.25590999999999997,3293.74,1.0,0.37985075
GJ 876 d,2.51,6.829999999999984,455.2,0.020806649999999927,0.207,3293.74,1.0,0.27295056
GJ 876 e,3.92,14.600000000000023,506.68000000000006,0.3342999999999998,0.055,3293.74,1.0,0.29555544
GJ 887 b,1.7999999999999998,3.8999999999999773,426.00000000000006,0.0682999999999998,0.14,3688.0,1.0,0.4097419
GJ 887 c,2.43,6.5,320.0,0.12100000000000133,0.16999999999999998,3688.0,1.0,0.55357397
GJ 896 A b,13.3,718.29219982,516.28,0.6396499999999996,0.35,3345.0,2.0,0.11340119
GJ 9066 c,9.6,66.74396547000003,463.75399999999996,0.8799999999999999,0.45999999999999996,3154.0,1.0,0.093476873
GJ 9404 b,3.48,11.899999999999977,505.47,0.0942999999999996,0.49,3811.0,1.0,0.27910509
GJ 96 b,4.67,19.660000000000025,517.384,0.29100000000000037,0.44000000000000006,3785.0,1.0,0.5390936
GJ 9689 b,3.07,9.649999999999977,453.04,0.11390000000000011,0.29,3836.0,1.0,0.40454847
GJ 9714 b,12.5,2988.54051102,643.1659999999999,12.319,0.155,4263.0,1.0,0.072052618
GJ 9827 b,1.4400000000000004,4.279999999999973,1035.01,0.01890000000000036,0.0,4236.0,1.0,0.28581574
GJ 9827 c,1.13,1.8600000000000136,715.94,0.03950000000000031,0.0,4236.0,1.0,0.3105048
GJ 9827 d,1.98,3.019999999999982,675.0,0.052999999999999936,0.0,4236.0,1.0,0.29620616
GPX-1 b,16.47720163,6261.2196179,2300.0,0.033800000000000274,0.0,7000.0,1.0,0.055710089
GQ Lup b,33.6,6356.0,2650.0,100.0,0.25318,4360.0,1.0,0.028558955
GSC 06214-00210 b,20.1762,5000.0,2300.0,320.0,0.45438000000000006,4200.0,1.0,0.046057615
GU Psc b,14.178999999999998,3591.3,1050.0,2000.0,0.24019999999999997,4031.81,1.0,0.063560226
Gaia-1 b,13.775837279999998,533.95172376,1159.07,0.040470000000000006,0.49019999999999997,5470.0,1.0,0.067742438
Gaia-2 b,14.818272489999998,259.66580852,1213.23,0.04670000000000041,0.1072,5720.0,1.0,0.063119882
Gl 378 b,3.66,13.019999999999982,830.0,0.03943500000000011,0.109,3879.0,1.0,0.21646541
Gl 49 b,2.24,5.6299999999999955,475.2,0.09049999999999958,0.363,3805.0,2.0,0.41559614
Gl 686 b,2.46,6.624000000000024,379.0,0.09100000000000019,0.05,3656.0,1.0,0.50294696
HAT-P-1 b,14.784671,166.86075,1322.0,0.055609999999999715,0.0,5980.0,2.0,0.063168333
HAT-P-11 b,4.36,25.0,838.0,0.05257999999999985,0.251,4653.0,1.0,0.17720674
HAT-P-11 c,13.2,851.78013076,1155.18,4.1,0.6520000000000001,4653.0,1.0,0.088166401
HAT-P-12 b,10.749,67.05899999999997,963.0,0.03840000000000021,0.0,4650.0,1.0,0.088733732
HAT-P-13 b,14.258,270.462,1740.0,0.043829999999999814,0.0133,5653.0,1.0,0.064167182
HAT-P-13 c,12.3,4538.421,340.0,1.258,0.6616,5653.0,1.0,0.36217656
HAT-P-14 b,15.91678,1093.3352,1624.0,0.05959999999999965,0.11,6600.0,2.0,0.058106187
HAT-P-15 b,11.88154,616.5902,904.0,0.09649999999999981,0.19,5568.0,1.0,0.084117214
HAT-P-16 b,14.68376472,1341.56043,1566.0,0.04130000000000056,0.0462,6140.0,3.0,0.063418574
HAT-P-17 b,11.769449999999999,184.3414,800.0,0.08919999999999995,0.35,5246.0,1.0,0.090015584
HAT-P-17 c,13.1,1080.6,873.646,5.6,0.39,5336.96,1.0,0.086847358
HAT-P-18 b,11.153,62.610000000000014,852.0,0.05590000000000028,0.084,4803.0,1.0,0.090927687
HAT-P-19 b,11.29865255,88.03846873999998,981.2,0.04598999999999975,0.07,4962.0,1.0,0.084641928
HAT-P-2 b,10.659759,2866.81223114,1540.0,0.06813999999999965,0.5171999999999999,6380.0,1.0,0.071564291
HAT-P-2 c,12.399999999999999,3400.7639549,1577.0,130.97737999999998,0.37,6412.0,1.0,0.12967859
HAT-P-20 b,9.718,2302.899,970.0,0.03610000000000024,0.015,4595.0,1.0,0.095961572
HAT-P-21 b,12.44199,1547.8321,1367.0,0.050370000000000026,0.23,5588.0,1.0,0.073815729
HAT-P-22 b,12.890349999999998,785.0401,1463.0,0.041400000000000325,0.020000000000000004,5302.0,2.0,0.071591881
HAT-P-23 b,15.334,664.237,2056.0,0.02320000000000011,0.106,5905.0,1.0,0.059587449
HAT-P-24 b,14.5717,238.3725,1637.0,0.04650999999999961,0.07,6373.0,2.0,0.062915027
HAT-P-25 b,12.722215,180.84527,1182.0,0.04659999999999975,0.023,5519.0,1.0,0.073314167
HAT-P-26 b,7.06167,22.248100000000022,1080.0,0.04748000000000019,0.12,5079.0,1.0,0.12114339
HAT-P-27 b,11.43,197.05,1091.99,0.03999999999999915,0.0,5316.0,2.0,0.080144734
HAT-P-28 b,13.585,198.953,1384.0,0.043400000000000105,0.051,5680.0,1.0,0.067822023
HAT-P-29 b,13.11453,279.6904,1281.0,0.06669999999999998,0.09,6087.0,2.0,0.070682804
HAT-P-3 b,10.53646,206.5895,1189.0,0.03866000000000014,0.0,5185.0,2.0,0.086294852
HAT-P-30 b,16.14096,263.7989,1630.0,0.04190000000000005,0.04,6304.0,2.0,0.05743957
HAT-P-31 b,12.21781,721.4741,1450.0,0.06099999999999994,0.25,6065.0,1.0,0.073994251
HAT-P-32 b,22.19382,216.1244,1835.7,0.033970000000000056,0.159,6001.0,2.0,0.042689553
HAT-P-33 b,20.73665,292.4036,1782.0,0.04994999999999994,0.0,6446.0,2.0,0.045524918
HAT-P-34 b,13.417173,1058.3739,1520.0,0.06773999999999969,0.43200000000000005,6442.0,1.0,0.067893545
HAT-P-35 b,14.930388,335.62848,1581.0,0.04978000000000016,0.020000000000000004,6096.0,3.0,0.061765066
HAT-P-36 b,14.313893,587.413406,1780.97,0.024099999999999788,0.063,5620.0,1.0,0.063609167
HAT-P-37 b,13.204,371.528,1271.0,0.0378999999999996,0.058,5500.0,1.0,0.070215588
HAT-P-38 b,9.247,84.85699999999997,1082.0,0.05229999999999979,0.067,5330.0,1.0,0.097152376
HAT-P-39 b,17.609,190.372,1752.0,0.05090000000000039,0.0,6430.0,2.0,0.052887862
HAT-P-4 b,14.279999999999998,213.255,1686.0,0.04438000000000031,0.0,5860.0,2.0,0.063934844
HAT-P-40 b,17.03768,152.5584,1770.0,0.06080000000000041,0.0,6080.0,1.0,0.054463821
HAT-P-41 b,22.97845,378.2177,1941.0,0.042579999999999174,0.0,6390.0,2.0,0.041242714
HAT-P-42 b,14.347999999999999,331.801,1428.0,0.05750000000000011,0.0,5743.0,1.0,0.064438406
HAT-P-43 b,13.629999999999999,210.395,1353.0,0.04440000000000044,0.0,5693.0,1.0,0.067641376
HAT-P-44 b,13.922,111.87099999999998,1108.0,0.05069999999999997,0.044,5295.0,1.0,0.068878376
HAT-P-44 c,13.0,1271.3,662.366,1.7519999999999998,0.494,5295.0,1.0,0.25474462
HAT-P-45 b,15.983999999999998,283.492,1652.0,0.04520000000000035,0.049,6330.0,1.0,0.057899457
HAT-P-46 b,14.392,156.684,1458.0,0.05769999999999964,0.123,6120.0,1.0,0.06414443
HAT-P-49 b,17.82231,699.226,2131.0,0.04377999999999993,0.0,6820.0,1.0,0.051949973
HAT-P-5 b,13.56289,311.4734,1517.0,0.04072999999999993,0.0,5960.0,1.0,0.067292333
HAT-P-50 b,14.437192,429.0705,1862.0,0.04530000000000012,0.115,6280.0,1.0,0.063080652
HAT-P-51 b,13.50682174,97.57332094999998,1168.2,0.05041999999999991,0.07,5453.0,1.0,0.0698037
HAT-P-52 b,11.309881,259.98494,1218.0,0.03694000000000042,0.047,5131.0,1.0,0.080621694
HAT-P-53 b,14.773461999999999,471.65972,1778.0,0.03158999999999956,0.134,5956.0,1.0,0.061894782
HAT-P-54 b,10.581296,241.5508,818.0,0.04117000000000015,0.074,4390.0,1.0,0.096699751
HAT-P-55 b,14.84069045,189.42573057,1367.0,0.04628000000000032,0.16999999999999998,5804.0,1.0,0.062796476
HAT-P-56 b,16.92559,734.1873,1840.0,0.042300000000000004,0.29,6566.0,1.0,0.054644821
HAT-P-57 b,19.50366,448.1403,2200.0,0.040600000000000414,0.0,6330.0,3.0,0.047791945
HAT-P-58 b,14.930362289999998,118.23216739999998,1622.0,0.04994000000000032,0.073,6078.0,1.0,0.061600215
HAT-P-59 b,12.58768533,489.45574678,1277.8,0.050639999999999574,0.03,5678.0,1.0,0.073103653
HAT-P-6 b,16.58932,419.5356,1675.0,0.05238999999999994,0.0,6570.0,1.0,0.055953864
HAT-P-60 b,18.281847520000003,182.43350562,1772.0,0.06277000000000044,0.25,6212.0,1.0,0.051067688
HAT-P-61 b,10.07687365,335.9446262,1505.0,0.030100000000000016,0.113,5587.0,1.0,0.087089899
HAT-P-62 b,12.02723629,241.86741773,1512.0,0.0377200000000002,0.101,5629.0,1.0,0.074814943
HAT-P-63 b,12.5428494,195.1466419,1237.0,0.042939999999999756,0.069,5400.0,1.0,0.07366095
HAT-P-64 b,19.08889413,184.34047606,1766.0,0.05386999999999986,0.101,6457.0,1.0,0.049126658
HAT-P-65 b,18.05766791,176.07693748,1818.0,0.04042000000000012,0.304,5872.0,1.0,0.05157118
HAT-P-66 b,17.82231,248.86089,1896.0,0.04363000000000028,0.09,6002.0,1.0,0.052124728
HAT-P-67 b,23.9872187,143.02278315,1903.0,0.06505000000000027,0.0,6640.0,2.0,0.040661918
HAT-P-68 b,12.016048,230.10892,1027.8,0.029959999999999987,0.041,4508.0,1.0,0.079413065
HAT-P-69 b,18.786284,1137.8314,1930.0,0.06555,0.0,7394.0,1.0,0.049648215
HAT-P-7 b,16.92559,584.8072,2733.0,0.0380900000000004,0.0,6389.0,3.0,0.054357616
HAT-P-70 b,20.96083,2154.8874,2562.0,0.04739000000000004,0.0,8450.0,1.0,0.044590327
HAT-P-8 b,15.692599999999999,406.8224,1713.0,0.04495999999999967,0.0,6200.0,3.0,0.058647597
HAT-P-9 b,15.614137,238.05467,1540.0,0.05286999999999953,0.084,6350.0,1.0,0.059392693
HATS-1 b,14.593999999999998,589.55,1359.0,0.04440000000000044,0.12,5870.0,1.0,0.063826321
HATS-10 b,10.861521,167.17858,1407.0,0.04490999999999978,0.501,5880.0,1.0,0.081877583
HATS-11 b,18.03,263.7989,1596.0,0.05069999999999997,0.34,6563.0,1.0,0.0520983
HATS-12 b,7.76,759.6137,1446.0,0.04410000000000025,0.085,6357.0,1.0,0.1071275
HATS-13 b,13.585307999999998,172.58169,1244.0,0.04056999999999977,0.181,5523.0,1.0,0.069655546
HATS-14 b,11.646151,340.39593,1276.0,0.038149999999999906,0.142,5346.0,1.0,0.078001988
HATS-15 b,12.385945,689.6911,1505.0,0.027120000000000033,0.126,5311.0,1.0,0.072949275
HATS-16 b,14.5717,1039.3041,1592.0,0.03743999999999925,0.0,5738.0,1.0,0.06301902
HATS-17 b,8.709393,425.25654,814.0,0.1307999999999998,0.028999999999999998,5846.0,1.0,0.11210394
HATS-18 b,14.896760999999998,629.144485,2069.48,0.017400000000000304,0.16600000000000004,5600.0,1.0,0.061138046
HATS-2 b,12.57647635,435.42491759,1550.0,0.023170000000000357,0.0,5227.0,1.0,0.069306947
HATS-22 b,10.682177,870.8542,858.0,0.05025000000000013,0.079,4803.0,1.0,0.093546131
HATS-23 b,20.848740000000003,467.2101,1654.0,0.033970000000000056,0.114,5780.0,1.0,0.045510574
HATS-24 b,15.636554999999998,718.2958,2166.0,0.0237999999999996,0.0,6125.0,1.0,0.058575136
HATS-25 b,14.123339999999999,194.82979,1277.0,0.05163000000000029,0.176,5715.0,1.0,0.066175304
HATS-26 b,19.61575,206.5895,1918.0,0.04734999999999978,0.24499999999999997,6071.0,1.0,0.047721217
HATS-27 b,16.813500000000005,168.4499,1659.0,0.06109999999999971,0.581,6438.0,1.0,0.055155775
HATS-28 b,13.383545999999999,213.58176,1253.0,0.04130999999999929,0.202,5498.0,1.0,0.06949063
HATS-29 b,14.022458999999998,207.54299,1212.0,0.0547500000000003,0.158,5670.0,1.0,0.067145306
HATS-3 b,15.48,340.382,1648.0,0.048499999999999766,0.0,6351.0,1.0,0.059595211
HATS-30 b,13.170575,224.38798,1414.0,0.043540000000000134,0.096,5943.0,2.0,0.069507373
HATS-31 b,18.38276,279.6904,1823.0,0.04779999999999962,0.23299999999999998,6050.0,1.0,0.050751446
HATS-32 b,14.000041,292.4036,1437.0,0.04023999999999983,0.471,5700.0,1.0,0.065625143
HATS-33 b,13.78707,378.85336,1429.0,0.03727000000000036,0.08,5659.0,1.0,0.066718279
HATS-34 b,16.02887,299.07803,1445.0,0.03165999999999958,0.108,5380.0,1.0,0.058349007
HATS-35 b,16.409976,388.38826,2037.0,0.03199000000000041,0.306,6300.0,1.0,0.056043266
HATS-36 b,12.92,1022.14128,1203.0,0.05229999999999979,0.105,5950.0,1.0,0.07083995
HATS-37 A b,6.792654,31.46517,1085.0,0.049129999999999896,0.0,5326.0,2.0,0.12383634
HATS-38 b,6.882326,23.519420000000025,1294.0,0.050360000000000404,0.0,5732.0,1.0,0.12013012
HATS-39 b,17.59813,200.2329,1645.0,0.060069999999999624,0.275,6572.0,1.0,0.053080376
HATS-4 b,11.433,420.471,1315.0,0.03620000000000001,0.012999999999999998,5403.0,1.0,0.079097563
HATS-40 b,17.71022,505.3497,2101.0,0.04997000000000007,0.312,6460.0,1.0,0.052252333
HATS-41 b,14.907969999999999,3082.951,1710.0,0.05830000000000002,0.38,6424.0,1.0,0.061498985
HATS-42 b,15.692599999999999,597.5204,1856.0,0.036889999999999645,0.22899999999999998,6060.0,1.0,0.058526786
HATS-43 b,13.22662,82.95362999999998,1003.0,0.049439999999999706,0.173,5099.0,1.0,0.074036752
HATS-44 b,11.960003,177.9848,1161.0,0.03648999999999969,0.279,5080.0,1.0,0.077377088
HATS-45 b,14.414773999999998,222.481,1518.0,0.05510999999999999,0.24,6450.0,1.0,0.063804699
HATS-46 b,10.121727,54.984590000000026,1054.0,0.05367000000000033,0.559,5495.0,1.0,0.089891347
HATS-47 b,12.520453,117.27927,852.9,0.04269000000000034,0.088,4512.0,1.0,0.083037241
HATS-48 A b,8.9672,77.23268999999999,954.6,0.03768999999999956,0.162,4546.0,2.0,0.10259886
HATS-49 b,8.574885,112.19398999999999,834.8,0.04515000000000047,0.071,4405.0,1.0,0.11188267
HATS-5 b,10.223,75.32299999999998,1025.0,0.054199999999999804,0.019000000000000003,5304.0,1.0,0.090658132
HATS-50 b,12.66617,123.9537,1275.39,0.05046000000000017,0.516,5990.0,1.0,0.071974228
HATS-51 b,15.80469,244.09344,1553.0,0.04638999999999971,0.33,5758.0,1.0,0.058679795
HATS-52 b,15.490838,711.9392,1834.0,0.024980000000000224,0.246,6010.0,1.0,0.059232949
HATS-53 b,15.02006,189.10885,1312.0,0.04753000000000007,0.33,5644.0,1.0,0.062386814
HATS-54 b,11.37711541,239.32479047,1429.0,0.03699999999999992,0.0,5621.0,1.0,0.078387843
HATS-55 b,14.022458999999998,292.72143,1367.0,0.05412000000000017,0.092,6214.0,1.0,0.066033248
HATS-56 b,18.920792000000002,191.33366,1902.0,0.060430000000000206,0.019000000000000003,6536.0,1.0,0.049357876
HATS-57 b,12.767051,1000.21101,1413.4,0.03493000000000013,0.027999999999999997,5587.0,1.0,0.071421576
HATS-58 A b,12.273855,327.3649,1721.0,0.05797999999999881,0.16799999999999998,7175.0,2.0,0.073001737
HATS-59 b,12.621334,256.17098,1128.0,0.06111999999999984,0.129,5670.0,1.0,0.074513172
HATS-59 c,12.3,4036.441,175.89999999999998,2.504,0.083,5670.0,1.0,0.20964746
HATS-6 b,11.186582,101.38776999999999,712.8,0.03622999999999976,0.0,3724.0,1.0,0.095913301
HATS-60 b,12.923977,210.40346,1528.0,0.04708000000000023,0.191,5688.0,1.0,0.070213614
HATS-61 b,13.394755,1080.622,1226.1,0.07908000000000026,0.092,5542.0,1.0,0.069721617
HATS-62 b,11.825495,56.89157,1237.0,0.04162999999999961,0.298,5416.0,1.0,0.07733512
HATS-63 b,13.529263,305.1168,1398.3,0.04025999999999996,0.136,5627.0,1.0,0.067956845
HATS-64 b,18.819911000000005,305.1168,1793.0,0.06562000000000001,0.151,6554.0,1.0,0.049722146
HATS-65 b,16.824709,260.93843,1634.0,0.044970000000000176,0.062,6277.0,2.0,0.055330205
HATS-66 b,15.815898999999998,1694.0339,1998.0,0.04713999999999974,0.064,6626.0,1.0,0.057991268
HATS-67 b,18.887165,460.8535,2193.0,0.03031999999999968,0.057,6594.0,1.0,0.049227641
HATS-68 b,13.809487999999998,410.0007,1741.0,0.05070999999999959,0.036,6147.0,1.0,0.065787328
HATS-69 b,10.592505,183.38791,1295.7,0.032110000000000305,0.519,5137.0,1.0,0.084188369
HATS-7 b,6.310667,38.13959999999997,1084.0,0.040119999999999933,0.16999999999999998,4985.0,1.0,0.13091228
HATS-70 b,15.513255999999998,4100.007,2730.0,0.03631999999999991,0.18,7930.0,1.0,0.058723425
HATS-71 b,11.478016,117.59710000000001,586.8,0.03745000000000065,0.0,3405.0,1.0,0.12801955
HATS-72 b,8.0973816,39.85588200000001,739.3,0.06651700000000016,0.012999999999999998,4656.1,1.0,0.12504644
HATS-74 A b,11.56766808,464.02947422,895.1,0.02383999999999986,0.044,3776.9,2.0,0.086108284
HATS-75 b,9.90873894,156.05374784,772.3,0.03274199999999983,0.064,3790.4,1.0,0.10507043
HATS-76 b,12.09449018,835.570882,939.8,0.026580000000000048,0.062,4016.0,1.0,0.081433081
HATS-77 b,13.05846252,436.69623122,828.3,0.0360699999999996,0.045,4071.0,1.0,0.081865362
HATS-8 b,9.785457,43.860540000000015,1324.0,0.04666999999999977,0.376,5679.0,1.0,0.090332887
HATS-9 b,13.849999999999998,266.02371,1746.0,0.031200000000000117,0.075,5599.0,1.0,0.065417947
HD 100546 b,77.3421,2701.5414595,632.5,53.0,0.11452,10500.0,1.0,0.023895537
HD 100655 b,13.5,511.7063,1162.6,0.6799999999999997,0.09,4891.0,2.0,0.077725034
HD 100777 b,13.7,390.92894061,1205.8600000000001,1.0600000000000005,0.38,5533.0,1.0,0.38908842
HD 10180 c,12.158870409999999,2741.58783878,1065.2,0.06411999999999995,0.073,5911.0,1.0,0.18852746
HD 10180 d,11.85627041,3295.88058059,792.98,0.12858999999999998,0.131,5911.0,1.0,0.20626043
HD 10180 e,5.39,25.100000000000023,739.02,0.2698999999999998,0.051,5911.0,1.0,0.19552172
HD 10180 f,5.24,23.899999999999977,725.4,0.49289999999999967,0.119,5911.0,1.0,0.29933434
HD 10180 g,13.287022364,3375.33768234,987.58,1.4269999999999996,0.263,5911.0,1.0,0.52217338
HD 10180 h,9.4,64.39999999999998,876.552,3.381,0.095,5911.0,1.0,0.21164473
HD 101930 b,10.6,79.45749999999998,966.92,0.2999999999999998,0.11,5108.0,2.0,0.23758301
HD 102117 b,8.47,54.03109999999998,935.0,0.15000000000000036,0.12,5655.0,1.0,0.116296
HD 102195 b,14.2,130.3103,1184.9679999999998,0.04999999999999982,0.0,5301.0,1.0,0.069191603
HD 102272 b,12.9,1570.0802,862.166,0.5099999999999998,0.05,4790.0,1.0,0.075186955
HD 102329 b,12.6,2593.4928,695.166,1.8100000000000005,0.21,4745.0,1.0,0.21121508
HD 102329 c,13.5,483.1016,953.966,1.428960000000001,0.209,4830.0,1.0,0.18662569
HD 102843 b,13.1,113.9,1073.18,4.074,0.11,5436.0,1.0,0.11271121
HD 102956 b,13.8,305.1168,1058.8,0.08070000000000022,0.037,4985.0,2.0,0.065722959
HD 103197 b,5.83,28.60469999999998,738.1999999999999,0.25,0.0,5250.0,1.0,0.26323544
HD 103720 b,14.099999999999998,197.046,774.462,0.04980000000000029,0.086,5017.0,1.0,0.071380716
HD 103774 b,13.3,116.0,1368.4,0.07000000000000028,0.09,6489.0,2.0,0.068797042
HD 103891 b,13.2,918.52409623,952.0799999999999,3.27,0.31,6072.0,1.0,0.36743631
HD 103949 b,3.35,11.199999999999989,630.2,0.43900000000000006,0.19,4792.0,1.0,0.59834245
HD 104067 b,9.2,62.10000000000002,771.514,0.2674000000000003,0.123,4952.0,1.0,0.28584309
HD 10442 b,13.599999999999998,472.61321,1382.78,2.01,0.132,4912.0,1.0,0.34800605
HD 104985 b,12.8,1766.80811451,859.366,0.7149999999999999,0.047,4738.0,1.0,0.078844807
HD 105618 b,5.44,25.42627256000003,865.074,0.09100000000000019,0.455,5671.0,1.0,0.14676231
HD 105618 c,11.9,8419.59232984,1211.166,35.731,0.126,5671.0,1.0,0.075556746
HD 105779 b,14.099999999999998,203.41018048,1446.0,3.38,0.0,5792.0,1.0,0.13012041
HD 106252 b,12.5,3178.28407,811.98,2.655,0.4799999999999999,5874.0,1.0,0.24807398
HD 106270 b,12.399999999999999,3623.2438398,684.346,3.34,0.185,5509.0,1.0,0.35834232
HD 106315 b,2.44,12.600000000000023,1153.0,0.0907,0.093,6327.0,1.0,0.23819246
HD 106315 c,4.35,15.199999999999989,886.0,0.15359999999999996,0.22,6327.0,1.0,0.17668646
HD 10647 b,13.8,298.75,1585.2,2.0150000000000006,0.15,6218.0,1.0,0.30046836
HD 106515 A b,12.1,6006.9568923,1212.8,4.48,0.571,5362.0,2.0,0.11296474
HD 106906 b,12.399999999999999,3496.0,1800.0,650.0,0.22419999999999998,6516.0,1.0,0.071636947
HD 10697 b,12.8,1825.2885414,952.62,2.051,0.104,5641.0,1.0,0.38422887
HD 107148 b,9.6,66.74099999999999,760.53,0.26900000000000013,0.05,5797.0,2.0,0.14514365
HD 107148 c,4.7,19.896058279999977,908.4,0.14069999999999983,0.34,5752.92,2.0,0.17339385
HD 108147 b,10.9,82.94999999999999,890.0,0.10200000000000031,0.53,6255.73,1.0,0.084931679
HD 108202 b,13.1,953.485221,898.366,3.7,0.52,4556.03,1.0,0.083590888
HD 108236 b,1.6150000000000002,3.240000000000009,1099.0,0.045270000000000366,0.045,5660.0,1.0,0.27757026
HD 108236 c,2.071,4.939999999999998,932.0,0.06200000000000028,0.034,5660.0,1.0,0.25832924
HD 108236 e,3.083,9.70999999999998,636.0,0.13670000000000027,0.058,5660.0,1.0,0.23835557
HD 108236 f,2.017,4.720000000000027,808.76,0.17579999999999973,0.051,5660.0,1.0,0.30952833
HD 108341 b,13.3,715.11391575,784.488,2.0,0.8499999999999999,5122.0,2.0,0.23195812
HD 108863 b,13.3,767.24162,1087.766,1.3200000000000003,0.032,4878.0,1.0,0.16356954
HD 108874 b,13.599999999999998,451.3186,1349.074,1.04,0.13,5600.0,1.0,0.38922366
HD 108874 c,13.8,314.64,1006.46,2.659,0.23900000000000002,5551.0,1.0,0.19227076
HD 109246 b,13.899999999999999,273.3338,1276.7060000000001,0.33000000000000007,0.12,5844.0,1.0,0.1461158
HD 109271 b,4.31,17.161999999999978,860.4,0.07899999999999974,0.25,5783.0,1.0,0.17037535
HD 109271 c,5.27,24.153999999999996,866.874,0.19599999999999973,0.15,5783.0,1.0,0.16614551
HD 109286 b,13.2,950.30693693,259.4,1.2590000000000003,0.338,5694.0,1.0,0.35919697
HD 109749 b,11.1,85.8141,1232.4,0.061499999999999666,0.0,5824.0,2.0,0.081571614
HD 10975 b,14.3,143.02278315,1052.18,0.9500000000000002,0.442,4840.0,1.0,0.07683046
HD 109833 b,2.888,8.689999999999998,786.0,0.1389800000000001,0.18,5881.0,1.0,0.22209237
HD 109833 c,2.59,7.220000000000027,756.7,0.14823999999999948,0.3,5881.0,1.0,0.2405435
HD 109988 b,12.1,6935.33366915,939.566,12.518,0.05600000000000001,5185.97,1.0,0.076572835
HD 110014 b,12.399999999999999,3524.59,543.846,2.14,0.462,4445.0,1.0,0.092737573
HD 110067 b,2.1999999999999997,5.689999999999998,800.0,0.07929999999999993,0.208,5266.0,3.0,0.26366633
HD 110067 c,2.388,6.300000000000011,699.0,0.10390000000000033,0.2262,5266.0,3.0,0.26746318
HD 110067 d,2.852,8.519999999999982,602.0,0.13619999999999965,0.2262,5266.0,3.0,0.26716808
HD 110067 e,1.94,3.8999999999999773,533.0,0.17849999999999966,0.22619999999999998,5266.0,3.0,0.34899357
HD 110067 f,2.601,5.0400000000000205,489.0,0.21630000000000038,0.2262,5266.0,3.0,0.34937169
HD 110067 g,2.6069999999999998,8.399999999999977,440.0,0.2621000000000002,0.2262,5266.0,3.0,0.39710322
HD 110082 b,3.2,10.300000000000011,957.2,0.11300000000000043,0.2,6200.0,2.0,0.20990088
HD 110113 b,2.05,4.550000000000011,1371.0,0.03500000000000014,0.093,5732.0,1.0,0.25391742
HD 110113 c,2.11384817,10.5,990.0,0.06799999999999962,0.045,5732.0,1.0,0.25559301
HD 110537 b,11.9,8612.83200129,1410.766,16.714,0.401,5718.0,1.0,0.079754291
HD 11112 b,12.6,2598.56505563,936.4,13.38,0.285,5905.64,1.0,0.085263156
HD 111232 b,12.6,2531.50326176,937.166,2.148,0.214,5512.0,1.0,0.2041272
HD 111232 c,12.2,5740.93451564,1158.766,17.25,0.558,5512.0,1.0,0.075660353
HD 111591 b,12.9,1398.452,794.7660000000001,2.5,0.26,4884.0,1.0,0.20601579
HD 111998 b,12.9,1525.5763536,1207.0,1.9100000000000001,0.13,6557.0,1.0,0.39346183
HD 112300 b,12.2,5031.22368281,1339.366,1.33,0.36,3657.0,1.0,0.076184118
HD 112570 b,13.1,1086.97315194,808.966,3.9,0.2,4750.0,1.0,0.29874725
HD 112640 b,12.9,1589.15,970.566,1.7000000000000002,0.24,4155.0,1.0,0.079630539
HD 113337 b,13.1,1035.80277841,1448.8,1.0220000000000002,0.28,6774.0,3.0,0.2510693
HD 113337 c,12.1,6299.67685515,1232.0,6.805,0.16400000000000003,6774.0,3.0,0.15992948
HD 11343 c,13.899999999999999,255.53403923,1097.72,0.923,0.16899999999999998,4672.0,2.0,0.10627858
HD 113538 b,13.2,114.41,1027.546,1.2400000000000002,0.14,4462.0,1.0,0.126086
HD 113538 c,13.8,295.57,953.966,2.44,0.2,4462.0,1.0,0.081258951
HD 113996 b,12.7,2002.329,717.9680000000001,1.5999999999999996,0.28,4181.0,2.0,0.079095302
HD 114082 b,11.2089807,2542.627256,692.38,0.5109000000000004,0.395,6651.0,1.0,0.14054563
HD 114386 b,13.599999999999998,464.02947422,985.18,1.7300000000000004,0.23,4836.0,1.0,0.15783401
HD 114729 b,13.899999999999999,262.20975,1275.2,2.067,0.079,5844.0,2.0,0.36559184
HD 114783 b,13.7,349.6,1231.04,1.1600000000000001,0.144,5135.0,1.0,0.28827521
HD 114783 c,13.4,603.8739733,1105.38,5.0,0.05,5135.0,1.0,0.08460658
HD 11505 b,12.6,2510.52658689,1084.4,20.247,0.144,5757.15,1.0,0.074352816
HD 11506 b,12.9,1551.00262616,936.06,2.885,0.379,6123.0,1.0,0.28534135
HD 11506 c,14.0,127.1313628,1283.0,0.7709999999999999,0.228,6123.0,1.0,0.25878326
HD 11506 d,12.3,4068.2036096,1388.746,18.2,0.29,6123.0,1.0,0.085943381
HD 115404 A b,6.09,30.829355480000004,774.4,0.08800000000000008,0.232,5019.17,1.0,0.15725957
HD 115404 A c,12.5,3279.67133183,779.1659999999999,11.364,0.211,5019.17,1.0,0.073682643
HD 115954 b,12.6,2685.65003915,144.89999999999998,5.0,0.487,5957.0,1.0,0.19383483
HD 116029 b,13.599999999999998,444.962,1073.2,1.6500000000000012,0.0,4819.0,2.0,0.25203782
HD 116029 c,13.7,403.6441,1106.2,1.7561400000000003,0.038,4951.0,2.0,0.30114551
HD 117207 b,13.4,669.34662514,1615.71,3.787,0.157,5732.0,1.0,0.14536916
HD 11755 b,12.8,1789.3829,808.766,1.0899999999999999,0.19,4312.0,1.0,0.078038714
HD 117618 b,8.59,55.302419999999984,991.952,0.17999999999999972,0.15,5990.0,1.0,0.11939812
HD 118203 b,12.778238000000002,680.15279098,1361.0,0.07129999999999992,0.3136,5742.0,1.0,0.071190366
HD 11964 b,14.099999999999998,198.0,1154.8000000000002,3.16,0.041,5303.0,2.0,0.27278078
HD 11964 c,5.38,25.0,845.44,0.2290000000000001,0.3,5303.0,2.0,0.16210862
HD 11977 b,12.7,2080.0,737.166,1.9299999999999997,0.4000000000000001,4970.0,1.0,0.11974169
HD 120084 b,12.7,2034.1018048,737.166,4.21,0.483,4879.0,1.0,0.27865314
HD 121504 b,13.599999999999998,479.9233,1459.2199999999998,0.33000000000000007,0.03,6027.0,1.0,0.13415369
HD 12235 b,3.23,10.488337430000001,857.598,0.05400000000000027,0.376,5986.0,1.0,0.20154705
HD 12235 c,12.5,3135.69506346,987.8,22.21,0.174,5986.0,1.0,0.079354444
HD 122562 c,10.1,73.10053361000001,568.986,0.4059999999999997,0.228,4956.0,1.0,0.14868107
HD 124330 b,14.0,238.37130525,1265.246,0.8600000000000003,0.34,5873.0,1.0,0.28683297
HD 12484 b,13.2,947.1334,1211.82,0.2970000000000006,0.07,5920.0,1.0,0.14758528
HD 125271 b,12.399999999999999,3465.60094993,566.746,10.817,0.16500000000000004,4703.93,1.0,0.073938546
HD 125390 b,11.9,8646.20398403,1410.766,3.496,0.597,4882.0,1.0,0.39300276
HD 125595 b,12.481198000000001,3531.07360177,607.766,0.08000000000000007,0.0,4691.0,1.0,0.26891624
HD 125612 b,13.2,945.22168242,878.888,1.3490000000000002,0.446,5900.0,2.0,0.38028096
HD 125612 c,4.07,15.573591940000028,908.84,0.051000000000000156,0.149,5900.0,2.0,0.17606513
HD 125612 d,12.7,2281.37230545,1785.8,3.982,0.115,5900.0,2.0,0.14091885
HD 12648 b,13.4,622.9468,1087.766,0.54,0.04,4835.0,1.0,0.072330904
HD 126525 b,10.3,75.32571000000002,1331.2,1.8369999999999997,0.035,5638.0,1.0,0.29037477
HD 12661 b,13.3,772.3269,1143.294,0.8399999999999999,0.38,5645.0,1.0,0.3431258
HD 12661 c,13.2,899.45439181,1187.88,2.8145,0.031,5748.0,1.0,0.19476847
HD 126614 b,12.7,107.74382996999998,606.0,2.249,0.548,5568.0,3.0,0.27978413
HD 127506 b,5.67,27.33324299999998,719.4,0.2869999999999999,0.24,4595.32,1.0,0.40686639
HD 128311 b,13.5,562.24127,1102.78,1.0839999999999996,0.303,4965.0,1.0,0.26961476
HD 128311 c,13.0,1204.25787,1019.386,1.7400000000000002,0.159,4965.0,1.0,0.16445058
HD 128356 b,13.899999999999999,282.8687,1192.98,0.8700000000000001,0.57,4875.0,1.0,0.35934475
HD 129445 b,13.3,797.74930157,1269.014,2.9,0.7,5646.0,1.0,0.23338429
HD 130322 b,13.7,365.49,720.0,0.09250000000000025,0.028999999999999998,5387.0,1.0,0.080945898
HD 131496 b,13.4,572.094,1150.98,2.01,0.181,4846.0,1.0,0.32165978
HD 13167 b,13.1,1052.0173,939.0,4.1,0.563,5671.0,1.0,0.3757235
HD 13189 b,12.399999999999999,3480.2385,459.56600000000003,1.25,0.27,4175.0,1.0,0.075350951
HD 132406 b,12.8,1887.90073758,1094.0,1.9800000000000004,0.25,5766.0,1.0,0.35026384
HD 132563 b,13.599999999999998,473.547,1686.8,2.62,0.22,6289.0,3.0,0.30245833
HD 133131 A b,13.599999999999998,451.3186,835.768,1.4399999999999995,0.33,5799.0,2.0,0.34380867
HD 133131 A c,14.3,133.4886,878.888,4.49,0.49,5799.0,2.0,0.11713571
HD 133131 B b,13.3,794.575,901.688,6.15,0.6100000000000001,5805.0,2.0,0.10076223
HD 134060 b,3.16,10.100000000000023,857.598,0.04440000000000044,0.45,5966.0,1.0,0.2047899
HD 134060 c,5.91,29.29000000000002,990.1999999999999,2.3928,0.11,5966.0,1.0,0.34403663
HD 134606 b,2.97,9.089999999999975,830.2,0.10459999999999958,0.092,5576.0,1.0,0.2223726
HD 134606 c,3.37,11.310000000000002,763.458,0.30069999999999997,0.055,5576.0,1.0,0.28361057
HD 134606 d,7.59,44.80000000000001,801.0,1.9409999999999998,0.092,5576.0,1.0,0.34179037
HD 134606 e,1.33,2.339999999999975,1279.72,0.05269999999999975,0.2,5576.0,1.0,0.28910923
HD 134606 f,2.24,5.6299999999999955,702.8000000000001,0.1783999999999999,0.081,5576.0,1.0,0.27786646
HD 134987 b,13.5,511.7063,1162.614,0.8100000000000005,0.23,5736.0,1.0,0.30365091
HD 134987 c,13.899999999999999,260.0,1276.106,5.8,0.12,5585.0,1.0,0.1180793
HD 135625 b,13.3,731.0053361,1362.8,5.4,0.16,6040.64,1.0,0.14117265
HD 135872 b,12.8,1744.56012602,743.486,4.172,0.16400000000000003,4992.0,1.0,0.35190932
HD 136118 b,12.3,4164.18778851,1539.38,2.327,0.344,6097.0,1.0,0.3890917
HD 136352 b,1.6639999999999997,4.720000000000027,905.0,0.09640000000000004,0.0,5664.0,1.0,0.28343488
HD 136352 c,2.916,11.240000000000009,677.0,0.17210000000000036,0.0,5664.0,1.0,0.24785241
HD 136352 d,2.562,8.819999999999993,431.0,0.4249999999999998,0.0,5664.0,1.0,0.41385496
HD 136418 b,13.3,680.1562,999.58,1.29,0.25,4989.0,1.0,0.25139652
HD 136925 b,13.899999999999999,266.97586188,1394.5059999999999,5.13,0.103,5773.19,1.0,0.11637539
HD 13724 c,8.18,50.85254512,730.6,0.5339999999999998,0.651,5835.31,1.0,0.2673027
HD 137388 b,9.32,63.56600000000003,955.0,0.8899999999999997,0.36,5181.0,1.0,0.40671163
HD 137496 b,1.3099999999999996,4.0400000000000205,2130.0,0.027319999999999567,0.0,5799.0,1.0,0.28700461
HD 137496 c,12.6,2434.56559762,370.0,1.2163000000000004,0.477,5799.0,1.0,0.36472033
HD 13808 b,3.35,11.199999999999989,915.374,0.10519000000000034,0.071,5035.0,1.0,0.23235505
HD 13808 c,3.13,9.95999999999998,915.374,0.25539999999999985,0.156,5035.0,1.0,0.38432752
HD 13908 b,13.899999999999999,274.91,1448.4,0.15399999999999991,0.020000000000000004,6255.0,1.0,0.070988442
HD 13908 c,12.8,1630.4,932.8,2.0299999999999994,0.12,6255.0,1.0,0.39531939
HD 13931 b,13.2,889.9195396,1302.2,5.15,0.020000000000000004,5867.0,1.0,0.12621157
HD 139357 b,12.1,6315.5682755,759.34,2.949,0.099,4700.0,1.0,0.19051383
HD 1397 b,11.500434,131.89945,1228.3,0.10970000000000013,0.251,5521.0,1.0,0.07927807
HD 14067 b,12.2,4862.7746271,679.6460000000001,5.15,0.6500000000000001,4815.0,1.0,0.26772605
HD 140901 b,4.07,15.573591940000028,918.858,0.08500000000000085,0.47200000000000003,5610.0,1.0,0.18300935
HD 140901 c,13.4,572.0911326,1155.014,11.8,0.77,5610.0,1.0,0.0762744
HD 141004 b,3.77,13.634838660000014,863.8,0.12380000000000013,0.16,5885.38,1.0,0.19058229
HD 141399 b,14.3,143.34133,1223.646,0.41500000000000004,0.04,5600.0,1.0,0.16247484
HD 141399 c,13.599999999999998,422.7139,1032.014,0.6890000000000001,0.048,5600.0,1.0,0.28004984
HD 141399 d,13.7,375.0394,1397.814,2.09,0.074,5600.0,1.0,0.306046
HD 141399 e,14.099999999999998,209.7678,993.06,5.0,0.26,5600.0,1.0,0.12795572
HD 141937 b,11.9,8714.85491994,1410.766,1.5,0.41,5870.0,1.0,0.35599715
HD 142 A d,10.9,82.63538582000001,1004.2,0.4740000000000002,0.13,6245.0,2.0,0.15349783
HD 142 b,12.7,2256.5816897,1690.0,1.0389999999999997,0.158,6245.0,2.0,0.30357412
HD 142 c,12.399999999999999,3464.64746471,1459.2,9.811,0.277,6245.0,2.0,0.10477211
HD 142022 A b,12.9,1433.40611557,1011.288,2.93,0.53,5421.0,2.0,0.19216001
HD 142245 b,13.1,975.7381,1287.6,2.78,0.0,4922.0,3.0,0.36354197
HD 142415 b,13.5,530.7761,1197.6,1.0600000000000005,0.5,5940.0,1.0,0.38763741
HD 143105 b,13.7,384.5743,1539.6,0.0378999999999996,0.07,6380.0,1.0,0.065973778
HD 143361 b,12.9,1382.55357045,855.0,1.9879999999999995,0.197,5507.0,1.0,0.23798965
HD 144899 b,4.77,20.341018050000002,822.4,0.242,0.821,6126.0,1.0,0.16669069
HD 145377 b,12.8,1913.3366,1137.26,0.4500000000000002,0.31,6014.0,1.0,0.18149139
HD 145457 b,13.2,888.01256916,1268.966,0.7620000000000005,0.111,4757.0,1.0,0.081211631
HD 145675 c,12.6,2510.8444153,695.346,20.0,0.52,5338.0,1.0,0.074917556
HD 145934 b,13.4,658.5404593,1500.966,4.89,0.078,4823.75,1.0,0.39083223
HD 1461 b,2.4199999999999995,6.439999999999998,827.2,0.06339999999999968,0.172,5765.0,1.0,0.23850518
HD 1461 c,2.23,5.589999999999975,905.4,0.11169999999999991,0.305,5765.0,1.0,0.25578598
HD 147018 b,13.4,674.0,1035.414,0.23880000000000035,0.4686,5441.0,1.0,0.13558511
HD 147018 c,12.7,2080.0,903.2860000000001,1.9219999999999997,0.133,5441.0,1.0,0.23040835
HD 147379 b,4.94,21.600000000000023,667.0799999999999,0.31930000000000014,0.063,4090.0,2.0,0.52339129
HD 147513 b,13.7,385.0,1114.688,1.3200000000000003,0.26,5883.0,2.0,0.36097352
HD 14787 b,13.7,356.28743,1185.78,1.7000000000000002,0.155,4946.0,1.0,0.23949559
HD 147873 b,12.8,1633.6462,1381.888,0.5220000000000002,0.207,5972.0,2.0,0.11461002
HD 147873 c,13.3,731.009,1114.688,1.3600000000000003,0.23,5972.0,2.0,0.2827953
HD 148156 b,13.899999999999999,270.144,1308.278,2.45,0.52,6308.0,1.0,0.29830645
HD 148164 b,13.7,390.9309,1425.4,0.9930000000000003,0.587,6032.0,1.0,0.30914288
HD 148164 c,12.8,1640.0028,932.8,6.15,0.125,6032.0,1.0,0.1261687
HD 149026 b,8.29466,120.77539999999999,1626.0,0.0436399999999999,0.0,6179.0,1.0,0.10182417
HD 149143 b,13.599999999999998,422.7139,1464.2,0.052999999999999936,0.0167,5856.0,1.0,0.067319209
HD 149806 b,12.3,4003.68444298,954.1659999999999,12.404,0.357,5352.05,1.0,0.076378492
HD 150010 b,13.3,762.7881768,873.1659999999999,1.4000000000000004,0.2,4153.0,1.0,0.088165183
HD 1502 b,13.2,874.0325,1095.366,1.2620000000000005,0.031,4947.0,1.0,0.18963924
HD 150706 b,13.3,772.32302901,1008.0799999999999,6.7,0.38,5961.0,1.0,0.094098216
HD 151450 b,6.94,38.45723724999999,962.6,0.16000000000000014,0.496,6091.98,1.0,0.13144645
HD 151450 c,12.8,1636.18063924,932.8,14.131,0.138,6091.98,1.0,0.078775909
HD 152079 b,13.2,845.74563,922.8,4.187,0.532,5907.0,1.0,0.14972392
HD 152581 b,13.4,594.02427,1125.566,1.6600000000000001,0.04,5027.0,1.0,0.22064633
HD 152843 b,3.05,9.819999999999993,1003.11,0.10489999999999977,0.046,6310.0,1.0,0.19900532
HD 152843 c,5.94,9.670000000000016,253.08000000000004,0.1482000000000001,0.074,6310.0,1.0,0.14586991
HD 15337 b,1.7700000000000005,6.5190000000000055,1001.0,0.05245000000000033,0.058,5131.0,1.0,0.28026515
HD 15337 c,2.526,6.791999999999973,656.1,0.12349999999999994,0.096,5131.0,1.0,0.278591
HD 153557 b,4.77,20.341018050000002,819.2,0.06799999999999962,0.065,4837.0,1.0,0.17483554
HD 153557 c,4.36,17.48056237999998,805.8,0.11099999999999977,0.511,4837.0,1.0,0.20951959
HD 153557 d,11.9,8725.66108578,925.366,21.449,0.152,4837.0,1.0,0.074918746
HD 153950 b,13.2,937.5985,952.0799999999999,1.2800000000000002,0.34,6124.0,1.0,0.37926559
HD 154088 b,2.46,6.600000000000023,782.2,0.13400000000000034,0.344,5374.0,1.0,0.26145768
HD 154345 b,13.7,376.9444907,1216.614,4.158,0.058,5468.0,1.0,0.10032191
HD 154391 b,12.5,2892.2385037,779.1659999999999,7.46,0.2,4909.0,1.0,0.38474638
HD 154672 b,12.8,1706.7471,1443.4,0.5999999999999996,0.6100000000000001,5743.0,1.0,0.20622135
HD 154857 b,13.3,778.6835,1035.414,1.29,0.45999999999999996,5589.0,1.0,0.29148053
HD 154857 c,13.2,819.97,1486.694,5.36,0.06,5605.0,1.0,0.20631392
HD 155193 b,14.0,238.37130525,1132.6,1.04,0.21,6239.0,1.0,0.25031247
HD 155358 b,13.8,314.6517,1216.0,0.6299999999999999,0.16999999999999998,5905.0,1.0,0.22572555
HD 155358 c,13.899999999999999,261.0,1366.4,1.0199999999999996,0.16,5900.0,1.0,0.34748877
HD 155918 b,2.67,7.627881769999988,729.198,0.03000000000000025,0.194,5771.84,1.0,0.22422166
HD 155918 c,12.8,1878.04805696,993.1,13.183,0.071,5771.84,1.0,0.076016068
HD 156098 b,4.12,15.891420349999976,824.2,0.16699999999999982,0.109,6419.19,1.0,0.17481598
HD 156098 c,12.8,1661.6069118,1432.06,8.415,0.391,6419.19,1.0,0.21999139
HD 156279 b,12.5,2997.75753482,771.446,0.5019999999999998,0.647,5453.0,1.0,0.27282173
HD 156279 c,12.5,3098.82696825,656.966,5.486,0.261,5453.0,1.0,0.09668781
HD 156411 b,14.0,235.18,1061.246,1.88,0.22,5900.0,1.0,0.36789154
HD 156668 b,1.87,4.149999999999977,531.8,0.04999999999999982,0.0,4850.0,1.0,0.26310781
HD 156668 c,6.17,31.49679513000001,900.0,1.5700000000000003,0.089,4903.69,1.0,0.2444913
HD 156846 b,12.399999999999999,3391.2461,952.8,1.12,0.8499999999999999,6090.0,2.0,0.19070683
HD 158038 b,13.5,486.2799,1007.38,1.5,0.29,4860.0,1.0,0.21751947
HD 158259 b,1.28228,2.2200000000000273,1462.0,0.06040000000000045,0.05859999999999999,5801.89,1.0,0.2883936
HD 158259 c,2.23,5.600000000000023,730.0,0.15095400000000048,0.0,5801.89,1.0,0.24504847
HD 158259 d,2.18,5.410000000000025,650.5999999999999,0.1557599999999999,0.0,5801.89,1.0,0.24872673
HD 158259 e,2.34,6.079999999999984,695.4,0.16100600000000131,0.0,5801.89,1.0,0.24323678
HD 158259 f,2.3499999999999996,6.139999999999986,743.4,0.15678000000000036,0.0,5801.89,1.0,0.24650846
HD 158996 b,12.3,4449.62,546.146,2.0999999999999996,0.13,4069.0,1.0,0.076661951
HD 15906 b,2.24,5.649999999999977,668.0,0.08999999999999986,0.11,4757.0,1.0,0.28100142
HD 15906 c,2.93,8.910000000000025,532.0,0.14100000000000001,0.04,4757.0,1.0,0.29798622
HD 159243 b,13.7,359.13,1568.0,0.11000000000000032,0.020000000000000004,6123.0,1.0,0.075373996
HD 159243 c,13.4,603.9,1321.4,0.7999999999999998,0.075,6123.0,1.0,0.34496506
HD 159868 b,13.3,704.94694,1258.414,2.32,0.024,5534.0,1.0,0.37578293
HD 159868 c,14.0,244.09344,1115.2,1.032,0.184,5534.0,1.0,0.27479479
HD 1605 b,13.8,296.85322,1145.4460000000001,1.492,0.095,4915.0,1.0,0.29747757
HD 1605 c,13.0,1150.5446,1173.9859999999999,3.584,0.099,4915.0,1.0,0.35084815
HD 160691 b,12.735808200000001,1366.6621501,1266.2,1.5,0.0505,5773.0,1.0,0.39184621
HD 160691 c,12.6656726,1398.4449908,1073.4,4.17,0.039,5773.0,1.0,0.1703014
HD 160691 d,3.23,10.490000000000009,900.0,0.09520000000000017,0.0,5773.0,1.0,0.20855253
HD 160691 e,12.734,2224.798849,839.6800000000001,0.9600000000000009,0.0666,5773.0,1.0,0.34206947
HD 161178 b,14.099999999999998,181.16219199,1422.982,0.8499999999999996,0.044,4786.0,1.0,0.077312311
HD 16141 b,10.9,82.63580000000002,486.47999999999996,0.3600000000000003,0.25,5757.0,2.0,0.13466803
HD 16175 b,12.8,1875.1876013,1443.4,2.12,0.6000000000000001,5981.0,1.0,0.39412606
HD 162020 b,12.5,3127.4472,650.0,0.08000000000000007,0.28,4723.0,1.0,0.096667499
HD 163607 b,13.899999999999999,249.051588,1323.6599999999999,0.3620000000000001,0.7440999999999998,5522.0,1.0,0.098650155
HD 163607 c,13.3,699.54383,1475.0079999999998,2.39,0.08,5522.0,1.0,0.33845317
HD 16417 b,5.0,22.100000000000023,679.84,0.13999999999999968,0.2,5841.0,2.0,0.15823821
HD 164509 b,14.3,140.79869,918.488,0.8700000000000001,0.238,5859.0,2.0,0.35335926
HD 164595 b,4.16,16.139999999999986,711.6,0.23000000000000043,0.088,5790.0,2.0,0.22817463
HD 164604 b,12.3,4195.3349724,679.6460000000001,1.362,0.479,4663.0,1.0,0.20142932
HD 164922 b,13.3,116.0,159.39999999999998,2.16,0.08,5390.0,1.0,0.19986778
HD 164922 c,3.66,13.0,400.5,0.3410000000000002,0.12,5390.0,1.0,0.35021304
HD 164922 d,1.83,4.0,830.9,0.10299999999999976,0.12,5390.0,1.0,0.28293361
HD 164922 e,3.23,10.520120270000007,748.2,0.22919999999999963,0.086,5393.43,1.0,0.28356067
HD 165131 b,12.1,5943.3912109,1158.766,3.54,0.6708000000000001,5870.0,1.0,0.19064559
HD 165155 b,13.2,918.5287,1206.614,1.13,0.2,5426.0,1.0,0.36047379
HD 1666 b,12.7,2040.0,1478.6,0.9399999999999995,0.6300000000000001,6317.0,1.0,0.18529439
HD 166724 b,13.0,1207.7479466,1175.98,5.42,0.734,5127.0,1.0,0.084992504
HD 167042 b,13.599999999999998,444.00628458,1189.966,1.2199999999999998,0.009999999999999995,4919.0,1.0,0.18259915
HD 167677 b,13.2,905.81095995,1486.1100000000001,2.877,0.182,5474.0,1.0,0.15345455
HD 167768 b,13.899999999999999,270.15414595,1284.966,0.15120000000000022,0.149,4851.0,1.0,0.065220631
HD 168009 b,3.05,9.534852209999997,817.998,0.1192000000000002,0.12,5778.33,1.0,0.21991928
HD 168443 b,12.6,2424.3950886,695.346,0.2919999999999998,0.53,5491.0,1.0,0.10156038
HD 168443 c,12.2,5500.33841154,1107.406,2.842,0.21,5491.0,1.0,0.29171395
HD 168746 b,11.1,85.8141,900.0,0.07000000000000028,0.11,5570.0,1.0,0.083710755
HD 168863 b,12.7,2154.87659946,743.486,10.961,0.187,4905.0,1.0,0.072987305
HD 1690 b,12.5,2793.7257,771.4459999999999,1.3600000000000003,0.6400000000000001,4374.0,1.0,0.11461472
HD 16905 b,12.399999999999999,3591.4609991,679.6460000000001,8.8,0.6800000000000002,4866.12,1.0,0.077334632
HD 169142 b,13.1,953.485221,1414.0,37.2,0.188,7246.0,1.0,0.072737373
HD 169830 b,13.2,804.42369812,345.0,0.7649999999999997,0.294,6300.0,1.0,0.17812159
HD 169830 c,12.6,2437.42605328,1122.2,3.075,0.246,6300.0,1.0,0.35269416
HD 170469 b,14.099999999999998,209.7678,1178.8,2.24,0.11,5842.0,2.0,0.28685399
HD 17092 b,12.5,3219.6179,682.166,1.3100000000000005,0.16999999999999998,4326.0,1.0,0.10173856
HD 171028 b,13.2,832.7146,1286.214,1.3200000000000003,0.5900000000000001,5671.0,1.0,0.26418904
HD 171238 b,12.5,2796.8899816,830.966,2.518,0.358,5467.0,1.0,0.18553087
HD 17156 b,12.26262489,1036.12060682,888.0,0.1631999999999998,0.6772,6046.0,1.0,0.080415087
HD 173416 b,13.4,585.12209729,953.966,1.1579999999999995,0.208,4683.0,1.0,0.08445601
HD 174205 b,13.0,1334.8793094,804.1659999999999,1.7000000000000002,0.4000000000000001,4308.0,1.0,0.08041008
HD 175167 b,12.3,4703.8604236,995.766,2.4,0.51,5635.0,1.0,0.37545603
HD 175541 b,14.099999999999998,190.06234,843.086,0.9749999999999996,0.11,5013.0,1.0,0.16467184
HD 175607 b,12.64,2456.1779293,887.746,7.0878,0.11,5392.0,1.0,0.27206327
HD 17674 b,13.899999999999999,276.5121,1406.7060000000001,1.42,0.13,5904.0,1.0,0.38289124
HD 176986 b,12.86,1487.75477317,767.0,0.06295599999999979,0.066,4931.0,1.0,0.25746165
HD 176986 c,12.739999999999998,2097.98531461,558.0,0.11873000000000022,0.111,4931.0,1.0,0.26121765
HD 177565 b,4.0,15.100000000000023,845.458,0.24600000000000044,0.0593,5627.0,1.0,0.25157259
HD 177830 b,13.5,537.1327,1106.6,1.1399999999999997,0.1,4901.0,2.0,0.26591579
HD 177830 c,7.87,47.672500000000014,651.2,0.5137,0.3,4949.0,2.0,0.1597733
HD 178911 B b,12.6,2552.1749,1613.0,0.33999999999999986,0.11,5588.0,3.0,0.18516926
HD 179079 b,12.349979999999999,4195.3349724,899.38,0.1214000000000004,0.049,5646.0,1.0,0.14743661
HD 179949 b,13.899999999999999,291.12,1534.0,0.044299999999999784,0.022,6168.0,1.0,0.065750526
HD 180053 b,13.3,697.31902,1382.78,0.843,0.081,5131.0,1.0,0.12315659
HD 18015 b,13.1,1048.8337431,1265.42,3.87,0.148,5603.0,1.0,0.37311514
HD 180314 b,12.0,7216.92963775,1189.366,1.4480000000000004,0.24699999999999997,4917.0,1.0,0.12049522
HD 180617 b,3.53,12.213999999999999,419.072,0.34299999999999997,0.101,3534.0,2.0,0.43732084
HD 180902 b,13.5,535.54355,1170.6,1.4000000000000004,0.107,4961.0,2.0,0.23379584
HD 181234 b,12.5,2980.91262925,771.446,7.427,0.726,5386.0,1.0,0.093050599
HD 181342 b,13.2,807.2882,1087.766,1.5920000000000005,0.022,4945.0,1.0,0.23769922
HD 18143 b,3.28,10.806165840000006,915.374,0.08800000000000008,0.224,5078.0,1.0,0.21812733
HD 18143 c,12.5,3177.64841319,779.1659999999999,17.53,0.194,5078.0,1.0,0.072821251
HD 181433 b,12.4866,1708.64551603,849.166,0.08279999999999976,0.3960000000000001,4918.0,1.0,0.25679899
HD 181433 c,12.744799999999998,2207.00045821,603.566,1.8849999999999998,0.2402,4918.0,1.0,0.15970987
HD 181433 d,13.2,858.1366989,1176.18,6.74,0.44399999999999995,4918.0,1.0,0.10292866
HD 181720 b,14.0,127.132,1023.846,1.8499999999999996,0.26,5736.0,1.0,0.36018975
HD 183263 b,13.1,1103.1824007,739.88,1.46,0.383,5948.0,1.0,0.39212513
HD 183263 c,12.5,2958.98246917,1205.8,5.585,0.051,5948.0,1.0,0.12784503
HD 183579 b,3.49,20.399999999999977,752.0,0.1322000000000001,0.061,5784.0,1.0,0.20950166
HD 184010 b,12.1,98.52680616999999,980.366,0.9399999999999995,0.0,4971.0,1.0,0.13946131
HD 184010 c,11.8,95.34852210000003,1022.6,1.3339999999999996,0.0,4971.0,1.0,0.1967135
HD 184010 d,14.3,143.02278315,1142.4,1.92,0.0,4971.0,1.0,0.26860006
HD 18438 b,12.1,6674.396547,875.94,2.0999999999999996,0.1,3860.0,1.0,0.078249312
HD 185269 b,13.8,321.0083,1686.8,0.07699999999999996,0.22899999999999998,5923.0,3.0,0.066369515
HD 185283 b,13.599999999999998,413.1769291,1345.982,4.6,0.07,4848.0,1.0,0.079660512
HD 18599 b,2.6,24.100000000000023,863.0,0.04800000000000004,0.34,5145.0,2.0,0.23366928
HD 187085 b,13.899999999999999,265.70588,1126.8,2.0999999999999996,0.251,6117.0,1.0,0.097053048
HD 187123 b,14.2,166.218,1437.6,0.04260000000000108,0.010300000000000004,5790.0,1.0,0.064919389
HD 187123 c,13.2,912.16752809,1194.3,4.89,0.252,5790.0,1.0,0.12404599
HD 18742 b,13.1,1080.622,851.566,1.8200000000000003,0.04,4940.0,1.0,0.25331034
HD 188015 b,13.599999999999998,476.72,1163.0,1.2030000000000003,0.137,5746.0,2.0,0.3846681
HD 188641 b,11.9,9333.03117155,1126.4,12.027,0.034,5897.32,1.0,0.10385036
HD 189567 b,2.85,8.5,815.4,0.11099999999999977,0.189,5726.0,1.0,0.22275848
HD 189567 c,2.54,7.0,821.4,0.19700000000000006,0.16,5726.0,1.0,0.25195293
HD 189733 b,12.66617,359.1479,1209.0,0.03125999999999962,0.0,5052.0,2.0,0.073316325
HD 190007 b,4.06,15.5,961.614,0.09199999999999964,0.136,4610.0,1.0,0.21983177
HD 190228 b,12.9,1598.67688721,882.1659999999999,2.406,0.559,5360.0,1.0,0.39449919
HD 190360 b,13.5,533.95172376,150.0,3.963,0.3184,5552.0,2.0,0.14468498
HD 190360 c,5.44,25.42627256000003,665.8,0.12959999999999994,0.16500000000000004,5552.0,2.0,0.17621029
HD 190647 b,13.4,630.89255,980.014,2.231,0.224,5656.0,1.0,0.32254862
HD 190984 b,13.0,1137.82569706,974.2,5.5,0.57,5988.0,1.0,0.16872258
HD 191806 b,12.5,2966.61035094,887.8,2.749,0.213,6010.0,1.0,0.28820855
HD 191939 b,3.41,10.0,880.0,0.08040000000000003,0.031,5348.0,1.0,0.20637786
HD 191939 c,3.195,8.0,600.0,0.17520000000000024,0.034,5348.0,1.0,0.25781976
HD 191939 d,2.995,2.8000000000000114,540.0,0.2131999999999996,0.031,5348.0,1.0,0.29106771
HD 191939 e,13.0,112.19999999999999,390.0,0.40700000000000003,0.031,5348.0,1.0,0.26257852
HD 191939 f,13.2,915.34581216,125.0,3.71,0.0,5348.0,1.0,0.12908892
HD 191939 g,3.74,13.5,278.0,0.8120000000000003,0.03,5348.0,1.0,0.59122214
HD 192263 b,14.2,177.9848,486.0,0.15000000000000036,0.05,4976.0,1.0,0.12797655
HD 192310 b,4.27,16.899999999999977,355.0,0.3200000000000003,0.13,5166.0,1.0,0.39830874
HD 192310 c,5.25,24.0,185.0,1.1799999999999997,0.32000000000000006,5166.0,1.0,0.38222248
HD 192699 b,13.4,666.17168,1382.78,1.0629999999999997,0.082,5041.0,1.0,0.16825461
HD 194490 b,12.399999999999999,3561.90295725,1140.746,11.116,0.251,5861.32,1.0,0.084047628
HD 195019 b,13.0,1264.9634,1524.6,0.13999999999999968,0.009999999999999995,5751.0,2.0,0.078335266
HD 196050 b,12.9,1493.7935129,1507.0,2.65,0.2,5879.0,3.0,0.26811884
HD 196067 b,12.399999999999999,3623.2438398,1061.0,4.71,0.56292,6072.0,2.0,0.23462114
HD 19615 b,12.6,2701.5414595,695.166,1.0999999999999996,0.2,4263.0,1.0,0.074493145
HD 196885 A b,13.2,819.97,878.888,2.37,0.4799999999999999,6254.0,2.0,0.34529552
HD 197037 b,13.899999999999999,251.0,982.8,2.07,0.22,6150.0,2.0,0.3215261
HD 199509 b,7.43,43.224663350000014,843.8,0.42600000000000016,0.373,5796.02,1.0,0.28644587
HD 19994 b,13.599999999999998,435.41,1508.8,1.3049999999999997,0.063,6188.0,3.0,0.33261368
HD 20003 b,3.43,11.660000000000025,762.258,0.09740000000000038,0.36,5494.0,1.0,0.20852395
HD 20003 c,3.8899999999999997,14.439999999999998,700.558,0.19639999999999969,0.1,5494.0,1.0,0.23941931
HD 200964 b,13.5,508.21017,1178.98,1.5649999999999995,0.087,4982.0,1.0,0.23566004
HD 200964 c,13.7,385.84562,985.18,1.96,0.24299999999999997,4982.0,1.0,0.28939666
HD 202206 c,12.2,5689.157,1532.04,2.41,0.22,5766.0,2.0,0.23164856
HD 202696 b,12.7936372,634.38868,1161.566,1.5659999999999998,0.010999999999999996,5040.0,1.0,0.16418226
HD 202696 c,13.0524932,592.43512,1132.458,2.342,0.027999999999999997,5040.0,1.0,0.24964855
HD 202772 A b,18.2370116,323.54931833,2181.0,0.052080000000000126,0.03,6442.0,2.0,0.053322149
HD 203030 b,14.459585099999998,3496.112477,1040.0,487.1,0.212,5603.0,1.0,0.062451782
HD 20329 b,1.7199999999999993,7.420000000000016,2141.0,0.017999999999999794,0.0,5596.0,1.0,0.26893498
HD 203387 b,13.1,1106.04285636,1212.78,1.771,0.732,5174.32,1.0,0.098582268
HD 203387 c,12.6,2378.9456264,1010.566,5.067,0.202,5174.32,1.0,0.30630928
HD 2039 b,12.7,1999.1507,1376.2,2.2,0.71,5945.0,1.0,0.34155617
HD 204313 b,12.9,1466.7780983,1130.42,3.185,0.1,5767.0,1.0,0.18191059
HD 204313 c,4.31,17.162733979999985,798.2,0.2110000000000003,0.059,5767.0,1.0,0.20727583
HD 204313 e,12.2,4868.17771002,1187.546,7.457,0.253,5767.0,1.0,0.09707311
HD 204941 b,10.1,73.10090000000002,537.48,2.55,0.37,5026.0,2.0,0.13787179
HD 205158 b,13.899999999999999,124.58873554000002,1292.2,0.1769999999999996,0.145,6133.55,1.0,0.071999549
HD 205739 b,13.599999999999998,435.41,1159.5,0.8959999999999999,0.27,6176.0,1.0,0.29635845
HD 206255 b,6.47,34.19999999999999,904.4,0.4610000000000003,0.23,5635.0,1.0,0.1730362
HD 206610 b,13.4,647.10188,1382.78,1.7400000000000002,0.1,4842.0,1.0,0.20412241
HD 206893 b,14.01122587,6197.6539365,1429.2,10.75,0.069,6500.0,1.0,0.096254771
HD 206893 c,16.36511182,3527.8953177,1181.9,3.74,0.2829999999999999,6500.0,1.0,0.24477558
HD 207496 b,2.25,6.100000000000023,743.0,0.06289999999999996,0.23099999999999998,4819.0,1.0,0.25857206
HD 20781 b,1.21,1.9300000000000068,844.8,0.05290000000000017,0.1,5256.0,2.0,0.29766614
HD 20781 c,2.17,5.329999999999984,1065.0,0.10040000000000049,0.09,5256.0,2.0,0.27284997
HD 20781 d,3.25,10.610000000000014,685.6,0.16469999999999985,0.11,5256.0,2.0,0.26431601
HD 20781 e,3.83,14.029999999999973,536.9999999999999,0.3373999999999997,0.06,5256.0,2.0,0.39506798
HD 20782 b,13.599999999999998,472.83,784.488,1.3649000000000004,0.95,5782.13,2.0,0.33467165
HD 207832 b,14.2,177.9848,1508.8,0.5860000000000003,0.197,5726.0,3.0,0.32540176
HD 207832 c,14.0,232.0159,1540.8000000000002,2.112,0.27,5710.0,3.0,0.21444183
HD 207897 b,2.3430213199999996,14.800000000000011,581.75,0.11699999999999999,0.0,5106.0,1.0,0.27741168
HD 20794 b,1.4500000000000002,2.6999999999999886,660.0,0.12570000000000014,0.064,5368.0,1.0,0.30992532
HD 20794 d,2.04,4.800000000000011,388.0,0.36249999999999893,0.077,5368.0,1.0,0.45065262
HD 20794 e,2.03,4.769999999999982,697.8,0.5089999999999995,0.29,5401.0,1.0,0.59005061
HD 208487 b,14.3,146.20106722,1388.246,0.5300000000000002,0.37,6134.0,1.0,0.1949957
HD 208527 b,12.5,3146.4,744.566,2.0999999999999996,0.08,4035.0,1.0,0.077548216
HD 20868 b,13.7,397.2875,1257.38,0.9500000000000002,0.75,4802.0,1.0,0.34418372
HD 208897 b,13.7,379.48711796,1080.346,1.0629999999999997,0.020000000000000004,4860.0,1.0,0.15198041
HD 209458 b,15.58051,232.0159,1459.0,0.04706999999999972,0.0,6091.0,1.0,0.059756376
HD 210193 b,14.3,153.1,1249.846,1.487,0.24,5790.0,1.0,0.34807024
HD 210277 b,13.599999999999998,410.0007,1373.8600000000001,1.13,0.4799999999999999,5538.0,1.0,0.38620019
HD 210702 b,13.599999999999998,481.5100366,1345.982,1.0789999999999997,0.071,4912.0,1.0,0.16478496
HD 211403 b,12.8,1760.76937478,380.0,0.7679999999999998,0.084,6273.0,1.0,0.26354233
HD 211810 b,14.0,212.9461,1314.6599999999999,2.656,0.6800000000000002,5652.0,1.0,0.24245512
HD 211970 b,3.66,13.0,638.142,0.1429999999999998,0.15,4127.0,1.0,0.40425496
HD 212301 b,14.2,162.0933,1456.8000000000002,0.03000000000000025,0.0,6239.0,2.0,0.064024611
HD 212771 b,13.3,759.6137,1361.566,1.1899999999999995,0.076,5003.0,1.0,0.15371773
HD 213240 b,12.8,1655.88600047,1011.288,1.8899999999999997,0.42,5979.0,2.0,0.39173942
HD 213472 b,13.1,1112.3994245,713.4,13.0,0.53,5729.54,1.0,0.082380614
HD 213519 b,2.99,9.217023799999993,825.198,0.0990000000000002,0.413,5840.0,1.0,0.21894992
HD 213885 b,1.7449999999999997,8.829999999999984,2128.0,0.02012000000000036,0.0,5978.0,1.0,0.26771445
HD 213885 c,4.71,19.94999999999999,1265.4,0.05679799999999968,0.0,5978.0,1.0,0.15951426
HD 21411 b,9.52,65.89999999999998,754.2,0.3620000000000001,0.4000000000000001,5605.0,1.0,0.27132083
HD 214823 b,12.1,5914.78665427,1550.04,3.08,0.161,6215.0,2.0,0.34733309
HD 215152 b,12.389982,565.41673605,1037.566,0.057637999999999856,0.0,4935.0,1.0,0.30567123
HD 215152 c,13.2518048,468.79690033,1375.366,0.06739300000000004,0.0,4935.0,1.0,0.31175709
HD 215152 d,13.490388866,770.41605857,1062.166,0.08798999999999957,0.0,4935.0,1.0,0.31467749
HD 215152 e,13.108799999999999,975.41538108,907.166,0.1541699999999997,0.0,4935.0,1.0,0.37986674
HD 215497 b,12.616271999999999,1588.82420659,813.886,0.04999999999999982,0.16,5110.0,1.0,0.24352919
HD 215497 c,13.0,111.23994245,1206.92,1.3100000000000005,0.47,5113.0,1.0,0.26368409
HD 216435 b,13.7,400.4,1392.0,2.5600000000000005,0.07,5999.0,1.0,0.35581788
HD 216437 b,13.0,1334.8793094,725.3599999999999,2.57,0.31,5909.0,1.0,0.30728042
HD 216520 b,3.18,10.259999999999991,915.374,0.1980000000000004,0.09,5103.0,1.0,0.32418681
HD 216520 c,3.03,9.439999999999998,817.374,0.5280000000000005,0.12,5103.0,1.0,0.63363284
HD 216536 b,13.8,333.7215,1019.78,0.6100000000000003,0.38,4639.0,1.0,0.070912468
HD 216770 b,14.099999999999998,181.1631,1093.46,0.45999999999999996,0.37,5399.0,1.0,0.25283001
HD 21693 b,2.8,8.230000000000018,820.8,0.14550000000000018,0.12,5430.0,1.0,0.25925028
HD 21693 c,4.34,17.370000000000005,1090.8,0.2586000000000004,0.07,5430.0,1.0,0.27884592
HD 217107 b,13.599999999999998,459.57987652,1349.074,0.07359000000000027,0.1284,5622.0,1.0,0.071360977
HD 217107 c,12.9,1388.91013859,979.98,5.922,0.3918,5622.0,1.0,0.11934854
HD 21749 c,0.8920000000000003,3.6999999999999886,701.0,0.06949999999999967,0.033999999999999996,4640.0,1.0,0.3240778
HD 217786 b,12.3,4402.55909376,1682.6000000000001,2.446,0.311,5966.0,2.0,0.30238554
HD 217786 c,2.61,7.3100533599999835,906.6,0.038000000000000256,0.399,5966.0,2.0,0.22660667
HD 217958 b,14.2,166.54208527,1251.046,3.758,0.156,5930.64,1.0,0.18689689
HD 218566 b,9.32,63.56600000000003,816.0,0.6899999999999995,0.3,4730.0,1.0,0.42310876
HD 219077 b,12.5,3057.50927534,771.446,5.935,0.7679999999999998,5362.0,1.0,0.17897271
HD 219134 b,1.6020000000000003,4.740000000000009,1015.0,0.038759999999999906,0.0,4699.0,1.0,0.28198425
HD 219134 c,1.5110000000000001,4.360000000000014,782.0,0.06529999999999969,0.062,4699.0,1.0,0.3003019
HD 219134 d,1.6100000000000003,16.170000000000016,410.5,0.2370000000000001,0.138,4699.0,1.0,0.50969196
HD 219134 f,1.3099999999999996,7.300000000000011,522.6,0.1463000000000001,0.148,4699.0,1.0,0.39013041
HD 219134 g,3.28,10.806219999999996,596.08,0.3753000000000002,0.0,4913.0,1.0,0.53941786
HD 219134 h,12.7,108.06220000000002,1183.006,3.11,0.06,4913.0,1.0,0.10309791
HD 219139 b,14.0,247.90615746,1284.146,0.9399999999999995,0.11,4831.0,1.0,0.079037738
HD 219415 b,13.8,317.83,1030.18,3.2,0.4000000000000001,4820.0,1.0,0.33062931
HD 219666 b,4.898,17.600000000000023,1076.0,0.06355999999999984,0.05,5540.0,1.0,0.18231373
HD 219828 b,4.59,19.069704419999994,798.2,0.04900000000000038,0.091,5891.0,1.0,0.16071023
HD 219828 c,12.2,5102.41724598,927.046,5.657,0.8110000000000002,5891.0,1.0,0.19753694
HD 220074 b,12.2,5288.6912,592.54,1.5999999999999996,0.14,3787.0,1.0,0.076131011
HD 220197 b,9.32,63.56600000000003,998.8199999999999,2.729,0.187,5683.0,1.0,0.21609308
HD 220689 b,13.7,381.3940884,1395.4,3.396,0.054,5921.0,1.0,0.16464439
HD 220773 b,13.599999999999998,460.8,1083.324,4.94,0.51,5940.0,1.0,0.19650512
HD 220842 b,13.1,1010.6994,878.888,0.7400000000000002,0.4040000000000001,5960.0,2.0,0.24339892
HD 221287 b,13.1,982.05,1233.2,1.25,0.08,6304.0,1.0,0.39277728
HD 221416 b,9.17,60.5,1314.67,0.1227999999999998,0.115,5080.0,1.0,0.096175379
HD 221420 b,12.0,7278.2705203,917.366,10.15,0.14,5847.0,1.0,0.11414659
HD 221585 b,13.5,511.7063,1395.274,2.306,0.123,5620.0,1.0,0.34660497
HD 222076 b,13.5,495.8148,1345.982,1.83,0.08,4806.0,1.0,0.31701125
HD 222155 b,13.4,581.62598481,1615.71,5.14,0.16,5701.0,1.0,0.17859327
HD 222582 b,12.6,2660.2371,627.8,1.3399999999999999,0.73,5790.0,2.0,0.396506
HD 224538 b,12.7,2075.73732612,1157.3600000000001,2.375,0.47600000000000003,6097.0,1.0,0.36998234
HD 224693 b,14.0,222.481,1330.646,0.19099999999999984,0.104,5894.0,1.0,0.073687034
HD 22496 b,2.22,5.569999999999993,573.0,0.051000000000000156,0.026476,4385.0,1.0,0.2930226
HD 22532 b,13.4,673.79622284,1132.166,1.9000000000000004,0.03,5038.0,1.0,0.22508475
HD 22781 b,12.3,4338.2,679.6460000000001,1.1669999999999998,0.8191000000000002,5027.0,1.0,0.33573725
HD 22946 d,2.6069999999999998,26.569999999999993,546.0,0.29579999999999984,0.0,6169.0,1.0,0.29154607
HD 23079 b,13.2,845.42356262,1278.0,1.5999999999999996,0.07348,5994.0,1.0,0.35548058
HD 23127 b,13.5,485.32641,1334.06,2.37,0.406,5843.0,1.0,0.35708343
HD 231701 b,13.7,359.1479,1540.6,0.5670000000000002,0.13,6101.0,1.0,0.16498886
HD 233604 b,12.7,2089.644,754.546,0.7469999999999999,0.05,4791.0,1.0,0.080632579
HD 233832 b,13.5,565.7374,835.768,2.827,0.359,4981.0,2.0,0.10710444
HD 23472 b,2.0,8.319999999999993,543.0,0.11620000000000008,0.072,4684.0,1.0,0.32631442
HD 23472 c,1.87,3.410000000000025,467.0,0.16460000000000008,0.063,4684.0,1.0,0.39817646
HD 23472 d,0.75,0.5500000000000114,909.0,0.04298000000000002,0.07,4684.0,1.0,0.29650785
HD 23472 e,0.8179999999999996,0.7200000000000273,723.0,0.06799999999999962,0.07,4684.0,1.0,0.31620284
HD 23472 f,1.1369999999999996,0.7699999999999818,630.0,0.09060000000000024,0.07,4684.0,1.0,0.33854022
HD 235088 b,1.9820000000000002,4.149999999999977,805.0,0.07059999999999977,0.0,5075.0,1.0,0.2713412
HD 23596 b,12.399999999999999,3786.607641,1582.8000000000002,2.694,0.282,6040.0,2.0,0.33031918
HD 238090 b,2.52,6.889999999999986,469.6,0.0932000000000004,0.3,3933.0,1.0,0.36418513
HD 238914 b,12.8,1906.98,725.566,5.7,0.56,4769.0,1.0,0.31706995
HD 240210 b,12.8,1655.82,743.486,1.1600000000000001,0.15,4297.0,1.0,0.10786402
HD 240237 b,12.2,5050.3187,923.646,1.92,0.4000000000000001,3926.0,1.0,0.084266687
HD 24040 b,12.9,1589.142035,1151.2,4.92,0.04,5802.0,1.0,0.14383416
HD 24040 c,9.35,63.88350981000002,992.752,1.2999999999999998,0.11,5776.49,1.0,0.4280411
HD 24064 b,12.3,4096.8287,954.1659999999999,1.29,0.35,4052.0,1.0,0.076885453
HD 24085 b,3.46,11.800000000000011,882.4,0.03399999999999981,0.22,6034.0,1.0,0.1930498
HD 25015 b,12.5,2884.92845034,668.966,6.248,0.341,5160.0,1.0,0.083041293
HD 25171 b,13.899999999999999,290.81445,1541.8,2.971,0.042,6125.0,2.0,0.23560304
HD 25723 b,13.3,794.5710175,1092.966,1.4900000000000002,0.04,4766.0,1.0,0.09341192
HD 25912 b,6.9,38.13940883999999,716.6,0.242,0.05,5920.58,1.0,0.17360764
HD 25912 c,12.2,5252.75008249,1126.4,17.848,0.051,5920.58,1.0,0.076364948
HD 260655 b,1.2400000000000002,2.1399999999999864,709.0,0.029329999999999856,0.039,3803.0,1.0,0.32135851
HD 260655 c,1.533,3.089999999999975,557.0,0.04748999999999981,0.038,3803.0,1.0,0.35806316
HD 26161 b,11.9,9045.39646322,1410.766,10.087,0.9220000000000002,6057.62,1.0,0.13635864
HD 2638 b,14.3,133.4886,1317.0,0.03999999999999915,0.0,5186.0,3.0,0.066710213
HD 2685 b,16.14096,371.8611,2061.0,0.05679999999999996,0.091,6801.0,1.0,0.057264903
HD 27442 b,13.5,495.8,1162.6,1.271,0.06,4846.0,2.0,0.24513883
HD 27631 b,13.5,495.81231492,1481.474,3.242,0.141,5737.0,1.0,0.14681468
HD 27894 b,14.099999999999998,196.73578393,1236.5819999999999,0.125,0.047,4875.0,1.0,0.1079396
HD 27894 c,8.24,51.48846000000003,665.0600000000001,0.1980000000000004,0.015,4875.0,1.0,0.19939132
HD 27894 d,12.7,2063.65984665,712.966,5.362,0.343,4875.0,1.0,0.085336469
HD 27969 b,12.9,1525.5763536,261.0,1.5519999999999996,0.182,5966.0,1.0,0.38212564
HD 28109 b,2.69,6.199999999999989,867.0,0.13569999999999993,0.007099999999999995,6189.0,1.0,0.25285688
HD 28109 c,4.13,9.199999999999989,643.0,0.30799999999999983,0.0039000000000000007,6189.0,1.0,0.20694534
HD 28109 d,3.11,5.800000000000011,561.0,0.4109999999999996,0.005400000000000002,6189.0,1.0,0.26850051
HD 28185 b,12.8,1859.29618095,1035.08,1.0339999999999998,0.063,5602.0,1.0,0.39527667
HD 28185 c,12.8,1906.970442,1080.8,8.5,0.15,5602.0,1.0,0.079626929
HD 28192 b,12.2,99.7981198,1348.01,0.11800000000000033,0.104,5919.87,1.0,0.084257754
HD 28254 b,13.0,1207.7479466,784.488,2.45,0.95,5664.0,2.0,0.39145683
HD 285507 b,13.8,311.4734,1299.78,0.05999999999999961,0.09,4503.0,1.0,0.084674734
HD 285968 b,2.83,8.399999999999977,449.99999999999994,0.06599999999999984,0.0,3703.49,1.0,0.41857856
HD 28678 b,13.5,490.09386,1252.3799999999999,1.1799999999999997,0.149,4972.0,1.0,0.12557396
HD 29021 b,12.9,1420.69297929,918.8,2.294,0.453,5560.0,1.0,0.19509826
HD 290327 b,13.3,772.3269,1435.828,3.43,0.08,5505.0,1.0,0.12803093
HD 29399 b,13.5,498.99059899,1225.5819999999999,1.9130000000000003,0.05,4845.0,1.0,0.30690675
HD 2952 b,13.899999999999999,284.77425267,1088.766,1.117,0.269,4853.0,1.0,0.085993753
HD 29985 b,12.8,1739.47487151,970.566,13.39,0.261,4678.0,1.0,0.070521771
HD 30177 b,12.6,2670.71210402,873.1659999999999,3.604,0.207,5580.0,1.0,0.16040188
HD 30177 c,12.7,1954.64470305,995.3,10.258,0.039,5580.0,1.0,0.082332262
HD 30562 b,13.599999999999998,467.20775829,1334.06,2.34,0.7599999999999998,5882.0,1.0,0.38426054
HD 30669 b,14.3,149.37,1115.2,2.69,0.18,5400.0,1.0,0.15618612
HD 30856 b,13.5,491.68301,1162.6,1.8499999999999996,0.061,4895.0,2.0,0.29979826
HD 31253 b,14.099999999999998,197.0546,1083.846,1.2599999999999998,0.3,6130.0,1.0,0.33326514
HD 31527 b,3.22,10.470000000000027,892.198,0.12539999999999996,0.1,5898.0,1.0,0.21708732
HD 31527 c,3.8500000000000005,14.160000000000025,805.6,0.2663000000000002,0.04,5898.0,1.0,0.24679422
HD 31527 d,3.46,11.819999999999993,763.6,0.8098000000000001,0.24,5898.0,1.0,0.55378705
HD 3167 b,1.67,4.970000000000027,1774.0,0.01796000000000042,0.0,5261.0,1.0,0.27179353
HD 3167 c,3.0,11.129999999999995,564.0,0.17759999999999998,0.06,5261.0,1.0,0.27863159
HD 3167 d,1.9200000000000004,4.329999999999984,859.5,0.07629999999999981,0.12,5261.0,1.0,0.27297478
HD 3167 e,2.83,8.410000000000025,374.79999999999995,0.3884999999999996,0.15,5261.0,1.0,0.47672024
HD 32518 b,13.2,905.49313154,1151.166,0.5940000000000003,0.027999999999999997,4580.0,1.0,0.075834437
HD 32963 b,13.4,657.90480249,1476.408,3.41,0.07,5727.0,1.0,0.15999731
HD 330075 b,14.3,152.5584,990.0,0.03999999999999915,0.0,5000.0,1.0,0.066710213
HD 331093 b,13.599999999999998,476.7426105,1281.26,1.4399999999999995,0.5900000000000001,5544.0,1.0,0.36551893
HD 33142 b,13.7,400.46379282,886.582,1.0739999999999998,0.049,5025.4,1.0,0.17058368
HD 33142 c,13.899999999999999,282.86728223,774.462,1.955,0.081,5025.4,1.0,0.31060988
HD 33142 d,9.32,63.56568140000002,591.7860000000001,0.45199999999999996,0.191,5025.4,1.0,0.11318917
HD 332231 b,9.07303305,74.10000000000002,798.3,0.14499999999999957,0.0,6128.0,1.0,0.099557841
HD 33283 b,12.5,104.56607,835.768,0.15080000000000027,0.399,5935.0,2.0,0.076223767
HD 33564 b,12.5,2892.1,960.38,1.0999999999999996,0.34,6250.0,1.0,0.30100794
HD 33844 b,13.4,638.8383,1382.78,1.5999999999999996,0.15,4861.0,1.0,0.21730426
HD 33844 c,13.5,556.2025,1382.78,2.24,0.13,4861.0,1.0,0.30292837
HD 34445 b,13.899999999999999,260.6206,1040.446,2.07,0.27,5879.0,1.0,0.34098487
HD 34445 c,8.42,53.5,588.8,0.7180999999999997,0.036,5836.0,1.0,0.30337089
HD 34445 d,6.07,30.69999999999999,809.22,0.4817,0.026999999999999996,5836.0,1.0,0.24399109
HD 34445 e,4.26,16.80000000000001,798.2,0.26869999999999994,0.09,5836.0,1.0,0.20921642
HD 34445 f,6.88,37.89999999999998,726.2,1.5430000000000001,0.031,5836.0,1.0,0.46899399
HD 34445 g,13.599999999999998,120.6,1394.2,6.36,0.032,5836.0,1.0,0.11558207
HD 35759 b,13.0,1195.0408,1024.4,0.38900000000000023,0.389,6060.0,1.0,0.10974214
HD 360 b,14.0,238.37130525,1206.746,0.9800000000000004,0.139,4770.0,1.0,0.08225375
HD 36384 b,12.7,2097.6674862,743.486,1.2999999999999998,0.2,3940.0,1.0,0.074683437
HD 3651 b,10.1,72.46524,837.0,0.29499999999999993,0.645,5221.0,1.0,0.20090943
HD 37124 b,14.0,214.53525,1026.646,0.5336400000000001,0.054,5698.64,1.0,0.3055463
HD 37124 c,14.099999999999998,207.22516,1227.5059999999999,1.71,0.125,5698.64,1.0,0.26233405
HD 37124 d,14.0,221.20968,1371.846,2.807,0.16,5698.64,1.0,0.1567011
HD 37605 b,13.2,854.9627,1212.78,0.27700000000000014,0.6744999999999999,5329.0,1.0,0.15621221
HD 37605 c,13.1,1013.8777,816.88,3.74,0.03,5329.0,1.0,0.11174537
HD 3765 b,8.56,54.984314410000025,706.8,2.108,0.298,5049.8,1.0,0.18726935
HD 38283 b,14.0,127.132,1388.246,1.0199999999999996,0.41,5981.0,1.0,0.30565873
HD 38529 b,14.099999999999998,206.58846455,918.488,0.11500000000000021,0.256,5697.0,2.0,0.065875819
HD 38529 c,12.5,3299.05886466,1251.0,3.226,0.357,5697.0,2.0,0.38504824
HD 38801 b,12.5,3082.31534,956.4,1.6229999999999993,0.017,5338.0,1.0,0.36858449
HD 39091 b,12.3,4481.3805387,679.6460000000001,3.28,0.6420000000000001,5998.0,1.0,0.21803109
HD 39194 b,1.9899999999999998,4.6200000000000045,871.4,0.05895000000000028,0.101,5205.0,1.0,0.27369631
HD 39194 c,2.65,7.490000000000009,670.716,0.10829999999999984,0.078,5205.0,1.0,0.26987945
HD 39194 d,2.1200000000000006,5.160000000000025,897.05,0.19489999999999963,0.159,5205.0,1.0,0.36610416
HD 39855 b,2.85,8.5,946.6,0.04100000000000037,0.14,5576.0,1.0,0.21986832
HD 40307 b,13.044799999999999,1188.99607059,910.0,0.046800000000000175,0.2,4956.0,1.0,0.27566522
HD 40307 c,12.76,1868.51320475,696.0,0.0799000000000003,0.06,4956.0,1.0,0.26755305
HD 40307 d,12.8,1775.3894815,541.0,0.13210000000000033,0.07,4956.0,1.0,0.29538662
HD 40307 f,2.1300000000000003,5.199999999999989,398.0,0.2469999999999999,0.020000000000000004,4956.0,1.0,0.51678687
HD 40307 g,2.5599999999999996,7.100000000000023,255.0,0.5999999999999996,0.29,4956.0,1.0,0.6593528
HD 40956 b,13.2,858.141,949.7660000000001,1.4000000000000004,0.24,4869.0,1.0,0.10950081
HD 40979 b,12.9,1484.2661,1507.0,0.8499999999999996,0.25,6165.0,3.0,0.3084511
HD 41004 A b,13.2,807.25,784.488,4.3474,0.74,5310.0,2.0,0.24000714
HD 41004 B b,12.1,5838.29,1292.614,1.9883547999999998,0.081,5036.0,2.0,0.073706168
HD 4113 b,13.5,541.26177712,606.0,1.2800000000000002,0.899,5688.0,3.0,0.36351916
HD 42012 b,13.5,508.528,1452.4140000000002,1.67,0.2,5405.0,1.0,0.22731862
HD 4203 b,13.3,708.7609,1142.014,1.17,0.52,5596.0,1.0,0.36592663
HD 4203 c,13.3,689.66,1183.214,6.95,0.24,5582.0,1.0,0.10962143
HD 4208 b,13.899999999999999,257.4423,773.046,1.662,0.042,5717.0,1.0,0.27357629
HD 42618 b,3.8899999999999997,14.399999999999977,337.0,0.5540000000000012,0.19,5727.0,1.0,0.43891561
HD 4308 b,4.12,15.891500000000008,668.976,0.1200000000000001,0.0,5686.0,1.0,0.1891799
HD 4313 b,13.4,612.45841,1382.78,1.157,0.147,4943.0,1.0,0.15517062
HD 43197 b,14.2,175.75910907,1314.6599999999999,0.8819999999999997,0.742,5508.0,1.0,0.37478638
HD 43197 c,12.6,2500.67390628,958.566,8.54,0.149,5508.0,1.0,0.084164169
HD 43691 b,13.2,810.4665,1748.2,0.23799999999999955,0.0796,6093.0,3.0,0.086433168
HD 44219 b,14.099999999999998,184.34047606,1122.246,1.2599999999999998,0.41,5752.0,1.0,0.38130001
HD 45184 b,3.52,12.189999999999998,749.4,0.06440000000000001,0.07,5869.0,1.0,0.19492547
HD 45184 c,2.91,8.810000000000002,913.998,0.11000000000000032,0.07,5869.0,1.0,0.22644081
HD 45350 b,13.5,568.89,1334.06,1.92,0.778,5566.0,1.0,0.36490562
HD 45364 b,9.03,60.16491745000002,799.854,0.6792999999999996,0.067,5466.0,1.0,0.42259185
HD 45364 c,14.2,174.48779544,1396.368,0.9020000000000001,0.019000000000000003,5466.0,1.0,0.37992184
HD 45652 b,14.3,137.62039,1153.8600000000001,0.2370000000000001,0.607,5294.0,1.0,0.13143075
HD 457 b,11.9,8445.3364308,1410.766,15.369,0.565,6114.04,1.0,0.085571268
HD 46375 b,10.0,71.80000000000001,1159.2,0.03979999999999961,0.063,5285.0,2.0,0.089404974
HD 47186 b,5.02,22.248100000000022,919.274,0.04999999999999982,0.04,5657.0,1.0,0.15238189
HD 47186 c,13.0,111.42000000000002,1202.37,2.395,0.24899999999999997,5657.0,1.0,0.2314055
HD 4732 b,13.4,631.2072163,861.368,1.1289999999999996,0.266,4898.0,2.0,0.15491039
HD 4732 c,13.1,1069.49258955,1142.488,4.725,0.187,4898.0,2.0,0.36770473
HD 47366 b,13.4,661.71874337,1500.966,1.2069999999999999,0.071,4866.0,1.0,0.12198408
HD 47366 c,13.5,483.73483545,1237.98,1.8399999999999999,0.161,4866.0,1.0,0.18116939
HD 47536 b,12.6,2330.0,756.7660000000001,1.9299999999999997,0.2,4380.0,1.0,0.09216345
HD 4760 b,12.3,4417.837,640.746,1.1399999999999997,0.23,4076.0,1.0,0.073734713
HD 48265 b,12.6,2351.9302118,1277.8,1.814,0.211,5733.0,1.0,0.38725902
HD 4917 b,13.5,513.29545,1345.982,1.1669999999999998,0.066,4802.0,1.0,0.1140479
HD 49674 b,6.2,31.783000000000015,1089.674,0.05999999999999961,0.09,5602.0,1.0,0.13206242
HD 50499 b,13.5,519.96988,1159.5,3.833,0.266,6102.0,1.0,0.20913336
HD 50499 c,13.2,931.2419,1420.0,9.02,0.0,6099.0,1.0,0.097827115
HD 50554 b,12.8,1859.29618095,1230.38,2.353,0.501,5987.0,1.0,0.28098277
HD 51608 b,3.62,12.769999999999982,809.4,0.1059000000000001,0.09,5358.0,1.0,0.21062508
HD 51608 c,3.87,14.310000000000002,720.26,0.38090000000000046,0.14,5358.0,1.0,0.4065742
HD 52265 b,13.7,384.5743,405.0,0.5199999999999996,0.27,6136.0,1.0,0.18274346
HD 5278 b,2.45,7.800000000000011,943.0,0.12019999999999964,0.08,6203.0,1.0,0.24274745
HD 5278 c,4.49,18.399999999999977,583.216,0.24160000000000004,0.07,6203.0,1.0,0.19718469
HD 5319 b,13.5,494.54348,1345.38,1.5700000000000003,0.092,4871.0,1.0,0.36134547
HD 5319 c,13.8,334.67499,1169.766,1.9299999999999997,0.183,4871.0,1.0,0.31279848
HD 55696 b,12.9,1357.12729789,1567.8000000000002,3.18,0.7050000000000001,6012.0,1.0,0.31470398
HD 5583 b,12.8,1837.0574,720.6659999999999,0.5300000000000002,0.076,4830.0,1.0,0.07695563
HD 5608 b,13.7,371.22357938,954.0,1.79,0.11,4807.0,2.0,0.2416305
HD 564 b,12.5,104.88,1431.21,1.2000000000000002,0.096,5902.0,1.0,0.387527
HD 56414 b,3.71,13.300000000000011,1133.0,0.2290000000000001,0.6800000000000002,8500.0,1.0,0.18746702
HD 56957 b,12.8,1880.90851263,920.2,6.426,0.273,5743.0,1.0,0.14479566
HD 5891 b,12.6,2425.0429,757.946,0.6399999999999997,0.07,4673.0,1.0,0.081624122
HD 59686 A b,12.7,2199.3836,1572.0,1.0860000000000003,0.05,4658.0,2.0,0.088734849
HD 60292 b,12.7,2065.895,838.766,1.5,0.27,4348.0,1.0,0.079411646
HD 60532 b,13.8,336.8998,1182.2,0.7699999999999996,0.26,6245.0,1.0,0.12149626
HD 60532 c,13.3,797.7533,1347.8,1.5999999999999996,0.03,6245.0,1.0,0.26115449
HD 62364 b,12.1,5965.63919939,1158.766,6.15,0.607,6255.0,1.0,0.15902073
HD 62364 c,12.0,7923.46218651,1410.766,36.984,0.7730000000000001,6255.0,1.0,0.077080448
HD 62509 b,13.3,731.0,1087.766,1.6399999999999997,0.020000000000000004,4892.63,1.0,0.131545
HD 62549 b,12.6,2707.58019923,1272.8,11.842,0.15,5930.46,1.0,0.083510343
HD 63433 b,2.14,21.754999999999995,967.11,0.07200000000000006,0.24,5553.0,1.0,0.25783122
HD 63433 c,2.692,15.538999999999987,678.92,0.1459999999999999,0.21,5553.0,1.0,0.26413249
HD 63433 d,1.0729999999999995,1.25,1040.0,0.0503000000000009,0.16,5688.0,1.0,0.29714636
HD 63454 b,12.310000000000002,79.45749999999998,930.366,0.03999999999999915,0.0,4812.0,1.0,0.078764662
HD 63765 b,14.2,168.4499,1011.846,0.9399999999999995,0.24,5449.0,1.0,0.36745638
HD 63935 b,2.91575244,10.5,825.22,0.08300000000000018,0.0,5513.0,1.0,0.22063823
HD 63935 c,3.06451296,11.100000000000023,619.59,0.1479999999999997,0.0,5513.0,1.0,0.24688399
HD 64114 b,4.41,17.80000000000001,911.6,0.24600000000000044,0.12,5676.0,1.0,0.25297848
HD 64121 b,13.2,813.64072192,1396.186,1.5099999999999998,0.11,5078.0,1.0,0.18278492
HD 6434 b,14.2,155.7367,1131.846,0.13999999999999968,0.16999999999999998,5769.0,1.0,0.081411713
HD 65216 b,13.599999999999998,411.58985,1511.4,1.3010000000000002,0.27,5612.0,3.0,0.32907532
HD 65216 c,13.4,645.1949,1686.8,5.75,0.16999999999999998,5612.0,3.0,0.089435558
HD 66141 b,12.8,1906.9,700.966,1.2000000000000002,0.07,4323.0,1.0,0.07841855
HD 66428 b,12.399999999999999,3478.94974302,929.346,3.395,0.471,5716.0,1.0,0.18316865
HD 66428 c,13.5,560.64930995,1288.614,9.408,0.207,5716.0,1.0,0.081531861
HD 67087 b,13.1,973.0,1294.3999999999999,1.08,0.16999999999999998,6330.0,1.0,0.29696912
HD 67087 c,12.9,1540.0,1394.0,3.86,0.7599999999999998,6330.0,1.0,0.30849386
HD 68402 b,12.6,2510.8444153,1197.4,2.18,0.03,5950.0,1.0,0.2606111
HD 6860 b,11.9,8981.83078182,1041.966,2.0299999999999994,0.28,3802.0,1.0,0.076810888
HD 68988 b,13.4,626.1251,1402.6,0.07000000000000028,0.12,5932.0,1.0,0.069970662
HD 68988 c,12.2,4776.96095721,1220.366,13.2,0.45,5883.41,1.0,0.083510657
HD 69123 b,13.1,982.08977763,923.1659999999999,2.482,0.19,4842.0,1.0,0.23455295
HD 69830 b,3.17,10.199999999999989,677.6,0.07850000000000001,0.1,5385.0,1.0,0.21548968
HD 69830 c,3.46,11.800000000000011,744.158,0.18599999999999994,0.13,5385.0,1.0,0.2582498
HD 69830 d,4.45,18.100000000000023,871.76,0.6299999999999999,0.07,5385.0,1.0,0.5290697
HD 70573 b,12.8,1900.0,796.98,1.7599999999999998,0.4000000000000001,5737.0,1.0,0.30664964
HD 70642 b,13.0,1239.5307873,1105.2,3.318,0.175,5732.0,1.0,0.15791774
HD 7199 b,12.544799999999999,3639.13526015,684.346,1.3600000000000003,0.19,5371.0,1.0,0.33158737
HD 72490 b,13.5,561.92344,1382.78,1.88,0.124,4934.0,1.0,0.27420487
HD 72659 b,13.2,949.67128012,1178.1,4.607,0.2393,5929.0,1.0,0.17000526
HD 72659 c,12.1,6165.8710958,1292.6399999999999,21.5,0.114,5929.0,1.0,0.086176143
HD 72892 b,12.8,1737.88572948,979.98,0.22799999999999976,0.419,5688.0,1.0,0.10420196
HD 73256 c,12.2,5085.254512,921.146,3.8,0.16,5570.0,1.0,0.12457556
HD 73267 b,13.0,1321.53051631,860.366,2.229,0.261,5387.0,1.0,0.20882399
HD 73267 c,12.8,1630.77755632,969.32,12.688,0.089,5387.0,1.0,0.074091125
HD 73526 b,13.1,978.9164,1288.0,0.6500000000000004,0.19,5601.0,1.0,0.22578103
HD 73526 c,13.3,715.09,1164.214,1.0300000000000002,0.28,5601.0,1.0,0.33992789
HD 73534 b,13.7,353.42696,1255.78,2.99,0.126,4917.0,1.0,0.30973582
HD 73583 b,2.79,10.199999999999989,714.0,0.060399999999999565,0.09,4511.0,1.0,0.24316119
HD 73583 c,2.39,9.699999999999989,498.0,0.12420000000000009,0.08,4511.0,1.0,0.33723818
HD 74156 b,13.5,532.36258173,1564.0,0.28000000000000025,0.6360000000000001,6068.0,1.0,0.091292096
HD 74156 c,12.5,2753.98314665,960.38,3.678,0.377,6068.0,1.0,0.23568363
HD 7449 b,12.6,2597.92939882,660.0,2.438,0.7519999999999998,6024.0,2.0,0.29627409
HD 74698 b,5.12,23.0,1004.274,0.12100000000000133,0.1,5783.0,1.0,0.15703425
HD 74698 c,14.0,126.0,1158.846,4.5,0.2,5783.0,1.0,0.14929191
HD 75289 b,14.2,155.7367,1260.0,0.04999999999999982,0.03,6117.0,2.0,0.064774405
HD 75302 b,12.8,1716.2733978,979.98,5.3,0.39,5697.46,1.0,0.10303268
HD 75784 b,13.8,317.83,1284.1460000000002,1.032,0.097,4867.0,1.0,0.21922245
HD 75784 c,12.8,1792.5612,805.366,8.4,0.489,4867.0,1.0,0.15965037
HD 75898 b,13.2,810.46243785,1203.0,1.2024999999999997,0.105,6122.0,1.0,0.3457784
HD 76700 b,9.6,66.74430000000001,881.034,0.04999999999999982,0.09,5644.0,1.0,0.090949556
HD 76920 b,13.1,994.80291391,1085.94,1.0910000000000002,0.8782000000000001,4664.0,1.0,0.098030966
HD 77338 b,4.12,15.899999999999977,737.1600000000001,0.05999999999999961,0.09,5341.0,1.0,0.17976292
HD 79181 b,14.099999999999998,203.41018048,1088.766,0.9000000000000004,0.259,4862.0,1.0,0.077191078
HD 7924 b,12.719999999999999,2058.25676373,825.9,0.05999999999999961,0.06,5131.0,1.0,0.24713785
HD 7924 c,12.78,1762.67634522,583.6,0.11340000000000039,0.098,5075.0,1.0,0.26196837
HD 7924 d,12.84,1568.16536014,499.0,0.15510000000000002,0.21,5075.0,1.0,0.30876894
HD 79498 b,13.599999999999998,425.8922,901.688,2.98,0.575,5748.0,2.0,0.19477728
HD 80606 b,11.56766808,1323.46926959,405.0,0.46030000000000015,0.9318300000000002,5565.0,2.0,0.14839269
HD 80653 b,1.613,5.720000000000027,2463.0,0.016610000000000014,0.0,5959.0,1.0,0.27391442
HD 80869 b,12.8,1609.80088146,203.20000000000005,2.905,0.9240000000000002,5837.0,1.0,0.38898572
HD 80883 b,12.8,1748.0562385,970.566,6.462,0.203,5177.91,1.0,0.080761937
HD 80913 b,12.0,7505.2000029,1548.766,9.95,0.313,6013.24,1.0,0.10896772
HD 81040 b,12.6,2301.07766668,849.946,1.9459999999999997,0.5250000000000001,5755.0,1.0,0.26464856
HD 81688 b,13.5,525.68818518,1102.566,0.6479999999999997,0.04,4797.0,1.0,0.073799609
HD 81817 b,12.0,7668.5638041,997.766,3.233,0.097,4140.0,1.0,0.079831694
HD 81817 c,12.0,7185.78245386,997.766,2.325,0.095,4140.0,1.0,0.07573255
HD 82886 b,13.3,740.5439,1334.566,1.58,0.07,4953.0,1.0,0.21756088
HD 82943 b,13.5,534.25,1375.6,1.1830600000000002,0.162,5935.0,1.0,0.38886003
HD 82943 c,13.4,622.603,1363.614,0.7434500000000002,0.3663,5935.0,1.0,0.29416446
HD 8326 b,9.58,66.60000000000002,543.986,0.5330000000000004,0.2,4914.0,1.0,0.42425121
HD 83443 b,14.099999999999998,127.76701961,1417.9679999999998,0.040600000000000414,0.011999999999999997,5442.0,1.0,0.066110153
HD 83443 c,13.599999999999998,476.7426105,1323.6599999999999,8.0,0.7599999999999998,5442.0,1.0,0.085699426
HD 8535 b,14.0,216.1244,1178.8,2.45,0.15,6136.0,2.0,0.30366013
HD 85390 b,6.16,31.46517,841.0,1.3730000000000002,0.5,5186.0,1.0,0.34436228
HD 8574 b,13.4,645.1949,981.2,0.7599999999999998,0.3,6064.0,1.0,0.2481991
HD 86065 b,12.5,2877.30056857,779.1659999999999,15.947,0.219,4927.56,1.0,0.07251721
HD 86081 b,13.599999999999998,470.3884,1688.6,0.034600000000000186,0.011899999999999994,5939.0,2.0,0.066512325
HD 86226 b,14.3,143.0235,176.0,2.73,0.059,5863.0,1.0,0.19908018
HD 86226 c,2.16,7.25,1311.0,0.04900000000000038,0.075,5863.0,1.0,0.24944255
HD 86264 b,12.5,3117.26101586,1443.1660000000002,2.7630000000000003,0.821,6210.0,1.0,0.39741518
HD 8673 b,12.3,4210.59073594,740.6,2.97,0.73,6389.05,2.0,0.36736134
HD 86950 b,13.0,1144.188,1019.386,2.72,0.16999999999999998,4805.0,1.0,0.23264942
HD 87646 b,12.399999999999999,3941.092,1285.2,0.11699999999999999,0.05,5770.0,3.0,0.073233922
HD 87883 b,12.7,2005.49724817,878.366,3.77,0.72,4980.0,1.0,0.099627798
HD 88072 b,12.6,2511.79790052,1196.8,13.895,0.156,5785.33,1.0,0.076627449
HD 88133 b,13.8,324.1866,1053.2,0.047900000000000276,0.031,5392.0,1.0,0.065902976
HD 88986 b,2.49,17.19999999999999,460.0,0.5800000000000001,0.24,5861.0,1.0,0.37954039
HD 89307 b,13.4,642.01338214,1100.04,3.27,0.2,5955.0,1.0,0.18251496
HD 89345 b,7.39794,34.961299999999994,1089.0,0.10660000000000025,0.22,5576.0,1.0,0.11572472
HD 89744 b,12.6,2653.8805,627.8,0.9169999999999998,0.677,6291.0,2.0,0.16344223
HD 89839 b,12.8,1748.0562385,1561.8000000000002,4.713,0.185,6314.0,1.0,0.1678336
HD 90156 b,4.43,17.980000000000018,942.0,0.25,0.31,5599.0,1.0,0.25262777
HD 9174 b,13.7,352.7913,1350.4740000000002,2.2,0.12,5577.0,1.0,0.34555209
HD 92788 b,13.0,1195.0408,650.48,0.9699999999999998,0.35,5744.0,1.0,0.39086951
HD 92788 c,13.0,1166.4361,656.2,10.5,0.45999999999999996,5744.0,1.0,0.082183154
HD 93083 b,14.3,143.34061156,810.046,0.508,0.118,5033.8,1.0,0.35727843
HD 93351 b,1.69,3.496112480000022,957.87,0.03500000000000014,0.549,5408.0,1.0,0.27219041
HD 93351 c,12.3,4154.01727949,886.546,11.154,0.109,5408.0,1.0,0.077670936
HD 93385 b,1.88,4.199999999999989,1019.4,0.07559999999999967,0.295,5977.0,1.0,0.26518935
HD 93385 c,2.5599999999999996,7.100000000000023,941.6,0.1120000000000001,0.2,5977.0,1.0,0.23778008
HD 93385 d,2.89,8.699999999999989,947.4,0.25649999999999995,0.09,5977.0,1.0,0.26318084
HD 93963 A b,1.4695436800000001,2.8000000000000114,1842.23,0.020609999999999573,0.0,5908.0,2.0,0.28557881
HD 93963 A c,3.11976057,18.399999999999977,1212.45,0.047259999999999636,0.0,5908.0,2.0,0.20302976
HD 9446 b,14.0,222.472,1127.646,0.18900000000000006,0.2,5793.0,1.0,0.096820191
HD 9446 c,13.4,578.426,1367.394,0.6539999999999999,0.06,5793.0,1.0,0.31608383
HD 94771 b,14.2,169.0,1106.46,3.48,0.39,5631.0,1.0,0.27489826
HD 94834 b,13.7,400.4658,1337.166,2.74,0.14,4798.0,1.0,0.38120687
HD 95086 b,12.9,1589.0,1000.0,55.7,0.4787999999999999,7595.0,1.0,0.071444272
HD 95089 b,13.7,400.4658,1255.78,1.3600000000000003,0.119,4918.0,1.0,0.18620265
HD 95089 c,13.1,1096.5135,508.24600000000004,3.33,0.284,4918.0,1.0,0.38797481
HD 95127 b,12.399999999999999,3378.5329,588.766,1.2800000000000002,0.11,4218.0,1.0,0.080717401
HD 95338 b,4.27174254,42.89999999999998,442.99999999999994,0.26200000000000045,0.197,5097.0,1.0,0.32013492
HD 95544 b,12.8,1913.64483855,156.5,3.166,0.049,5722.0,1.0,0.2855925
HD 95735 c,3.76,13.600000000000023,581.5999999999999,2.94,0.132,3719.0,1.0,0.18540091
HD 95872 b,13.0,1188.6842,1182.666,5.15,0.06,5312.0,1.0,0.091215607
HD 96063 b,13.7,403.6441,1264.58,1.1100000000000003,0.16999999999999998,5020.0,1.0,0.15503423
HD 96127 b,12.1,6661.7168,1091.54,1.42,0.3,3943.0,1.0,0.076041
HD 96167 b,14.0,227.88411,773.488,1.3319999999999999,0.685,5733.0,2.0,0.29816114
HD 96700 b,2.93,8.899999999999977,825.198,0.0777000000000001,0.138,5845.0,1.0,0.21769717
HD 96700 c,1.69,3.5,1123.8,0.14100000000000001,0.293,5845.0,1.0,0.28859308
HD 96700 d,3.6100000000000003,12.699999999999989,788.0,0.4240000000000004,0.27,5845.0,1.0,0.32011205
HD 96992 b,13.7,362.3262,1030.18,1.2400000000000002,0.41,4725.0,1.0,0.11310217
HD 97037 b,12.1,6707.76852973,1327.366,6.925,0.357,5874.1,1.0,0.11230909
HD 97048 b,13.3,794.575,2291.0,130.0,0.08044000000000001,10000.0,1.0,0.069833612
HD 97658 b,2.1200000000000006,8.300000000000011,751.0,0.0804999999999998,0.05,5212.0,1.0,0.27277788
HD 98219 b,13.4,624.21812,1292.38,1.2599999999999998,0.079,4925.0,1.0,0.19147684
HD 98649 b,12.5,3082.9355479,1083.006,5.97,0.8520000000000001,5759.0,1.0,0.11619357
HD 98736 b,13.3,740.5439,1114.688,1.8639999999999999,0.226,5271.0,2.0,0.21683473
HD 99109 b,14.3,139.8452,933.52,1.1100000000000003,0.09,5282.0,1.0,0.35165644
HD 99283 b,13.8,308.29355479,1169.766,1.08,0.2,4886.0,1.0,0.083585522
HD 99492 b,5.44,25.5,635.4,0.1200000000000001,0.034,4929.0,2.0,0.18841577
HD 99492 c,4.42,17.899999999999977,620.4,0.26970399999999994,0.063,4929.0,2.0,0.46747832
HD 99706 b,13.7,390.9309,1070.566,1.9800000000000004,0.25,4862.0,1.0,0.25426023
HD 99706 c,12.8,1808.4527,911.1659999999999,65.49238,0.411,4891.0,1.0,0.30482811
HIP 105854 b,12.6,2606.1,780.366,0.8100000000000005,0.020000000000000004,4780.0,1.0,0.085409351
HIP 107772 b,3.6399999999999997,12.899999999999977,566.542,0.24300000000000033,0.18,4006.0,1.0,0.5933426
HIP 107773 b,13.4,629.3034,1382.78,0.7199999999999998,0.09,4945.0,1.0,0.074246862
HIP 109384 b,13.5,495.8148,1229.98,1.1340000000000003,0.549,5180.0,1.0,0.33302785
HIP 109600 b,13.2,851.7844,1239.688,0.7059999999999995,0.163,5530.0,2.0,0.36569341
HIP 113103 b,1.8289999999999997,4.0,721.0,0.06899000000000033,0.16999999999999998,4930.0,1.0,0.28668788
HIP 113103 c,2.4,6.350000000000023,585.0,0.10479000000000038,0.16999999999999998,4930.0,1.0,0.2862008
HIP 114933 b,13.4,616.58710958,985.18,2.84,0.21,4823.0,1.0,0.36126622
HIP 116454 b,2.469,9.699999999999989,753.2,0.07920000000000016,0.215,5048.0,2.0,0.25191577
HIP 12961 b,13.2,114.4188,982.78,0.25,0.16999999999999998,3901.0,1.0,0.37027471
HIP 14810 b,13.0,1239.537,985.62,0.06960000000000122,0.14399,5544.0,1.0,0.073915891
HIP 14810 c,13.599999999999998,416.3573,1439.4739999999997,0.5490000000000004,0.1566,5544.0,1.0,0.28274808
HIP 14810 d,14.099999999999998,187.5197,1115.2,1.9399999999999995,0.185,5544.0,1.0,0.2612929
HIP 19976 b,4.94,21.61233168000001,652.4000000000001,0.23399999999999999,0.304,4316.0,2.0,0.3847497
HIP 21152 b,12.0,7627.881768,1300.0,17.0,0.36,6655.0,2.0,0.090653881
HIP 29442 c,1.5510000000000002,4.5,1123.0,0.04518000000000111,0.078,5289.0,1.0,0.27898284
HIP 29442 d,1.5380000000000007,5.139999999999986,920.0,0.06730000000000036,0.09,5289.0,1.0,0.29268608
HIP 34222 b,13.899999999999999,263.79757781,1034.8,0.492,0.305,4050.0,1.0,0.31755783
HIP 35173 b,3.6100000000000003,12.699999999999989,831.2,0.21699999999999964,0.16,4881.0,1.0,0.34317868
HIP 35965 b,12.6,2589.98368864,864.146,15.898,0.138,4836.0,1.0,0.071645858
HIP 38594 b,2.7700000000000005,8.100000000000023,726.8,0.2560000000000002,0.16999999999999998,4086.3,2.0,0.65229637
HIP 38594 c,7.94,48.39999999999998,486.86,3.805,0.16,4086.3,2.0,0.11156117
HIP 41378 b,2.419,9.060000000000002,970.67,0.13030000000000008,0.0213,6371.0,1.0,0.24189803
HIP 41378 c,2.505,6.529999999999973,765.87,0.20929999999999982,0.0678,6371.0,1.0,0.24974908
HIP 41378 d,3.54,4.600000000000023,367.0,0.5287800000000002,0.0,6320.0,1.0,0.51877311
HIP 41378 e,4.92,12.0,335.0,0.5914479999999998,0.2,6320.0,1.0,0.25386362
HIP 41378 f,9.2,12.0,294.0,1.152633999999999,0.0506,6226.0,1.0,0.37897839
HIP 4845 b,3.8899999999999997,14.399999999999977,645.8619999999999,0.17600000000000016,0.25,4010.0,1.0,0.44792923
HIP 48714 b,5.11,22.899999999999977,573.742,0.1120000000000001,0.5,4015.5,1.0,0.29770308
HIP 5158 b,13.599999999999998,451.0,1176.18,0.8899999999999997,0.52,4962.0,1.0,0.2050307
HIP 5158 c,12.2,4780.1632,661.346,7.7,0.14,4813.0,1.0,0.077672111
HIP 54373 b,2.87,8.620000000000005,587.986,0.06299999999999972,0.2,4021.0,1.0,0.29121143
HIP 54373 c,3.57,12.439999999999998,583.142,0.0990000000000002,0.2,4021.0,1.0,0.35177116
HIP 54597 b,13.3,762.7881768,1087.766,4.0,0.03,4799.0,1.0,0.080991954
HIP 55507 b,12.6,2585.53409095,603.366,5.062,0.362,4171.0,1.0,0.07699844
HIP 56640 b,12.7,2151.69831539,724.066,4.55,0.118,4769.0,1.0,0.36137524
HIP 57274 b,12.48,3359.44626199,742.366,0.07000000000000028,0.19,4510.0,1.0,0.23934152
HIP 57274 c,14.2,130.0,1361.616,0.17799999999999994,0.05,4640.0,1.0,0.084666819
HIP 57274 d,14.2,167.4,1088.766,1.0099999999999998,0.27,4640.0,1.0,0.36585904
HIP 5763 b,14.2,162.09248757,1368.2400000000002,0.16999999999999993,0.054,4352.0,1.0,0.19950526
HIP 63242 b,12.5,2917.56,779.1659999999999,0.5649999999999995,0.23,4830.0,1.0,0.078875612
HIP 65 A b,22.75427,1021.18779,1411.0,0.01782000000000039,0.0,4590.0,2.0,0.042747978
HIP 65407 b,14.3,136.03124,1138.106,0.1769999999999996,0.14,5460.0,1.0,0.11057774
HIP 65407 c,13.899999999999999,249.17872,1222.12,0.31599999999999984,0.12,5460.0,1.0,0.19653111
HIP 65426 b,16.813500000000005,2860.47,1500.0,92.0,0.38399999999999995,8840.0,1.0,0.056781865
HIP 65891 b,12.8,1871.37366042,751.8860000000001,2.794,0.128,5000.0,1.0,0.21656313
HIP 66074 b,12.9,1589.142035,805.366,0.7990000000000004,0.948,4300.0,1.0,0.38613978
HIP 67522 b,9.9872018,71.39999999999998,1175.0,0.07479999999999976,0.064,5675.0,1.0,0.08946776
HIP 67537 b,12.3,4309.11754211,679.6460000000001,4.807,0.5860000000000001,4985.0,1.0,0.34269308
HIP 67851 b,13.7,365.50266805,1194.546,0.41999999999999993,0.13,4840.0,1.0,0.081522158
HIP 67851 c,12.7,2204.77565936,645.366,4.55,0.3,4840.0,1.0,0.34544645
HIP 70849 b,12.9,1430.2278315,901.688,3.99,0.6500000000000001,4105.0,2.0,0.077025675
HIP 71135 b,4.55,18.80000000000001,617.8620000000001,0.33499999999999996,0.21,4146.0,1.0,0.54575672
HIP 74890 b,13.3,762.792,1273.366,2.0999999999999996,0.07,4850.0,1.0,0.2675757
HIP 75092 b,13.5,568.91284853,1011.1800000000001,2.0199999999999996,0.42,4891.0,1.0,0.30316166
HIP 78530 b,12.0,7300.0,2700.0,740.0,0.1884,10500.0,1.0,0.073769511
HIP 79431 b,13.4,667.415,860.554,0.3600000000000003,0.29,3191.0,1.0,0.24596505
HIP 8541 b,12.6,2451.7283316,754.4,3.729,0.36,4672.0,2.0,0.35482781
HIP 90988 b,13.4,668.07531151,1307.9660000000001,1.3600000000000003,0.081,4883.0,1.0,0.25127414
HIP 91258 b,13.7,346.4347,876.8000000000001,0.05999999999999961,0.020000000000000004,5519.0,1.0,0.071914913
HIP 94235 b,3.0,379.0,1060.0,0.07870000000000044,0.32000000000000006,5991.0,2.0,0.21480497
HIP 948 b,12.1,6547.2651842,1019.94,15.037,0.23,4497.0,1.0,0.074041951
HIP 9618 b,3.82838127,8.300000000000011,640.88,0.14499999999999957,0.0,5649.0,1.0,0.20664901
HIP 9618 c,3.42855926,7.0,470.31,0.26900000000000013,0.0,5649.0,1.0,0.28945842
HIP 97166 b,2.4801338,19.100000000000023,701.66,0.09100000000000019,0.29,5216.0,1.0,0.24117893
HIP 97166 c,2.75,8.0,642.0,0.12399999999999967,0.0,5216.0,1.0,0.24338501
HIP 97233 b,12.1,6098.17364511,1227.766,2.491,0.6300000000000001,5020.0,1.0,0.29066816
HIP 99770 b,12.2,5403.082919,2030.4,15.8,0.31,8000.0,1.0,0.12306223
HN Lib b,2.1999999999999997,5.4599999999999795,234.39999999999998,0.14170000000000016,0.079,3347.0,1.0,0.64745149
HN Peg b,11.7768,6991.57,2086.366,773.0,0.3442,6186.0,1.0,0.074950877
HR 2562 b,12.44199,6992.224954,1255.0,22.2,0.34,6597.0,1.0,0.080181139
HR 5183 b,13.1,1052.01202717,171.0,18.0,0.8400000000000001,5794.0,2.0,0.08314438
HR 810 b,12.7,1970.5361234,1173.6,0.9199999999999999,0.14,6167.0,1.0,0.34001897
HR 858 b,2.004,3.5500000000000114,1552.0,0.04887999999999959,0.0,6354.0,2.0,0.25168207
HR 858 c,1.9790000000000005,3.8000000000000114,1309.0,0.06869999999999976,0.0,6354.0,2.0,0.2602318
HR 858 d,2.0010000000000003,7.100000000000023,1061.0,0.10459999999999958,0.0,6354.0,2.0,0.25225262
HR 8799 b,13.0,2000.0,1200.0,68.0,0.267,7204.58,1.0,0.069826235
HR 8799 c,13.0,3000.0,1200.0,38.0,0.5,7204.58,1.0,0.072886608
HR 8799 d,13.0,3000.0,1300.0,24.0,0.6000000000000001,7204.58,1.0,0.079978316
HR 8799 e,13.11453,3178.3,1150.0,16.4,0.15,7400.0,1.0,0.089352257
HS Psc b,13.599999999999998,464.02947422,1088.766,0.04349999999999987,0.27,4203.0,1.0,0.081644354
IC 4651 9122 b,12.7,2002.329,743.486,2.0380000000000003,0.18,4740.1,1.0,0.15919618
K2-10 b,3.773,25.19999999999999,649.0,0.13700000000000045,0.31,5533.0,1.0,0.20685313
K2-100 b,3.88,21.80000000000001,1841.0,0.030100000000000016,0.0,5945.0,1.0,0.17955575
K2-101 b,2.0,4.660000000000025,618.0,0.11240000000000006,0.1,4927.0,1.0,0.31756186
K2-102 b,1.2999999999999998,2.240000000000009,764.0,0.05967999999999929,0.1,4695.0,1.0,0.32897371
K2-104 b,1.79,3.8600000000000136,798.0,0.024200000000000443,0.09,3712.0,1.0,0.28629076
K2-105 b,3.4,15.399999999999977,805.0,0.07960000000000012,0.0,5373.0,1.0,0.20112062
K2-107 b,15.98,266.9772,1649.0,0.04750000000000032,0.0,6061.0,1.0,0.057873065
K2-108 b,5.33,59.39999999999998,1360.0,0.058099999999999596,0.18,5599.0,1.0,0.14480908
K2-11 b,7.55,44.39999999999998,734.0,0.2256999999999998,0.1124,5433.0,1.0,0.21083983
K2-110 b,2.592,15.899999999999977,638.0,0.10207000000000033,0.13,5010.0,1.0,0.27372093
K2-111 b,1.8369999999999993,5.350000000000023,1293.0,0.05649999999999977,0.134,5775.0,1.0,0.26587049
K2-111 c,3.34,11.100000000000023,923.0,0.11564999999999959,0.069,5775.0,1.0,0.2095041
K2-113 b,12.14,410.0007,1098.0,0.06419999999999959,0.0,5660.0,1.0,0.077304468
K2-114 b,10.59248676,638.83509807,701.4,0.09440000000000026,0.079,4899.0,1.0,0.10920912
K2-115 b,11.80305668,321.00669107,696.0,0.14149999999999885,0.063,5870.0,1.0,0.10272244
K2-116 b,0.6900000000000004,0.257000000000005,952.6,0.04800000000000004,0.06,4348.35,1.0,0.29868753
K2-117 b,2.03,4.779999999999973,868.0,0.01890000000000036,0.06,3778.0,1.0,0.26392043
K2-117 c,2.0599999999999996,4.899999999999977,537.0,0.04919999999999991,0.15,3778.0,1.0,0.32025255
K2-118 b,2.54,6.990000000000009,611.8,0.2450000000000001,0.2,4726.29,1.0,0.44846138
K2-119 b,2.53,6.939999999999998,666.0,0.06979999999999986,0.07,4740.0,1.0,0.2590503
K2-12 b,2.44,5.199999999999989,1026.0,0.07920000000000016,0.5,5672.0,1.0,0.23941186
K2-121 b,7.16,51.0,716.0,0.05250000000000021,0.22,4526.0,1.0,0.13300305
K2-122 b,1.1600000000000001,1.6499999999999773,769.0,0.03730000000000011,0.21,4009.0,2.0,0.31480665
K2-123 b,2.76,8.050000000000011,338.0,0.16490000000000027,0.06,4035.0,1.0,0.53981707
K2-124 b,2.9,8.75,441.99999999999994,0.04900000000000038,0.08,3570.0,1.0,0.33574739
K2-125 b,2.18,5.389999999999986,479.79999999999995,0.12100000000000133,0.08,3654.47,1.0,0.69474456
K2-126 b,1.9699999999999998,4.5400000000000205,601.0,0.06559999999999988,0.06,4339.0,1.0,0.29823506
K2-127 b,8.37,52.89999999999998,809.0,0.041100000000000136,0.12,4575.0,1.0,0.10370252
K2-128 b,1.42,2.6000000000000227,773.0,0.05600000000000005,0.23,4469.51,1.0,0.30997148
K2-129 b,1.04,1.1200000000000045,537.4,0.057000000000000384,0.13,3459.09,1.0,0.5446506
K2-13 b,1.8899999999999997,4.230000000000018,511.0,0.21140000000000025,0.010199999999999987,5698.0,1.0,0.33737591
K2-130 b,1.25,2.1000000000000227,867.0,0.03200000000000003,0.16999999999999998,4356.47,1.0,0.2974133
K2-131 b,1.69,7.899999999999977,2223.0,0.009360000000000035,0.0,5120.0,1.0,0.27036319
K2-132 b,14.5717,155.7367,1586.0,0.09159999999999968,0.29,4840.0,1.0,0.062991844
K2-133 b,1.3399999999999999,2.3600000000000136,757.0,0.031939999999999635,0.076,3655.0,1.0,0.32717569
K2-133 c,1.6029999999999993,3.1999999999999886,552.2,0.04340999999999973,0.10400000000000001,3655.0,1.0,0.34796423
K2-133 d,2.0030000000000006,4.670000000000016,734.0,0.07486999999999977,0.1674,3655.0,1.0,0.44452607
K2-133 e,1.73,3.6399999999999864,296.0,0.13459999999999983,0.038,3655.0,1.0,0.7191063
K2-136 b,1.0140000000000002,4.300000000000011,610.0,0.07070000000000043,0.14,4500.0,2.0,0.333555
K2-136 c,3.0,18.100000000000023,470.0,0.11850000000000005,0.047,4500.0,2.0,0.30565293
K2-136 d,1.565,3.0,420.0,0.15380000000000038,0.071,4500.0,2.0,0.44553947
K2-137 b,0.6399999999999997,158.915,1471.0,0.005799999999999805,0.0,3697.0,1.0,0.27747224
K2-138 b,1.5099999999999998,3.1000000000000227,1157.0,0.03385000000000016,0.048,5356.3,1.0,0.28150879
K2-138 c,2.299,6.310000000000002,1012.0,0.044609999999999594,0.045,5356.3,1.0,0.24509515
K2-138 d,2.39,7.920000000000016,888.0,0.05893000000000015,0.043,5356.3,1.0,0.24448437
K2-138 e,3.39,12.970000000000027,757.0,0.07819999999999983,0.077,5356.3,1.0,0.20934782
K2-138 f,2.904,1.6299999999999955,653.0,0.10447000000000006,0.062,5356.3,1.0,0.23943037
K2-138 g,3.013,4.319999999999993,445.0,0.23109000000000002,0.059,5356.3,1.0,0.32458829
K2-139 b,9.11,123.00020999999998,524.0,0.17959999999999976,0.12,5370.0,1.0,0.15793634
K2-14 b,4.81,20.69999999999999,488.0,0.06270000000000042,0.14,3789.0,1.0,0.19523119
K2-140 b,13.56286665,295.58041851,962.0,0.06799999999999962,0.0,5585.0,1.0,0.071641353
K2-141 b,1.5099999999999998,4.970000000000027,2103.0,0.007469999999999644,0.0,4570.0,1.0,0.27887912
K2-141 c,7.0,8.0,695.0,0.0682999999999998,0.092,4570.0,1.0,0.14464438
K2-146 b,2.05,5.769999999999982,534.0,0.024799999999999933,0.129,3385.0,1.0,0.30418824
K2-146 c,2.19,7.490000000000009,332.08000000000004,0.03270000000000017,0.075,3385.0,1.0,0.33244369
K2-147 b,1.4728600599999995,2.769999999999982,1077.0,0.01574999999999971,0.38,3690.0,1.0,0.29121804
K2-148 b,1.33,2.329999999999984,528.2,0.045399999999999885,0.041999999999999996,4079.0,2.0,0.31384917
K2-148 c,1.73,3.6399999999999864,515.34,0.06160000000000032,0.041999999999999996,4079.0,2.0,0.31742658
K2-148 d,1.6400000000000001,3.329999999999984,493.8,0.07739999999999991,0.041999999999999996,4079.0,2.0,0.34915497
K2-149 b,1.6400000000000001,3.329999999999984,546.0,0.08300000000000018,0.0284,3745.0,1.0,0.4403805
K2-15 b,2.4800000000000004,6.7099999999999795,676.0,0.09100000000000019,0.019199999999999995,5131.0,1.0,0.26137514
K2-150 b,2.0,4.660000000000025,353.20000000000005,0.07270000000000021,0.10752,3499.0,1.0,0.47581455
K2-151 b,1.4900000000000002,2.829999999999984,566.0,0.03730000000000011,0.2552,3695.0,2.0,0.34491162
K2-152 b,2.29,5.860000000000014,337.0,0.17159999999999975,0.011999999999999997,4044.0,1.0,0.55366239
K2-153 b,2.0,4.660000000000025,497.0,0.0613999999999999,0.0514,3845.0,1.0,0.36187516
K2-154 b,1.9899999999999998,4.6200000000000045,715.0,0.04049999999999976,0.003799999999999998,4097.0,1.0,0.27766944
K2-154 c,2.0699999999999994,4.939999999999998,552.0,0.06770000000000032,0.0284,4097.0,1.0,0.31173614
K2-155 b,1.7999999999999998,3.8899999999999864,708.0,0.056199999999999584,0.0,4258.0,1.0,0.33337848
K2-155 c,2.6,7.269999999999982,583.0,0.0945999999999998,7.600000000000662e-05,4258.0,1.0,0.39163575
K2-155 d,1.9,4.269999999999982,381.0,0.19369999999999976,0.0,4258.0,1.0,0.72989462
K2-156 b,1.1000000000000005,1.3700000000000045,1347.0,0.014899999999999913,0.13,4460.0,1.0,0.29424838
K2-157 b,0.9349999999999996,1.1399999999999864,2432.0,0.009619999999999962,0.2238,5334.0,1.0,0.2931132
K2-158 b,2.64,7.4599999999999795,794.0,0.08870000000000022,0.032,5503.0,1.0,0.23900669
K2-158 c,1.2800000000000002,2.180000000000007,948.0,0.06219999999999981,0.04,5503.0,1.0,0.2954401
K2-159 b,2.26,5.730000000000018,684.0,0.10130000000000017,0.17459999999999998,5425.0,1.0,0.268074
K2-16 b,2.02,4.740000000000009,658.0,0.06669999999999998,0.033999999999999996,4742.0,1.0,0.2870812
K2-16 c,2.54,6.990000000000009,485.0,0.12289999999999957,0.076,4742.0,1.0,0.33127255
K2-160 b,3.17824034,10.199999999999989,647.9580000000001,0.18996600000000008,0.0,5649.0,1.0,0.20629104
K2-161 b,6.11721229,31.100000000000023,1047.3,0.07454200000000011,0.0664,4972.0,1.0,0.13012466
K2-162 b,1.4400000000000004,2.670000000000016,631.0,0.07950000000000035,0.0,4842.0,1.0,0.32026871
K2-163 b,2.46610713,6.649999999999977,577.2,0.176558,0.033999999999999996,4937.0,1.0,0.25114966
K2-164 b,3.24925008,10.600000000000023,703.2,0.3809820000000004,0.05600000000000001,5791.0,1.0,0.20608469
K2-165 b,1.2744365699999998,2.170000000000016,1195.8,0.036940000000001305,0.0,5185.0,1.0,0.29125684
K2-165 c,1.5540903500000005,3.0299999999999727,722.6,0.1177999999999999,0.0,5185.0,1.0,0.28425976
K2-165 d,2.64809498,7.5,629.38,0.10688200000000059,0.015600000000000003,5185.0,1.0,0.25781619
K2-166 b,2.19,5.430000000000007,1140.0,0.08579999999999988,0.059,5960.0,1.0,0.24868301
K2-167 b,2.36509493,6.5,1220.0,0.0932000000000004,0.4799999999999999,6310.0,1.0,0.24351746
K2-168 b,1.8600000000000003,4.1200000000000045,766.35,0.09828999999999954,0.047799999999999995,5502.7,1.0,0.28941725
K2-169 b,1.2732867099999998,2.160000000000025,917.8,0.07101999999999986,0.0,5548.0,1.0,0.29690669
K2-17 b,2.23,5.600000000000023,487.0,0.11899999999999977,0.18,4320.0,1.0,0.40084163
K2-170 b,1.4181753700000002,2.6000000000000227,1190.0,0.048212000000000366,0.0,5748.0,1.0,0.28891949
K2-170 c,1.8017647,3.8999999999999773,797.6,0.13560000000000016,0.0,5748.0,1.0,0.27669698
K2-171 b,2.6865720499999997,7.689999999999998,665.5999999999999,0.09883600000000037,0.0,5250.0,1.0,0.22377812
K2-172 b,1.6660807900000005,3.420000000000016,1126.2,0.0841940000000001,0.0,5569.0,1.0,0.30018019
K2-172 c,3.20569097,10.399999999999977,682.6,0.17348000000000052,0.01100000000000001,5569.0,1.0,0.26409663
K2-173 b,1.6082619400000002,3.2200000000000273,1110.2,0.08678399999999975,0.0,5580.0,1.0,0.27979091
K2-174 b,2.6,7.269999999999982,455.0,0.12600000000000033,0.04598,4455.0,1.0,0.33554473
K2-175 b,2.0380368799999995,4.810000000000002,645.4,0.2850640000000011,0.013999999999999999,5909.0,1.0,0.25691975
K2-176 b,1.4909009700000002,2.829999999999984,1105.4,0.04736000000000118,0.0,5428.0,1.0,0.2897791
K2-177 b,2.1162048000000007,5.1299999999999955,898.4,0.1049199999999999,0.0,6063.0,1.0,0.25785958
K2-178 b,3.5579098499999997,12.399999999999977,840.29,0.4022147399199989,0.145,5525.0,1.0,0.20471662
K2-179 b,2.51267885,6.860000000000014,620.2,0.1569799999999999,0.025999999999999995,5015.0,1.0,0.24294411
K2-18 b,2.37,8.920000000000016,284.0,0.14290000000000003,0.2,3457.0,1.0,0.70093768
K2-18 c,2.65,7.509999999999991,363.0,0.05999999999999961,0.47,3457.0,1.0,0.36449197
K2-180 b,2.46597575,11.41003981,797.5,0.07559999999999967,0.075,5365.0,1.0,0.24867972
K2-181 b,2.69,7.699999999999989,949.0,0.07059999999999977,0.4000000000000001,5528.0,1.0,0.22241824
K2-182 b,2.71257333,20.976674860000003,965.8,0.051739999999999675,0.071,5128.0,1.0,0.23127972
K2-183 b,1.1000000000000005,1.3700000000000045,1276.2,0.04051200000000055,0.0,5482.0,1.0,0.29235197
K2-183 c,2.3,5.899999999999977,787.0,0.0932000000000004,0.047799999999999995,5482.0,1.0,0.25528815
K2-183 d,2.3,5.899999999999977,615.0,0.15270000000000028,0.047799999999999995,5482.0,1.0,0.28067185
K2-184 b,1.4699999999999998,2.759999999999991,533.0,0.16850000000000076,0.046,5245.0,1.0,0.37224678
K2-185 b,1.1499999999999995,1.6000000000000227,809.0,0.09722800000000031,0.0,5788.0,1.0,0.30610189
K2-185 c,2.39,6.300000000000011,477.0,0.20046000000000053,0.0954,5788.0,1.0,0.3429407
K2-186 b,3.17207779,10.199999999999989,639.6,0.4233059999999993,0.05600000000000001,5784.0,1.0,0.26147757
K2-187 b,1.2000000000000002,1.8700000000000045,1815.0,0.01639999999999997,0.1678,5438.0,1.0,0.29059139
K2-187 c,1.3999999999999995,2.5400000000000205,1173.0,0.039200000000000124,0.1194,5438.0,1.0,0.28660716
K2-187 d,2.4,6.350000000000023,865.0,0.07200000000000006,0.1354,5438.0,1.0,0.24584124
K2-187 e,1.9,4.269999999999982,698.0,0.11059999999999981,0.1298,5438.0,1.0,0.28585124
K2-188 b,1.3500000000000005,2.3899999999999864,1692.0,0.028900000000000148,0.059,5977.0,1.0,0.2858581
K2-188 c,2.83,8.399999999999977,1026.0,0.07850000000000001,0.14800000000000002,5977.0,1.0,0.22113862
K2-189 b,1.4029999999999996,2.5500000000000114,1203.0,0.03610000000000024,0.13380000000000003,5442.0,1.0,0.28111801
K2-189 c,2.31,5.949999999999989,877.0,0.06799999999999962,0.1832,5442.0,1.0,0.24055549
K2-19 b,7.0,30.80000000000001,857.0,0.07486999999999977,0.1,5322.0,1.0,0.12783883
K2-19 c,4.1,11.0,679.0,0.09820000000000029,0.1,5322.0,1.0,0.1944739
K2-19 d,1.0439999999999996,6.199999999999989,1258.0,0.03477999999999959,0.44000000000000006,5350.0,1.0,0.29529813
K2-190 b,1.3567372899999999,2.410000000000025,881.4,0.1524000000000001,0.0,5631.0,1.0,0.2974496
K2-190 c,1.0930831699999999,1.339999999999975,944.0,0.0645699999999998,0.0,5631.0,1.0,0.32816646
K2-191 b,1.5788932200000003,3.1200000000000045,912.1999999999999,0.10473999999999961,0.0,5176.0,1.0,0.27969887
K2-192 b,1.52,2.920000000000016,939.0,0.04900000000000038,0.0,5222.0,1.0,0.28557068
K2-193 b,3.95,14.800000000000011,739.0,0.1183999999999994,0.058,5817.0,1.0,0.1967111
K2-194 b,3.6422985799999994,12.899999999999977,796.2,0.23991399999999974,0.044,5979.0,1.0,0.21515403
K2-195 b,3.13,9.95999999999998,720.0,0.12080000000000002,0.1038,5713.0,1.0,0.22290898
K2-195 c,2.57581891,7.160000000000025,566.8,0.23484599999999922,0.032,5712.0,1.0,0.27269719
K2-196 b,3.59970536,12.600000000000023,805.4,0.22346600000000105,0.1502,6045.0,1.0,0.20811974
K2-197 b,2.5599999999999996,7.079999999999984,848.0,0.08060000000000045,0.032,5667.0,1.0,0.23881695
K2-198 b,4.189,16.30000000000001,715.8,0.08797999999999995,0.038,5212.9,1.0,0.21195295
K2-198 c,1.423,2.6100000000000136,1229.9,0.10647999999999946,0.058,5212.9,1.0,0.28799658
K2-198 d,2.438,6.519999999999982,943.2,0.09280999999999917,0.0676,5212.9,1.0,0.24908395
K2-199 b,1.73,6.899999999999977,913.0,0.03819999999999979,0.020000000000000004,4491.0,1.0,0.27873821
K2-199 c,2.85,12.399999999999977,694.0,0.06620000000000026,0.03,4491.0,1.0,0.24485668
K2-200 b,1.3643986999999997,2.430000000000007,978.0,0.09175399999999989,0.0,5233.0,1.0,0.2897906
K2-201 b,1.40006712,2.5400000000000205,1040.4,0.06895999999999969,0.0,5507.0,1.0,0.28419896
K2-201 c,3.28568401,10.800000000000011,646.6,0.1577339999999996,0.0,5507.0,1.0,0.25225875
K2-202 b,2.30165603,5.910000000000025,674.2,0.13773999999999997,0.0,5491.0,1.0,0.24535131
K2-203 b,1.26549392,2.1399999999999864,738.4,0.08239999999999892,0.23,5026.0,1.0,0.31255975
K2-204 b,3.17214154,10.199999999999989,1148.0,0.07380000000000031,0.28,5783.0,1.0,0.21128785
K2-205 b,1.9955277100000002,4.639999999999986,1070.6,0.10412200000000027,0.0003999999999999976,5890.0,1.0,0.27963927
K2-206 b,2.7952287899999995,8.220000000000027,729.8,0.10067200000000032,0.041999999999999996,5043.0,1.0,0.26999619
K2-207 b,2.60585269,7.300000000000011,743.4,0.13143999999999956,0.08000000000000002,5522.0,1.0,0.24604026
K2-208 b,1.6746217200000002,3.4499999999999886,1122.0,0.048779999999999824,0.37,5500.0,1.0,0.27604182
K2-209 b,0.86850263,0.5860000000000127,656.2,0.08675600000000028,0.028000000000000004,4720.0,1.0,0.29568891
K2-21 b,1.8399999999999999,4.0400000000000205,500.0,0.07599999999999962,0.1,4222.06,1.0,0.34019629
K2-21 c,2.49,6.759999999999991,420.0,0.1070000000000002,0.21,4222.06,1.0,0.35578499
K2-210 b,0.8600000000000003,0.5659999999999741,1116.4,0.055170000000000385,0.0,5500.0,1.0,0.29131825
K2-211 b,1.3316269099999998,2.329999999999984,1873.0,0.014190000000000147,0.19,5117.0,1.0,0.28760551
K2-212 b,2.65,7.509999999999991,542.0,0.07850000000000001,0.060289999999999996,4349.0,1.0,0.28492774
K2-213 b,1.5139846400000003,2.8999999999999773,1023.8,0.08393999999999924,0.0,5794.0,1.0,0.28338304
K2-214 b,2.51,6.850000000000023,1001.0,0.08340000000000014,0.062000000000000006,5875.0,1.0,0.23965389
K2-215 b,2.12381238,5.160000000000025,757.0,0.19068400000000008,0.0,5704.0,1.0,0.25749435
K2-216 b,1.75,8.0,1103.0,0.02799999999999958,0.0,4503.0,1.0,0.27266945
K2-217 b,3.57854073,12.5,796.2,0.20942400000000028,0.072,5967.0,1.0,0.19836426
K2-218 b,2.56948149,7.1299999999999955,650.2,0.19339999999999868,0.007999999999999993,5757.0,1.0,0.2367017
K2-219 b,1.3476258300000001,2.3799999999999955,1282.0,0.04589199999999938,0.0,5753.0,1.0,0.28751913
K2-219 c,1.4383972300000005,2.660000000000025,1173.0,0.05025399999999891,0.0,5753.0,1.0,0.28634194
K2-219 d,2.57634456,7.160000000000025,650.2,0.17028,0.007999999999999993,5753.0,1.0,0.23601744
K2-22 b,2.3,444.962,2100.0,0.009000000000000341,0.19,3879.0,2.0,0.24124332
K2-220 b,2.37,6.2099999999999795,761.0,0.11040000000000028,0.04820000000000001,5612.0,1.0,0.25382276
K2-221 b,1.67890272,3.4599999999999795,1164.2,0.0752240000000004,0.0,5716.0,1.0,0.27249824
K2-222 b,2.275,7.5,803.0,0.11859999999999982,0.021000000000000005,5942.0,1.0,0.2511495
K2-223 b,0.8899999999999997,0.6399999999999864,2271.0,0.012699999999999712,0.13399999999999998,5859.0,1.0,0.29194341
K2-223 c,1.5,2.8600000000000136,1091.0,0.05489999999999995,0.05859999999999999,5859.0,1.0,0.2834049
K2-224 b,1.5600000000000005,3.0500000000000114,1002.0,0.051599999999999646,0.04,5620.0,1.0,0.28254905
K2-224 c,2.4100000000000006,6.389999999999986,764.0,0.08859999999999957,0.04819999999999999,5620.0,1.0,0.25242165
K2-225 b,3.6092917899999994,12.699999999999989,923.0,0.14090000000000025,0.23,5520.0,1.0,0.20030251
K2-226 b,1.5389930499999998,2.980000000000018,1187.0,0.0409499999999996,0.22,5288.0,1.0,0.28152964
K2-227 b,1.66551298,3.410000000000025,1008.2,0.07145400000000013,0.008999999999999994,5673.0,1.0,0.29497443
K2-228 b,1.21,1.920000000000016,914.0,0.033800000000000274,0.033999999999999996,4715.0,1.0,0.30097678
K2-229 b,1.0,2.5500000000000114,1818.0,0.013099999999999667,0.0,5315.0,1.0,0.29348735
K2-229 c,2.03,7.0,750.0,0.07690000000000019,0.0,5315.0,1.0,0.27224107
K2-230 b,1.96,4.5,1529.0,0.040899999999999714,0.11759999999999998,5945.0,1.0,0.25771751
K2-231 b,2.5,6.800000000000011,780.2,0.1397820000000003,0.09999999999999999,5695.0,1.0,0.25183158
K2-232 b,11.209,126.49634,1030.0,0.10355999999999987,0.258,6154.0,1.0,0.084704371
K2-233 b,1.3150000000000004,2.3999999999999773,1127.0,0.03293000000000035,0.0,4796.0,1.0,0.29042712
K2-233 c,1.2720000000000002,4.600000000000023,794.0,0.06639999999999979,0.0,4796.0,1.0,0.30762666
K2-233 d,2.3630000000000004,10.300000000000011,525.0,0.15160000000000018,0.18,4796.0,1.0,0.32850598
K2-237 b,16.06246934,434.15360396,1759.0,0.035519999999999996,0.03,6180.0,1.0,0.056926338
K2-238 b,14.5717,273.3338,1587.0,0.04600000000000026,0.0,5630.0,1.0,0.063000401
K2-239 b,1.1000000000000005,1.3700000000000045,502.0,0.04410000000000025,0.126,3420.0,1.0,0.44517693
K2-239 c,1.0,0.97199999999998,427.00000000000006,0.057599999999999874,0.11900000000000001,3420.0,1.0,0.53583521
K2-239 d,1.1000000000000005,1.3700000000000045,399.0,0.06850000000000023,0.126,3420.0,1.0,0.61218941
K2-24 b,5.4,19.0,686.0,0.15399999999999991,0.06,5625.0,1.0,0.16066823
K2-24 c,7.5,15.399999999999977,542.0,0.2469999999999999,0.07,5625.0,1.0,0.1547089
K2-240 b,2.0,4.660000000000025,586.0,0.051300000000000345,0.0596,3810.0,1.0,0.31782103
K2-240 c,1.7999999999999998,3.8899999999999864,389.0,0.11589999999999989,0.034999999999999996,3810.0,1.0,0.53302868
K2-241 b,2.55,7.0400000000000205,507.0,0.15669999999999984,0.015600000000000003,5262.0,1.0,0.31064287
K2-242 b,2.54,6.990000000000009,415.99999999999994,0.04940000000000033,0.1202,3459.0,1.0,0.39980394
K2-243 b,2.17,5.350000000000023,1035.0,0.1086999999999998,0.0,6570.0,1.0,0.25210375
K2-243 c,2.01,4.699999999999989,801.0,0.1817000000000002,0.020160000000000004,6570.0,1.0,0.27048446
K2-244 b,1.75,3.7099999999999795,638.0,0.14179999999999993,0.0962,5677.0,1.0,0.30207537
K2-245 b,4.34,17.399999999999977,923.0,0.09590000000000032,0.122,5793.0,1.0,0.17333288
K2-246 b,3.49,12.0,977.0,0.06020000000000003,0.12499999999999999,5610.0,1.0,0.19774427
K2-247 b,2.1200000000000006,5.139999999999986,979.0,0.030400000000000205,0.052000000000000005,4667.0,1.0,0.25801486
K2-247 c,2.19,5.430000000000007,688.0,0.061499999999999666,0.182,4667.0,1.0,0.28228342
K2-248 b,2.5699999999999994,7.1299999999999955,886.0,0.06989999999999963,0.027999999999999997,5528.0,1.0,0.2372244
K2-249 b,2.79,8.199999999999989,1061.0,0.11509999999999998,0.0,6504.0,1.0,0.22575426
K2-25 b,3.44,24.5,494.0,0.028699999999999726,0.42800000000000005,3207.0,1.0,0.29440309
K2-250 b,2.71257333,7.810000000000002,1003.0,0.04605999999999977,0.21,5003.0,1.0,0.24072206
K2-251 b,2.3499999999999996,6.1200000000000045,437.0,0.0693999999999999,0.020399999999999995,3717.0,1.0,0.36119101
K2-252 b,1.7400000000000002,3.680000000000007,639.0,0.10409999999999986,0.020199999999999996,5152.0,1.0,0.30432215
K2-253 b,12.67,1994.3116062159997,1238.0,0.0506000000000002,0.46580000000000005,6027.0,1.0,0.073544381
K2-254 b,1.63,3.2900000000000205,791.0,0.044800000000000395,0.024400000000000005,4629.0,1.0,0.29095605
K2-254 c,2.19,5.430000000000007,551.0,0.09229999999999983,0.0664,4629.0,1.0,0.31569836
K2-255 b,2.9,8.75,1034.0,0.02740000000000009,0.09,4676.0,1.0,0.219296
K2-257 b,0.8300000000000001,0.49799999999999045,789.0,0.021600000000000286,0.08660999999999999,3725.0,1.0,0.30546832
K2-258 b,3.0,9.269999999999982,831.0,0.14900000000000002,0.012599999999999993,6351.0,1.0,0.22423086
K2-259 b,2.32,5.990000000000009,795.0,0.12710000000000043,0.04,6059.0,1.0,0.25332733
K2-26 b,2.67,7.610000000000014,430.0,0.09619999999999962,0.004199999999999995,3785.0,1.0,0.42017375
K2-260 b,18.41635529,546.66486004,2090.0,0.04391999999999996,0.053,6860.0,1.0,0.053291735
K2-261 b,9.26982704,68.96876431999999,1036.0,0.10860000000000003,0.274,5490.0,1.0,0.09526881
K2-263 b,2.5129999999999995,15.399999999999977,482.0,0.25729999999999986,0.08,5368.0,1.0,0.37128647
K2-264 b,2.231,5.610000000000014,496.0,0.05023,0.5,3660.0,1.0,0.32457105
K2-264 c,2.668,7.600000000000023,331.0,0.11282999999999976,0.45,3660.0,1.0,0.5283565
K2-265 b,1.7082486599999998,7.341836199999989,1366.0,0.03358999999999934,0.16,5420.0,2.0,0.27137533
K2-266 b,3.3,11.267823770000007,1515.0,0.013060000000001182,0.20362,4285.0,2.0,0.19950891
K2-266 c,0.7050000000000001,0.2901307199999792,664.5,0.06789999999999985,0.042,4285.0,2.0,0.32378328
K2-266 d,2.93,8.899999999999977,538.3,0.10350000000000037,0.047,4285.0,2.0,0.2953673
K2-266 e,2.73,14.300000000000011,490.1,0.12490000000000023,0.043,4285.0,2.0,0.33869937
K2-268 b,1.5,2.8600000000000136,1136.0,0.03080000000000016,0.0,5106.0,1.0,0.28276979
K2-268 c,2.69,7.699999999999989,696.0,0.08190000000000008,0.03959999999999999,5106.0,1.0,0.24493806
K2-268 d,1.4900000000000002,2.829999999999984,888.0,0.06490000000000062,0.0,5106.0,1.0,0.28973179
K2-268 e,1.33,2.329999999999984,801.0,0.06219999999999981,0.0,5106.0,1.0,0.3014975
K2-268 f,2.23,5.600000000000023,492.0,0.13431999999999977,0.0318,5106.0,1.0,0.33880029
K2-269 b,1.5700000000000003,3.089999999999975,1429.0,0.0530999999999997,0.0,6209.0,1.0,0.2770343
K2-27 b,4.74,30.19999999999999,836.0,0.06702000000000119,0.251,5246.0,3.0,0.17192851
K2-270 b,1.38,2.480000000000018,1203.0,0.024700000000000166,0.020000000000000004,4877.0,1.0,0.28700926
K2-270 c,2.95,9.009999999999991,848.0,0.04969999999999963,0.055799999999999995,4877.0,1.0,0.22164656
K2-271 b,7.28,41.80000000000001,893.0,0.07699999999999996,0.1632,5644.0,1.0,0.11994508
K2-272 b,3.13,9.95999999999998,747.0,0.10069999999999979,0.052599999999999994,5397.0,1.0,0.22932237
K2-273 b,3.05,9.529999999999973,849.0,0.07289999999999974,0.04524,5161.0,1.0,0.22236932
K2-274 b,2.08,4.980000000000018,655.0,0.09640000000000004,0.09119999999999999,5044.0,1.0,0.2894244
K2-275 b,2.34,6.079999999999984,1166.0,0.02770000000000028,0.052000000000000005,4841.0,1.0,0.2420395
K2-275 c,2.2099999999999995,5.519999999999982,653.0,0.08809999999999985,0.022,4841.0,1.0,0.28322286
K2-276 b,3.77,13.699999999999989,583.0,0.12910000000000021,0.052000000000000005,5139.0,1.0,0.23145814
K2-277 b,2.18575124,7.399999999999977,1049.0,0.06639999999999979,0.52,5680.0,1.0,0.25799519
K2-278 b,2.98,9.170000000000016,1711.0,0.048799999999999955,0.0,6747.0,1.0,0.21142537
K2-279 b,1.21,1.920000000000016,879.0,0.06699999999999928,0.04,5558.0,1.0,0.29976742
K2-28 b,2.32,5.990000000000009,568.0,0.021399999999999864,0.0,3214.0,1.0,0.2891779
K2-280 b,7.5,37.10000000000002,787.0,0.14609999999999967,0.35,5500.0,1.0,0.12579262
K2-281 b,8.18,50.89999999999998,665.0,0.07730000000000103,0.1218,4812.0,1.0,0.13077256
K2-282 b,2.5,6.800000000000011,1057.0,0.049900000000000055,0.007999999999999993,5499.0,1.0,0.23597586
K2-283 b,3.52,12.199999999999989,1186.0,0.02909999999999968,0.13219999999999998,5060.0,1.0,0.19390612
K2-284 b,2.7799999999999994,8.149999999999977,653.0,0.04771000000000036,0.078,4140.0,1.0,0.24752379
K2-285 b,2.59,9.680000000000007,1088.9,0.03817000000000004,0.0,4975.0,1.0,0.23160032
K2-285 c,3.53,15.680000000000007,741.4,0.08239999999999892,0.0,4975.0,1.0,0.21175412
K2-285 d,2.4800000000000004,6.5,619.9,0.1177999999999999,0.0,4975.0,1.0,0.27736984
K2-285 e,1.9500000000000002,10.699999999999989,500.9,0.18041000000000018,0.0,4975.0,1.0,0.36281156
K2-286 b,2.1,5.060000000000002,347.0,0.17680000000000007,0.0116,3926.0,1.0,0.57551151
K2-287 b,9.494023,100.11644999999999,804.0,0.1205999999999996,0.478,5695.0,1.0,0.10789021
K2-288 B b,1.9,4.269999999999982,226.36,0.1639999999999997,0.1048,3341.0,2.0,0.64648814
K2-289 b,9.1,61.0,753.0,0.1070000000000002,0.1488,5529.0,1.0,0.13200108
K2-29 b,13.33871,232.0159,1171.0,0.0421699999999996,0.066,5358.0,2.0,0.070862544
K2-290 b,3.06,10.899999999999977,1230.0,0.09229999999999983,0.0,6302.0,3.0,0.21114911
K2-290 c,11.276254,246.00042,676.0,0.3049999999999997,0.0,6302.0,3.0,0.11435476
K2-291 b,1.589,6.490000000000009,1278.0,0.03261000000000003,0.0,5520.0,1.0,0.27697092
K2-292 b,2.6300000000000003,24.5,795.0,0.1299999999999999,0.04,5725.0,1.0,0.24218592
K2-293 b,2.45,6.569999999999993,750.0,0.12007999999999974,0.0162,5532.0,1.0,0.2552842
K2-294 b,1.6600000000000001,3.3899999999999864,1425.0,0.09592000000000045,0.0502,5612.0,1.0,0.27289985
K2-295 b,10.054473,106.47305,852.0,0.045099999999999696,0.0,4444.0,1.0,0.097378955
K2-3 b,2.078,5.110000000000014,501.3,0.0746999999999991,0.107,3844.0,1.0,0.36466942
K2-3 c,1.5820000000000003,2.680000000000007,371.79999999999995,0.13569999999999993,0.048,3844.0,1.0,0.59721169
K2-3 d,1.4580000000000002,2.1999999999999886,305.20000000000005,0.20139999999999958,0.091,3844.0,1.0,0.81426382
K2-30 b,11.646151,184.02357,1092.0,0.04839000000000038,0.0,5425.0,1.0,0.080228109
K2-308 b,9.916,70.60000000000002,1213.76,0.9809799999999997,0.0982,6100.0,1.0,0.088176401
K2-31 b,11.88154,563.83042,1688.0,0.02200000000000024,0.0,5280.0,2.0,0.075039881
K2-312 c,12.8,1719.45168187,578.6,1.9610000000000003,0.853,5959.0,1.0,0.39266255
K2-315 b,0.9500000000000002,0.8090000000000259,460.0,0.04610000000000003,0.126,3300.0,1.0,0.45742471
K2-316 b,1.33,2.329999999999984,841.0,0.01470000000000038,0.0704,3436.0,1.0,0.30599274
K2-316 c,1.83,4.009999999999991,423.0,0.05820000000000025,0.0752,3436.0,1.0,0.51032552
K2-317 b,2.93,8.910000000000025,432.0,0.054199999999999804,0.17600000000000002,3387.0,1.0,0.4286364
K2-318 b,1.6600000000000001,3.3899999999999864,456.0,0.09109999999999996,0.041999999999999996,3851.0,1.0,0.45579138
K2-319 b,2.79,8.199999999999989,641.0,0.15160000000000018,0.024,5440.0,1.0,0.26641933
K2-32 b,5.299,15.0,837.0,0.07950000000000035,0.03,5271.0,2.0,0.15825801
K2-32 c,3.134,8.100000000000023,634.0,0.1384299999999996,0.049,5271.0,2.0,0.27321712
K2-32 d,3.484,6.699999999999989,550.0,0.18421999999999983,0.05,5271.0,2.0,0.3054255
K2-32 e,1.2119999999999997,2.1000000000000227,1066.0,0.04898999999999898,0.043,5271.0,2.0,0.29995985
K2-320 b,2.6200000000000006,7.3700000000000045,698.0,0.014199999999999768,0.19340000000000002,3157.0,1.0,0.2589632
K2-321 b,2.0512434699999997,4.860000000000014,830.0,0.028389999999999915,0.44000000000000006,3750.0,1.0,0.29644022
K2-322 b,1.9200000000000004,4.350000000000023,635.0,0.05940000000000012,0.0,4141.0,1.0,0.30857541
K2-323 b,2.1,5.060000000000002,318.0,0.1275000000000004,0.072,3710.0,1.0,0.5800733
K2-324 b,2.43,6.480000000000018,707.0,0.03310000000000013,0.1454,3752.0,1.0,0.26387263
K2-325 b,2.1999999999999997,5.480000000000018,423.0,0.04190000000000005,0.08839999999999999,3287.0,1.0,0.45576349
K2-326 b,2.2800000000000002,5.819999999999993,1114.0,0.01980000000000004,0.096,3924.0,1.0,0.24584691
K2-329 b,8.675766,82.63580000000002,650.0,0.10160000000000036,0.0697,5282.0,1.0,0.12081162
K2-33 b,5.04,1175.971,850.0,0.040899999999999714,0.0,3540.0,1.0,0.16221902
K2-330 b,2.7700000000000005,8.100000000000023,969.0,0.11373200000000061,0.00399999999999999,6232.0,1.0,0.22499765
K2-331 b,1.79,3.8600000000000136,909.0,0.10883999999999983,0.059,5994.0,1.0,0.27463287
K2-331 c,2.72,7.850000000000023,673.0,0.15467999999999993,0.058,5994.0,1.0,0.25006166
K2-332 b,2.1999999999999997,5.480000000000018,266.0,0.083241329999999,0.10419999999999999,3315.0,1.0,0.72932121
K2-333 b,6.18,31.600000000000023,826.0,0.96176,0.0436,5880.0,1.0,0.13923447
K2-334 b,5.65,27.19999999999999,1380.0,0.15987799999999908,0.2,6502.0,1.0,0.13863787
K2-335 b,2.2099999999999995,5.519999999999982,949.0,0.11369999999999969,0.086,6222.0,1.0,0.25092585
K2-336 b,1.2199999999999998,1.9800000000000182,569.0,0.12671999999999972,0.1678,5424.0,1.0,0.34992987
K2-337 b,2.6200000000000006,7.3700000000000045,850.0,0.10304599999999997,0.013999999999999999,5869.0,1.0,0.23620557
K2-338 b,1.0300000000000002,1.079999999999984,783.0,0.04665999999999926,0.046,4558.0,1.0,0.30959265
K2-339 b,1.9200000000000004,4.350000000000023,508.0,0.11964000000000041,0.0,4857.0,1.0,0.35068308
K2-34 b,13.75,539.67534,1687.0,0.04420000000000002,0.0,6168.0,1.0,0.066165748
K2-340 b,3.36,11.199999999999989,606.0,0.38655999999999935,0.08299999999999999,5532.0,1.0,0.23625719
K2-341 b,3.21,10.399999999999977,598.0,0.1554600000000006,0.1542,5817.0,1.0,0.24257805
K2-342 b,2.03,4.779999999999973,861.0,0.09537999999999958,0.059,5920.0,1.0,0.26394722
K2-343 b,1.65,3.3600000000000136,653.0,0.054862000000000855,0.033999999999999996,3804.0,1.0,0.30622684
K2-343 c,2.02,4.740000000000009,465.0,0.06407999999999969,0.047799999999999995,3804.0,1.0,0.373046
K2-344 b,1.5899999999999999,3.1499999999999773,722.0,0.0482800000000001,0.11800000000000001,4374.0,1.0,0.30259831
K2-345 b,2.11,5.100000000000023,437.0,0.07336000000000009,0.0442,3779.0,1.0,0.39269716
K2-346 b,2.26,5.730000000000018,449.99999999999994,0.14475999999999978,0.04,4801.0,1.0,0.36971047
K2-347 b,2.4100000000000006,6.389999999999986,640.0,0.07058799999999987,0.16,4599.0,1.0,0.27459439
K2-348 b,3.26,10.699999999999989,908.0,0.2349180000000004,0.13219999999999998,5077.0,1.0,0.20758319
K2-348 c,2.67,7.610000000000014,655.0,0.10969400000000018,0.0952,5077.0,1.0,0.25328655
K2-349 b,1.38,2.480000000000018,518.0,0.04844000000000026,0.11800000000000001,4385.0,1.0,0.29925286
K2-35 b,1.3200000000000003,2.3000000000000114,979.0,0.030999999999998806,0.13,4402.71,1.0,0.29462754
K2-35 c,1.9300000000000002,4.3799999999999955,766.0,0.054999999999999716,0.12,4402.71,1.0,0.27896562
K2-350 b,1.54,2.990000000000009,1158.0,0.052159999999998874,0.0033999999999999864,5789.0,1.0,0.28067832
K2-350 c,2.74,7.949999999999989,687.0,0.13539999999999974,0.0766,5789.0,1.0,0.24646998
K2-351 b,2.54,6.990000000000009,934.0,0.09637999999999991,0.1072,5769.0,1.0,0.23620388
K2-352 b,1.37,2.4499999999999886,1160.0,0.05196799999999957,0.025999999999999995,5791.0,1.0,0.28776834
K2-352 c,1.9200000000000004,4.350000000000023,885.0,0.1031039999999992,0.0184,5791.0,1.0,0.268345
K2-352 d,2.23,5.600000000000023,727.0,0.13055400000000006,0.0954,5791.0,1.0,0.26409076
K2-353 b,5.55,26.30000000000001,735.0,0.12239999999999984,0.16099999999999998,5698.0,1.0,0.15724092
K2-354 b,1.5600000000000005,3.0500000000000114,543.0,0.046050000000000146,0.07039999999999999,3669.0,1.0,0.34559497
K2-355 b,2.25,5.689999999999998,1066.0,0.06320000000000014,0.12739999999999999,5790.0,1.0,0.24922594
K2-356 b,2.29,5.860000000000014,624.0,0.15990000000000038,0.0402,5568.0,1.0,0.29663887
K2-357 b,3.72,13.399999999999977,735.0,0.14499999999999957,0.08020000000000001,5794.0,1.0,0.2129779
K2-358 b,2.68,7.649999999999977,888.0,0.0862999999999996,0.032,5650.0,1.0,0.23640044
K2-36 b,1.4299999999999997,4.300000000000011,1328.0,0.02287999999999979,0.093,4916.0,1.0,0.28459917
K2-36 c,3.2,7.899999999999977,854.0,0.055279999999999774,0.089,4916.0,1.0,0.21573349
K2-365 b,2.906,8.779999999999973,825.0,0.11380000000000035,0.0464,5561.0,1.0,0.24194334
K2-366 b,2.359,6.160000000000025,852.8,0.11271999999999949,0.0,5601.0,1.0,0.25961514
K2-367 b,2.413,6.410000000000025,555.4,0.08457400000000082,0.060365999999999996,4348.0,1.0,0.38091338
K2-368 b,1.3319999999999999,2.339999999999975,532.4,0.14979999999999905,0.020000000000000004,4663.0,1.0,0.30429411
K2-368 c,1.3609999999999998,2.420000000000016,706.6,0.12322799999999923,0.0,4663.0,1.0,0.32807653
K2-368 d,1.948,4.449999999999989,611.5999999999999,0.09778000000000109,0.03899999999999999,4663.0,1.0,0.36264083
K2-369 b,1.3129999999999997,2.2799999999999727,1093.8,0.09256200000000003,0.0,5682.0,1.0,0.29235937
K2-37 b,1.3899999999999997,2.509999999999991,949.0,0.05105000000000004,0.1678,5352.0,1.0,0.28434057
K2-37 c,2.4100000000000006,6.389999999999986,839.0,0.06533999999999995,0.082,5352.0,1.0,0.233532
K2-37 d,2.31,12.5,646.0,0.11019999999999985,0.0688,5352.0,1.0,0.26461987
K2-370 b,2.67,11.100000000000023,1267.0,0.032099999999999795,0.0,5662.0,1.0,0.20324477
K2-371 b,13.024000000000001,1220.080842124,956.83,1.1527215999999987,0.14704000000000003,4925.0,1.0,0.074509451
K2-372 b,2.945,8.980000000000018,619.644,0.17535999999999952,0.0,5479.0,1.0,0.223659
K2-373 b,2.061,4.899999999999977,916.0,0.199662,0.0,6138.0,1.0,0.25672104
K2-374 b,1.5929999999999995,3.160000000000025,1114.2,0.14208000000000087,0.0,5789.0,1.0,0.27829306
K2-374 c,2.213,5.529999999999973,723.2,0.16518000000000033,0.0,5789.0,1.0,0.26351165
K2-375 b,2.243,5.660000000000025,779.0,0.14264799999999944,0.0059999999999999915,5822.0,1.0,0.25039477
K2-376 b,1.7359999999999998,3.660000000000025,901.6,0.09719199999999883,0.0,5937.0,1.0,0.27104013
K2-377 b,1.693,3.509999999999991,695.4,0.0495000000000001,0.019999999999999997,4200.0,1.0,0.35460258
K2-378 b,2.88,8.649999999999977,595.0,0.11075999999999908,0.007999999999999993,4823.0,1.0,0.21870005
K2-379 b,2.181,5.399999999999977,567.5999999999999,0.1046359999999984,0.11200000000000002,4603.0,1.0,0.28037819
K2-38 b,1.54,7.300000000000011,1266.0,0.04994000000000032,0.197,5731.0,1.0,0.27485586
K2-38 c,2.29,8.300000000000011,916.0,0.09513999999999978,0.161,5731.0,1.0,0.24198474
K2-380 b,2.729,7.889999999999986,753.8,0.1532599999999995,0.0,5911.0,1.0,0.22662894
K2-381 b,1.0750000000000002,1.259999999999991,1079.2,0.03339800000000004,0.012599999999999993,4473.0,1.0,0.33017723
K2-381 c,2.0,4.660000000000025,540.4,0.09025399999999983,0.014399999999999996,4473.0,1.0,0.3418341
K2-381 d,1.6890000000000005,3.5,805.2,0.055279999999999774,0.00399999999999999,4473.0,1.0,0.43559326
K2-382 b,2.0720000000000005,4.949999999999989,687.6,0.11221000000000014,0.0,5452.0,1.0,0.30435881
K2-383 b,1.564,3.069999999999993,1085.2,0.061980000000000146,0.0,5129.0,1.0,0.27913095
K2-384 b,1.0759999999999996,1.259999999999991,647.2,0.03514399999999984,0.018000000000000002,3623.0,1.0,0.34614725
K2-384 c,1.1909999999999998,1.8199999999999932,751.6,0.02632000000000012,0.018000000000000002,3623.0,1.0,0.40844712
K2-384 d,1.3920000000000003,2.519999999999982,653.0,0.03695999999999966,0.0,3623.0,1.0,0.48565754
K2-384 e,1.3449999999999998,2.3700000000000045,653.0,0.03695999999999966,0.0,3623.0,1.0,0.58966149
K2-384 f,2.2219999999999995,5.569999999999993,515.5999999999999,0.071886000000001,0.126,3623.0,1.0,0.61645068
K2-385 b,1.5389999999999997,2.980000000000018,796.8,0.08810199999999924,0.0,4844.0,1.0,0.28241422
K2-386 b,2.32,5.990000000000009,795.2,0.15865799999999997,0.032200000000000006,5749.0,1.0,0.24622079
K2-387 b,7.322,42.19999999999999,517.2,1.2402199999999999,0.0986,3572.0,1.0,0.38381931
K2-388 b,3.9,14.5,874.0,0.16264000000000056,0.09620000000000001,5310.0,1.0,0.19374105
K2-389 b,2.33,6.0400000000000205,932.0,0.1021700000000001,0.1336,5773.0,1.0,0.25157779
K2-389 c,2.04,4.819999999999993,896.1999999999999,0.12846399999999925,0.0,5782.0,1.0,0.27218752
K2-39 b,6.27704,28.60469999999998,1670.0,0.05708000000000002,0.0,4881.0,1.0,0.12733106
K2-390 b,4.662,19.600000000000023,1119.0,0.20762000000000036,0.1,5558.0,1.0,0.16029051
K2-391 b,1.3709999999999996,2.4499999999999886,1122.8,0.061498000000000275,0.0,5543.0,1.0,0.28568197
K2-392 b,1.8499999999999996,4.079999999999984,630.2,0.2998259999999995,0.0,5726.0,1.0,0.27776009
K2-393 b,2.352,6.1299999999999955,862.6,0.0927220000000002,0.09999999999999999,5678.0,1.0,0.24696084
K2-394 b,1.6920000000000002,3.509999999999991,643.0,0.08756000000000075,0.019999999999999997,4938.0,1.0,0.28991566
K2-395 b,2.597,7.259999999999991,487.0,0.17596199999999929,0.025999999999999995,5007.0,1.0,0.23627455
K2-395 c,3.395,11.399999999999977,813.08,0.13195400000000035,0.014199999999999997,5007.0,1.0,0.21490392
K2-396 b,1.5789999999999997,3.1200000000000045,986.8,0.0885600000000002,0.0,5236.0,1.0,0.27580421
K2-396 c,3.124,9.930000000000007,419.2,0.38860600000000023,0.011999999999999997,5236.0,1.0,0.26138571
K2-397 b,2.417,6.420000000000016,742.4000000000001,0.10797800000000013,0.0688,5387.0,1.0,0.23815166
K2-398 b,2.274,5.7900000000000205,792.8,0.15893999999999942,0.010199999999999987,5946.0,1.0,0.24441537
K2-398 c,5.098,22.80000000000001,913.48,0.26667831719999935,0.0546874,5946.0,1.0,0.15981874
K2-4 b,2.1,5.060000000000002,563.0,0.07800000000000029,0.08,4014.73,1.0,0.3126325
K2-400 b,1.1630000000000003,1.670000000000016,732.4,0.03270400000000073,0.07,3578.0,1.0,0.37939486
K2-401 b,2.262,5.740000000000009,549.8679999999999,0.08525999999999989,0.0,4213.0,1.0,0.27726807
K2-402 b,2.678,7.649999999999977,632.4,0.2315599999999991,0.0,5716.0,1.0,0.23567116
K2-403 b,5.333,24.600000000000023,949.0,0.22529999999999983,0.17928,5511.0,1.0,0.20007013
K2-404 b,2.53,6.939999999999998,493.88599999999997,0.07625999999999955,0.13399999999999998,3748.0,1.0,0.38272837
K2-405 b,4.569,18.899999999999977,969.0,0.07033600000000018,0.2492,4927.0,1.0,0.16749911
K2-406 b,4.602,19.19999999999999,822.6,0.2870020000000002,0.0686,5784.0,1.0,0.18716644
K2-407 b,1.2830000000000004,2.1899999999999977,1078.2,0.06815999999999978,0.04,5563.0,1.0,0.29302315
K2-407 c,1.3600000000000003,2.420000000000016,1032.6,0.061200000000000365,0.04,5563.0,1.0,0.29733453
K2-408 b,1.6770000000000005,3.4499999999999886,965.0,0.07319799999999965,0.0,5335.0,1.0,0.32468373
K2-409 b,2.482,6.720000000000027,932.8,0.09774000000000083,0.0,5742.0,1.0,0.23224481
K2-411 b,0.9897999999999998,0.9370000000000118,1073.6,0.05109999999999992,0.0,5711.0,1.0,0.29492006
K2-412 b,2.116,5.1299999999999955,598.4,0.05860000000000021,0.16800000000000004,5590.0,1.0,0.2542698
K2-413 b,0.7599,0.36299999999999955,1001.48,0.011700000000000266,0.0,4116.0,1.0,0.28765376
K2-413 c,1.2327000000000004,2.0500000000000114,821.28,0.04260000000000108,0.0,4116.0,1.0,0.30621722
K2-414 b,1.2190000000000003,1.9800000000000182,729.1999999999999,0.04870000000000019,0.033999999999999996,4343.0,1.0,0.30617746
K2-414 c,1.9287,4.3799999999999955,518.3999999999999,0.05520000000000014,0.011999999999999997,4343.0,1.0,0.2786569
K2-415 b,1.0149999999999997,7.5,412.40000000000003,0.027000000000000135,0.09,3173.0,1.0,0.5362145
K2-416 b,2.66,1652.7077164,447.0,0.08800000000000008,0.13520000000000001,3746.0,1.0,0.38148051
K2-417 b,3.31,699.2224954,558.0,0.06299999999999972,0.11539999999999997,3861.0,1.0,0.27074226
K2-42 b,2.15,5.269999999999982,567.5999999999999,0.06170000000000009,0.10800000000000001,4613.0,1.0,0.27222767
K2-43 b,4.51,18.5,939.3,0.037840000000000096,0.07,3840.5999999999995,1.0,0.18855171
K2-43 c,2.4199999999999995,6.439999999999998,1093.7,0.07582000000000111,0.082,3840.5999999999995,1.0,0.25015655
K2-44 b,2.433,6.5,1211.0,0.05999999999999961,0.04,5912.0,1.0,0.23550576
K2-45 b,6.71,36.39999999999998,1073.56,0.022400000000000198,0.1,4103.0,1.0,0.12319641
K2-46 b,2.05,4.860000000000014,889.0,0.13820999999999994,0.005599999999999994,6256.0,1.0,0.26195327
K2-47 b,1.8899999999999997,4.230000000000018,622.4,0.17790000000000017,0.0,5054.0,1.0,0.3774595
K2-48 b,2.24,5.649999999999977,554.0,0.1344000000000003,0.017799999999999996,4899.0,1.0,0.34185434
K2-49 b,1.9300000000000002,4.3799999999999955,664.1999999999999,0.030899999999999928,0.088,4175.0,1.0,0.26573009
K2-5 b,1.9100000000000006,4.310000000000002,565.0,0.05320000000000036,0.06559999999999999,3930.0,1.0,0.30369936
K2-5 c,2.26,5.730000000000018,456.0,0.08180000000000032,0.1296,3930.0,1.0,0.33965585
K2-50 b,1.5899999999999999,3.1499999999999773,490.4,0.07050000000000001,0.019999999999999997,4326.0,1.0,0.32412154
K2-52 b,18.0,794.562452008,2004.0,0.05400000000000027,0.010599999999999998,7147.0,1.0,0.054047346
K2-53 b,2.6,7.269999999999982,665.0,0.09799999999999986,0.015600000000000003,5263.0,1.0,0.2713448
K2-54 b,2.6116925,7.329999999999984,560.0,0.07610000000000028,0.24,3990.0,1.0,0.35343278
K2-55 b,4.43,44.0,900.0,0.03486000000000011,0.07,4300.0,1.0,0.1896792
K2-57 b,2.3090500200000004,5.939999999999998,635.8,0.07519999999999971,0.25,4413.0,1.0,0.2978153
K2-58 b,2.68,7.649999999999977,729.0,0.06920000000000037,0.0,5413.0,1.0,0.23788267
K2-58 c,1.62,3.259999999999991,940.0,0.03500000000000014,0.10980000000000001,5413.0,1.0,0.2777031
K2-58 d,1.7099999999999995,3.569999999999993,976.0,0.15169999999999995,0.10980000000000001,5413.0,1.0,0.34545535
K2-59 b,2.4100000000000006,6.389999999999986,541.8,0.13539999999999974,0.0,5055.0,1.0,0.33456437
K2-59 c,2.3,5.899999999999977,698.5999999999999,0.09049999999999958,0.072,5055.0,1.0,0.28723988
K2-6 b,2.5,6.800000000000011,615.0,0.18979999999999997,0.0,5850.0,1.0,0.28917269
K2-60 b,7.655747,135.39558,1400.0,0.04499999999999993,0.0,5500.0,1.0,0.1091981
K2-61 b,1.9200000000000004,4.350000000000023,1325.0,0.039200000000000124,0.0774,5748.0,1.0,0.23366883
K2-62 b,2.02,4.740000000000009,666.0,0.0636000000000001,0.0644,4455.0,1.0,0.27573349
K2-62 c,1.9899999999999998,4.6200000000000045,495.0,0.11479999999999979,0.017799999999999996,4455.0,1.0,0.34477206
K2-63 b,3.22,10.5,1300.4,0.16270000000000007,0.0,6771.0,1.0,0.22064344
K2-63 c,3.9,14.5,969.6,0.18900000000000006,0.0,6771.0,1.0,0.20388997
K2-64 b,2.0699999999999994,4.939999999999998,665.6,0.06189999999999962,0.0,5312.0,1.0,0.25988216
K2-65 b,1.58,3.1200000000000045,767.2,0.10139999999999993,0.0,5213.0,1.0,0.30475894
K2-66 b,2.49,21.30000000000001,1372.0,0.05982999999999983,0.0,5887.0,1.0,0.23259631
K2-68 b,1.58,3.1200000000000045,728.4,0.0708000000000002,0.0,4746.0,1.0,0.30703175
K2-69 b,2.32,5.990000000000009,516.0,0.05909999999999993,0.0016000000000000042,4127.0,1.0,0.33448146
K2-7 b,4.03523305,15.300000000000011,786.0,0.1867000000000001,0.24,5700.0,1.0,0.23954697
K2-70 b,2.89,8.699999999999989,580.4,0.11120000000000019,0.0,5622.0,1.0,0.25446686
K2-71 b,2.15,5.269999999999982,455.99999999999994,0.05590000000000028,0.0698,4006.0,1.0,0.36991636
K2-72 b,1.08,1.2799999999999727,725.6,0.03999999999999915,0.11,3360.4699999999993,1.0,0.43154405
K2-72 c,1.1600000000000001,1.6499999999999773,807.2,0.07800000000000029,0.11,3360.4699999999993,1.0,0.70333797
K2-72 d,1.0099999999999998,1.009999999999991,599.0,0.04999999999999982,0.11,3360.4699999999993,1.0,0.49911318
K2-72 e,1.29,2.2099999999999795,844.8,0.10599999999999987,0.11,3360.4699999999993,1.0,0.87082357
K2-73 b,2.58,9.199999999999989,968.0,0.07619000000000042,0.0616,5867.0,1.0,0.23929633
K2-74 b,2.31,5.949999999999989,808.8,0.1402000000000001,0.0,6060.0,1.0,0.26160946
K2-75 b,2.67,7.610000000000014,682.2,0.0810000000000004,0.0,5995.0,1.0,0.22689551
K2-75 c,2.7700000000000005,8.100000000000023,856.2,0.14290000000000003,0.0,5995.0,1.0,0.23041695
K2-77 b,2.4996026999999996,603.877,806.0,0.07530000000000037,0.29,5160.0,1.0,0.26332034
K2-79 b,4.15,5.899999999999977,1033.0,0.09870000000000001,0.032,5897.0,1.0,0.18368617
K2-8 b,3.58,12.5,631.0,0.08560000000000034,0.07,4870.0,1.0,0.21965139
K2-8 c,2.4100000000000006,6.389999999999986,801.0,0.05320000000000036,0.009400000000000006,4870.0,1.0,0.2488148
K2-80 b,2.01,4.699999999999989,786.2,0.1349999999999998,0.011999999999999997,5441.0,1.0,0.31678897
K2-80 c,1.4699999999999998,2.759999999999991,1029.2,0.05959999999999965,0.0,5441.0,1.0,0.29341819
K2-80 d,2.55211506,7.0400000000000205,625.2,0.16695599999999988,0.0848,5377.0,1.0,0.32955225
K2-81 b,1.9699999999999998,4.5400000000000205,668.6,0.05900000000000016,0.06,4674.13,1.0,0.27320964
K2-83 b,1.2439999999999998,2.079999999999984,744.8,0.030140000000000278,0.07,3910.0,1.0,0.30880975
K2-83 c,1.4829999999999997,2.8000000000000114,632.76,0.07131000000000043,0.06,3910.0,1.0,0.38355291
K2-84 b,2.4100000000000006,6.389999999999986,717.4,0.06649999999999956,0.1026,5652.0,1.0,0.24993239
K2-84 c,2.03,4.779999999999973,841.0,0.17680000000000007,0.023,5652.0,1.0,0.3545903
K2-85 b,1.3999999999999995,3.1999999999999886,1355.0,0.0129999999999999,0.24,4232.0,1.0,0.29147447
K2-86 b,1.96,4.5,692.6,0.07699999999999996,0.047799999999999995,5482.0,1.0,0.27573058
K2-87 b,7.6,44.89999999999998,979.0,0.0940000000000012,0.2232,5747.0,1.0,0.12089798
K2-88 b,1.2299999999999995,2.0400000000000205,709.6,0.03450000000000042,0.26,3537.0,1.0,0.3436302
K2-89 b,0.6150000000000002,0.17000000000001592,720.4,0.014619999999999855,0.15,3691.0,1.0,0.27922198
K2-9 b,2.25,5.689999999999998,314.0,0.09100000000000019,0.0692,3390.0,1.0,0.6987684
K2-90 b,2.6,7.269999999999982,502.0,0.09600000000000009,0.07,4484.0,1.0,0.32327912
K2-90 c,1.2999999999999998,2.240000000000009,882.0,0.03500000000000014,0.19,4421.98,1.0,0.30239512
K2-91 b,1.1000000000000005,1.3700000000000045,655.0,0.01639999999999997,0.09,3622.0,1.0,0.31785123
K2-95 b,3.31,11.0,474.0,0.05250000000000021,0.16,3566.0,1.0,0.32504198
K2-97 b,13.45077684,174.48779544,1566.0,0.08539999999999992,0.207,4673.0,1.0,0.0830286
K2-98 b,5.06645928,34.00763955000002,1185.0,0.09860000000000024,0.119,6260.0,1.0,0.14938922
K2-99 b,11.88151954,276.51071409,1184.0,0.15299999999999958,0.22,6069.0,1.0,0.078162762
KELT-1 b,12.442,8654.15,2361.0,0.024659999999999904,0.009900000000000006,6516.0,1.0,0.071596846
KELT-10 b,15.681390999999998,215.80657,1377.0,0.05250000000000021,0.052000000000000005,5948.0,1.0,0.059809999
KELT-11 b,15.13212395,65.15482342999996,1712.0,0.06229999999999958,0.0,5375.0,1.0,0.060686021
KELT-12 b,19.95202,301.9385,1800.0,0.0670799999999998,0.0,6279.0,1.0,0.047137501
KELT-14 b,19.537287,408.09372,1970.0,0.030050000000000132,0.0,5720.0,1.0,0.047945583
KELT-15 b,19.50366,416.3573,1642.0,0.04612999999999978,0.0,6003.0,2.0,0.048385685
KELT-16 b,15.860734999999998,874.0325,2453.0,0.02043999999999979,0.0,6236.0,2.0,0.057616717
KELT-17 b,17.093725,416.3573,2087.0,0.048809999999999576,0.0288,7454.0,1.0,0.053986563
KELT-18 b,17.59813,375.0394,2085.0,0.04549999999999965,0.0,6670.0,2.0,0.052578597
KELT-19 A b,21.40919,1293.5681,1935.0,0.06369999999999987,0.0,7500.0,2.0,0.04402934
KELT-2 A b,15.13215,540.311,2080.0,0.05496999999999996,0.0,6327.0,2.0,0.060599802
KELT-20 b,19.514869,1074.90106,2262.0,0.054199999999999804,0.0,8720.0,1.0,0.047739403
KELT-21 b,17.777474,1242.7153,2051.0,0.052240000000000286,0.0,7598.0,1.0,0.052117928
KELT-23 A b,14.829507,298.12454,1561.0,0.033019999999999605,0.0,5899.0,2.0,0.062115995
KELT-24 b,12.71098411,1458.83238813,1391.0,0.06649999999999956,0.0319,6426.0,2.0,0.064648655
KELT-3 b,17.486040000000003,616.5902,1816.0,0.041229999999999656,0.0,6304.0,2.0,0.052974685
KELT-4 A b,19.044091,286.68266,1823.0,0.04316999999999993,0.0,6206.0,3.0,0.049152311
KELT-6 b,14.5717,165.2716,1313.0,0.07939000000000007,0.22,6102.0,1.0,0.064117528
KELT-6 c,13.0,1179.1493,994.0999999999999,2.39,0.21,6272.0,1.0,0.37469671
KELT-7 b,17.9344,441.7837,2048.0,0.044150000000000134,0.0,6768.0,1.0,0.051702258
KELT-8 b,18.15858,209.7678,1675.0,0.04549999999999965,0.04,5754.0,1.0,0.051940669
KELT-9 b,21.196219,915.3504,4050.0,0.03462000000000032,0.0,10170.0,2.0,0.044014664
KIC 10068024 b,13.4,635.656814,1286.6,2.214600000000001,0.28740000000000004,6118.4,1.0,0.067251942
KIC 10525077 b,5.5,25.899999999999977,602.4,0.4064760000000014,0.0206,6091.0,1.0,0.43545203
KIC 3526061 b,12.1,5768.58558705,1227.766,5.14,0.8499999999999999,4829.0,1.0,0.39804487
KIC 3558849 b,6.9,38.10000000000002,830.2,0.1780400000000002,0.15159999999999998,6175.0,1.0,0.41172115
KIC 5437945 b,6.4,33.60000000000002,308.0,1.1967099999999995,0.0,6340.0,1.0,0.35868819
KIC 5479689 b,14.2,158.9142035,1189.568,0.5883200000000004,0.23059999999999997,5459.1,1.0,0.0647662
KIC 7917485 b,12.399999999999999,3750.394,1761.6,137.73938399999997,0.15,7067.0,1.0,0.33249353
KIC 8121913 b,13.4,667.4396547,1125.0,2.048690000000001,0.22926,5975.3,1.0,0.067327577
KIC 8540376 b,4.1,15.800000000000011,586.8,0.26130999999999993,0.0658,6474.0,1.0,0.19781824
KIC 8540376 c,2.4,6.350000000000023,980.8,0.16242400000000057,0.0,6474.0,1.0,0.31742877
KIC 9663113 b,4.6,19.19999999999999,264.0,1.5534600000000003,0.0,6065.0,1.0,0.41709066
KOI-12 b,13.78707,349.613,911.0,0.15399999999999991,0.34,6635.0,1.0,0.070779971
KOI-1257 b,10.54,460.83,511.0,0.3819999999999997,0.772,5520.0,2.0,0.16646195
KOI-13 b,16.948008,2949.4624,2550.0,0.03641000000000005,0.0006400000000000017,7650.0,3.0,0.054224004
KOI-142 b,3.438,9.5,758.0,0.09586000000000006,0.05561,5466.0,1.0,0.20956601
KOI-142 c,14.0,214.1,1335.44,0.1541210030000002,0.05724,5466.0,1.0,0.10432982
KOI-1599.01,1.9,4.600000000000023,660.0,0.1472800000000003,0.013999999999999999,5833.0,1.0,0.27947451
KOI-1599.02,1.9,9.0,755.0,0.1122930000000002,0.011399999999999993,5833.0,1.0,0.27124191
KOI-1783.01,8.86,71.0,412.0,0.5266099999999998,0.0,5922.0,1.0,0.23950894
KOI-1783.02,5.44,15.0,321.0,0.8669500000000001,0.0,5922.0,1.0,0.43945802
KOI-1831 d,1.13,2.230000000000018,475.0,0.19923999999999964,0.0,5233.0,1.0,0.39271206
KOI-1833 d,2.58,11.019999999999982,613.0,0.06339999999999968,0.0,4413.0,1.0,0.25642342
KOI-217 b,12.442,772.6408539999999,1046.0,0.047699999999998965,0.0,5545.0,1.0,0.075007579
KOI-3503 b,1.1900000000000004,9.199999999999989,785.0,0.14247000000000032,0.0,6001.0,1.0,0.30516906
KOI-3503 c,1.21,10.360000000000014,686.0,0.18688000000000038,0.0,6001.0,1.0,0.31500891
KOI-351 b,1.3099999999999996,2.269999999999982,1062.0,0.07399999999999984,0.0,6080.0,1.0,0.29067345
KOI-351 c,1.1900000000000004,1.8100000000000023,987.0,0.08900000000000041,0.0,6080.0,1.0,0.29621847
KOI-351 d,2.87,8.600000000000023,520.0,0.3200000000000003,0.0,6080.0,1.0,0.2804709
KOI-351 e,2.66,7.560000000000002,449.99999999999994,0.41999999999999993,0.0,6080.0,1.0,0.33332135
KOI-351 f,2.88,8.649999999999977,406.99999999999994,0.4800000000000004,0.0,6080.0,1.0,0.35110344
KOI-351 g,7.718,15.0,342.0,0.7170399999999999,0.02920000000000001,6031.13,1.0,0.3154441
KOI-351 h,11.252,203.0,294.0,0.9706200000000003,0.0276,6031.13,1.0,0.37311708
KOI-3680 b,11.09691,613.4119,347.0,0.5339999999999998,0.496,5830.0,1.0,0.25170774
KOI-4777.01,0.5099999999999998,99.19999999999999,1180.0,0.008000000000000007,0.0,3515.0,1.0,0.26034138
KOI-55 b,0.7590000000000003,0.4399999999999977,2165.0,0.006000000000000227,0.154,27730.0,1.0,0.28628951
KOI-55 c,0.867,0.6549999999999727,2165.0,0.007600000000000051,0.154,27730.0,1.0,0.29110486
KOI-7368 b,2.22,5.560000000000002,805.0,0.06780000000000008,0.0,5241.0,1.0,0.25629262
KOI-7913 b,2.34,6.079999999999984,432.0,0.14559999999999995,0.0,4324.0,2.0,0.38043344
KOI-94 b,1.7099999999999995,10.5,1486.0,0.05119000000000007,0.25,6182.0,2.0,0.27017899
KOI-94 c,4.32,15.600000000000023,1012.0,0.10130000000000017,0.43,6182.0,2.0,0.17017264
KOI-94 d,11.27,106.0,806.0,0.1684000000000001,0.022,6182.0,2.0,0.087961158
KOI-94 e,6.56,35.0,584.0,0.30459999999999976,0.019000000000000003,6182.0,2.0,0.15590844
KOI-984 b,4.3,17.100000000000023,1022.0,0.05039999999999978,0.12,5295.0,1.0,0.1733693
KOI-984 c,14.099999999999998,209.8,597.0,0.14670000000000005,0.38,5295.0,1.0,0.10613321
KPS-1 b,11.54527,346.4347,1459.0,0.026900000000000368,0.0,5165.0,1.0,0.078029026
Kapteyn c,2.54,7.0,484.72,0.31099999999999994,0.23,3550.0,1.0,0.41254813
Kepler-10 b,1.4699999999999998,3.240000000000009,2188.0,0.01684999999999981,0.0,5708.0,1.0,0.28055312
Kepler-10 c,2.355,11.29000000000002,579.0,0.24099999999999966,0.136,5708.0,1.0,0.3002536
Kepler-10 d,3.49,12.0,387.0,0.5379000000000005,0.19,5708.0,1.0,0.41488315
Kepler-100 b,1.3399999999999999,4.009999999999991,1155.0,0.07308999999999966,0.13,5837.0,1.0,0.28907074
Kepler-100 c,2.1999999999999997,7.050000000000011,939.0,0.11061000000000032,0.020000000000000004,5825.0,1.0,0.25105508
Kepler-100 d,1.6100000000000003,3.0,670.0,0.2174699999999996,0.38,5825.0,1.0,0.29678176
Kepler-100 e,5.27,24.14271826999999,741.22,0.3123915860000004,0.026437000000000002,5884.0,1.0,0.18764578
Kepler-1000 b,4.76,20.30000000000001,473.0,0.5326000000000004,0.0,6453.0,1.0,0.21617213
Kepler-1001 b,3.15,10.100000000000023,693.0,0.11146999999999974,0.0,5491.0,1.0,0.23318736
Kepler-1001 c,1.5779927899999997,3.1100000000000136,804.0,0.08295999999999992,0.0,5376.0,1.0,0.29359262
Kepler-1002 b,1.7099999999999995,3.569999999999993,1453.0,0.056400000000000006,0.0,6144.0,1.0,0.27039951
Kepler-1003 b,1.7800000000000002,3.819999999999993,1157.0,0.04333000000000009,0.0,6109.0,1.0,0.26698849
Kepler-1004 b,6.28,32.5,1661.0,0.06791000000000036,0.0,4972.0,1.0,0.12749154
Kepler-1005 b,1.5,2.8600000000000136,1026.0,0.06716999999999995,0.0,5782.0,1.0,0.28341224
Kepler-1006 b,1.54,2.990000000000009,791.0,0.14639999999999986,0.0,5328.0,1.0,0.34758513
Kepler-1007 b,1.4400000000000004,2.670000000000016,652.0,0.04800000000000004,0.0,4587.0,1.0,0.29324395
Kepler-1008 b,1.2800000000000002,2.180000000000007,627.0,0.09755000000000003,0.0,5066.0,2.0,0.32720794
Kepler-1009 b,2.17,5.350000000000023,403.0,0.07960000000000012,0.0,4027.0,1.0,0.32253236
Kepler-101 b,5.77,51.10000000000002,1513.0,0.047399999999999665,0.086,5667.0,1.0,0.13598807
Kepler-101 c,1.25,3.7799999999999727,1413.0,0.06839999999999957,0.0,5667.0,1.0,0.2910374
Kepler-1010 b,2.32,5.990000000000009,477.0,0.19299999999999962,0.0,5253.0,1.0,0.35274053
Kepler-1011 b,2.87,8.600000000000023,920.0,0.06329999999999991,0.0,5416.0,1.0,0.22666093
Kepler-1012 b,1.29,2.2099999999999795,934.0,0.06066000000000038,0.0,5556.0,1.0,0.29471062
Kepler-1013 b,2.15,5.269999999999982,766.0,0.13700000000000045,0.0,4954.0,1.0,0.32622372
Kepler-1014 b,2.39,6.300000000000011,614.0,0.12100000000000133,0.0,5388.0,1.0,0.27591201
Kepler-1015 b,3.55,12.300000000000011,1040.0,0.13450000000000006,0.0,6769.0,1.0,0.19600911
Kepler-1016 b,2.18,5.389999999999986,1540.0,0.03043999999999958,0.0,5821.0,1.0,0.2467196
Kepler-1016 c,3.68,13.100000000000023,406.99999999999994,0.4351900000000004,0.0,5821.0,1.0,0.33441386
Kepler-1017 b,1.9899999999999998,4.6200000000000045,831.0,0.0719599999999998,0.0,5473.0,1.0,0.26465156
Kepler-1018 b,2.58,7.180000000000007,498.0,0.2530000000000001,0.0,5518.0,1.0,0.31870355
Kepler-1019 b,1.46,2.730000000000018,1164.0,0.02210000000000001,0.0,4433.0,1.0,0.28496659
Kepler-102 b,0.45999999999999996,1.1000000000000227,857.0,0.05520999999999976,0.1,4909.0,1.0,0.26131397
Kepler-102 c,0.5670000000000002,1.6999999999999886,777.0,0.06702000000000119,0.094,4909.0,1.0,0.28936059
Kepler-102 d,1.154,3.0,686.0,0.0861799999999997,0.092,4909.0,1.0,0.33000703
Kepler-102 e,2.17,4.699999999999989,590.0,0.11620000000000008,0.089,4909.0,1.0,0.31095415
Kepler-102 f,0.8609999999999998,4.300000000000011,495.0,0.1656000000000004,0.1,4909.0,1.0,0.42449705
Kepler-1020 b,2.2800000000000002,5.819999999999993,325.0,0.37593999999999994,0.0,5227.0,1.0,0.59562454
Kepler-1021 b,2.33,6.0400000000000205,634.0,0.10339999999999971,0.0,5431.0,1.0,0.26520208
Kepler-1022 b,2.36,6.170000000000016,512.0,0.0804999999999998,0.0,4445.0,1.0,0.29529059
Kepler-1023 b,2.6300000000000003,7.410000000000025,524.0,0.3028399999999998,0.0,5494.0,1.0,0.38043274
Kepler-1024 b,3.91,14.5,376.0,0.3033000000000001,0.0,5143.0,1.0,0.37357449
Kepler-1025 b,1.98,4.579999999999984,1654.0,0.2160700000000011,0.0,6089.0,1.0,0.32854943
Kepler-1026 b,2.2099999999999995,5.519999999999982,424.99999999999994,0.1977000000000002,0.0,4948.0,1.0,0.42442399
Kepler-1027 b,0.8899999999999997,0.6399999999999864,1268.0,0.02911000000000019,0.0,5436.0,2.0,0.29289352
Kepler-1028 b,1.33,2.329999999999984,1217.0,0.0354000000000001,0.0,5522.0,1.0,0.28891416
Kepler-1029 b,1.2599999999999998,2.1299999999999955,790.0,0.04699999999999971,0.0,5030.0,1.0,0.30104732
Kepler-103 b,3.4857,11.670000000000016,973.0,0.133,0.17099999999999999,6047.0,1.0,0.19962157
Kepler-103 c,5.4539,58.47000000000003,433.99999999999994,0.6679000000000004,0.103,6047.0,1.0,0.29675668
Kepler-1030 b,2.4800000000000004,6.7099999999999795,529.0,0.13379999999999903,0.0,4983.0,1.0,0.30903593
Kepler-1031 b,0.8700000000000001,0.589999999999975,2024.0,0.02179999999999982,0.0,6011.0,1.0,0.29163977
Kepler-1032 b,1.87,4.160000000000025,802.0,0.03610000000000024,0.0,4647.0,1.0,0.2690377
Kepler-1033 b,2.51,6.850000000000023,914.0,0.07610000000000028,0.0,5547.0,1.0,0.24020289
Kepler-1034 b,2.26,5.730000000000018,675.0,0.09649999999999981,0.0,5198.0,1.0,0.27471652
Kepler-1035 b,1.17,1.7099999999999795,1301.0,0.03882999999999992,0.0,5763.0,1.0,0.29202374
Kepler-1036 b,3.01,9.319999999999993,326.0,0.47726000000000024,0.0,5533.0,1.0,0.50373521
Kepler-1037 b,1.2800000000000002,2.180000000000007,1650.0,0.01980000000000004,0.0,5105.0,1.0,0.28912314
Kepler-1038 b,3.53,12.199999999999989,285.0,0.5237999999999996,0.0,5335.0,1.0,0.57399691
Kepler-1038 c,1.4162337999999997,2.589999999999975,784.0,0.06920000000000037,0.0,5159.0,1.0,0.29767511
Kepler-1039 b,1.46,2.730000000000018,2080.0,0.017140000000000377,0.0,4870.0,1.0,0.28273128
Kepler-104 b,3.1,19.600000000000023,852.0,0.0940000000000012,0.0,5711.0,2.0,0.21451956
Kepler-104 c,3.13,7.1443080500000065,668.0,0.15299999999999958,0.0,5711.0,2.0,0.22781832
Kepler-104 d,3.58,5.540221069999973,515.0,0.2569999999999997,0.0,5711.0,2.0,0.2504979
Kepler-1040 b,2.08,4.980000000000018,300.0,0.6724899999999998,0.0,5694.0,1.0,0.64719639
Kepler-1041 b,2.94,8.95999999999998,644.0,0.16880000000000006,0.0,5957.0,1.0,0.22342051
Kepler-1042 b,2.19,5.430000000000007,574.0,0.07559999999999967,0.0,4815.0,1.0,0.27468943
Kepler-1043 b,2.55,7.0400000000000205,532.0,0.21590000000000042,0.0,5629.0,1.0,0.29554598
Kepler-1044 b,2.67,7.610000000000014,1058.0,0.07409999999999961,0.0,5985.0,1.0,0.22966906
Kepler-1045 b,2.69,7.699999999999989,512.0,0.16159999999999997,0.0,5301.0,1.0,0.29015151
Kepler-1046 b,1.7099999999999995,3.569999999999993,786.0,0.11857999999999969,0.0,5913.0,1.0,0.28490745
Kepler-1047 b,2.09,5.019999999999982,503.0,0.2987099999999998,0.0,5754.0,1.0,0.29206196
Kepler-1047 c,0.9900000000000002,0.9370000000000118,1309.0,0.04413,0.0,5754.0,1.0,0.29388703
Kepler-1048 b,1.6100000000000003,3.2200000000000273,619.0,0.05900000000000016,0.0,4651.0,1.0,0.28601661
Kepler-1049 b,0.9500000000000002,0.8090000000000259,625.0,0.03490000000000126,0.0,3864.0,1.0,0.31603719
Kepler-105 b,2.53,10.800000000000011,1418.0,0.06015999999999977,0.020000000000000004,5933.0,1.0,0.15553724
Kepler-105 c,1.4400000000000004,5.600000000000023,997.0,0.07228999999999974,0.020000000000000004,5933.0,1.0,0.29219846
Kepler-1050 b,1.6,3.1899999999999977,1039.0,0.12353000000000058,0.0,6010.0,1.0,0.29472444
Kepler-1050 c,1.4799999999999995,2.7900000000000205,935.0,0.1526399999999999,0.0,6010.0,1.0,0.31091646
Kepler-1051 b,3.4,11.5,850.0,0.18395000000000117,0.0,6675.0,1.0,0.20765471
Kepler-1052 b,2.93,8.910000000000025,522.0,0.20988000000000007,0.0,5888.0,1.0,0.26827226
Kepler-1052 c,2.3,5.899999999999977,302.0,0.6135000000000002,0.0,5818.0,1.0,0.59843657
Kepler-1053 b,0.9799999999999995,0.9039999999999964,953.0,0.031500000000000306,0.0,4529.0,1.0,0.30379025
Kepler-1054 b,2.6300000000000003,7.410000000000025,1177.0,0.055419999999998915,0.0,6209.0,1.0,0.22648257
Kepler-1055 b,1.2299999999999995,2.0400000000000205,1304.0,0.033500000000000085,0.0,5723.0,1.0,0.2913059
Kepler-1056 b,3.01,9.319999999999993,590.0,0.1628999999999996,0.0,6127.0,1.0,0.22855762
Kepler-1057 b,3.36,11.199999999999989,724.0,0.11380000000000035,0.0,5987.0,1.0,0.2120219
Kepler-1058 b,2.72,7.850000000000023,239.0,0.36789999999999967,0.0,4644.0,1.0,0.48525677
Kepler-1059 b,1.73,3.6399999999999864,908.0,0.043999999999999595,0.0,4906.0,1.0,0.2767486
Kepler-106 b,0.8200000000000003,5.300000000000011,1021.0,0.06491000000000025,0.0,5858.0,1.0,0.29432101
Kepler-106 c,2.5,10.439999999999998,785.0,0.10986999999999991,0.0,5858.0,1.0,0.24348891
Kepler-106 d,0.9500000000000002,8.100000000000023,649.0,0.16063000000000027,0.0,5858.0,1.0,0.32211309
Kepler-106 e,2.5599999999999996,11.170000000000016,531.0,0.24005999999999972,0.0,5858.0,1.0,0.28633401
Kepler-1060 b,2.38,6.259999999999991,484.0,0.24950000000000028,0.0,5797.0,1.0,0.30130721
Kepler-1061 b,1.98,4.579999999999984,1332.0,0.03880000000000017,0.0,6067.0,1.0,0.25725394
Kepler-1062 b,1.7599999999999998,3.75,583.0,0.07479999999999976,0.0,4597.0,1.0,0.30222624
Kepler-1063 b,1.4900000000000002,2.829999999999984,931.0,0.11760000000000037,0.0,5945.0,2.0,0.29229905
Kepler-1064 b,1.5499999999999998,3.019999999999982,570.0,0.11829999999999963,0.0,5153.0,1.0,0.32360787
Kepler-1065 b,3.73,13.399999999999977,1092.0,0.04549999999999965,0.0,5635.0,1.0,0.18686914
Kepler-1065 c,1.6,3.1899999999999977,1256.0,0.034399999999999764,0.0,5635.0,1.0,0.27643563
Kepler-1066 b,2.36,6.170000000000016,1290.0,0.029799999999999827,0.0,5762.0,1.0,0.23897804
Kepler-1067 b,0.7999999999999998,0.4370000000000118,1872.0,0.01639999999999997,0.0,5592.0,1.0,0.28905904
Kepler-1067 c,1.7468242800000002,3.6999999999999886,973.0,0.06069000000000013,0.0,5594.0,1.0,0.27409248
Kepler-1068 b,3.63,12.800000000000011,702.0,0.13037999999999972,0.0,5806.0,1.0,0.20859993
Kepler-1069 b,1.6,3.1899999999999977,823.0,0.16586999999999996,0.0,5722.0,1.0,0.29071414
Kepler-107 b,1.5359999999999996,3.8000000000000114,1592.0,0.04544000000000015,0.1,5854.0,1.0,0.27850034
Kepler-107 c,1.597,10.0,1378.0,0.06064000000000025,0.08,5854.0,1.0,0.27663158
Kepler-107 d,0.8600000000000003,7.699999999999989,1173.0,0.08377000000000034,0.11,5854.0,1.0,0.29513441
Kepler-107 e,2.903,14.100000000000023,955.0,0.12638000000000016,0.1,5854.0,1.0,0.22198703
Kepler-1070 b,1.73,3.6399999999999864,1101.0,0.06752999999999965,0.0,6261.0,1.0,0.27144469
Kepler-1071 b,2.38,6.259999999999991,814.0,0.06289999999999996,0.0,5215.0,1.0,0.24631891
Kepler-1072 b,1.58,3.1200000000000045,1849.0,0.027420000000000222,0.0,6199.0,1.0,0.27567633
Kepler-1073 b,2.3,5.899999999999977,905.0,0.0804999999999998,0.0,5792.0,1.0,0.24866394
Kepler-1073 c,1.6400000000000001,3.329999999999984,1169.0,0.04830000000000023,0.0,5792.0,1.0,0.27568447
Kepler-1073 d,1.4877094900000003,2.819999999999993,1369.0,0.035199999999999676,0.0,5509.0,1.0,0.28117712
Kepler-1074 b,1.25,2.1000000000000227,568.0,0.053600000000000314,0.0,4002.0,1.0,0.33992135
Kepler-1075 b,1.42,2.6000000000000227,818.0,0.020800000000000374,0.0,3959.0,1.0,0.2900978
Kepler-1076 b,0.7999999999999998,0.4370000000000118,770.0,0.06109999999999971,0.0,4868.0,1.0,0.30720787
Kepler-1077 b,2.7700000000000005,8.100000000000023,576.0,0.21009999999999973,0.0,5816.0,1.0,0.27181437
Kepler-1078 b,1.9,4.269999999999982,1122.0,0.03880000000000017,0.0,5612.0,1.0,0.26026645
Kepler-1079 b,1.63,3.2900000000000205,887.0,0.10920000000000041,0.0,5758.0,1.0,0.28177829
Kepler-108 b,8.65,56.0,669.0,0.2919999999999998,0.22,5854.0,2.0,0.11535103
Kepler-108 c,8.18,50.89999999999998,426.00000000000006,0.7209999999999992,0.04,5854.0,2.0,0.20130834
Kepler-1080 b,3.28,10.800000000000011,548.0,0.3780999999999999,0.0,5956.0,1.0,0.22281343
Kepler-1081 b,1.0099999999999998,1.009999999999991,972.0,0.046619999999999884,0.0,5345.0,1.0,0.29907002
Kepler-1082 b,1.12,1.4599999999999795,1827.0,0.02571000000000012,0.0,5923.0,1.0,0.29221378
Kepler-1083 b,3.36,11.199999999999989,448.0,0.18989999999999974,0.0,5049.0,1.0,0.31323342
Kepler-1084 b,1.1100000000000003,1.410000000000025,1737.0,0.032399999999999984,0.0,6113.0,1.0,0.29276047
Kepler-1085 b,7.22,41.19999999999999,313.0,0.7336099999999997,0.0,6000.0,1.0,0.40309487
Kepler-1085 c,3.26817741,10.699999999999989,491.0,0.2979799999999999,0.0,5816.0,1.0,0.28502058
Kepler-1086 b,2.44,6.529999999999973,432.99999999999994,0.11979999999999968,0.0,4350.0,2.0,0.35424799
Kepler-1086 c,2.94,8.95999999999998,211.0,0.5030000000000001,0.0,4350.0,2.0,0.59448569
Kepler-1087 b,0.6100000000000003,0.16500000000002046,2161.0,0.015539999999999665,0.0,5589.0,1.0,0.27281934
Kepler-1088 b,1.42,2.6000000000000227,667.0,0.16162999999999972,0.0,5975.0,1.0,0.31077793
Kepler-1089 b,1.83,4.009999999999991,584.0,0.04969999999999963,0.0,3753.0,1.0,0.32617528
Kepler-109 b,2.49,4.899999999999977,1276.0,0.07010000000000005,0.11,5950.0,1.0,0.23399611
Kepler-109 c,2.65,8.199999999999989,859.0,0.1546000000000003,0.098,5950.0,1.0,0.23761538
Kepler-1090 b,2.25,5.689999999999998,297.0,0.6332300000000002,0.0,5321.0,1.0,0.66507003
Kepler-1090 c,3.29265785,10.899999999999977,496.0,0.22621999999999964,0.0,5330.0,1.0,0.28112869
Kepler-1091 b,1.46,2.730000000000018,1664.0,0.02519999999999989,0.0,5851.0,1.0,0.28137098
Kepler-1092 b,2.0699999999999994,4.939999999999998,508.0,0.29959999999999987,0.0,5862.0,1.0,0.3400804
Kepler-1093 b,1.9500000000000002,4.4599999999999795,776.0,0.17543000000000042,0.0,6166.0,1.0,0.27024276
Kepler-1093 c,1.96,4.5,508.0,0.41037000000000035,0.0,6166.0,1.0,0.32497613
Kepler-1094 b,3.18,10.199999999999989,480.0,0.36249999999999893,0.0,6112.0,1.0,0.30112742
Kepler-1095 b,1.21,1.920000000000016,1108.0,0.05140000000000011,0.0,5658.0,1.0,0.29430065
Kepler-1096 b,1.2400000000000002,2.069999999999993,794.0,0.03399999999999981,0.0,4306.0,1.0,0.30000182
Kepler-1097 b,3.26,10.699999999999989,267.0,0.5791000000000004,0.0,5211.0,1.0,0.62052308
Kepler-1098 b,1.2999999999999998,2.240000000000009,1319.0,0.035800000000000054,0.0,5794.0,1.0,0.28815442
Kepler-1099 b,2.83,8.399999999999977,1558.0,0.03369999999999962,0.0,5837.0,1.0,0.21822563
Kepler-11 b,1.7999999999999998,1.8999999999999773,849.0,0.09100000000000019,0.045,5663.0,1.0,0.27307392
Kepler-11 c,2.87,2.8999999999999773,786.0,0.1070000000000002,0.025999999999999995,5663.0,1.0,0.22561206
Kepler-11 d,3.12,7.300000000000011,653.0,0.15500000000000025,0.0040000000000000036,5663.0,1.0,0.22719258
Kepler-11 e,4.19,8.0,582.0,0.19500000000000028,0.011999999999999997,5663.0,1.0,0.20350978
Kepler-11 f,2.49,2.0,513.0,0.25,0.012999999999999998,5663.0,1.0,0.28957001
Kepler-11 g,3.33,25.0,376.0,0.4660000000000002,0.15,5663.0,1.0,0.36446948
Kepler-110 b,1.83,4.009999999999991,1008.0,0.1070000000000002,0.0,5960.0,1.0,0.27128475
Kepler-110 c,2.2099999999999995,5.519999999999982,743.0,0.1980000000000004,0.0,5960.0,1.0,0.27117415
Kepler-1100 b,1.75,3.7099999999999795,1000.0,0.06745000000000001,0.0,6247.0,1.0,0.2722588
Kepler-1101 b,2.47,6.660000000000025,393.0,0.34830000000000005,0.0,5614.0,1.0,0.49665022
Kepler-1102 b,2.66,7.560000000000002,546.0,0.27310000000000034,0.0,5724.0,1.0,0.28909478
Kepler-1103 b,2.2700000000000005,5.769999999999982,736.0,0.15336000000000016,0.0,6092.0,1.0,0.24997136
Kepler-1104 b,1.2299999999999995,2.0400000000000205,1321.0,0.06320999999999977,0.0,6417.0,1.0,0.29083891
Kepler-1105 b,2.01,4.699999999999989,729.0,0.047100000000000364,0.0,4299.0,1.0,0.27979855
Kepler-1106 b,1.65,3.3600000000000136,2199.0,0.023900000000000254,0.0,6104.0,1.0,0.27247659
Kepler-1107 b,1.3399999999999999,2.3600000000000136,1897.0,0.01285000000000025,0.0,5268.0,1.0,0.2860482
Kepler-1108 b,1.46,2.730000000000018,1063.0,0.05109999999999992,0.0,5406.0,1.0,0.28718008
Kepler-1109 b,2.19,5.430000000000007,787.0,0.24659999999999993,0.0,5893.0,1.0,0.33396012
Kepler-111 b,1.58,3.1200000000000045,1356.0,0.04600000000000026,0.0,5952.0,1.0,0.27710648
Kepler-111 c,7.0840758,222.4798849,352.20000000000005,0.7510000000000003,0.176,5914.0,1.0,0.37232068
Kepler-1110 b,2.66,7.560000000000002,609.0,0.07540000000000013,0.0,4781.0,1.0,0.25440911
Kepler-1111 b,2.0,4.660000000000025,938.0,0.08720000000000017,0.0,6077.0,1.0,0.26706672
Kepler-1112 b,3.02,9.379999999999995,918.0,0.1238999999999999,0.0,6496.0,1.0,0.21418193
Kepler-1113 b,2.81,8.300000000000011,558.0,0.24150000000000027,0.0,5931.0,1.0,0.2757122
Kepler-1114 b,1.3500000000000005,2.3899999999999864,631.0,0.11056000000000044,0.0,5374.0,1.0,0.3176512
Kepler-1115 b,1.6999999999999997,3.5299999999999727,1381.0,0.21340000000000003,0.0,8480.0,1.0,0.2729797
Kepler-1116 b,2.54,6.990000000000009,488.0,0.23299999999999965,0.0,5641.0,1.0,0.31948164
Kepler-1117 b,1.1100000000000003,1.410000000000025,938.0,0.054850000000000065,0.0,5612.0,1.0,0.29894983
Kepler-1118 b,2.74,7.949999999999989,502.0,0.20790000000000042,0.0,5688.0,1.0,0.28018349
Kepler-1119 b,1.9200000000000004,4.350000000000023,938.0,0.08119999999999994,0.0,6083.0,1.0,0.26152463
Kepler-112 b,2.36,6.170000000000016,809.0,0.07599999999999962,0.0,5544.0,1.0,0.246322
Kepler-112 c,2.4,6.350000000000023,538.0,0.1719999999999997,0.0,5544.0,1.0,0.28056725
Kepler-1120 b,1.38,2.480000000000018,1027.0,0.036900000000000155,0.0,4904.0,1.0,0.29126117
Kepler-1121 b,1.9100000000000006,4.310000000000002,1008.0,0.11817999999999973,0.0,6231.0,1.0,0.265463
Kepler-1122 b,2.04,4.819999999999993,526.0,0.2314999999999996,0.0,5544.0,1.0,0.31215849
Kepler-1123 b,1.67,3.430000000000007,1061.0,0.04969999999999963,0.0,5500.0,1.0,0.27761877
Kepler-1124 b,1.2800000000000002,2.180000000000007,621.0,0.03049999999999997,0.0,3658.0,1.0,0.31451613
Kepler-1125 b,1.8399999999999999,4.0400000000000205,778.0,0.13480000000000025,0.0,5683.0,1.0,0.26814234
Kepler-1126 b,1.73,3.6399999999999864,374.0,0.41251000000000015,0.0,5798.0,1.0,0.50452199
Kepler-1126 c,1.4500000000000002,2.6999999999999886,305.0,0.6193,0.0,5678.0,1.0,0.72064487
Kepler-1127 b,1.96,4.5,994.0,0.055600000000000094,0.0,5664.0,1.0,0.26413776
Kepler-1128 b,3.6499999999999995,12.899999999999977,423.99999999999994,0.3019999999999996,0.0,5543.0,1.0,0.3342535
Kepler-1129 b,2.96,9.060000000000002,737.0,0.16481000000000012,0.0,5831.0,1.0,0.24625147
Kepler-1129 c,2.73,7.899999999999977,503.0,0.35367000000000015,0.0,5831.0,1.0,0.36675624
Kepler-113 b,1.8200000000000003,11.699999999999989,775.0,0.05123000000000033,0.0,4725.0,1.0,0.27687123
Kepler-113 c,2.18,8.699999999999989,628.0,0.07796000000000003,0.0,4725.0,1.0,0.27533636
Kepler-1130 b,0.7999999999999998,0.4370000000000118,904.0,0.059630000000000294,0.0,5403.0,2.0,0.29756898
Kepler-1130 c,0.7923958400000002,0.42200000000002547,1072.0,0.04237999999999964,0.0,5450.0,2.0,0.29271682
Kepler-1130 d,0.6447227299999998,0.20199999999999818,981.0,0.050679999999999836,0.0,5450.0,2.0,0.28303826
Kepler-1131 b,1.5899999999999999,3.1499999999999773,1159.0,0.04589999999999961,0.0,5851.0,1.0,0.27786973
Kepler-1132 b,2.3499999999999996,6.1200000000000045,384.0,0.2881,0.0,5298.0,1.0,0.44764116
Kepler-1133 b,1.9699999999999998,4.5400000000000205,703.0,0.09830000000000005,0.0,5569.0,1.0,0.2768468
Kepler-1134 b,2.64,7.4599999999999795,611.0,0.12420000000000009,0.0,5281.0,1.0,0.27189708
Kepler-1135 b,1.8499999999999996,4.079999999999984,450.99999999999994,0.34360000000000035,0.0,5656.0,1.0,0.31798378
Kepler-1136 b,1.6400000000000001,3.329999999999984,922.0,0.029899999999999594,0.0,4512.0,1.0,0.28111218
Kepler-1137 b,2.1999999999999997,5.480000000000018,1020.0,0.18710000000000004,0.0,6807.0,1.0,0.25292091
Kepler-1138 b,1.6999999999999997,3.5299999999999727,1080.0,0.04150000000000009,0.0,5582.0,1.0,0.2745711
Kepler-1139 b,1.1900000000000004,1.8100000000000023,1693.0,0.016639999999999766,0.0,5550.0,1.0,0.29100904
Kepler-114 b,1.2599999999999998,1.089999999999975,586.0,0.052999999999999936,0.0,4605.0,1.0,0.30707733
Kepler-114 c,1.6,2.8000000000000114,507.0,0.0648200000000001,0.0,4660.0,1.0,0.30175426
Kepler-114 d,2.53,3.8999999999999773,446.0,0.08358000000000043,0.0,4660.0,1.0,0.27155051
Kepler-1140 b,2.7700000000000005,8.100000000000023,500.0,0.14780000000000015,0.0,4850.0,1.0,0.31266445
Kepler-1141 b,0.8200000000000003,0.47699999999997544,1471.0,0.03495999999999988,0.0,5791.0,1.0,0.29061471
Kepler-1142 b,1.4699999999999998,2.759999999999991,902.0,0.13429999999999964,0.0,5685.0,1.0,0.28930457
Kepler-1143 b,1.67,3.430000000000007,976.0,0.03709999999999969,0.0,5053.0,1.0,0.27884699
Kepler-1143 c,3.6000000000000005,12.600000000000023,234.0,0.6477000000000004,0.0,5053.0,1.0,0.55534681
Kepler-1144 b,1.9899999999999998,4.6200000000000045,811.0,0.12910000000000021,0.0,5753.0,1.0,0.27449752
Kepler-1145 b,1.3999999999999995,2.5400000000000205,958.0,0.044299999999999784,0.0,5064.0,1.0,0.29170256
Kepler-1146 b,1.2299999999999995,2.0400000000000205,1019.0,0.03249999999999975,0.0,4692.0,1.0,0.29562788
Kepler-1147 b,2.61,7.319999999999993,872.0,0.09609999999999985,0.0,5941.0,1.0,0.23265813
Kepler-1148 b,1.69,3.5,1397.0,0.018799999999999706,0.0,5054.0,1.0,0.27164394
Kepler-1149 b,1.4400000000000004,2.670000000000016,1128.0,0.0472999999999999,0.0,5833.0,1.0,0.2836145
Kepler-115 b,1.0899999999999999,1.3199999999999932,1489.0,0.03599999999999959,0.0,5979.0,1.0,0.29334042
Kepler-115 c,2.6,7.269999999999982,960.0,0.08699999999999974,0.0,5979.0,1.0,0.23206348
Kepler-1150 b,1.0200000000000005,1.0400000000000205,1432.0,0.03819999999999979,0.0,4754.0,2.0,0.3023579
Kepler-1151 b,2.22,5.560000000000002,485.0,0.3197000000000001,0.0,5470.0,1.0,0.47826706
Kepler-1152 b,0.8700000000000001,0.589999999999975,806.0,0.02230000000000043,0.0,3964.0,1.0,0.29990374
Kepler-1153 b,1.73,3.6399999999999864,1343.0,0.02770000000000028,0.0,5470.0,1.0,0.27006252
Kepler-1154 b,2.34,6.079999999999984,1314.0,0.06310000000000038,0.0,6327.0,1.0,0.23995056
Kepler-1154 c,2.36,6.170000000000016,1117.0,0.08750000000000036,0.0,6327.0,1.0,0.2406996
Kepler-1155 b,2.03,4.779999999999973,609.0,0.20059999999999878,0.0,5842.0,1.0,0.29964379
Kepler-1156 b,1.3200000000000003,2.3000000000000114,787.0,0.0970399999999998,0.0,5778.0,1.0,0.30219825
Kepler-1157 b,1.0899999999999999,1.3199999999999932,732.0,0.044800000000000395,0.0,4679.0,1.0,0.30552888
Kepler-1158 b,2.34,6.079999999999984,1079.0,0.12643000000000004,0.0,6203.0,1.0,0.24104567
Kepler-1159 b,2.37,6.2099999999999795,677.0,0.16030000000000033,0.0,6217.0,1.0,0.25339879
Kepler-116 b,3.42,11.600000000000023,1251.0,0.06899999999999995,0.0,6142.0,1.0,0.19608118
Kepler-116 c,2.3,5.899999999999977,964.0,0.11599999999999966,0.0,6142.0,1.0,0.24668108
Kepler-1160 b,2.14,5.220000000000027,839.0,0.0754999999999999,0.0,5519.0,1.0,0.2641944
Kepler-1161 b,2.1300000000000003,5.180000000000007,485.0,0.07840000000000025,0.0,4253.0,1.0,0.28389141
Kepler-1162 b,2.2099999999999995,5.519999999999982,490.0,0.1900000000000004,0.0,5390.0,1.0,0.33660185
Kepler-1162 c,1.81,3.930000000000007,401.00000000000006,0.2831999999999999,0.0,5225.0,1.0,0.45695539
Kepler-1163 b,1.0300000000000002,1.079999999999984,1211.0,0.06867999999999963,0.0,6302.0,1.0,0.29547693
Kepler-1164 b,1.12,1.4599999999999795,936.0,0.046350000000000335,0.0,5183.0,1.0,0.2991129
Kepler-1165 b,1.5499999999999998,3.019999999999982,946.0,0.09139999999999926,0.0,6080.0,1.0,0.27986469
Kepler-1165 c,3.36093385,11.199999999999989,644.0,0.1969000000000003,0.0,6249.0,1.0,0.20926376
Kepler-1166 b,1.69,3.5,486.0,0.1974999999999998,0.0,5446.0,1.0,0.35959624
Kepler-1167 b,1.7099999999999995,3.569999999999993,1419.0,0.01750000000000007,0.0,4971.0,1.0,0.27046578
Kepler-1168 b,2.5,6.800000000000011,379.0,0.2663000000000002,0.0,5157.0,1.0,0.47139058
Kepler-1169 b,0.9400000000000004,0.7789999999999964,1125.0,0.06930999999999976,0.0,6191.0,1.0,0.29643133
Kepler-117 b,8.059,29.875,984.0,0.14449999999999985,0.0493,6150.0,1.0,0.11024957
Kepler-117 c,12.341,584.78,704.0,0.2804000000000002,0.0323,6150.0,1.0,0.095681682
Kepler-1170 b,2.4100000000000006,6.389999999999986,705.0,0.08800000000000008,0.0,5069.0,1.0,0.25644909
Kepler-1171 b,2.5599999999999996,7.079999999999984,2700.0,0.028400000000000425,0.0,7044.0,1.0,0.22812402
Kepler-1172 b,3.2,10.300000000000011,675.0,0.16800000000000015,0.0,5558.0,1.0,0.25052886
Kepler-1173 b,0.8899999999999997,0.6399999999999864,1650.0,0.01559999999999917,0.0,5252.0,1.0,0.29264349
Kepler-1174 b,1.5899999999999999,3.1499999999999773,1156.0,0.07319999999999993,0.0,5936.0,1.0,0.27683378
Kepler-1175 b,2.99,9.220000000000027,515.0,0.21809999999999974,0.0,5453.0,1.0,0.32648081
Kepler-1176 b,2.45,6.569999999999993,595.0,0.15890000000000004,0.0,5844.0,1.0,0.27448408
Kepler-1177 b,1.9,4.269999999999982,377.0,0.43010000000000037,0.0,5712.0,1.0,0.36364652
Kepler-1178 b,1.0700000000000003,1.240000000000009,378.0,0.1596000000000002,0.0,4990.0,1.0,0.35748142
Kepler-1179 b,1.3200000000000003,2.3000000000000114,1137.0,0.03497000000000039,0.0,5212.0,1.0,0.29084485
Kepler-118 b,1.96,4.5,784.0,0.0730000000000004,0.0,5274.0,1.0,0.27347748
Kepler-118 c,7.68,45.69999999999999,564.0,0.14100000000000001,0.0,5274.0,1.0,0.15751652
Kepler-1180 b,1.9899999999999998,4.6200000000000045,765.0,0.12460000000000004,0.0,6077.0,1.0,0.26306851
Kepler-1181 b,1.5700000000000003,3.089999999999975,1374.0,0.062100000000000044,0.0,6176.0,1.0,0.27750386
Kepler-1181 c,1.83,4.009999999999991,1124.0,0.09280000000000044,0.0,6688.0,1.0,0.26703843
Kepler-1182 b,2.4100000000000006,6.389999999999986,796.0,0.09809999999999963,0.0,5924.0,1.0,0.24176197
Kepler-1183 b,2.82,8.350000000000023,555.0,0.17929999999999957,0.0,5765.0,1.0,0.23908045
Kepler-1184 b,2.68,7.649999999999977,529.0,0.2862999999999998,0.0,5983.0,1.0,0.30641902
Kepler-1185 b,1.33,2.329999999999984,355.0,0.4297000000000004,0.0,5622.0,1.0,0.40875936
Kepler-1186 b,2.23,5.600000000000023,724.0,0.12809999999999988,0.0,5635.0,1.0,0.26177962
Kepler-1187 b,2.61,7.319999999999993,701.0,0.14010000000000034,0.0,5975.0,1.0,0.24398721
Kepler-1188 b,2.08,4.980000000000018,775.0,0.1349999999999998,0.0,5913.0,1.0,0.26033136
Kepler-1189 b,1.7700000000000005,3.7799999999999727,1158.0,0.04670000000000041,0.0,6012.0,1.0,0.26877991
Kepler-119 b,3.6000000000000005,12.600000000000023,1213.0,0.03500000000000014,0.0,5595.0,1.0,0.18939865
Kepler-119 c,0.9199999999999999,0.7210000000000036,1016.0,0.04900000000000038,0.0,5595.0,1.0,0.29596432
Kepler-1190 b,1.33,2.329999999999984,609.0,0.08450000000000024,0.0,4730.0,1.0,0.33716349
Kepler-1191 b,1.5099999999999998,2.8899999999999864,952.0,0.058699999999999974,0.0,5308.0,1.0,0.28643159
Kepler-1192 b,2.36,6.170000000000016,600.0,0.16929999999999978,0.0,5438.0,1.0,0.28547793
Kepler-1193 b,1.3200000000000003,2.3000000000000114,1453.0,0.040040000000001186,0.0,5908.0,1.0,0.28721182
Kepler-1194 b,1.5099999999999998,2.8899999999999864,676.0,0.12119999999999997,0.0,5590.0,1.0,0.30516993
Kepler-1195 b,2.08,4.980000000000018,702.0,0.07259999999999955,0.0,4965.0,1.0,0.27000848
Kepler-1196 b,2.23,5.600000000000023,436.00000000000006,0.31789999999999985,0.0,5756.0,1.0,0.37504574
Kepler-1197 b,1.25,2.1000000000000227,1011.0,0.028690000000000104,0.0,4708.0,1.0,0.29373927
Kepler-1198 b,1.4699999999999998,2.759999999999991,830.0,0.07319999999999993,0.0,5517.0,1.0,0.29278687
Kepler-1199 b,1.1499999999999995,1.6000000000000227,931.0,0.11308999999999969,0.0,5889.0,1.0,0.30324187
Kepler-12 b,19.660586,137.30256,1480.0,0.055299999999999905,0.0,5947.0,1.0,0.048309902
Kepler-120 b,2.15,8.5,575.0,0.054999999999999716,0.0,4096.0,1.0,0.26604279
Kepler-120 c,1.5300000000000002,2.9599999999999795,455.0,0.08800000000000008,0.0,4096.0,1.0,0.32660787
Kepler-1200 b,1.0599999999999996,1.1999999999999886,1174.0,0.018799999999999706,0.0,4612.0,1.0,0.29503059
Kepler-1201 b,2.29,5.860000000000014,789.0,0.11829999999999963,0.0,6177.0,1.0,0.25689505
Kepler-1202 b,2.94,8.95999999999998,547.0,0.17900000000000027,0.0,5834.0,1.0,0.26439228
Kepler-1203 b,1.0599999999999996,1.1999999999999886,1188.0,0.011400000000000077,0.0,4105.0,1.0,0.29390477
Kepler-1204 b,3.05,9.529999999999973,448.0,0.3876999999999997,0.0,5825.0,1.0,0.38527698
Kepler-1205 b,1.4100000000000001,2.569999999999993,1667.0,0.019599999999999618,0.0,5226.0,1.0,0.28413438
Kepler-1206 b,1.6400000000000001,3.329999999999984,1314.0,0.02010000000000023,0.0,4877.0,1.0,0.27472235
Kepler-1207 b,1.62,3.259999999999991,802.0,0.1155999999999997,0.0,5909.0,1.0,0.2775831
Kepler-1208 b,2.32,5.990000000000009,665.0,0.09009999999999874,0.0,5001.0,1.0,0.27594474
Kepler-1209 b,1.5099999999999998,2.8899999999999864,755.0,0.17515000000000036,0.0,6210.0,1.0,0.29852039
Kepler-121 b,2.34,6.079999999999984,997.0,0.0389999999999997,0.0,5311.0,1.0,0.24402339
Kepler-121 c,2.2700000000000005,5.769999999999982,424.99999999999994,0.2160000000000002,0.0,5311.0,1.0,0.39902458
Kepler-1210 b,1.6999999999999997,3.5299999999999727,856.0,0.07530000000000037,0.0,5568.0,1.0,0.28036227
Kepler-1211 b,2.55,7.0400000000000205,840.0,0.09762999999999966,0.0,5705.0,1.0,0.23759165
Kepler-1212 b,2.14,5.220000000000027,795.0,0.10820000000000007,0.0,6051.0,1.0,0.25723052
Kepler-1213 b,1.1900000000000004,1.8100000000000023,1156.0,0.060260000000000424,0.0,6050.0,1.0,0.29252119
Kepler-1214 b,2.36,6.170000000000016,591.0,0.1280000000000001,0.0,5130.0,1.0,0.29086736
Kepler-1215 b,1.2199999999999998,1.9800000000000182,1046.0,0.0528000000000004,0.0,5616.0,1.0,0.29536986
Kepler-1216 b,1.3899999999999997,2.509999999999991,1191.0,0.051899999999999835,0.0,5743.0,1.0,0.28671129
Kepler-1217 b,1.9899999999999998,4.6200000000000045,1542.0,0.032600000000000406,0.0,5905.0,1.0,0.25631313
Kepler-1218 b,1.4400000000000004,2.670000000000016,684.0,0.1569799999999999,0.0,5986.0,1.0,0.29608694
Kepler-1219 b,2.1200000000000006,5.139999999999986,1159.0,0.14146000000000036,0.0,5944.0,1.0,0.25187874
Kepler-122 b,2.34,6.079999999999984,1159.0,0.06400000000000006,0.0,6050.0,1.0,0.2409877
Kepler-122 c,5.87,29.0,897.0,0.10799999999999965,0.0,6050.0,1.0,0.14041729
Kepler-122 d,2.1999999999999997,5.480000000000018,747.0,0.15500000000000025,0.0,6050.0,1.0,0.26164961
Kepler-122 e,2.6,27.69999999999999,618.0,0.2270000000000003,0.0,6050.0,1.0,0.26083798
Kepler-122 f,1.75,36.0,543.0,0.28575000000000017,0.0,5917.0,1.0,0.32468002
Kepler-1220 b,1.52,2.920000000000016,899.0,0.07340000000000035,0.0,5842.0,1.0,0.28500328
Kepler-1221 b,1.88,4.189999999999998,632.0,0.09060000000000024,0.0,5194.0,1.0,0.28526323
Kepler-1222 b,0.79,0.41800000000000637,1246.0,0.02801000000000009,0.0,5239.0,1.0,0.29124289
Kepler-1223 b,1.2199999999999998,1.9800000000000182,557.0,0.11859999999999982,0.0,4870.0,1.0,0.3549864
Kepler-1224 b,1.33,2.329999999999984,872.0,0.11624999999999996,0.0,6155.0,1.0,0.29544816
Kepler-1225 b,1.8200000000000003,3.9700000000000273,1453.0,0.07709999999999972,0.0,6140.0,1.0,0.26734431
Kepler-1226 b,1.4500000000000002,2.6999999999999886,809.0,0.13945000000000007,0.0,5923.0,1.0,0.29224377
Kepler-1227 b,2.29,5.860000000000014,369.0,0.3855500000000003,0.0,5747.0,1.0,0.4862259
Kepler-1228 b,1.54,2.990000000000009,1757.0,0.011860000000000426,0.0,5063.0,1.0,0.27786521
Kepler-1229 b,1.3999999999999995,2.5400000000000205,212.0,0.3006000000000002,0.0,3784.0,1.0,0.62049439
Kepler-123 b,2.94,55.30000000000001,817.0,0.1349999999999998,0.0,6089.0,1.0,0.22074386
Kepler-123 c,1.4799999999999995,2.7900000000000205,706.0,0.18100000000000005,0.0,6089.0,1.0,0.29723615
Kepler-1230 b,2.7099999999999995,7.800000000000011,946.0,0.09210000000000029,0.0,5961.0,1.0,0.23006186
Kepler-1231 b,1.42,2.6000000000000227,870.0,0.09139999999999926,0.0,5778.0,1.0,0.29327341
Kepler-1232 b,1.9300000000000002,4.3799999999999955,523.0,0.16544999999999987,0.0,5471.0,1.0,0.33867423
Kepler-1233 b,2.6,7.269999999999982,604.0,0.2629999999999999,0.0,6198.0,1.0,0.27742958
Kepler-1234 b,2.81,8.300000000000011,625.0,0.09600000000000009,0.0,4967.0,1.0,0.24962748
Kepler-1235 b,0.79,0.41800000000000637,985.0,0.04835999999999974,0.0,5541.0,1.0,0.29287642
Kepler-1236 b,2.14,5.220000000000027,480.0,0.1802999999999999,0.0,5337.0,1.0,0.34276709
Kepler-1237 b,2.86,8.550000000000011,366.0,0.3777999999999997,0.0,5472.0,1.0,0.46181463
Kepler-1238 b,1.9300000000000002,4.3799999999999955,1389.0,0.05410000000000004,0.0,6386.0,1.0,0.25915582
Kepler-1239 b,2.9,8.75,1183.0,0.0625,0.0,6564.0,1.0,0.21521437
Kepler-124 b,0.7299999999999995,0.3149999999999977,892.0,0.0389999999999997,0.0,4984.0,1.0,0.29053401
Kepler-124 c,1.75,3.7099999999999795,560.0,0.09999999999999964,0.0,4984.0,1.0,0.30583655
Kepler-124 d,1.1100000000000003,1.410000000000025,428.0,0.16999999999999993,0.0,4984.0,1.0,0.40218939
Kepler-1240 b,1.1499999999999995,1.6000000000000227,1121.0,0.057909999999999684,0.0,5682.0,1.0,0.29378874
Kepler-1241 b,2.6300000000000003,7.410000000000025,612.0,0.13360000000000039,0.0,5261.0,1.0,0.27136807
Kepler-1242 b,2.26,5.730000000000018,639.0,0.10390000000000033,0.0,4895.0,1.0,0.28682505
Kepler-1243 b,1.75,3.7099999999999795,690.0,0.12560000000000038,0.0,5667.0,1.0,0.30372892
Kepler-1244 b,1.3500000000000005,2.3899999999999864,1839.0,0.050200000000000244,0.0,6680.0,1.0,0.28542111
Kepler-1245 b,1.4400000000000004,2.670000000000016,1043.0,0.0484,0.0,5306.0,1.0,0.28983589
Kepler-1245 c,1.4400000000000004,2.670000000000016,1190.0,0.037200000000000344,0.0,5306.0,1.0,0.28643207
Kepler-1246 b,1.3600000000000003,2.420000000000016,554.0,0.08480000000000043,0.0,4611.0,1.0,0.33630461
Kepler-1247 b,2.33,6.0400000000000205,676.0,0.10909999999999975,0.0,5303.0,1.0,0.27216382
Kepler-1248 b,1.1799999999999997,1.759999999999991,1035.0,0.08060000000000045,0.0,6149.0,1.0,0.29531984
Kepler-1249 b,2.38,6.259999999999991,647.0,0.16699999999999982,0.0,6202.0,1.0,0.24969638
Kepler-125 b,2.37,6.2099999999999795,590.0,0.04100000000000037,0.0,3810.0,1.0,0.28170932
Kepler-125 c,0.7400000000000002,0.3299999999999841,529.0,0.051000000000000156,0.0,3810.0,1.0,0.3583096
Kepler-1250 b,1.9200000000000004,4.350000000000023,1431.0,0.03929999999999989,0.0,5717.0,1.0,0.25957188
Kepler-1251 b,1.8399999999999999,4.0400000000000205,487.0,0.2477999999999998,0.0,5545.0,1.0,0.37071513
Kepler-1252 b,1.67,3.430000000000007,665.0,0.10780000000000012,0.0,5949.0,1.0,0.29212101
Kepler-1253 b,1.33,2.329999999999984,501.0,0.3144400000000003,0.0,5850.0,1.0,0.34524921
Kepler-1254 b,1.5499999999999998,3.019999999999982,660.0,0.08330000000000037,0.0,4985.0,1.0,0.31149161
Kepler-1254 c,1.2999999999999998,2.240000000000009,927.0,0.04220000000000024,0.0,4985.0,1.0,0.29616223
Kepler-1254 d,1.3099999999999996,2.269999999999982,794.0,0.05750000000000011,0.0,4985.0,1.0,0.30363689
Kepler-1255 b,2.32,5.990000000000009,694.0,0.2225999999999999,0.0,6018.0,1.0,0.2702955
Kepler-1256 b,1.4900000000000002,2.829999999999984,933.0,0.10733000000000015,0.0,6129.0,1.0,0.28515872
Kepler-1257 b,1.52,2.920000000000016,1252.0,0.0376000000000003,0.0,5502.0,1.0,0.28066864
Kepler-1258 b,0.8600000000000003,0.5659999999999741,2335.0,0.01823999999999959,0.0,5839.0,1.0,0.29135175
Kepler-1259 b,1.4299999999999997,2.6299999999999955,1681.0,0.014100000000000001,0.0,5053.0,1.0,0.28250351
Kepler-126 b,1.52,4.117261050000025,1009.0,0.0990000000000002,0.07,6239.0,1.0,0.28276133
Kepler-126 c,1.58,1.2794214799999963,790.0,0.16199999999999992,0.19,6239.0,1.0,0.28768302
Kepler-126 d,2.5,54.59018722999997,475.0,0.4480000000000004,0.020000000000000004,6239.0,1.0,0.31572306
Kepler-1260 b,1.7700000000000005,3.7799999999999727,823.0,0.14440000000000008,0.0,5961.0,1.0,0.27448804
Kepler-1261 b,2.26,5.730000000000018,396.0,0.23899999999999988,0.0,5006.0,1.0,0.44690761
Kepler-1262 b,1.8200000000000003,3.9700000000000273,949.0,0.08300000000000018,0.0,5771.0,1.0,0.27540765
Kepler-1263 b,1.1399999999999997,1.5500000000000114,907.0,0.049900000000000055,0.0,5213.0,1.0,0.30043861
Kepler-1264 b,1.1799999999999997,1.759999999999991,1677.0,0.01839000000000013,0.0,5791.0,1.0,0.29107028
Kepler-1265 b,1.3500000000000005,2.3899999999999864,732.0,0.061200000000000365,0.0,4630.0,1.0,0.31085675
Kepler-1266 b,2.58,7.180000000000007,489.0,0.1643100000000004,0.0,5044.0,1.0,0.33920975
Kepler-1266 c,1.68023962,3.4599999999999795,881.0,0.0506000000000002,0.0,4996.0,1.0,0.28292516
Kepler-1267 b,3.01,9.319999999999993,774.0,0.10569999999999968,0.0,6096.0,1.0,0.22287877
Kepler-1268 b,2.03,4.779999999999973,627.0,0.23829999999999973,0.0,5904.0,1.0,0.28656171
Kepler-1269 b,1.63,3.2900000000000205,657.0,0.23611000000000004,0.0,5998.0,1.0,0.29212664
Kepler-127 b,1.3999999999999995,2.5400000000000205,884.0,0.125,0.47,6106.0,1.0,0.29063469
Kepler-127 c,2.66,7.560000000000002,698.0,0.20000000000000018,0.03,6106.0,1.0,0.24337057
Kepler-127 d,2.64,7.4599999999999795,590.0,0.28000000000000025,0.03,6106.0,1.0,0.26263794
Kepler-1270 b,3.32,11.0,1598.0,0.07045000000000012,0.0,5047.0,1.0,0.19843598
Kepler-1271 b,1.4799999999999995,2.7900000000000205,1484.0,0.04232999999999976,0.0,6143.0,1.0,0.28123409
Kepler-1272 b,2.37,6.2099999999999795,542.0,0.2705000000000002,0.0,5926.0,1.0,0.27617091
Kepler-1273 b,2.49,6.759999999999991,573.0,0.18569999999999975,0.0,5566.0,1.0,0.31482909
Kepler-1274 b,1.42,2.6000000000000227,1384.0,0.0816100000000004,0.0,6179.0,1.0,0.28376262
Kepler-1275 b,1.4799999999999995,2.7900000000000205,1368.0,0.048799999999999955,0.0,6296.0,1.0,0.28136955
Kepler-1276 b,1.1900000000000004,1.8100000000000023,886.0,0.10862999999999978,0.0,6188.0,1.0,0.29992554
Kepler-1277 b,1.6,3.1899999999999977,496.0,0.2185699999999997,0.0,5578.0,1.0,0.37491732
Kepler-1278 b,1.0099999999999998,1.009999999999991,1213.0,0.044170000000000265,0.0,6074.0,1.0,0.29395257
Kepler-1279 b,1.75,3.7099999999999795,738.0,0.17849999999999966,0.0,6221.0,1.0,0.27440254
Kepler-128 b,1.4210000000000003,3.7900000000000205,968.0,0.12544999999999984,0.0,6072.0,1.0,0.28770814
Kepler-128 c,1.521,3.3799999999999955,843.0,0.16516999999999982,0.037,6072.0,1.0,0.29554578
Kepler-1280 b,1.87,4.160000000000025,757.0,0.33981999999999957,0.0,6227.0,1.0,0.30073909
Kepler-1281 b,1.6400000000000001,3.329999999999984,1123.0,0.04150000000000009,0.0,5353.0,1.0,0.27703195
Kepler-1282 b,1.5499999999999998,3.019999999999982,1418.0,0.033500000000000085,0.0,5504.0,1.0,0.27899293
Kepler-1283 b,1.9100000000000006,4.310000000000002,764.0,0.1062000000000003,0.0,6175.0,1.0,0.2609237
Kepler-1284 b,1.21,1.920000000000016,1703.0,0.014300000000000423,0.0,5123.0,1.0,0.29042258
Kepler-1285 b,0.9699999999999998,0.8709999999999809,874.0,0.12758000000000003,0.0,6170.0,1.0,0.30028264
Kepler-1286 b,2.15,5.269999999999982,888.0,0.09909999999999908,0.0,5753.0,1.0,0.25688133
Kepler-1287 b,1.54,2.990000000000009,796.0,0.09759999999999991,0.0,5715.0,1.0,0.29314158
Kepler-1288 b,1.12,1.4599999999999795,2017.0,0.041349999999999554,0.0,6132.0,1.0,0.293093
Kepler-1289 b,1.52,2.920000000000016,1113.0,0.07850000000000001,0.0,6080.0,1.0,0.28387449
Kepler-129 b,2.4,20.0,910.0,0.1299999999999999,0.009999999999999995,5770.0,1.0,0.24283618
Kepler-129 c,2.52,43.0,525.0,0.3899999999999997,0.2,5770.0,1.0,0.29249272
Kepler-129 d,12.6,2637.9757781,1164.166,4.0,0.15,5770.0,1.0,0.22192905
Kepler-1290 b,1.42,2.6000000000000227,1098.0,0.05569999999999986,0.0,5660.0,1.0,0.28600079
Kepler-1291 b,1.6600000000000001,3.3899999999999864,739.0,0.07789999999999964,0.0,5216.0,1.0,0.29541326
Kepler-1292 b,1.8200000000000003,3.9700000000000273,1195.0,0.044299999999999784,0.0,5556.0,1.0,0.2668834
Kepler-1293 b,0.9699999999999998,0.8709999999999809,1183.0,0.0676300000000003,0.0,6241.0,1.0,0.29433799
Kepler-1294 b,3.19,10.300000000000011,401.00000000000006,0.4683999999999999,0.0,5776.0,1.0,0.29661996
Kepler-1295 b,1.5499999999999998,3.019999999999982,1029.0,0.04640000000000022,0.0,5486.0,1.0,0.28231869
Kepler-1296 b,0.9100000000000001,0.6929999999999836,1285.0,0.0895999999999999,0.0,5359.0,1.0,0.29580277
Kepler-1297 b,0.9699999999999998,0.8709999999999809,1790.0,0.02829999999999977,0.0,5818.0,1.0,0.293376
Kepler-1298 b,1.3099999999999996,2.269999999999982,1373.0,0.08140000000000036,0.0,6339.0,1.0,0.28791529
Kepler-1299 b,2.98,9.170000000000016,588.0,0.13569999999999993,0.0,5609.0,1.0,0.23916407
Kepler-130 b,1.0200000000000005,1.0400000000000205,982.0,0.07899999999999974,0.15,5884.0,2.0,0.29836806
Kepler-130 c,2.9,8.75,683.0,0.17799999999999994,0.0,5879.0,2.0,0.2409035
Kepler-130 d,1.6400000000000001,3.329999999999984,450.99999999999994,0.3769999999999998,0.8,5884.0,2.0,0.34267269
Kepler-1300 b,1.37,2.4499999999999886,954.0,0.16005000000000003,0.0,6130.0,1.0,0.29311973
Kepler-1301 b,1.3999999999999995,2.5400000000000205,734.0,0.08150000000000013,0.0,5188.0,1.0,0.30338622
Kepler-1302 b,1.4299999999999997,2.6299999999999955,778.0,0.07950000000000035,0.0,5236.0,1.0,0.3072202
Kepler-1303 b,1.42,2.6000000000000227,891.0,0.07509999999999994,0.0,5771.0,1.0,0.29017208
Kepler-1304 b,2.29,5.860000000000014,715.0,0.12019999999999964,0.0,5259.0,1.0,0.24483184
Kepler-1305 b,1.88,4.189999999999998,733.0,0.1109,0.0,5701.0,1.0,0.27417976
Kepler-1306 b,1.9100000000000006,4.310000000000002,678.0,0.12300000000000022,0.0,5727.0,1.0,0.28229118
Kepler-1307 b,2.47,6.660000000000025,768.0,0.1368999999999998,0.0,5884.0,1.0,0.26986868
Kepler-1308 b,0.5200000000000005,0.09329999999999927,662.0,0.025000000000000355,0.0,3468.0,1.0,0.28473978
Kepler-1309 b,2.37,6.2099999999999795,491.0,0.16790000000000038,0.0,5235.0,1.0,0.36739767
Kepler-131 b,2.4100000000000006,16.129999999999995,718.0,0.12788999999999984,0.0,5685.0,1.0,0.25477149
Kepler-131 c,0.8399999999999999,8.25,615.0,0.17391000000000023,0.0,5685.0,1.0,0.32955091
Kepler-1310 b,1.4400000000000004,2.670000000000016,1883.0,0.014520000000000088,0.0,5549.0,1.0,0.28196248
Kepler-1311 b,1.2400000000000002,2.069999999999993,1019.0,0.10081999999999969,0.0,5748.0,1.0,0.29346979
Kepler-1311 c,1.2199999999999998,1.9800000000000182,1671.0,0.037530000000000285,0.0,5748.0,1.0,0.29007212
Kepler-1311 d,9.65837605,67.5,391.0,0.6843399999999997,0.0,5616.0,1.0,0.22476552
Kepler-1312 b,2.1,5.060000000000002,978.0,0.06052999999999997,0.0,5719.0,1.0,0.25575271
Kepler-1312 c,1.0273273400000003,1.0699999999999932,1659.0,0.02102999999999966,0.0,5721.0,1.0,0.29360591
Kepler-1313 b,1.7599999999999998,3.75,1012.0,0.046190000000000175,0.0,5453.0,1.0,0.27264358
Kepler-1314 b,5.11,22.899999999999977,625.0,0.05039999999999978,0.0,4188.0,1.0,0.32868495
Kepler-1315 b,1.38,2.480000000000018,1541.0,0.016169999999999796,0.0,4861.0,1.0,0.28551067
Kepler-1315 c,1.8439888299999994,4.060000000000002,777.0,0.06350000000000033,0.0,4818.0,1.0,0.28555683
Kepler-1316 b,3.54,12.300000000000011,446.0,0.3976499999999996,0.0,5884.0,1.0,0.28255134
Kepler-1317 b,1.5600000000000005,3.0500000000000114,1796.0,0.012800000000000367,0.0,5144.0,1.0,0.27675977
Kepler-1318 b,3.11,9.850000000000023,202.0,0.6085000000000003,0.0,4598.0,1.0,0.56816352
Kepler-1319 b,1.3399999999999999,2.3600000000000136,557.0,0.029600000000000293,0.33,3655.0,2.0,0.3178378
Kepler-132 b,1.21,1.920000000000016,1082.0,0.06699999999999928,0.0,6003.0,2.0,0.29358514
Kepler-132 c,1.2800000000000002,2.180000000000007,1069.0,0.06799999999999962,0.0,6003.0,2.0,0.2915624
Kepler-132 d,1.5499999999999998,3.019999999999982,758.0,0.13600000000000012,0.0,6003.0,2.0,0.29217742
Kepler-132 e,1.1799999999999997,1.759999999999991,414.0,0.4392699999999996,0.0,6023.0,2.0,0.43991948
Kepler-1320 b,1.6999999999999997,3.5299999999999727,1389.0,0.016300000000000203,0.0,4817.0,1.0,0.2714613
Kepler-1321 b,4.92,21.5,407.99999999999994,0.07810000000000006,0.0,4094.0,1.0,0.20135556
Kepler-1321 c,2.4,6.350000000000023,697.0,0.026699999999999946,0.0,4094.0,1.0,0.24203868
Kepler-1321 d,2.6284378199999994,7.410000000000025,509.0,0.05009999999999959,0.0,3640.0,1.0,0.24803949
Kepler-1322 b,1.6100000000000003,3.2200000000000273,1666.0,0.018299999999999983,0.0,5488.0,1.0,0.27441937
Kepler-1322 c,2.15492527,5.2900000000000205,883.0,0.06519999999999992,0.0,5704.0,1.0,0.25408089
Kepler-1323 b,1.52,2.920000000000016,2291.0,0.019110000000000404,0.0,6169.0,1.0,0.27825198
Kepler-1324 b,1.5099999999999998,2.8899999999999864,895.0,0.04659999999999975,0.0,4776.0,1.0,0.29246945
Kepler-1325 b,2.86,8.550000000000011,564.0,0.20040000000000013,0.0,5550.0,1.0,0.28070669
Kepler-1326 b,4.18,16.30000000000001,938.0,0.2743000000000002,0.0,6725.0,1.0,0.19671014
Kepler-1327 b,1.7999999999999998,3.8899999999999864,831.0,0.11151,0.0,5885.0,1.0,0.28196101
Kepler-1328 b,0.9799999999999995,0.9039999999999964,1214.0,0.0519999999999996,0.0,5780.0,1.0,0.2951943
Kepler-1329 b,2.17,5.350000000000023,577.0,0.0746999999999991,0.0,4500.0,1.0,0.28839783
Kepler-133 b,1.7599999999999998,3.75,1041.0,0.08300000000000018,0.0,5736.0,1.0,0.27021884
Kepler-133 c,2.8400000000000003,8.449999999999989,663.0,0.20399999999999974,0.0,5736.0,1.0,0.23616564
Kepler-1330 b,1.65,3.3600000000000136,879.0,0.08889999999999976,0.0,5608.0,1.0,0.27599043
Kepler-1331 b,1.0499999999999998,1.160000000000025,1244.0,0.014199999999999768,0.0,4508.0,1.0,0.29499103
Kepler-1332 b,1.37,2.4499999999999886,728.0,0.09914999999999985,0.0,5581.0,1.0,0.30269974
Kepler-1333 b,2.81,8.300000000000011,428.0,0.43820000000000014,0.0,5628.0,1.0,0.48974637
Kepler-1334 b,2.29,5.860000000000014,710.0,0.12289999999999957,0.0,5614.0,1.0,0.25883003
Kepler-1335 b,1.4500000000000002,2.6999999999999886,809.0,0.061499999999999666,0.0,4903.0,1.0,0.29968599
Kepler-1336 b,1.98,4.579999999999984,793.0,0.1584500000000002,0.0,5512.0,1.0,0.26846631
Kepler-1336 c,1.7099999999999995,3.569999999999993,1260.0,0.06271999999999966,0.0,5512.0,1.0,0.27109083
Kepler-1337 b,2.4100000000000006,6.389999999999986,437.0,0.14410000000000078,0.0,4523.0,1.0,0.36679631
Kepler-1338 b,0.9199999999999999,0.7210000000000036,2124.0,0.01937000000000033,0.0,5909.0,1.0,0.29257765
Kepler-1339 b,0.71,0.285000000000025,1642.0,0.023559999999999803,0.0,5586.0,1.0,0.2832918
Kepler-134 b,2.0,4.660000000000025,1105.0,0.05999999999999961,0.0,5983.0,1.0,0.25882662
Kepler-134 c,1.2599999999999998,2.1299999999999955,892.0,0.09199999999999964,0.0,5983.0,1.0,0.29848605
Kepler-1340 b,1.5499999999999998,3.019999999999982,2174.0,0.015229999999999855,0.0,6331.0,1.0,0.2768975
Kepler-1341 b,2.99,9.220000000000027,241.0,0.4726699999999999,0.0,4662.0,2.0,0.64441043
Kepler-1342 b,1.6600000000000001,3.3899999999999864,1283.0,0.031299999999999883,0.0,5527.0,1.0,0.27390024
Kepler-1343 b,1.9300000000000002,4.3799999999999955,1294.0,0.04490000000000016,0.0,5759.0,1.0,0.25986053
Kepler-1344 b,1.8399999999999999,4.0400000000000205,1219.0,0.055010000000000225,0.0,5981.0,1.0,0.26573015
Kepler-1345 b,2.36,6.170000000000016,693.0,0.26412000000000013,0.0,6449.0,1.0,0.25536954
Kepler-1346 b,1.58,3.1200000000000045,1236.0,0.043999999999999595,0.0,6133.0,1.0,0.27796093
Kepler-1347 b,1.0300000000000002,1.079999999999984,617.0,0.10400000000000009,0.0,5193.0,1.0,0.32922455
Kepler-1348 b,1.94,4.420000000000016,636.0,0.18339999999999979,0.0,5911.0,1.0,0.28531733
Kepler-1349 b,0.7000000000000002,0.271000000000015,1668.0,0.03420999999999985,0.0,6086.0,1.0,0.28270206
Kepler-135 b,1.81,3.930000000000007,1209.0,0.06699999999999928,0.0,6090.0,1.0,0.26627266
Kepler-135 c,1.1600000000000001,1.6499999999999773,975.0,0.10299999999999976,0.0,6090.0,1.0,0.29626911
Kepler-1350 b,2.52,6.899999999999977,535.0,0.04130000000000056,0.0,3827.0,1.0,0.27071063
Kepler-1350 c,1.73,3.6399999999999864,730.0,0.022199999999999775,0.0,3827.0,1.0,0.28083946
Kepler-1351 b,0.6500000000000004,0.20800000000002683,1212.0,0.01559999999999917,0.0,4439.0,1.0,0.28038958
Kepler-1352 b,0.8899999999999997,0.6399999999999864,1701.0,0.028830000000000133,0.0,6118.0,1.0,0.29238975
Kepler-1353 b,1.7999999999999998,3.8899999999999864,491.0,0.15299999999999958,0.0,4776.0,1.0,0.3832859
Kepler-1354 b,2.97,9.110000000000014,466.0,0.3521000000000001,0.0,6168.0,1.0,0.28347339
Kepler-1355 b,1.46,2.730000000000018,1448.0,0.022400000000000198,0.0,5352.0,1.0,0.28212328
Kepler-1356 b,1.5300000000000002,2.9599999999999795,1714.0,0.013600000000000279,0.0,5106.0,1.0,0.27832777
Kepler-1357 b,1.2800000000000002,2.180000000000007,1177.0,0.04100000000000037,0.0,5597.0,1.0,0.2908756
Kepler-1358 b,1.12,1.4599999999999795,827.0,0.06559999999999988,0.0,5181.0,1.0,0.30731392
Kepler-1359 b,2.83,8.399999999999977,369.0,0.26656999999999975,0.0,4709.0,1.0,0.54595901
Kepler-136 b,2.05,19.80000000000001,951.0,0.10599999999999987,0.0,6165.0,2.0,0.25726895
Kepler-136 c,1.9899999999999998,4.6200000000000045,847.0,0.133,0.0,6165.0,2.0,0.26319034
Kepler-1360 b,3.4,11.5,933.0,0.28659999999999997,0.0,6778.0,1.0,0.20657406
Kepler-1361 b,0.8600000000000003,0.5659999999999741,1061.0,0.04304000000000041,0.0,5131.0,1.0,0.29802205
Kepler-1362 b,2.6,7.269999999999982,248.0,0.4626000000000001,0.0,4857.0,1.0,0.68082872
Kepler-1363 b,1.25,2.1000000000000227,988.0,0.03629999999999978,0.0,4839.0,1.0,0.29632611
Kepler-1364 b,2.15,5.269999999999982,1299.0,0.12840000000000007,0.0,6805.0,1.0,0.25076931
Kepler-1365 b,0.9199999999999999,0.7210000000000036,969.0,0.07838999999999974,0.0,5770.0,1.0,0.29526055
Kepler-1365 c,0.7999999999999998,0.4370000000000118,1137.0,0.057010000000000005,0.0,5770.0,1.0,0.29010907
Kepler-1366 b,1.4299999999999997,2.6299999999999955,783.0,0.027300000000000324,0.0,4070.0,1.0,0.29211366
Kepler-1367 b,0.9199999999999999,0.7210000000000036,998.0,0.023600000000000065,0.0,4106.0,1.0,0.29857504
Kepler-1368 b,1.65,3.3600000000000136,2085.0,0.01529999999999987,0.0,5906.0,1.0,0.27221863
Kepler-1369 b,2.69,7.699999999999989,667.0,0.17410000000000014,0.0,5761.0,1.0,0.26072868
Kepler-137 b,1.4699999999999998,2.759999999999991,742.0,0.07699999999999996,0.0,5187.0,1.0,0.29614904
Kepler-137 c,1.88,4.189999999999998,568.0,0.1299999999999999,0.0,5187.0,1.0,0.30383313
Kepler-1370 b,1.8399999999999999,4.0400000000000205,770.0,0.15763000000000016,0.0,6202.0,1.0,0.27308178
Kepler-1370 c,1.2700000000000005,2.1499999999999773,1075.0,0.08084000000000024,0.0,6202.0,1.0,0.29078074
Kepler-1371 b,0.7299999999999995,0.3149999999999977,1015.0,0.042139999999999844,0.0,5361.0,1.0,0.28772951
Kepler-1371 c,0.6399999999999997,0.19600000000002638,1216.0,0.029370000000000118,0.0,5361.0,1.0,0.2776915
Kepler-1372 b,1.2700000000000005,2.1499999999999773,1655.0,0.02400000000000002,0.0,5677.0,1.0,0.28869534
Kepler-1373 b,1.1600000000000001,1.6499999999999773,1887.0,0.02597999999999967,0.0,6299.0,1.0,0.29109492
Kepler-1374 b,2.29,5.860000000000014,737.0,0.0918000000000001,0.0,5323.0,1.0,0.26580437
Kepler-1375 b,1.7400000000000002,3.680000000000007,1543.0,0.047100000000000364,0.0,6704.0,1.0,0.26801524
Kepler-1376 b,1.0499999999999998,1.160000000000025,1042.0,0.059800000000000075,0.0,5659.0,1.0,0.29861167
Kepler-1377 b,1.25,2.1000000000000227,1873.0,0.01529999999999987,0.0,5218.0,1.0,0.28918746
Kepler-1378 b,2.1999999999999997,5.480000000000018,525.0,0.0884999999999998,0.0,4407.0,1.0,0.32223956
Kepler-1379 b,1.2999999999999998,2.240000000000009,1564.0,0.017100000000000115,0.0,5188.0,1.0,0.28793989
Kepler-138 b,0.6399999999999997,0.06999999999999318,452.00000000000006,0.07530000000000037,0.020000000000000004,3841.0,1.0,0.40243559
Kepler-138 c,1.5099999999999998,2.3000000000000114,410.00000000000006,0.09130000000000038,0.017,3841.0,1.0,0.45682631
Kepler-138 d,1.5099999999999998,2.1000000000000227,345.0,0.12880000000000003,0.009999999999999995,3841.0,1.0,0.59017988
Kepler-138 e,0.7969999999999997,0.4300000000000068,292.0,0.1802999999999999,0.112,3841.0,1.0,0.79424968
Kepler-1380 b,1.4299999999999997,2.6299999999999955,786.0,0.09170000000000034,0.0,5570.0,1.0,0.28583686
Kepler-1381 b,2.25,5.689999999999998,649.0,0.17279999999999962,0.0,5747.0,1.0,0.29179618
Kepler-1382 b,1.88,4.189999999999998,959.0,0.14022999999999897,0.0,6161.0,1.0,0.26772251
Kepler-1383 b,1.4100000000000001,2.569999999999993,928.0,0.11397000000000013,0.0,6370.0,1.0,0.28795357
Kepler-1384 b,1.94,4.420000000000016,608.0,0.11259999999999959,0.0,4919.0,1.0,0.31399112
Kepler-1385 b,0.8499999999999996,0.5430000000000064,1423.0,0.04262000000000121,0.0,5732.0,1.0,0.29143357
Kepler-1386 b,1.2400000000000002,2.069999999999993,1011.0,0.06799999999999962,0.0,5733.0,1.0,0.29518587
Kepler-1387 b,0.9299999999999997,0.7490000000000236,1123.0,0.030999999999998806,0.0,5046.0,1.0,0.29734233
Kepler-1388 b,2.59,7.220000000000027,433.99999999999994,0.08819999999999961,0.0,4098.0,1.0,0.34164524
Kepler-1388 c,2.26,5.730000000000018,566.0,0.051899999999999835,0.0,4098.0,1.0,0.28565775
Kepler-1388 d,2.86,8.550000000000011,363.0,0.12600000000000033,0.0,4098.0,1.0,0.42081765
Kepler-1388 e,2.46,6.6200000000000045,299.0,0.1860999999999997,0.0,4098.0,1.0,0.59565828
Kepler-1389 b,1.7700000000000005,3.7799999999999727,300.0,0.3824899999999998,0.0,5078.0,1.0,0.69876202
Kepler-139 b,2.94,7.0,752.0,0.12699999999999978,0.0,5594.0,1.0,0.23118582
Kepler-139 c,3.38,13.0,350.0,0.5860000000000003,0.0,5594.0,1.0,0.47658546
Kepler-139 d,1.6950000000000003,2.0,972.0,0.07555339610000011,0.0,5622.0,1.0,0.27724912
Kepler-139 e,13.7,378.0,1158.8,3.23579639,0.013121,5622.0,1.0,0.15673558
Kepler-1390 b,1.1799999999999997,1.759999999999991,934.0,0.06620000000000026,0.0,5753.0,1.0,0.29821997
Kepler-1391 b,1.6799999999999997,3.4599999999999795,513.0,0.30044999999999966,0.0,5840.0,1.0,0.30760627
Kepler-1392 b,1.96,4.5,714.0,0.1189,0.0,5479.0,1.0,0.28817079
Kepler-1393 b,0.7999999999999998,0.4370000000000118,1249.0,0.03369999999999962,0.0,5697.0,1.0,0.28966833
Kepler-1394 b,1.3899999999999997,2.509999999999991,1947.0,0.05473999999999979,0.0,6481.0,1.0,0.28420479
Kepler-1395 b,0.7999999999999998,0.4370000000000118,1311.0,0.049739999999999895,0.0,6138.0,1.0,0.29035201
Kepler-1396 b,2.0699999999999994,4.939999999999998,786.0,0.14060000000000006,0.0,6195.0,1.0,0.26745611
Kepler-1397 b,1.7199999999999993,3.6100000000000136,551.0,0.25861,0.0,6026.0,1.0,0.29184427
Kepler-1398 b,0.9000000000000004,0.6659999999999968,1510.0,0.03908999999999985,0.0,6126.0,1.0,0.29297174
Kepler-1398 c,1.0300000000000002,1.079999999999984,1324.0,0.05086999999999975,0.0,6126.0,1.0,0.29460686
Kepler-1399 b,1.25,2.1000000000000227,1610.0,0.027599999999999625,0.0,5735.0,1.0,0.28958731
Kepler-14 b,12.733,2669.66,1605.0,0.07709999999999972,0.035,6395.0,2.0,0.07097567
Kepler-140 b,1.6100000000000003,3.2200000000000273,1301.0,0.04499999999999993,0.0,6077.0,1.0,0.2754004
Kepler-140 c,1.7999999999999998,3.8899999999999864,428.0,0.4139999999999997,0.0,6077.0,1.0,0.38294512
Kepler-1400 b,1.62,3.259999999999991,725.0,0.07709999999999972,0.0,5044.0,1.0,0.3036056
Kepler-1401 b,1.6799999999999997,3.4599999999999795,808.0,0.09750000000000014,0.0,5964.0,1.0,0.27985821
Kepler-1402 b,0.7599999999999998,0.36299999999999955,1789.0,0.03219999999999956,0.0,5416.0,1.0,0.28686685
Kepler-1403 b,2.14,5.220000000000027,1238.0,0.06400000000000006,0.0,6060.0,1.0,0.25004075
Kepler-1404 b,2.01,4.699999999999989,596.0,0.11430000000000007,0.0,5261.0,1.0,0.29386246
Kepler-1405 b,3.96,14.899999999999977,565.0,0.1778000000000004,0.0,5925.0,1.0,0.21169622
Kepler-1406 b,1.1000000000000005,1.3700000000000045,854.0,0.09870000000000001,0.0,5892.0,1.0,0.3021049
Kepler-1407 b,2.25,5.689999999999998,826.0,0.1501999999999999,0.0,6010.0,1.0,0.25813525
Kepler-1408 b,0.8899999999999997,0.6399999999999864,1616.0,0.042180000000000106,0.0,6170.0,1.0,0.2923686
Kepler-1409 b,1.04,1.1200000000000045,1733.0,0.015530000000000044,0.0,5160.0,1.0,0.29362
Kepler-141 b,0.6900000000000004,0.257000000000005,968.0,0.0389999999999997,0.0,4910.0,1.0,0.28697797
Kepler-141 c,1.4100000000000001,2.569999999999993,738.0,0.06699999999999928,0.0,4910.0,1.0,0.29998811
Kepler-1410 b,1.7800000000000002,3.819999999999993,290.0,0.25429999999999975,0.0,4092.0,1.0,0.79997417
Kepler-1411 b,2.82,8.350000000000023,441.0,0.4001000000000001,0.0,5664.0,1.0,0.37426301
Kepler-1412 b,0.8300000000000001,0.49799999999999045,1397.0,0.0460799999999999,0.0,5880.0,1.0,0.29108657
Kepler-1413 b,1.8200000000000003,3.9700000000000273,661.0,0.10660000000000025,0.0,5196.0,1.0,0.30045745
Kepler-1414 b,1.2299999999999995,2.0400000000000205,1033.0,0.04260000000000108,0.0,4951.0,1.0,0.29653356
Kepler-1415 b,1.29,2.2099999999999795,1846.0,0.014160000000000394,0.0,5267.0,1.0,0.28782206
Kepler-1416 b,0.8799999999999999,0.6150000000000091,1870.0,0.025699999999999612,0.0,6019.0,1.0,0.29193879
Kepler-1417 b,1.0,0.97199999999998,695.0,0.1406200000000002,0.0,5839.0,1.0,0.30446041
Kepler-1418 b,1.6600000000000001,3.3899999999999864,419.00000000000006,0.13100000000000023,0.0,4770.0,1.0,0.36190761
Kepler-1419 b,2.86,8.550000000000011,510.0,0.23909999999999965,0.0,5796.0,1.0,0.27730449
Kepler-142 b,1.9899999999999998,4.6200000000000045,1597.0,0.03200000000000003,0.0,5790.0,1.0,0.25621469
Kepler-142 c,2.86,8.550000000000011,1201.0,0.057000000000000384,0.0,5790.0,1.0,0.21830713
Kepler-142 d,2.16,5.310000000000002,582.0,0.242,0.0,5790.0,1.0,0.3045392
Kepler-1420 b,1.2800000000000002,2.180000000000007,806.0,0.06709999999999994,0.0,5187.0,1.0,0.29827988
Kepler-1421 b,0.9299999999999997,0.7490000000000236,1209.0,0.07575999999999983,0.0,6335.0,1.0,0.29449132
Kepler-1422 b,2.02,4.740000000000009,833.0,0.1498999999999997,0.0,6194.0,1.0,0.26431269
Kepler-1423 b,1.0599999999999996,1.1999999999999886,741.0,0.15859999999999985,0.0,4939.0,1.0,0.40127546
Kepler-1424 b,1.1600000000000001,1.6499999999999773,629.0,0.1906800000000004,0.0,5838.0,1.0,0.31664746
Kepler-1425 b,0.9400000000000004,0.7789999999999964,676.0,0.11434999999999995,0.0,5718.0,1.0,0.29862016
Kepler-1426 b,1.5600000000000005,3.0500000000000114,797.0,0.11869999999999958,0.0,5831.0,1.0,0.2938901
Kepler-1427 b,1.1000000000000005,1.3700000000000045,1844.0,0.019700000000000273,0.0,5793.0,1.0,0.29262017
Kepler-1428 b,1.6400000000000001,3.329999999999984,1049.0,0.11050999999999966,0.0,6184.0,1.0,0.27416284
Kepler-1429 b,1.29,2.2099999999999795,1199.0,0.054999999999999716,0.0,5902.0,1.0,0.2903277
Kepler-143 b,2.4100000000000006,6.389999999999986,838.0,0.12699999999999978,0.0,5848.0,1.0,0.24544047
Kepler-143 c,3.37,11.300000000000011,703.0,0.18100000000000005,0.0,5848.0,1.0,0.21587692
Kepler-1430 b,1.1799999999999997,1.759999999999991,969.0,0.030400000000000205,0.0,4796.0,1.0,0.29896212
Kepler-1431 b,1.4699999999999998,2.759999999999991,1064.0,0.06479999999999997,0.0,5806.0,1.0,0.28353123
Kepler-1432 b,2.22,5.560000000000002,709.0,0.16959999999999997,0.0,6031.0,1.0,0.25721529
Kepler-1433 b,1.5600000000000005,3.0500000000000114,1226.0,0.051599999999999646,0.0,6097.0,1.0,0.27825244
Kepler-1434 b,1.1100000000000003,1.410000000000025,1320.0,0.09170000000000034,0.0,6291.0,1.0,0.29348224
Kepler-1435 b,0.8600000000000003,0.5659999999999741,1331.0,0.054560000000000386,0.0,6356.0,1.0,0.29232269
Kepler-1436 b,1.3099999999999996,2.269999999999982,1001.0,0.0907,0.0,5972.0,1.0,0.28837523
Kepler-1437 b,1.37,2.4499999999999886,770.0,0.0951000000000004,0.0,5557.0,1.0,0.29040526
Kepler-1438 b,0.9400000000000004,0.7789999999999964,1490.0,0.034600000000000186,0.0,5530.0,1.0,0.29382883
Kepler-1439 b,1.46,2.730000000000018,420.0,0.05940000000000012,0.0,3578.0,1.0,0.43269579
Kepler-144 b,1.33,2.329999999999984,1253.0,0.06599999999999984,0.0,6075.0,1.0,0.28901536
Kepler-144 c,1.3500000000000005,2.3899999999999864,1046.0,0.0940000000000012,0.0,6075.0,1.0,0.29152006
Kepler-1440 b,1.2599999999999998,2.1299999999999955,597.0,0.2343099999999998,0.0,5698.0,1.0,0.3180686
Kepler-1441 b,1.3099999999999996,2.269999999999982,682.0,0.23460000000000036,0.0,5802.0,1.0,0.32211136
Kepler-1442 b,3.93,14.699999999999989,522.0,0.4081400000000004,0.0,6394.0,1.0,0.21976445
Kepler-1443 b,0.9699999999999998,0.8709999999999809,1602.0,0.037829999999999586,0.0,6289.0,1.0,0.29333726
Kepler-1444 b,2.18,5.389999999999986,581.0,0.20906000000000002,0.0,5810.0,1.0,0.29492493
Kepler-1445 b,0.96,0.839999999999975,987.0,0.09586999999999968,0.0,6150.0,1.0,0.29853042
Kepler-1446 b,0.8200000000000003,0.47699999999997544,1539.0,0.014050000000000118,0.0,4865.0,1.0,0.29069494
Kepler-1447 b,2.9,8.75,522.0,0.28359999999999985,0.0,5722.0,1.0,0.31505586
Kepler-1448 b,1.6100000000000003,3.2200000000000273,811.0,0.10580000000000034,0.0,5774.0,1.0,0.29166057
Kepler-1449 b,1.6799999999999997,3.4599999999999795,867.0,0.11760000000000037,0.0,5979.0,1.0,0.27633198
Kepler-145 b,2.65,37.10000000000002,873.0,0.17307999999999968,0.43,6022.0,1.0,0.23102614
Kepler-145 c,4.32,79.39999999999998,709.0,0.2624399999999998,0.11,6022.0,1.0,0.18288554
Kepler-1450 b,1.7099999999999995,3.569999999999993,308.0,0.24009999999999998,0.0,4524.0,1.0,0.60405196
Kepler-1451 b,3.35,11.199999999999989,523.0,0.21009999999999973,0.0,5782.0,1.0,0.26365515
Kepler-1452 b,2.6999999999999997,7.75,810.0,0.2576400000000003,0.0,6101.0,1.0,0.23931307
Kepler-1453 b,2.67,7.610000000000014,503.0,0.26200000000000045,0.0,5665.0,1.0,0.33261197
Kepler-1454 b,1.88,4.189999999999998,492.0,0.24469999999999992,0.0,5448.0,1.0,0.39080803
Kepler-1455 b,2.16,5.310000000000002,298.0,0.2149000000000001,0.0,4075.0,1.0,0.69727869
Kepler-1456 b,1.1399999999999997,1.5500000000000114,432.99999999999994,0.11319999999999997,0.0,4231.0,1.0,0.43805432
Kepler-1457 b,1.9899999999999998,4.6200000000000045,478.0,0.2639100000000001,0.0,5866.0,1.0,0.31072113
Kepler-1458 b,2.76,8.050000000000011,493.0,0.24868999999999986,0.0,5653.0,1.0,0.34168865
Kepler-1459 b,1.3600000000000003,2.420000000000016,349.0,0.2828999999999997,0.0,4828.0,1.0,0.57680628
Kepler-146 b,3.71,13.300000000000011,639.0,0.20000000000000018,0.0,5948.0,1.0,0.21786619
Kepler-146 c,3.13,9.95999999999998,473.0,0.3639999999999999,0.0,5948.0,1.0,0.31036965
Kepler-1460 b,1.96,4.5,391.0,0.16140000000000043,0.0,4422.0,1.0,0.45947466
Kepler-1461 b,2.03,4.779999999999973,450.99999999999994,0.17149999999999999,0.0,4919.0,1.0,0.40476121
Kepler-1462 b,3.82,14.0,390.0,0.3094000000000001,0.0,5756.0,1.0,0.37077781
Kepler-1463 b,1.8600000000000003,4.1200000000000045,619.0,0.16939999999999955,0.0,5679.0,1.0,0.29228729
Kepler-1464 b,1.6600000000000001,3.3899999999999864,564.0,0.20066000000000006,0.0,5828.0,1.0,0.28782086
Kepler-1464 c,1.0,0.97199999999998,1023.0,0.061009999999999565,0.0,5828.0,1.0,0.29446936
Kepler-1465 b,1.7700000000000005,3.7799999999999727,668.0,0.19390000000000018,0.0,4726.0,1.0,0.46000402
Kepler-1466 b,1.5499999999999998,3.019999999999982,585.0,0.1798099999999998,0.0,5884.0,1.0,0.32940514
Kepler-1467 b,3.3,10.899999999999977,411.0,0.23880000000000035,0.0,5332.0,1.0,0.33524157
Kepler-1468 b,1.73,3.6399999999999864,1093.0,0.08169999999999966,0.0,5893.0,1.0,0.27072925
Kepler-1468 c,1.1499999999999995,1.6000000000000227,1448.0,0.04659999999999975,0.0,5893.0,1.0,0.29207587
Kepler-1468 d,3.33187146,11.100000000000023,819.0,0.14559999999999995,0.0,5794.0,1.0,0.20466086
Kepler-1469 b,2.8,8.25,551.0,0.14660000000000029,0.0,5507.0,1.0,0.26681543
Kepler-147 b,1.5300000000000002,2.9599999999999795,953.0,0.11300000000000043,0.0,6012.0,1.0,0.28412375
Kepler-147 c,2.43,6.480000000000018,689.0,0.2160000000000002,0.0,6012.0,1.0,0.25623576
Kepler-1470 b,1.0700000000000003,1.240000000000009,574.0,0.11599999999999966,0.0,4961.0,1.0,0.34841669
Kepler-1471 b,1.4100000000000001,2.569999999999993,1238.0,0.04530000000000012,0.0,5660.0,1.0,0.28724244
Kepler-1471 c,1.88,4.189999999999998,841.0,0.09809999999999963,0.0,5533.0,1.0,0.2808665
Kepler-1472 b,1.9,4.269999999999982,613.0,0.23219999999999974,0.0,6159.0,1.0,0.2867047
Kepler-1473 b,1.1900000000000004,1.8100000000000023,783.0,0.11606000000000005,0.0,6046.0,1.0,0.30226112
Kepler-1474 b,2.16,5.310000000000002,561.0,0.21079999999999988,0.0,5870.0,1.0,0.29946645
Kepler-1475 b,2.92,8.850000000000023,441.0,0.3730000000000002,0.0,6214.0,1.0,0.3025657
Kepler-1476 b,1.67,3.430000000000007,860.0,0.0932000000000004,0.0,5663.0,1.0,0.29148833
Kepler-1477 b,1.1799999999999997,1.759999999999991,674.0,0.09109999999999996,0.0,5100.0,1.0,0.30861761
Kepler-1478 b,1.73,3.6399999999999864,598.0,0.16809999999999992,0.0,5904.0,1.0,0.28693793
Kepler-1479 b,1.83,4.009999999999991,746.0,0.11341000000000001,0.0,5796.0,1.0,0.27633997
Kepler-148 b,1.7999999999999998,3.8899999999999864,1284.0,0.02799999999999958,0.0,5272.0,1.0,0.26716771
Kepler-148 c,3.6000000000000005,12.600000000000023,957.0,0.04999999999999982,0.0,5272.0,1.0,0.19513816
Kepler-148 d,8.68,56.30000000000001,413.0,0.26069999999999993,0.0,5172.0,1.0,0.24338113
Kepler-1480 b,1.67,3.430000000000007,721.0,0.15249999999999986,0.0,5156.0,2.0,0.3548187
Kepler-1481 b,1.2299999999999995,2.0400000000000205,797.0,0.05900000000000016,0.0,4908.0,1.0,0.30780844
Kepler-1482 b,1.0099999999999998,1.009999999999991,678.0,0.09968000000000021,0.0,5381.0,1.0,0.31033882
Kepler-1483 b,1.52,2.920000000000016,1131.0,0.09579999999999966,0.0,6337.0,1.0,0.28310702
Kepler-1484 b,2.11,5.100000000000023,624.0,0.19390000000000018,0.0,5730.0,1.0,0.25716147
Kepler-1485 b,1.4699999999999998,2.759999999999991,728.0,0.14731999999999967,0.0,6087.0,1.0,0.29571529
Kepler-1486 b,2.32,5.990000000000009,538.0,0.2846000000000002,0.0,5965.0,1.0,0.28869935
Kepler-1487 b,2.1300000000000003,5.180000000000007,1682.0,0.08980000000000032,0.0,6541.0,1.0,0.2511905
Kepler-1487 c,7.97,48.69999999999999,991.0,0.2587999999999999,0.0,5745.0,1.0,0.12473778
Kepler-1488 b,1.8600000000000003,4.1200000000000045,650.0,0.24153000000000002,0.0,5820.0,1.0,0.27965379
Kepler-1488 c,1.6515674899999997,3.3700000000000045,1212.0,0.06958999999999982,0.0,5710.0,1.0,0.27337393
Kepler-1489 b,1.7700000000000005,3.7799999999999727,400.00000000000006,0.36789999999999967,0.0,5655.0,1.0,0.37302953
Kepler-149 b,4.21,16.5,540.0,0.18400000000000016,0.0,5381.0,1.0,0.22014215
Kepler-149 c,1.6100000000000003,3.2200000000000273,436.00000000000006,0.2809999999999997,0.0,5381.0,1.0,0.40262899
Kepler-149 d,3.96,14.899999999999977,306.0,0.5709999999999997,0.0,5381.0,1.0,0.49208918
Kepler-1490 b,3.04,9.480000000000018,348.0,0.37289999999999957,0.0,5515.0,1.0,0.47175296
Kepler-1491 b,1.5099999999999998,2.8899999999999864,821.0,0.12699999999999978,0.0,5728.0,1.0,0.28824226
Kepler-1491 c,2.44,6.529999999999973,530.0,0.3045,0.0,5626.0,1.0,0.28442707
Kepler-1492 b,1.4900000000000002,2.829999999999984,801.0,0.12619999999999987,0.0,4712.0,1.0,0.39393648
Kepler-1493 b,1.4100000000000001,2.569999999999993,874.0,0.11969999999999992,0.0,5863.0,1.0,0.29390001
Kepler-1494 b,3.07,9.639999999999986,415.0,0.3982000000000001,0.0,5659.0,1.0,0.34954847
Kepler-1495 b,2.94,8.95999999999998,442.99999999999994,0.36770000000000014,0.0,5831.0,1.0,0.34428476
Kepler-1496 b,2.22,5.560000000000002,535.0,0.3211000000000004,0.0,6182.0,1.0,0.30782529
Kepler-1497 b,1.6600000000000001,3.3899999999999864,924.0,0.08169999999999966,0.0,5675.0,1.0,0.28220129
Kepler-1498 b,1.33,2.329999999999984,564.0,0.2527999999999997,0.0,5256.0,1.0,0.40550892
Kepler-1499 b,1.1900000000000004,1.8100000000000023,409.00000000000006,0.23224999999999962,0.0,5097.0,1.0,0.46344906
Kepler-15 b,10.76,209.76,1251.0,0.05714000000000041,0.06,5515.0,1.0,0.08540029
Kepler-150 b,1.25,2.1000000000000227,1131.0,0.043999999999999595,0.0,5560.0,1.0,0.29247296
Kepler-150 c,3.69,13.199999999999989,876.0,0.0730000000000004,0.0,5560.0,1.0,0.19422048
Kepler-150 d,2.79,8.199999999999989,734.0,0.10400000000000009,0.0,5560.0,1.0,0.23766723
Kepler-150 e,3.12,9.910000000000025,544.0,0.18900000000000006,0.0,5560.0,1.0,0.26595668
Kepler-150 f,3.6399999999999997,12.899999999999977,710.458,1.2400000000000002,0.088,5528.0,1.0,0.51606389
Kepler-1500 b,1.2000000000000002,1.8700000000000045,928.0,0.12359999999999971,0.0,5845.0,1.0,0.30130725
Kepler-1501 b,1.5600000000000005,3.0500000000000114,787.0,0.11592000000000002,0.0,6229.0,1.0,0.28912906
Kepler-1502 b,3.18,10.199999999999989,608.0,0.24819999999999975,0.0,6666.0,1.0,0.21630984
Kepler-1503 b,2.2700000000000005,5.769999999999982,321.0,0.37710000000000043,0.0,5069.0,1.0,0.45283019
Kepler-1504 b,2.1300000000000003,5.180000000000007,485.0,0.37040000000000006,0.0,5393.0,1.0,0.30724283
Kepler-1505 b,0.9299999999999997,0.7490000000000236,525.0,0.1829799999999997,0.0,5686.0,1.0,0.32636108
Kepler-1506 b,1.3200000000000003,2.3000000000000114,783.0,0.11679999999999957,0.0,5676.0,1.0,0.29332794
Kepler-1507 b,0.8399999999999999,0.5199999999999818,630.0,0.11946000000000012,0.0,5410.0,1.0,0.33404524
Kepler-1508 b,1.33,2.329999999999984,967.0,0.1628999999999996,0.0,6158.0,1.0,0.29654282
Kepler-1509 b,1.8499999999999996,4.079999999999984,667.0,0.17070000000000007,0.0,5780.0,1.0,0.27767549
Kepler-151 b,3.06,9.589999999999975,639.0,0.11599999999999966,0.0,5460.0,1.0,0.24244914
Kepler-151 c,2.09,5.019999999999982,544.0,0.16000000000000014,0.0,5460.0,1.0,0.31955641
Kepler-1510 b,3.36,11.199999999999989,537.0,0.40890000000000004,0.0,6200.0,1.0,0.2761667
Kepler-1511 b,1.6799999999999997,3.4599999999999795,903.0,0.1753,0.0,6064.0,1.0,0.27657468
Kepler-1512 b,1.1799999999999997,1.759999999999991,322.0,0.13692999999999955,0.0,4372.0,1.0,0.81184745
Kepler-1513 b,8.594,48.309917859999985,346.0,0.5697099999999997,0.306,5491.0,1.0,0.35489142
Kepler-1513 c,11.0,84.54235626000002,1343.8,0.22457400000000138,0.125,5491.0,1.0,0.27737226
Kepler-1514 b,12.419571999999999,1678.1424,387.9,0.7530000000000001,0.401,6145.0,1.0,0.26062504
Kepler-1514 c,1.1758240999999998,1.740000000000009,1066.0,0.09970000000000034,0.32000000000000006,6145.0,1.0,0.2967942
Kepler-1515 b,9.55,66.19999999999999,380.0,0.7523499999999999,0.0,6511.0,1.0,0.23093132
Kepler-1516 b,1.75,3.7099999999999795,967.0,0.07179999999999964,0.0,5904.0,1.0,0.26958128
Kepler-1517 b,9.76,68.69999999999999,2336.0,0.07800000000000029,0.0,7010.0,1.0,0.089068777
Kepler-1518 b,3.05,9.529999999999973,1351.0,0.059299999999999464,0.0,6846.0,1.0,0.20837202
Kepler-1518 c,2.9,8.75,1094.0,0.09049999999999958,0.0,6432.0,1.0,0.21555992
Kepler-1519 b,7.06,39.60000000000002,342.0,0.7655000000000003,0.0,5644.0,1.0,0.33427996
Kepler-152 b,2.79,8.199999999999989,551.0,0.12399999999999967,0.0,5088.0,1.0,0.27243354
Kepler-152 c,2.39,6.300000000000011,326.0,0.35599999999999987,0.0,5088.0,1.0,0.56420082
Kepler-1520 b,5.77,28.100000000000023,1437.0,0.012900000000000134,0.0,4677.0,1.0,0.13591047
Kepler-1521 b,2.5,6.800000000000011,391.0,0.23475999999999964,0.0,5042.0,1.0,0.43876294
Kepler-1522 b,1.73,3.6399999999999864,1374.0,0.02880000000000038,0.0,5706.0,1.0,0.26896596
Kepler-1523 b,1.58,3.1200000000000045,1676.0,0.018670000000000186,0.0,5708.0,1.0,0.2758385
Kepler-1524 b,3.54,12.300000000000011,438.0,0.33919999999999995,0.0,6179.0,1.0,0.31487813
Kepler-1525 b,0.9100000000000001,0.6929999999999836,1343.0,0.03556999999999988,0.0,5748.0,1.0,0.29398391
Kepler-1526 b,2.43,6.480000000000018,787.0,0.04180000000000028,0.0,4601.0,1.0,0.24540015
Kepler-1527 b,4.77,20.399999999999977,449.99999999999994,0.6276000000000002,0.0,6224.0,1.0,0.2858273
Kepler-1528 b,1.46,2.730000000000018,1549.0,0.029600000000000293,0.0,5857.0,1.0,0.28204699
Kepler-1529 b,2.1,5.060000000000002,817.0,0.05250000000000021,0.0,5048.0,1.0,0.26173831
Kepler-153 b,2.92,8.850000000000023,621.0,0.12899999999999956,0.0,5404.0,1.0,0.26850851
Kepler-153 c,2.53,6.939999999999998,458.0,0.2370000000000001,0.0,5404.0,1.0,0.40039722
Kepler-1530 b,1.6400000000000001,3.329999999999984,1484.0,0.03552999999999962,0.0,5477.0,1.0,0.27627156
Kepler-1530 c,1.65,3.3600000000000136,1167.0,0.057439999999999714,0.0,5477.0,1.0,0.28197341
Kepler-1530 d,3.27870115,10.800000000000011,972.0,0.08276000000000039,0.0,5678.0,1.0,0.21761606
Kepler-1531 b,1.1100000000000003,1.410000000000025,2537.0,0.022039999999999615,0.0,6260.0,1.0,0.29227235
Kepler-1532 b,1.3500000000000005,2.3899999999999864,1681.0,0.02059999999999995,0.0,5559.0,1.0,0.28591451
Kepler-1533 b,3.46,11.800000000000011,330.0,0.9341600000000003,0.0,6431.0,1.0,0.38948648
Kepler-1534 b,1.8899999999999997,4.230000000000018,955.0,0.05989999999999984,0.0,5442.0,1.0,0.26835986
Kepler-1535 b,2.55,7.0400000000000205,384.0,0.5328999999999997,0.0,6021.0,1.0,0.43171138
Kepler-1536 b,3.14,10.0,166.0,0.8506999999999998,0.0,4434.0,1.0,0.40978255
Kepler-1537 b,1.1799999999999997,1.759999999999991,1800.0,0.024499999999999744,0.0,5079.0,1.0,0.29272399
Kepler-1538 b,2.82,8.350000000000023,346.0,0.6094999999999997,0.0,5837.0,1.0,0.57013031
Kepler-1539 b,2.6999999999999997,7.75,301.0,0.4764999999999997,0.0,5176.0,1.0,0.63157494
Kepler-154 b,2.26,5.730000000000018,561.0,0.1980000000000004,0.0,5690.0,1.0,0.28794103
Kepler-154 c,2.95,9.009999999999991,454.0,0.30299999999999994,0.0,5690.0,1.0,0.3091185
Kepler-154 d,3.84,14.100000000000023,657.0,0.14353999999999978,0.0,5769.0,1.0,0.20226624
Kepler-154 e,1.5,2.8600000000000136,1140.0,0.04765999999999959,0.0,5769.0,1.0,0.28172292
Kepler-154 f,1.5,2.8600000000000136,838.0,0.0883200000000004,0.0,5769.0,1.0,0.28856971
Kepler-1540 b,2.49,6.759999999999991,266.0,0.44259999999999966,0.0,4540.0,2.0,0.68524014
Kepler-1541 b,1.1600000000000001,1.6499999999999773,1048.0,0.07554999999999978,0.0,5282.0,1.0,0.30935911
Kepler-1542 b,0.7599999999999998,0.36299999999999955,1160.0,0.04764999999999997,0.0,5564.0,1.0,0.28908018
Kepler-1542 c,0.6500000000000004,0.20800000000002683,1287.0,0.0387000000000004,0.0,5564.0,1.0,0.27893939
Kepler-1542 d,0.8700000000000001,0.589999999999975,1010.0,0.06289999999999996,0.0,5564.0,1.0,0.29596655
Kepler-1542 e,0.7599999999999998,0.36299999999999955,1065.0,0.05649000000000015,0.0,5564.0,1.0,0.29017277
Kepler-1543 b,2.7099999999999995,7.800000000000011,1774.0,0.08670000000000044,0.0,6561.0,1.0,0.22453413
Kepler-1544 b,1.7800000000000002,3.819999999999993,269.0,0.5446499999999999,0.0,4886.0,1.0,0.79266351
Kepler-1545 b,2.6999999999999997,7.75,274.0,0.5442,0.0,5201.0,1.0,0.61890991
Kepler-1546 b,3.13,9.95999999999998,671.0,0.1365999999999996,0.0,5623.0,1.0,0.23508646
Kepler-1547 b,0.9000000000000004,0.6659999999999968,3186.0,0.015559999999999796,0.0,6078.0,1.0,0.29214511
Kepler-1548 b,2.64,7.4599999999999795,350.0,0.4679000000000011,0.0,5706.0,1.0,0.58088793
Kepler-1549 b,2.5699999999999994,7.1299999999999955,286.0,0.6687000000000003,0.0,5324.0,1.0,0.68288219
Kepler-155 b,2.09,5.019999999999982,614.0,0.05600000000000005,0.0,4508.0,1.0,0.31435832
Kepler-155 c,2.24,5.649999999999977,286.0,0.242,0.0,4508.0,1.0,0.72876715
Kepler-1550 b,3.02,9.379999999999995,348.0,0.7681000000000004,0.0,5991.0,1.0,0.55424171
Kepler-1551 b,2.66,7.560000000000002,722.0,0.17720000000000002,0.0,6136.0,1.0,0.24614526
Kepler-1552 b,2.47,6.660000000000025,268.0,0.6010999999999997,0.0,5202.0,1.0,0.64650474
Kepler-1553 b,1.1499999999999995,1.6000000000000227,926.0,0.04809999999999981,0.0,5288.0,1.0,0.29824665
Kepler-1554 b,2.9,8.75,288.0,0.5952700000000002,0.0,5297.0,1.0,0.6554728
Kepler-1555 b,1.6100000000000003,3.2200000000000273,959.0,0.0804999999999998,0.0,5866.0,1.0,0.27747142
Kepler-1556 b,1.96,4.5,797.0,0.08290000000000042,0.0,5608.0,1.0,0.27217092
Kepler-1557 b,1.5300000000000002,2.9599999999999795,1287.0,0.04900000000000038,0.0,6099.0,1.0,0.28006638
Kepler-1558 b,0.6799999999999997,0.2440000000000282,1019.0,0.042779999999999596,0.0,5101.0,1.0,0.2875055
Kepler-1559 b,0.7199999999999998,0.29899999999997817,1609.0,0.018349999999999866,0.0,5316.0,1.0,0.28443836
Kepler-156 b,2.3,5.899999999999977,867.0,0.05400000000000027,0.0,5094.0,1.0,0.2504759
Kepler-156 c,2.55,7.0400000000000205,588.0,0.11699999999999999,0.0,5094.0,1.0,0.27522905
Kepler-1560 b,0.8899999999999997,0.6399999999999864,1269.0,0.0417500000000004,0.0,5815.0,1.0,0.29409889
Kepler-1561 b,1.0899999999999999,1.3199999999999932,1682.0,0.019400000000000084,0.0,5957.0,1.0,0.29279452
Kepler-1562 b,3.55,12.300000000000011,554.0,0.3308,0.0,5760.0,1.0,0.23115138
Kepler-1563 b,0.75,0.34699999999998,1134.0,0.04420000000000002,0.0,5765.0,1.0,0.28850741
Kepler-1564 b,1.4699999999999998,2.759999999999991,635.0,0.13269999999999982,0.0,5528.0,1.0,0.31277793
Kepler-1565 b,1.1900000000000004,1.8100000000000023,1234.0,0.024099999999999788,0.0,4940.0,1.0,0.29322924
Kepler-1566 b,0.79,0.41800000000000637,1871.0,0.011980000000000324,0.0,5254.0,1.0,0.28860595
Kepler-1567 b,2.73,7.899999999999977,330.0,0.5519999999999996,0.0,5655.0,1.0,0.55518447
Kepler-1568 b,1.2999999999999998,2.240000000000009,729.0,0.15157000000000043,0.0,5956.0,1.0,0.30408297
Kepler-1569 b,1.6799999999999997,3.4599999999999795,1222.0,0.06669000000000036,0.0,6319.0,1.0,0.27319189
Kepler-157 b,1.3200000000000003,2.3000000000000114,1546.0,0.02799999999999958,0.0,5774.0,1.0,0.28708872
Kepler-157 c,2.24,5.649999999999977,779.0,0.11000000000000032,0.0,5774.0,1.0,0.25569491
Kepler-157 d,1.46,2.730000000000018,969.0,0.07059999999999977,0.0,5866.0,1.0,0.28610717
Kepler-1570 b,1.0700000000000003,1.240000000000009,836.0,0.1669900000000002,0.0,5550.0,1.0,0.30961893
Kepler-1571 b,1.52,2.920000000000016,1476.0,0.04286999999999974,0.0,6297.0,1.0,0.2796474
Kepler-1572 b,0.9400000000000004,0.7789999999999964,1293.0,0.058379999999999654,0.0,5618.0,1.0,0.29480911
Kepler-1573 b,1.2000000000000002,1.8700000000000045,1379.0,0.03640000000000043,0.0,5808.0,1.0,0.2912407
Kepler-1574 b,1.29,2.2099999999999795,1003.0,0.07430000000000003,0.0,5892.0,1.0,0.29263274
Kepler-1575 b,1.3099999999999996,2.269999999999982,1312.0,0.036599999999999966,0.0,5667.0,1.0,0.28859589
Kepler-1576 b,1.04,1.1200000000000045,1059.0,0.07211000000000034,0.0,5876.0,1.0,0.30132109
Kepler-1577 b,1.13,1.509999999999991,1125.0,0.06570000000000054,0.0,4862.0,1.0,0.31580398
Kepler-1578 b,1.04,1.1200000000000045,1700.0,0.02519999999999989,0.0,5545.0,1.0,0.294069
Kepler-1579 b,0.8399999999999999,0.5199999999999818,1139.0,0.014000000000000234,0.0,4584.0,1.0,0.29262588
Kepler-158 b,2.1200000000000006,5.139999999999986,500.0,0.11099999999999977,0.0,4623.0,1.0,0.33552653
Kepler-158 c,1.9,4.269999999999982,418.00000000000006,0.15800000000000036,0.0,4623.0,1.0,0.42586681
Kepler-1580 b,2.11,5.100000000000023,733.0,0.33570999999999973,0.0,6228.0,1.0,0.26545765
Kepler-1581 b,0.7999999999999998,0.4370000000000118,1108.0,0.06864999999999988,0.0,6022.0,1.0,0.29113212
Kepler-1582 b,1.4900000000000002,2.829999999999984,354.0,0.03160000000000007,0.0,3208.0,1.0,0.54879252
Kepler-1583 b,0.5999999999999996,0.1560000000000059,788.0,0.0830700000000002,0.0,5645.0,1.0,0.28138132
Kepler-1584 b,1.6100000000000003,3.2200000000000273,886.0,0.11679999999999957,0.0,6069.0,1.0,0.28426989
Kepler-1585 b,1.79,3.8600000000000136,1064.0,0.044500000000000206,0.0,5538.0,1.0,0.27237065
Kepler-1586 b,1.52,2.920000000000016,1013.0,0.12208000000000041,0.0,6681.0,1.0,0.2924036
Kepler-1587 b,1.33,2.329999999999984,981.0,0.08746999999999971,0.0,5933.0,1.0,0.29091312
Kepler-1588 b,0.7599999999999998,0.36299999999999955,925.0,0.07418999999999976,0.0,5817.0,1.0,0.2898751
Kepler-1589 b,1.0899999999999999,1.3199999999999932,2102.0,0.020500000000000185,0.0,6166.0,1.0,0.29251624
Kepler-159 b,2.38,6.259999999999991,447.0,0.08199999999999985,0.0,4625.0,1.0,0.28408624
Kepler-159 c,3.41,11.5,275.0,0.21799999999999997,0.0,4625.0,1.0,0.43899899
Kepler-1590 b,1.1399999999999997,1.5500000000000114,1020.0,0.07115999999999989,0.0,6053.0,1.0,0.29861904
Kepler-1591 b,1.2700000000000005,2.1499999999999773,892.0,0.07939999999999969,0.0,6082.0,1.0,0.29116045
Kepler-1592 b,1.54,2.990000000000009,1202.0,0.03999999999999915,0.0,6213.0,1.0,0.27777824
Kepler-1593 b,3.17,10.199999999999989,260.0,0.5549400000000002,0.0,4995.0,1.0,0.61811258
Kepler-1594 b,1.0599999999999996,1.1999999999999886,1360.0,0.03960000000000008,0.0,5946.0,1.0,0.29480666
Kepler-1595 b,1.2299999999999995,2.0400000000000205,980.0,0.051000000000000156,0.0,5203.0,1.0,0.29753162
Kepler-1596 b,1.9,4.269999999999982,471.0,0.32369999999999965,0.0,5706.0,1.0,0.30994494
Kepler-1597 b,1.0599999999999996,1.1999999999999886,1497.0,0.04136000000000006,0.0,6377.0,1.0,0.29354155
Kepler-1598 b,0.9500000000000002,0.8090000000000259,1236.0,0.05206999999999962,0.0,5940.0,1.0,0.2969431
Kepler-1599 b,1.62,3.259999999999991,406.99999999999994,0.4823000000000004,0.0,5767.0,1.0,0.43419737
Kepler-16 b,8.4493,105.833,802.6,0.7047999999999996,0.006900000000000003,4450.0,2.0,0.30040118
Kepler-160 b,1.7149999999999999,3.589999999999975,1134.0,0.05510999999999999,0.0,5471.0,1.0,0.27288613
Kepler-160 c,3.76,13.600000000000023,771.0,0.1192000000000002,0.0,5471.0,1.0,0.19954879
Kepler-160 d,10.938626547999998,100.0,891.24,0.16999999999999993,0.013999999999999999,5471.0,1.0,0.10245048
Kepler-1600 b,3.13,9.95999999999998,209.0,0.9814100000000003,0.0,5214.0,1.0,0.56079195
Kepler-1600 c,1.9420651199999996,4.430000000000007,786.0,0.06960999999999995,0.0,5119.0,1.0,0.27132995
Kepler-1601 b,0.8200000000000003,0.47699999999997544,1507.0,0.03280999999999956,0.0,5869.0,1.0,0.29074858
Kepler-1602 b,1.3399999999999999,2.3600000000000136,1159.0,0.09743999999999975,0.0,6296.0,1.0,0.29555545
Kepler-1603 b,1.29,2.2099999999999795,1522.0,0.03509999999999991,0.0,6241.0,1.0,0.28758589
Kepler-1604 b,1.4100000000000001,2.569999999999993,2023.0,0.01405999999999974,0.0,4976.0,1.0,0.28310507
Kepler-1605 b,1.08,1.2799999999999727,528.0,0.3656699999999997,0.0,5280.0,1.0,0.36855763
Kepler-1606 b,2.0699999999999994,4.939999999999998,324.0,0.6421000000000001,0.0,5422.0,1.0,0.70025387
Kepler-1607 b,0.9199999999999999,0.7210000000000036,913.0,0.11978000000000044,0.0,6116.0,1.0,0.29546369
Kepler-1608 b,1.73,3.6399999999999864,612.0,0.11259999999999959,0.0,4992.0,1.0,0.32502938
Kepler-1609 b,2.22,5.560000000000002,429.0,0.4679000000000011,0.0,6132.0,1.0,0.33162465
Kepler-161 b,2.1200000000000006,2.6299999999999955,868.0,0.05400000000000027,0.0,5078.0,1.0,0.25947934
Kepler-161 c,2.05,3.6100000000000136,769.0,0.06799999999999962,0.0,5078.0,1.0,0.26922609
Kepler-1610 b,1.6100000000000003,3.2200000000000273,750.0,0.0777000000000001,0.0,5383.0,1.0,0.29863975
Kepler-1610 c,2.09,5.019999999999982,432.99999999999994,0.2323000000000004,0.0,5295.0,1.0,0.43428839
Kepler-1611 b,0.8099999999999996,0.45699999999999363,1243.0,0.05860000000000021,0.0,5605.0,1.0,0.29524508
Kepler-1612 b,1.0300000000000002,1.079999999999984,1030.0,0.048199999999999577,0.0,5643.0,1.0,0.29786273
Kepler-1613 b,2.08,4.980000000000018,1926.0,0.02754999999999974,0.0,6005.0,1.0,0.25089603
Kepler-1614 b,1.4900000000000002,2.829999999999984,981.0,0.047100000000000364,0.0,5121.0,1.0,0.2850525
Kepler-1615 b,2.0599999999999996,4.899999999999977,658.0,0.2788000000000004,0.0,5865.0,1.0,0.29263397
Kepler-1616 b,1.0200000000000005,1.0400000000000205,1337.0,0.0731799999999998,0.0,6266.0,1.0,0.29474085
Kepler-1617 b,1.2000000000000002,1.8700000000000045,736.0,0.17706999999999962,0.0,6167.0,1.0,0.31070689
Kepler-1618 b,1.2599999999999998,2.1299999999999955,1267.0,0.07108999999999988,0.0,6620.0,1.0,0.28965758
Kepler-1619 b,0.7599999999999998,0.36299999999999955,797.0,0.15413000000000032,0.0,5852.0,1.0,0.30330498
Kepler-162 b,1.2599999999999998,2.1299999999999955,961.0,0.06899999999999995,0.0,5816.0,1.0,0.29289473
Kepler-162 c,3.03,9.430000000000007,681.0,0.13700000000000045,0.0,5816.0,1.0,0.22458136
Kepler-1620 b,1.6100000000000003,3.2200000000000273,428.0,0.4321999999999999,0.0,6157.0,1.0,0.39283057
Kepler-1621 b,2.16,5.310000000000002,469.0,0.4203999999999999,0.0,6158.0,1.0,0.31993589
Kepler-1622 b,1.4699999999999998,2.759999999999991,922.0,0.10135999999999967,0.0,6436.0,1.0,0.28599578
Kepler-1623 b,1.3099999999999996,2.269999999999982,1000.0,0.05180000000000007,0.0,5772.0,1.0,0.29212031
Kepler-1624 b,6.59,35.30000000000001,540.0,0.03270000000000017,0.0,3768.0,1.0,0.16154144
Kepler-1625 b,6.06,30.600000000000023,350.0,0.8776200000000003,0.0,5677.0,1.0,0.3556451
Kepler-1626 b,2.02,4.740000000000009,1352.0,0.05370000000000008,0.0,6826.0,1.0,0.25459643
Kepler-1627 b,3.69,13.199999999999989,794.0,0.06430000000000025,0.0,5445.0,1.0,0.19492522
Kepler-1628 b,6.43,33.80000000000001,240.0,0.29520000000000035,0.0,3724.0,1.0,0.44099503
Kepler-1629 b,0.7700000000000005,0.3809999999999718,1081.0,0.048499999999999766,0.0,5776.0,1.0,0.29142499
Kepler-163 b,1.0499999999999998,1.160000000000025,906.0,0.07800000000000029,0.0,5776.0,1.0,0.30440374
Kepler-163 c,2.26,5.730000000000018,648.0,0.15200000000000014,0.0,5776.0,1.0,0.28233182
Kepler-1630 b,2.19,5.430000000000007,182.0,1.1218000000000004,0.0,4736.0,1.0,0.44188749
Kepler-1631 b,1.3500000000000005,2.3899999999999864,1122.0,0.05109999999999992,0.0,5679.0,1.0,0.28867844
Kepler-1632 b,2.47,6.660000000000025,369.0,0.6761999999999997,0.0,6137.0,1.0,0.42410999
Kepler-1633 b,1.58,3.1200000000000045,925.0,0.3875000000000002,0.0,6256.0,1.0,0.32044485
Kepler-1634 b,3.19,10.300000000000011,282.0,1.0524999999999993,0.0,5474.0,1.0,0.55835887
Kepler-1635 b,3.6399999999999997,12.899999999999977,200.0,1.12664,0.0,5347.0,1.0,0.50500049
Kepler-1636 b,3.23,10.5,248.0,1.1219099999999997,0.0,5797.0,1.0,0.61632708
Kepler-1637 b,0.8899999999999997,0.6399999999999864,1093.0,0.05959999999999965,0.0,5789.0,1.0,0.29643695
Kepler-1638 b,1.87,4.160000000000025,304.0,0.7450000000000001,0.0,5710.0,1.0,0.75706411
Kepler-1639 b,2.58,7.180000000000007,1003.0,0.0932000000000004,0.0,6150.0,1.0,0.23507975
Kepler-164 b,1.4100000000000001,2.569999999999993,1141.0,0.05800000000000072,0.0,5888.0,1.0,0.2863395
Kepler-164 c,2.73,7.899999999999977,881.0,0.09700000000000042,0.0,5888.0,1.0,0.22976643
Kepler-164 d,2.45,6.569999999999993,637.0,0.18700000000000028,0.0,5888.0,1.0,0.26706089
Kepler-164 e,4.24,16.69999999999999,429.0,0.40249999999999986,0.0,5888.0,1.0,0.29731722
Kepler-1640 b,4.82,20.69999999999999,1228.0,0.08359999999999967,0.0,6324.0,1.0,0.15697657
Kepler-1641 b,3.11,9.850000000000023,908.0,0.14729999999999954,0.0,6152.0,1.0,0.22495712
Kepler-1641 c,2.95,9.009999999999991,767.0,0.20650000000000013,0.0,6152.0,1.0,0.24994889
Kepler-1642 b,3.2,10.300000000000011,895.0,0.10160000000000036,0.0,5355.0,1.0,0.23359488
Kepler-1642 c,2.66,7.560000000000002,1095.0,0.06780000000000008,0.0,5355.0,1.0,0.23840294
Kepler-1643 b,2.32,5.990000000000009,799.0,0.0530999999999997,0.0,4916.0,1.0,0.24993616
Kepler-1644 b,1.88,4.189999999999998,606.0,0.14200000000000035,0.0,5499.0,1.0,0.30380338
Kepler-1645 b,1.7800000000000002,3.819999999999993,754.0,0.12849999999999984,0.0,5812.0,1.0,0.27587571
Kepler-1646 b,1.2299999999999995,2.0400000000000205,365.0,0.029499999999999638,0.0,3299.0,1.0,0.35919284
Kepler-1647 b,11.8739,483.0,1200.4,2.7205,0.0581,6210.0,2.0,0.37654079
Kepler-1649 b,1.0170000000000003,1.0299999999999727,307.0,0.05140000000000011,0.0,3240.0,1.0,0.771452
Kepler-1649 c,1.0599999999999996,1.1999999999999886,234.0,0.06489999999999974,0.0,3240.0,1.0,0.9252979
Kepler-165 b,2.32,5.990000000000009,716.0,0.07200000000000006,0.0,5211.0,1.0,0.25890404
Kepler-165 c,2.23,5.600000000000023,581.0,0.11000000000000032,0.0,5211.0,1.0,0.28891573
Kepler-1650 b,0.96,0.839999999999975,602.0,0.01670000000000016,0.009999999999999995,3410.0,1.0,0.32144884
Kepler-1651 b,1.8399999999999999,4.0400000000000205,393.0,0.06920000000000037,0.13,3713.0,2.0,0.39654805
Kepler-1652 b,1.6,3.1899999999999977,268.0,0.1654,0.0,3638.0,1.0,0.82580569
Kepler-1653 b,2.17,5.350000000000023,284.0,0.47060000000000013,0.0,4807.0,1.0,0.73857407
Kepler-1654 b,9.180171,158.915,206.0,2.026,0.26,5597.0,1.0,0.32080459
Kepler-1655 b,2.213,5.399999999999977,938.0,0.10289999999999999,0.19,6148.0,1.0,0.25399254
Kepler-1656 b,4.574,47.80000000000001,651.0,0.19740000000000002,0.8380000000000001,5569.0,1.0,0.18489683
Kepler-1656 c,14.0,126.4,1242.324,3.053,0.527,5569.0,1.0,0.17663898
Kepler-166 b,2.2700000000000005,5.769999999999982,772.0,0.07200000000000006,0.0,5413.0,1.0,0.2577862
Kepler-166 c,2.38,6.259999999999991,468.0,0.19500000000000028,0.0,5413.0,1.0,0.34527362
Kepler-166 d,1.73,3.6399999999999864,1313.0,0.024490000000000123,0.0,5350.0,1.0,0.27005288
Kepler-1661 b,3.87,17.0,243.0,0.633,0.057,5100.0,2.0,0.57300033
Kepler-1663 b,3.30395896,10.899999999999977,362.0,0.10719999999999974,0.0,3844.0,1.0,0.35268468
Kepler-1664 b,3.03320653,9.449999999999989,776.0,0.11369999999999969,0.0,5735.81,1.0,0.22248324
Kepler-1665 b,2.83910787,8.439999999999998,906.0,0.09600000000000009,0.0,5049.84,1.0,0.25112794
Kepler-1666 b,2.88273782,8.660000000000025,672.0,0.17609999999999992,0.0,6293.0,1.0,0.2350091
Kepler-1666 c,3.23564749,10.5,578.0,0.23829999999999973,0.0,6293.0,1.0,0.23735282
Kepler-1667 b,2.98385261,9.189999999999998,655.0,0.35904999999999987,0.0,5941.54,1.0,0.35759408
Kepler-1668 b,4.34764405,17.399999999999977,721.0,0.12399999999999967,0.0,5542.0,1.0,0.18626541
Kepler-1669 b,2.78043818,8.149999999999977,530.0,0.07449999999999957,0.0,4303.0,1.0,0.26171093
Kepler-1669 c,1.9012097199999998,4.269999999999982,958.0,0.022800000000000153,0.0,4224.0,1.0,0.26401851
Kepler-1669 d,1.2199999999999998,1.9800000000000182,669.0,0.046800000000000175,0.0,4224.0,1.0,0.30874142
Kepler-167 b,1.718,3.6000000000000227,918.0,0.04825000000000035,0.0,4884.0,2.0,0.27955535
Kepler-167 c,1.6739999999999995,3.4399999999999977,771.0,0.06839999999999957,0.0,4884.0,2.0,0.29259682
Kepler-167 d,1.2380000000000004,2.0600000000000023,538.0,0.14039999999999964,0.0,4884.0,2.0,0.37860821
Kepler-167 e,10.16,321.00669107,134.39999999999998,1.883,0.29,4884.0,2.0,0.16803179
Kepler-1670 b,3.3564801,11.199999999999989,731.0,0.15280000000000005,0.0,5838.0,1.0,0.20797548
Kepler-1671 b,1.3255738099999999,2.319999999999993,962.0,0.04945999999999984,0.0,5135.55,1.0,0.29218342
Kepler-1672 b,2.97022762,9.110000000000014,423.0,0.5537400000000003,0.0,6131.95,1.0,0.42555692
Kepler-1673 b,2.9355194,8.930000000000007,611.0,0.2136300000000002,0.0,6014.95,1.0,0.24867844
Kepler-1674 b,3.2057749,10.399999999999977,416.99999999999994,0.3017000000000003,0.0,5473.91,1.0,0.35587128
Kepler-1675 b,3.12483349,9.930000000000007,465.0,0.3218500000000004,0.0,5853.19,1.0,0.28589243
Kepler-1676 b,3.3769596,11.300000000000011,782.0,0.19540000000000024,0.0,5878.3,1.0,0.23298734
Kepler-1677 b,2.70216183,7.759999999999991,712.0,0.15990000000000038,0.0,6013.72,1.0,0.23984581
Kepler-1678 b,3.30422249,10.899999999999977,329.0,0.5301999999999998,0.0,5754.0,1.0,0.51876696
Kepler-1679 b,2.0692036,4.930000000000007,813.0,0.08919999999999995,0.0,5501.0,1.0,0.26787147
Kepler-168 b,1.46,2.730000000000018,1240.0,0.05600000000000005,0.0,6282.0,1.0,0.28253301
Kepler-168 c,2.69,7.699999999999989,862.0,0.11599999999999966,0.0,6282.0,1.0,0.22974344
Kepler-1680 b,1.3595473599999996,2.420000000000016,771.0,0.07641999999999971,0.0,5021.0,1.0,0.31284007
Kepler-1681 b,2.55321772,7.050000000000011,441.99999999999994,0.3200000000000003,0.0,5756.4,1.0,0.437168
Kepler-1682 b,2.88940836,8.699999999999989,694.0,0.11340000000000039,0.0,5619.12,1.0,0.23897368
Kepler-1683 b,1.8747776199999993,4.170000000000016,669.0,0.11819999999999986,0.0,5429.0,1.0,0.28999137
Kepler-1684 b,2.87084792,8.600000000000023,347.0,0.22529999999999983,0.0,4706.54,1.0,0.46115427
Kepler-1685 b,2.57673985,7.160000000000025,625.0,0.1485000000000003,0.0,5484.0,1.0,0.27520296
Kepler-1686 b,1.42553017,2.6200000000000045,913.0,0.08826999999999963,0.0,5714.96,1.0,0.28958257
Kepler-1687 b,1.65623882,3.3799999999999955,598.0,0.05320000000000036,0.0,4132.0,1.0,0.29913405
Kepler-1688 b,1.2617456899999997,2.1299999999999955,772.0,0.05769999999999964,0.0,4632.11,1.0,0.30810374
Kepler-1689 b,0.9467864199999996,0.7989999999999782,879.0,0.07840000000000025,0.0,5731.43,1.0,0.30191022
Kepler-169 b,1.13,1.509999999999991,962.0,0.03999999999999915,0.0,4997.0,1.0,0.29861868
Kepler-169 c,1.21,1.920000000000016,776.0,0.06200000000000028,0.0,4997.0,1.0,0.30646133
Kepler-169 d,1.25,2.1000000000000227,702.0,0.07500000000000018,0.0,4997.0,1.0,0.31288008
Kepler-169 e,2.1999999999999997,5.480000000000018,595.0,0.10500000000000043,0.0,4997.0,1.0,0.28883167
Kepler-169 f,2.58,7.180000000000007,321.0,0.359,0.0,4997.0,1.0,0.56690799
Kepler-1690 b,2.81109223,8.300000000000011,267.0,0.7096999999999998,0.0,5404.0,1.0,0.66103435
Kepler-1691 b,1.8347098500000003,4.019999999999982,1283.0,0.0495000000000001,0.0,6000.0,1.0,0.2650781
Kepler-1692 b,1.1117718400000003,1.420000000000016,897.0,0.06460000000000043,0.0,5146.0,1.0,0.30421807
Kepler-1693 b,1.2893841300000002,2.2099999999999795,807.0,0.10109999999999975,0.0,5432.34,1.0,0.310571
Kepler-1693 c,0.9769828900000004,0.8940000000000055,1059.0,0.05879999999999974,0.0,5553.0,1.0,0.30087632
Kepler-1694 b,1.1798603099999996,1.759999999999991,956.0,0.04490000000000016,0.0,4954.0,1.0,0.29957983
Kepler-1695 b,1.1194890099999997,1.4599999999999795,957.0,0.05290000000000017,0.0,5473.19,1.0,0.29678168
Kepler-1696 b,2.80982017,8.29000000000002,454.0,0.3243999999999998,0.0,5712.0,1.0,0.30649676
Kepler-1697 b,1.2595476100000003,2.1200000000000045,630.0,0.2008000000000001,0.0,4681.53,1.0,0.47752012
Kepler-1698 b,1.07315686,1.25,1351.0,0.020649999999999835,0.0,4975.03,1.0,0.29437205
Kepler-1699 b,1.5667112399999996,3.079999999999984,1010.0,0.04180000000000028,0.0,5575.53,1.0,0.281095
Kepler-17 b,14.68,778.65,1570.0,0.025909999999999656,0.010999999999999996,5781.0,1.0,0.062301062
Kepler-170 b,3.2,82.60000000000002,899.0,0.08000000000000007,0.0,5679.0,1.0,0.2107796
Kepler-170 c,2.86,8.550000000000011,702.0,0.13100000000000023,0.0,5679.0,1.0,0.23933216
Kepler-1700 b,2.90129941,8.759999999999991,329.0,0.7609399999999997,0.0,6031.0,1.0,0.54235514
Kepler-1701 b,2.22186207,5.569999999999993,273.0,0.5738000000000003,0.0,5146.0,1.0,0.70536871
Kepler-1702 b,1.6019079300000008,3.1999999999999886,555.0,0.1275000000000004,0.0,5093.0,1.0,0.3408124
Kepler-1704 b,11.94877343,1322.16617312,253.79999999999995,2.027,0.9200000000000002,5746.0,1.0,0.37129808
Kepler-1705 b,2.03,4.470000000000027,789.0,0.08000000000000007,0.033,6312.0,1.0,0.25693377
Kepler-1705 c,2.05,5.420000000000016,814.534,0.16992200000000057,0.027999999999999997,6312.0,1.0,0.25838466
Kepler-1708 b,9.96,1462.0106722,899.98,1.6399999999999997,0.4000000000000001,6157.0,1.0,0.39812963
Kepler-1709 b,3.12424875,9.930000000000007,472.0,0.3270400000000002,0.0,5918.0,1.0,0.29422699
Kepler-171 b,2.34,6.079999999999984,1053.0,0.04999999999999982,0.0,5642.0,1.0,0.24203031
Kepler-171 c,2.5599999999999996,7.079999999999984,752.0,0.09799999999999986,0.0,5642.0,1.0,0.24270718
Kepler-171 d,1.8899999999999997,4.230000000000018,497.0,0.22299999999999986,0.0,5642.0,1.0,0.33579173
Kepler-1710 b,3.19744103,3.4949417899999844,694.0,0.11583000000000077,0.0,5650.0,1.0,0.22469189
Kepler-1711 b,1.923,4.360000000000014,669.0,0.1463000000000001,0.0,5706.0,1.0,0.28605364
Kepler-1712 b,2.28372556,5.829999999999984,391.0,0.09030000000000005,0.0,3732.0,1.0,0.38258046
Kepler-1713 b,1.71673535,3.589999999999975,900.0,0.1418499999999998,0.0,6477.0,1.0,0.2782512
Kepler-1714 b,3.26437302,10.699999999999989,1211.0,0.10548999999999964,0.0,6150.0,1.0,0.20177569
Kepler-1715 b,4.14042267,16.0,646.0,0.22428999999999988,0.0,6212.0,1.0,0.19280711
Kepler-1716 b,2.4247685000000003,6.4599999999999795,407.99999999999994,0.1883600000000003,0.0,4894.0,1.0,0.40436966
Kepler-1717 b,2.98929758,9.20999999999998,780.0,0.20139999999999958,0.0,6200.0,1.0,0.22280936
Kepler-1718 b,2.5685207,7.1200000000000045,345.0,0.4841800000000003,0.0,5731.0,1.0,0.48190252
Kepler-1719 b,3.95000623,14.800000000000011,1287.0,0.06867999999999963,0.0,5687.0,1.0,0.17848611
Kepler-172 b,2.3499999999999996,6.1200000000000045,1256.0,0.03999999999999915,0.0,5526.0,1.0,0.23989105
Kepler-172 c,2.86,8.550000000000011,970.0,0.06799999999999962,0.0,5526.0,1.0,0.22138567
Kepler-172 d,2.25,5.689999999999998,736.0,0.11800000000000033,0.0,5526.0,1.0,0.26184967
Kepler-172 e,2.76,8.050000000000011,550.0,0.2110000000000003,0.0,5526.0,1.0,0.27731895
Kepler-1720 b,3.21585295,10.399999999999977,697.0,0.10430000000000028,0.0,5573.0,1.0,0.229856
Kepler-1721 b,3.11856756,9.899999999999977,924.0,0.051899999999999835,0.0,5351.0,1.0,0.21338564
Kepler-1722 b,2.86719266,8.579999999999984,753.0,0.08190000000000008,0.0,5506.0,1.0,0.22728089
Kepler-1723 b,2.88046569,8.649999999999977,568.0,0.22489999999999988,0.0,6072.0,1.0,0.27060465
Kepler-1724 b,2.83677238,8.430000000000007,999.0,0.0682999999999998,0.0,6092.0,1.0,0.22124943
Kepler-1725 b,2.8125177000000003,8.310000000000002,767.0,0.1326299999999998,0.0,6020.0,1.0,0.23055147
Kepler-1726 b,2.5086195400000006,6.839999999999975,582.0,0.12793999999999972,0.0,5316.0,1.0,0.27991062
Kepler-1727 b,3.17321625,10.199999999999989,757.0,0.07960000000000012,0.0,5349.0,1.0,0.21674152
Kepler-1728 b,2.95501875,9.04000000000002,886.0,0.05349999999999966,0.0,5170.0,1.0,0.22059456
Kepler-1729 b,3.8940418600000006,14.399999999999977,595.0,0.04180000000000028,0.0,3837.0,1.0,0.18820487
Kepler-173 b,1.29,2.2099999999999795,1179.0,0.04800000000000004,0.0,6031.0,1.0,0.28996656
Kepler-173 c,2.43,6.480000000000018,956.0,0.07399999999999984,0.0,6031.0,1.0,0.23989783
Kepler-1730 b,4.48524519,18.399999999999977,833.0,0.1131000000000002,0.0,5942.0,1.0,0.17490767
Kepler-1731 b,2.93295657,8.920000000000016,486.0,0.1398999999999999,0.0,4859.0,1.0,0.30262703
Kepler-1732 b,4.09903273,15.699999999999989,699.0,0.20150000000000023,0.0,5821.0,1.0,0.19672469
Kepler-1733 b,3.63582354,12.800000000000011,1021.0,0.09330000000000016,0.0,6320.0,1.0,0.19054178
Kepler-1734 b,3.08851092,9.740000000000009,985.0,0.07139999999999969,0.0,6061.0,1.0,0.21054745
Kepler-1735 b,1.1942913400000004,1.839999999999975,502.0,0.062100000000000044,0.0,3975.0,1.0,0.37001232
Kepler-1736 b,3.8765856,14.300000000000011,566.0,0.21879999999999988,0.0,6085.0,1.0,0.20159205
Kepler-1737 b,5.395,25.100000000000023,383.0,0.2970000000000006,0.0,5043.0,1.0,0.3193557
Kepler-1738 b,2.82472883,8.370000000000005,957.0,0.07810000000000006,0.0,6063.0,1.0,0.22434922
Kepler-1739 b,2.4305683199999994,6.480000000000018,839.0,0.0697000000000001,0.0,5757.0,1.0,0.24254129
Kepler-174 b,1.96,4.5,553.0,0.09999999999999964,0.0,4880.0,1.0,0.30464796
Kepler-174 c,1.4900000000000002,2.829999999999984,377.0,0.2140000000000004,0.0,4880.0,1.0,0.47958253
Kepler-174 d,2.19,5.430000000000007,212.0,0.6769999999999996,0.0,4880.0,1.0,0.67845615
Kepler-1740 b,3.32321414,11.0,858.0,0.07789999999999964,0.0,5705.0,1.0,0.20625665
Kepler-1741 b,1.2729999999999997,2.160000000000025,615.0,0.029600000000000293,0.0,3683.0,1.0,0.30896084
Kepler-1742 b,2.1782413000000003,5.3799999999999955,462.0,0.25870000000000015,0.0,5776.0,1.0,0.36722625
Kepler-1743 b,1.5988700700000003,3.180000000000007,1144.0,0.08399999999999963,0.0,5855.0,1.0,0.27669634
Kepler-1744 b,3.76754004,13.600000000000023,532.0,0.20945000000000036,0.0,5986.0,1.0,0.24511613
Kepler-1745 b,1.9287292100000002,4.3799999999999955,1449.0,0.04079999999999995,0.0,5611.0,1.0,0.26038251
Kepler-1746 b,8.93504475,59.10000000000002,310.0,0.9408200000000004,0.0,6018.0,1.0,0.31179542
Kepler-1747 b,4.26508,16.80000000000001,875.0,0.06599999999999984,0.0,5477.0,1.0,0.17628402
Kepler-1748 b,2.71275017,7.810000000000002,955.0,0.061499999999999666,0.0,5774.0,1.0,0.23203438
Kepler-1749 b,1.6130178299999995,3.230000000000018,420.0,0.09560000000000013,0.0,3957.0,1.0,0.37692318
Kepler-175 b,2.5599999999999996,7.079999999999984,827.0,0.10500000000000043,0.0,6064.0,1.0,0.23704435
Kepler-175 c,3.1,9.800000000000011,583.0,0.21300000000000008,0.0,6064.0,1.0,0.24082148
Kepler-1750 b,6.00434637,30.100000000000023,298.0,0.6784999999999997,0.0,5644.0,1.0,0.41089956
Kepler-1751 b,1.8241737799999997,3.980000000000018,984.0,0.07120000000000015,0.0,6052.0,1.0,0.26971013
Kepler-1752 b,4.54060463,18.69999999999999,419.00000000000006,0.26980000000000004,0.0,5446.0,1.0,0.33392583
Kepler-1753 b,2.22678077,5.589999999999975,583.0,0.11789999999999967,0.0,5180.0,1.0,0.30659205
Kepler-1754 b,2.43996509,6.529999999999973,672.0,0.07179999999999964,0.0,4723.0,1.0,0.26030822
Kepler-1755 b,5.91688317,29.399999999999977,631.0,0.16680000000000028,0.0,6086.0,1.0,0.14917232
Kepler-1756 b,1.4719994400000003,2.769999999999982,1093.0,0.03190000000000026,0.0,4915.0,1.0,0.28417408
Kepler-1757 b,2.94660251,8.990000000000009,549.0,0.13349999999999973,0.0,5288.0,1.0,0.26186907
Kepler-1758 b,2.57059831,7.1299999999999955,1028.0,0.09189999999999987,0.0,5557.0,1.0,0.23105808
Kepler-1759 b,0.9037791000000004,0.6759999999999877,954.0,0.04290000000000038,0.0,5017.0,1.0,0.30143471
Kepler-176 b,1.4299999999999997,290.537,841.0,0.05800000000000072,0.0,5232.0,1.0,0.29368041
Kepler-176 c,2.6,1.329999999999984,633.0,0.10200000000000031,0.0,5232.0,1.0,0.25926336
Kepler-176 d,2.51,1.7200000000000273,501.0,0.16300000000000026,0.0,5232.0,1.0,0.31131308
Kepler-176 e,1.4500000000000002,0.5207500000000209,398.0,0.2565400000000002,0.0,5295.0,1.0,0.46938016
Kepler-1760 b,2.2899554599999994,5.860000000000014,480.0,0.20840000000000014,0.0,5229.0,1.0,0.3358355
Kepler-1761 b,1.39109603,2.509999999999991,613.0,0.04130000000000056,0.0,3871.0,1.0,0.31782276
Kepler-1762 b,2.7602291300000004,8.050000000000011,714.0,0.20399999999999974,0.0,6572.0,1.0,0.24357644
Kepler-1763 b,1.1465133199999995,1.589999999999975,1822.0,0.025699999999999612,0.0,5897.0,1.0,0.29173347
Kepler-1764 b,4.55527871,18.80000000000001,511.0,0.3512000000000004,0.0,6461.0,1.0,0.21367738
Kepler-1765 b,2.4950885699999996,6.779999999999973,855.0,0.09170000000000034,0.0,5692.0,1.0,0.24567604
Kepler-1766 b,2.27904508,5.810000000000002,406.0,0.41610000000000014,0.0,5868.0,1.0,0.3792457
Kepler-1767 b,3.01299077,9.339999999999975,393.0,0.2873000000000001,0.0,5243.0,1.0,0.45576513
Kepler-1768 b,2.2334633800000003,5.6200000000000045,933.0,0.1285999999999996,0.0,6050.0,1.0,0.25439134
Kepler-1769 b,4.465,18.19999999999999,483.0,0.40597999999999956,0.0,6071.0,1.0,0.26519546
Kepler-177 b,3.5,5.839999999999975,549.0,0.21100999999999992,0.0,5732.0,1.0,0.22390756
Kepler-177 c,8.73,14.699999999999989,497.0,0.25654999999999983,0.0,5732.0,1.0,0.13938902
Kepler-1770 b,2.8414175399999997,8.449999999999989,699.0,0.1260999999999992,0.0,5602.0,1.0,0.24769975
Kepler-1771 b,4.05537256,15.5,391.0,0.38149999999999995,0.0,5661.0,1.0,0.34870009
Kepler-1772 b,2.68609988,7.680000000000007,1155.0,0.04391000000000034,0.0,5541.0,1.0,0.22319048
Kepler-1773 b,3.50469499,12.100000000000023,623.0,0.24831000000000003,0.0,6183.0,1.0,0.22017513
Kepler-1774 b,3.18179549,10.199999999999989,522.0,0.29495999999999967,0.0,6214.0,1.0,0.27450094
Kepler-1775 b,3.64762153,12.899999999999977,522.0,0.39564999999999984,0.0,5818.0,1.0,0.28548033
Kepler-1776 b,2.61157023,7.329999999999984,603.0,0.20929999999999982,0.0,5872.0,1.0,0.26420619
Kepler-1777 b,2.13189678,5.189999999999998,819.0,0.10301000000000027,0.0,5771.0,1.0,0.26318551
Kepler-1778 b,3.01665969,9.360000000000014,942.0,0.09560000000000013,0.0,6310.0,1.0,0.21789748
Kepler-1779 b,3.03295685,9.439999999999998,730.0,0.1264000000000003,0.0,5730.0,1.0,0.23029047
Kepler-178 b,2.9,8.75,846.0,0.08500000000000085,0.0,5676.0,1.0,0.22806786
Kepler-178 c,2.88,8.649999999999977,656.0,0.14200000000000035,0.0,5676.0,1.0,0.25412875
Kepler-178 d,3.95,14.800000000000011,392.0,0.39700000000000024,0.0,5676.0,1.0,0.40484958
Kepler-1780 b,3.60600667,12.699999999999989,340.0,0.4276,0.0,5403.0,1.0,0.44848745
Kepler-1781 b,2.38091029,6.259999999999991,1003.0,0.05740000000000034,0.0,5568.0,1.0,0.24600052
Kepler-1782 b,2.22927435,5.600000000000023,773.0,0.058250000000000135,0.0,4931.0,1.0,0.25929405
Kepler-1783 b,1.3194673100000003,2.3000000000000114,1088.0,0.07594999999999974,0.0,5129.0,1.0,0.3093059
Kepler-1784 b,2.79936489,8.240000000000009,724.0,0.10719999999999974,0.0,5442.0,1.0,0.23668084
Kepler-1785 b,2.70422447,7.769999999999982,666.0,0.13917000000000002,0.0,5618.0,1.0,0.24539012
Kepler-1786 b,3.16305828,10.100000000000023,501.0,0.35721999999999987,0.0,5808.0,1.0,0.3075324
Kepler-1787 b,2.31898181,5.990000000000009,540.0,0.2270000000000003,0.0,6060.0,1.0,0.31808169
Kepler-1788 b,2.37850461,6.25,956.0,0.0343,0.0,4786.0,1.0,0.24253027
Kepler-1789 b,2.83137505,8.399999999999977,380.0,0.3543000000000003,0.0,5436.0,1.0,0.43070315
Kepler-179 b,1.6400000000000001,3.329999999999984,1075.0,0.03599999999999959,0.0,5302.0,1.0,0.27578142
Kepler-179 c,2.0,4.660000000000025,810.0,0.06400000000000006,0.0,5302.0,1.0,0.26497867
Kepler-1790 b,3.1446145,10.0,682.0,0.2098899999999997,0.0,5866.0,1.0,0.22361555
Kepler-1791 b,3.12103321,9.910000000000025,1021.0,0.07610000000000028,0.0,5887.0,1.0,0.20956704
Kepler-1792 b,2.51990972,6.889999999999986,1047.0,0.048799999999999955,0.0,5229.0,1.0,0.23965497
Kepler-1793 b,3.79037518,13.800000000000011,713.0,0.07870000000000044,0.0,5191.0,1.0,0.19449142
Kepler-1794 b,1.79426276,3.8700000000000045,703.0,0.08209999999999962,0.0,5052.0,1.0,0.30125562
Kepler-1795 b,1.66301611,3.3999999999999773,520.0,0.10020000000000007,0.0,4500.0,1.0,0.34551175
Kepler-1796 b,2.75047868,8.0,598.0,0.18789999999999996,0.0,6036.0,1.0,0.25310021
Kepler-1797 b,3.05774442,9.579999999999984,684.0,0.1637000000000004,0.0,6244.0,1.0,0.23565741
Kepler-1798 b,2.30911251,5.939999999999998,407.99999999999994,0.10820000000000007,0.0,3967.0,1.0,0.3636934
Kepler-1799 b,4.12801189,15.899999999999977,770.0,0.10280000000000022,0.0,5831.0,1.0,0.17787595
Kepler-18 b,2.0,6.899999999999977,1165.0,0.04469999999999974,0.0,5345.0,1.0,0.2575163
Kepler-18 c,5.49,17.30000000000001,899.0,0.07519999999999971,0.0,5345.0,1.0,0.14717168
Kepler-18 d,6.98,16.399999999999977,720.0,0.11720000000000041,0.0,5345.0,1.0,0.13274712
Kepler-180 b,1.5,2.8600000000000136,781.0,0.10899999999999999,0.0,5731.0,1.0,0.30085021
Kepler-180 c,3.01,9.319999999999993,540.0,0.2290000000000001,0.0,5731.0,1.0,0.29167426
Kepler-1800 b,0.9967973399999996,0.9610000000000127,1533.0,0.050980000000000025,0.0,5343.0,1.0,0.3004925
Kepler-1801 b,2.70926154,7.800000000000011,829.0,0.09149999999999991,0.0,5738.0,1.0,0.23911877
Kepler-1801 c,2.91,8.800000000000011,371.0,0.4572000000000003,0.0,5738.0,1.0,0.51462551
Kepler-1802 b,1.6710000000000003,3.430000000000007,581.0,0.06620000000000026,0.0,4245.0,1.0,0.31958864
Kepler-1802 c,2.322,6.0,357.0,0.1748000000000003,0.0,4245.0,1.0,0.49620377
Kepler-1804 b,1.59615726,3.180000000000007,913.0,0.10170000000000101,0.0,5109.0,1.0,0.31925672
Kepler-1805 b,1.54502915,3.0,479.0,0.06989999999999963,0.0,3867.0,1.0,0.37114877
Kepler-1806 b,2.35560189,6.149999999999977,729.0,0.0812999999999997,0.0,5311.0,1.0,0.26047444
Kepler-1807 b,2.70393215,7.769999999999982,1108.0,0.09879999999999978,0.0,6455.0,1.0,0.22477531
Kepler-1808 b,3.02511302,9.399999999999977,601.0,0.14670000000000005,0.0,5530.0,1.0,0.23889102
Kepler-1809 b,1.5130000000000003,2.8999999999999773,877.0,0.04443999999999981,0.0,4901.0,1.0,0.28602107
Kepler-181 b,1.2700000000000005,2.1499999999999773,1041.0,0.03999999999999915,0.0,5333.0,1.0,0.29326569
Kepler-181 c,1.9899999999999998,4.6200000000000045,937.0,0.04900000000000038,0.0,5333.0,1.0,0.26280732
Kepler-1810 b,3.9181532500000005,14.600000000000023,380.0,0.4137000000000004,0.0,5492.0,1.0,0.40089805
Kepler-1811 b,3.84829873,14.100000000000023,455.0,0.3461999999999996,0.0,5561.0,1.0,0.27234785
Kepler-1812 b,2.3249424,6.009999999999991,1034.0,0.07650000000000023,0.0,6174.0,1.0,0.24283783
Kepler-1813 b,1.4130000000000003,2.579999999999984,1059.0,0.03640000000000043,0.0,5167.0,1.0,0.28723426
Kepler-1814 b,2.36961357,6.2099999999999795,1022.0,0.03765000000000018,0.0,4922.0,1.0,0.2424489
Kepler-1814 c,1.7599999999999998,3.75,1711.0,0.01330000000000009,0.0,4922.0,1.0,0.26734786
Kepler-1815 b,2.7489262,7.990000000000009,763.0,0.09839999999999982,0.0,5516.0,1.0,0.23286484
Kepler-1816 b,1.9679397,4.529999999999973,310.0,0.35646999999999984,0.0,5051.0,1.0,0.64727417
Kepler-1817 b,2.27349126,5.7900000000000205,463.0,0.2347999999999999,0.0,5316.0,1.0,0.3922854
Kepler-1818 b,1.7136068399999997,3.579999999999984,1209.0,0.054999999999999716,0.0,6047.0,1.0,0.27109705
Kepler-1819 b,3.90351256,14.5,760.0,0.13370000000000015,0.0,6090.0,1.0,0.19573304
Kepler-182 b,2.58,7.180000000000007,935.0,0.09600000000000009,0.0,6250.0,1.0,0.23246351
Kepler-182 c,3.43,11.600000000000023,729.0,0.15700000000000003,0.0,6250.0,1.0,0.20715236
Kepler-1820 b,3.11883067,9.899999999999977,561.0,0.19639999999999969,0.0,5841.0,1.0,0.25342233
Kepler-1821 b,2.5924811500000002,7.240000000000009,644.0,0.12439999999999962,0.0,5475.0,1.0,0.25254937
Kepler-1822 b,2.64755943,7.5,507.0,0.1416000000000004,0.0,5165.0,1.0,0.27182588
Kepler-1823 b,2.0861268,5.0,718.0,0.1533199999999999,0.0,6000.0,1.0,0.26625774
Kepler-1824 b,2.38127597,6.259999999999991,421.0,0.4267000000000003,0.0,6002.0,1.0,0.3766322
Kepler-1825 b,1.4220073199999996,2.6100000000000136,1520.0,0.01869999999999994,0.0,5123.0,1.0,0.28389665
Kepler-1826 b,1.4751911600000005,2.7799999999999727,806.0,0.021300000000000097,0.0,3821.0,1.0,0.28828182
Kepler-1827 b,1.85644292,4.100000000000023,1329.0,0.04647000000000112,0.0,5423.0,1.0,0.2636364
Kepler-1828 b,2.1159862599999997,5.1299999999999955,799.0,0.0923999999999996,0.0,5806.0,1.0,0.26340908
Kepler-1829 b,2.47887001,6.7099999999999795,860.0,0.05590000000000028,0.0,5230.0,1.0,0.24163437
Kepler-183 b,2.0599999999999996,4.899999999999977,1088.0,0.06400000000000006,0.0,5888.0,1.0,0.25680318
Kepler-183 c,2.2700000000000005,35.69999999999999,857.0,0.10299999999999976,0.0,5888.0,1.0,0.25446149
Kepler-1830 b,3.32992941,11.100000000000023,681.0,0.3176899999999998,0.0,6160.0,1.0,0.22703399
Kepler-1831 b,1.9701981799999997,4.5400000000000205,1051.0,0.06550000000000011,0.0,6063.0,1.0,0.26250003
Kepler-1832 b,1.2271955600000002,2.019999999999982,1022.0,0.03699999999999992,0.0,5242.0,1.0,0.29340159
Kepler-1833 b,1.3002736199999996,2.240000000000009,1177.0,0.07545000000000002,0.0,6164.0,1.0,0.28994441
Kepler-1834 b,1.4593834,2.730000000000018,848.0,0.049109999999999765,0.0,4821.0,1.0,0.29347058
Kepler-1834 c,1.2199999999999998,1.9800000000000182,1541.0,0.01499999999999968,0.0,4821.0,1.0,0.29062414
Kepler-1835 b,3.5338777300000004,12.199999999999989,808.0,0.09970000000000034,0.0,5903.0,1.0,0.20010081
Kepler-1836 b,2.5530322900000004,7.050000000000011,1093.0,0.06020000000000003,0.0,6123.0,1.0,0.23280458
Kepler-1837 b,2.06673842,4.920000000000016,1012.0,0.06500000000000039,0.0,5966.0,1.0,0.25788761
Kepler-1838 b,1.6604942500000002,3.3999999999999773,1097.0,0.11082000000000036,0.0,5877.0,1.0,0.27622274
Kepler-1839 b,1.9493758999999997,4.4599999999999795,1049.0,0.05830000000000002,0.0,5926.0,1.0,0.26011551
Kepler-184 b,2.36,6.170000000000016,780.0,0.09199999999999964,0.0,5788.0,1.0,0.25549478
Kepler-184 c,1.9699999999999998,8.800000000000011,630.0,0.14100000000000001,0.0,5788.0,1.0,0.29941218
Kepler-184 d,2.49,6.759999999999991,559.0,0.17900000000000027,0.0,5788.0,1.0,0.29696527
Kepler-1840 b,2.77771129,8.129999999999995,284.0,0.46206000000000014,0.0,4898.0,1.0,0.66106477
Kepler-1841 b,1.4891255699999997,2.819999999999993,542.0,0.16059999999999963,0.0,5190.0,1.0,0.34397282
Kepler-1842 b,2.35388681,6.139999999999986,822.0,0.11599999999999966,0.0,5970.0,1.0,0.25588139
Kepler-1843 b,2.70909809,7.800000000000011,772.0,0.1787099999999997,0.0,5422.0,1.0,0.23639243
Kepler-1844 b,3.03648191,9.45999999999998,1074.0,0.04779999999999962,0.0,5776.0,1.0,0.20972695
Kepler-1845 b,2.43836702,6.519999999999982,584.0,0.0884999999999998,0.0,4703.0,1.0,0.27092099
Kepler-1846 b,1.76378826,3.759999999999991,552.0,0.1105400000000003,0.0,4825.0,1.0,0.31888133
Kepler-1847 b,2.74516914,7.970000000000027,843.0,0.09890000000000043,0.0,6122.0,1.0,0.22979107
Kepler-1848 b,1.4088538999999995,2.569999999999993,774.0,0.0583499999999999,0.0,4847.0,1.0,0.29702295
Kepler-1849 b,2.3868534899999996,6.2900000000000205,355.0,0.2596999999999987,0.0,4806.0,1.0,0.52803948
Kepler-185 b,1.17,1.7099999999999795,1237.0,0.0259999999999998,0.0,5208.0,1.0,0.29376191
Kepler-185 c,2.02,4.740000000000009,530.0,0.13900000000000023,0.0,5208.0,1.0,0.3309561
Kepler-1850 b,0.7290966299999999,0.3129999999999882,1008.0,0.02059999999999995,0.0,4239.0,1.0,0.28807761
Kepler-1851 b,3.90012032,14.5,776.0,0.10160000000000036,0.0,5982.0,1.0,0.18915279
Kepler-1852 b,1.8861059200000008,4.220000000000027,760.0,0.07620000000000005,0.0,5237.0,1.0,0.28119072
Kepler-1853 b,1.5186227200000002,2.920000000000016,386.0,0.2394999999999996,0.0,4821.0,1.0,0.51517769
Kepler-1854 b,2.58746104,7.2099999999999795,420.0,0.20894000000000013,0.0,5026.0,1.0,0.37715145
Kepler-1855 b,1.2162049999999995,1.9599999999999795,849.0,0.011499999999999844,0.0,3460.0,1.0,0.29320405
Kepler-1856 b,1.73447868,3.660000000000025,1344.0,0.02149999999999963,0.0,4948.0,1.0,0.26920511
Kepler-1857 b,1.9606541200000005,4.5,946.0,0.08307999999999982,0.0,6074.0,1.0,0.26202397
Kepler-1858 b,2.42168247,6.439999999999998,330.0,0.35749999999999993,0.0,4939.0,1.0,0.55762321
Kepler-1859 b,1.5831357500000003,3.1299999999999955,1455.0,0.03939999999999966,0.0,5887.0,1.0,0.27660618
Kepler-1859 c,1.6600000000000001,3.3899999999999864,1327.0,0.0472999999999999,0.0,5887.0,1.0,0.27360277
Kepler-186 b,1.0700000000000003,1.240000000000009,571.0,0.0343,0.0,3788.0,1.0,0.33171879
Kepler-186 c,1.25,2.1000000000000227,464.0,0.045099999999999696,0.0,3788.0,1.0,0.35461194
Kepler-186 d,1.3999999999999995,2.5400000000000205,379.0,0.07810000000000006,0.0,3788.0,1.0,0.46215771
Kepler-186 e,1.2700000000000005,2.1499999999999773,319.0,0.11000000000000032,0.0,3788.0,1.0,0.60483093
Kepler-186 f,1.17,1.7099999999999795,177.0,0.4320000000000004,0.04,3755.0,1.0,0.6108342
Kepler-1860 b,1.1386376700000005,1.5500000000000114,697.0,0.10625000000000018,0.0,5420.0,1.0,0.31337066
Kepler-1861 b,2.20677414,5.5,617.0,0.24082000000000026,0.0,5855.0,1.0,0.28171098
Kepler-1862 b,2.203,5.490000000000009,645.0,0.11990000000000034,0.0,5644.0,1.0,0.27507888
Kepler-1863 b,2.2630925600000005,5.740000000000009,508.0,0.23677999999999955,0.0,5871.0,1.0,0.27432687
Kepler-1864 b,0.7540836500000001,0.35300000000000864,1156.0,0.04900000000000038,0.0,5854.0,1.0,0.28907817
Kepler-1865 b,1.57686072,3.1100000000000136,1203.0,0.034399999999999764,0.0,5420.0,1.0,0.27885958
Kepler-1866 b,2.0821510800000005,4.990000000000009,834.0,0.10160000000000036,0.0,5791.0,1.0,0.2603896
Kepler-1867 b,1.1598599700000003,1.6499999999999773,768.0,0.08720000000000017,0.0,5693.0,1.0,0.29740297
Kepler-1868 b,3.14950109,10.100000000000023,215.0,0.6234799999999998,0.0,4658.0,1.0,0.58139522
Kepler-1869 b,1.11955354,1.4599999999999795,865.0,0.07976000000000028,0.0,5808.0,1.0,0.30160431
Kepler-1869 c,0.7400000000000002,0.3299999999999841,1455.0,0.02799999999999958,0.0,5808.0,1.0,0.28627197
Kepler-187 b,1.4100000000000001,2.569999999999993,1244.0,0.05900000000000016,0.0,6105.0,1.0,0.2842914
Kepler-187 c,2.67,7.610000000000014,963.0,0.0990000000000002,0.0,6105.0,1.0,0.2271668
Kepler-1870 b,2.1014376399999994,5.069999999999993,1046.0,0.04520000000000035,0.0,5508.0,1.0,0.25423158
Kepler-1871 b,2.4217288099999994,6.439999999999998,1403.0,0.03080000000000016,0.0,5741.0,1.0,0.23550099
Kepler-1872 b,2.38421141,6.279999999999973,1005.0,0.046499999999999986,0.0,5223.0,1.0,0.24504406
Kepler-1873 b,1.62573811,3.2799999999999727,1787.0,0.012800000000000367,0.0,5151.0,1.0,0.27365833
Kepler-1874 b,2.21110724,5.519999999999982,356.0,0.2633000000000001,0.0,4701.0,1.0,0.50777843
Kepler-1875 b,3.22686692,10.5,559.0,0.20389999999999997,0.0,6161.0,1.0,0.22073866
Kepler-1876 b,0.8529999999999998,2.3999999999999773,1299.0,0.07580000000000009,0.098,6104.0,1.0,0.29366715
Kepler-1877 b,0.6240860000000001,0.17899999999997362,1278.0,0.034720000000000084,0.0,5615.0,1.0,0.27621204
Kepler-1878 b,2.92019781,8.860000000000014,1063.0,0.05210000000000026,0.0,5918.0,1.0,0.21486754
Kepler-1879 b,2.06512018,4.920000000000016,987.0,0.0956999999999999,0.0,5865.0,1.0,0.25641309
Kepler-188 b,1.6799999999999997,3.4599999999999795,1463.0,0.03200000000000003,0.0,6021.0,1.0,0.27178329
Kepler-188 c,3.19,10.300000000000011,1025.0,0.06599999999999984,0.0,6021.0,1.0,0.20715571
Kepler-1880 b,2.1168621799999996,5.1299999999999955,606.0,0.05400000000000027,0.0,4380.0,1.0,0.27088822
Kepler-1881 b,2.98104391,9.170000000000016,289.0,0.5332499999999998,0.0,5135.0,1.0,0.6022108
Kepler-1882 b,1.4867440400000005,2.8100000000000023,894.0,0.11636000000000024,0.0,5691.0,1.0,0.29003321
Kepler-1883 b,3.25107395,10.600000000000023,415.99999999999994,0.44379999999999953,0.0,6208.0,1.0,0.40131466
Kepler-1884 b,1.81406781,3.9499999999999886,864.0,0.08450000000000024,0.0,5984.0,1.0,0.26900881
Kepler-1885 b,1.51110555,2.8899999999999864,1205.0,0.03599999999999959,0.0,5591.0,1.0,0.28108768
Kepler-1886 b,2.58158428,7.180000000000007,580.0,0.16000000000000014,0.0,5745.0,1.0,0.27297729
Kepler-1887 b,2.92454357,8.879999999999995,625.0,0.14210000000000012,0.0,5749.0,1.0,0.2506963
Kepler-1888 b,1.32578716,2.319999999999993,886.0,0.09560000000000013,0.0,5557.0,1.0,0.29137092
Kepler-1889 b,2.94360686,8.980000000000018,493.0,0.20819999999999972,0.0,5646.0,1.0,0.24378412
Kepler-189 b,1.21,1.920000000000016,678.0,0.08800000000000008,0.0,5235.0,1.0,0.31963816
Kepler-189 c,2.38,22.69999999999999,544.0,0.13700000000000045,0.0,5235.0,1.0,0.3012085
Kepler-1890 b,0.8686737500000001,0.5869999999999891,1328.0,0.05712000000000028,0.0,6046.0,1.0,0.29357235
Kepler-1891 b,1.5213915599999996,2.930000000000007,1017.0,0.0472999999999999,0.0,5516.0,1.0,0.28320419
Kepler-1892 b,1.83707938,4.029999999999973,822.0,0.06329999999999991,0.0,5383.0,1.0,0.27353688
Kepler-1893 b,1.7055744500000003,3.5500000000000114,1194.0,0.05039999999999978,0.0,5633.0,1.0,0.27162343
Kepler-1894 b,1.2011775899999995,1.8700000000000045,1231.0,0.03849999999999998,0.0,5772.0,1.0,0.29382719
Kepler-1894 c,1.21,1.920000000000016,1007.0,0.057599999999999874,0.0,5772.0,1.0,0.29835195
Kepler-1895 b,2.11934728,5.139999999999986,789.0,0.061499999999999666,0.0,5076.0,1.0,0.25725199
Kepler-1896 b,3.09935997,9.800000000000011,536.0,0.25290000000000035,0.0,6122.0,1.0,0.25681911
Kepler-1897 b,2.81407954,8.319999999999993,505.0,0.1546000000000003,0.0,5165.0,1.0,0.28697126
Kepler-1898 b,0.9335352300000004,0.7599999999999909,1167.0,0.05062999999999995,0.0,5702.0,1.0,0.29906686
Kepler-1899 b,1.5509829200000005,3.019999999999982,851.0,0.045700000000000074,0.0,4791.0,1.0,0.29001487
Kepler-19 b,2.209,6.100000000000023,851.0,0.08460000000000001,0.41,5541.0,1.0,0.2567577
Kepler-19 c,3.68,13.100000000000023,814.858,0.17657369959999958,0.21,5544.0,1.0,0.23900404
Kepler-19 d,5.06,22.5,998.874,0.10875199999999996,0.05,5544.0,1.0,0.28659839
Kepler-190 b,1.5600000000000005,3.0500000000000114,1166.0,0.03000000000000025,0.0,5106.0,1.0,0.27959642
Kepler-190 c,1.46,2.730000000000018,948.0,0.04499999999999993,0.0,5106.0,1.0,0.28836345
Kepler-1900 b,1.6231467599999996,3.269999999999982,1356.0,0.041999999999999815,0.0,6173.0,1.0,0.2746827
Kepler-1901 b,1.4741890700000004,2.769999999999982,1132.0,0.04530000000000012,0.0,5696.0,1.0,0.28289594
Kepler-1902 b,1.17563613,1.740000000000009,601.0,0.03849999999999998,0.0,3729.0,1.0,0.31741389
Kepler-1903 b,2.28642395,5.850000000000023,769.0,0.13210000000000033,0.0,6347.0,1.0,0.25228585
Kepler-1904 b,1.3904994000000004,2.509999999999991,567.0,0.04359999999999964,0.0,3805.0,1.0,0.3342685
Kepler-1905 b,1.4460734000000004,2.6899999999999977,1212.0,0.045099999999999696,0.0,5788.0,1.0,0.28422553
Kepler-1906 b,2.77615754,8.129999999999995,901.0,0.07380000000000031,0.0,5868.0,1.0,0.22256273
Kepler-1907 b,0.8697302899999997,0.5889999999999986,856.0,0.0544399999999996,0.0,5159.0,1.0,0.30992488
Kepler-1907 c,1.1554704400000002,1.6299999999999955,620.0,0.10371000000000041,0.0,5159.0,1.0,0.35671163
Kepler-1909 b,1.0921741100000002,1.329999999999984,1031.0,0.03059999999999974,0.0,4935.0,1.0,0.29717579
Kepler-191 b,1.3399999999999999,2.3600000000000136,722.0,0.08699999999999974,0.0,5282.0,1.0,0.31240772
Kepler-191 c,1.8600000000000003,4.1200000000000045,596.0,0.1280000000000001,0.0,5282.0,1.0,0.31663035
Kepler-191 d,2.2800000000000002,5.819999999999993,857.0,0.061040000000000205,0.0,5215.0,1.0,0.25309236
Kepler-1910 b,1.1840000000000002,1.7799999999999727,645.0,0.053600000000000314,0.0,4234.0,1.0,0.32379322
Kepler-1911 b,1.0110000000000001,1.009999999999991,987.0,0.0636000000000001,0.0,5721.0,1.0,0.29969545
Kepler-1912 b,1.3567050800000002,2.410000000000025,976.0,0.06489000000000011,0.0,5734.0,1.0,0.29132933
Kepler-1913 b,1.51852059,2.920000000000016,818.0,0.12089999999999979,0.0,6214.0,1.0,0.3006298
Kepler-1914 b,2.9429803,8.970000000000027,585.0,0.19540000000000024,0.0,5982.0,1.0,0.25076132
Kepler-1915 b,3.21798413,10.399999999999977,809.0,0.11399999999999988,0.0,6020.0,1.0,0.21503485
Kepler-1916 b,2.6175723500000005,7.350000000000023,635.0,0.20530000000000026,0.0,6246.0,1.0,0.25767204
Kepler-1917 b,1.8897128800000003,4.230000000000018,675.0,0.10299999999999976,0.0,5530.0,1.0,0.28783599
Kepler-1918 b,2.2976302299999998,5.889999999999986,497.0,0.25239999999999974,0.0,5889.0,1.0,0.38806243
Kepler-1919 b,2.6239065799999994,7.3799999999999955,479.0,0.2107000000000001,0.0,5513.0,1.0,0.32305518
Kepler-192 b,2.74,7.949999999999989,803.0,0.08999999999999986,0.0,5479.0,1.0,0.23285711
Kepler-192 c,2.79,8.199999999999989,623.0,0.15000000000000036,0.0,5479.0,1.0,0.25256908
Kepler-192 d,1.0200000000000005,1.0400000000000205,926.0,0.0686,0.0,5487.0,1.0,0.30065053
Kepler-1920 b,2.95415848,9.029999999999973,660.0,0.20429999999999993,0.0,6277.0,1.0,0.25167673
Kepler-1921 b,2.89459458,8.720000000000027,967.0,0.15864999999999974,0.0,6120.0,1.0,0.21844411
Kepler-1921 c,1.4100000000000001,2.569999999999993,1791.0,0.045399999999999885,0.0,6120.0,1.0,0.2831826
Kepler-1922 b,2.2906490400000004,5.860000000000014,740.0,0.10770000000000035,0.0,5931.0,1.0,0.25109501
Kepler-1923 b,1.95958179,4.5,553.0,0.2846000000000002,0.0,5881.0,1.0,0.31408517
Kepler-1924 b,2.65446572,7.529999999999973,821.0,0.12159999999999993,0.0,5726.0,1.0,0.23051212
Kepler-1925 b,3.00177922,9.279999999999973,531.0,0.2587999999999999,0.0,5856.0,1.0,0.24467046
Kepler-1926 b,2.31495961,5.970000000000027,450.99999999999994,0.21969999999999956,0.0,5256.0,1.0,0.46318998
Kepler-1927 b,3.40627075,11.5,677.0,0.3873300000000004,0.0,6056.0,1.0,0.22449883
Kepler-1928 b,1.992,4.6299999999999955,621.0,0.19399999999999995,0.43,5720.0,1.0,0.30891051
Kepler-1929 b,3.07250761,9.649999999999977,566.0,0.3088300000000004,0.0,5786.0,1.0,0.23450949
Kepler-193 b,2.39,6.300000000000011,979.0,0.10599999999999987,0.0,6335.0,1.0,0.24732056
Kepler-193 c,2.75,8.0,595.0,0.2859999999999996,0.0,6335.0,1.0,0.2969245
Kepler-1930 b,1.5295554099999995,2.9499999999999886,643.0,0.10233000000000025,0.0,5083.0,1.0,0.32248576
Kepler-1931 b,2.65323514,7.529999999999973,619.0,0.23329000000000022,0.0,6167.0,1.0,0.24736479
Kepler-1932 b,1.51482218,2.910000000000025,1891.0,0.012299999999999756,0.0,5278.0,1.0,0.27869176
Kepler-1933 b,1.1798408900000004,1.759999999999991,1058.0,0.05604999999999993,0.0,5661.0,1.0,0.29625688
Kepler-1934 b,0.9130773400000001,0.7019999999999982,1700.0,0.024659999999999904,0.0,5925.0,1.0,0.29282335
Kepler-1935 b,2.5027169599999994,6.819999999999993,1083.0,0.046299999999999564,0.0,5570.0,1.0,0.23246092
Kepler-1936 b,3.16615594,10.199999999999989,524.0,0.5266200000000003,0.0,6501.0,1.0,0.32206844
Kepler-1937 b,3.0229133,9.389999999999986,1014.0,0.09149999999999991,0.0,6457.0,1.0,0.21542256
Kepler-1938 b,1.8282892700000004,4.0,527.0,0.09379999999999988,0.0,4522.0,1.0,0.31436755
Kepler-1939 b,1.1648077299999997,1.6800000000000068,816.0,0.03340000000000032,0.0,4353.0,1.0,0.30088024
Kepler-194 b,1.5099999999999998,2.8899999999999864,1648.0,0.03200000000000003,0.0,6089.0,1.0,0.27972852
Kepler-194 c,2.59,7.220000000000027,815.0,0.13100000000000023,0.0,6089.0,1.0,0.24638433
Kepler-194 d,2.4,6.350000000000023,562.0,0.27500000000000036,0.0,6089.0,1.0,0.31824944
Kepler-1940 b,1.54732469,3.009999999999991,885.0,0.05250000000000021,0.0,5431.0,1.0,0.28578737
Kepler-1941 b,2.6497694900000006,7.509999999999991,666.0,0.20540000000000003,0.0,6404.0,1.0,0.24356649
Kepler-1942 b,2.1170287,5.1299999999999955,1012.0,0.051599999999999646,0.0,5834.0,1.0,0.25305894
Kepler-1943 b,1.5486918900000002,3.019999999999982,1098.0,0.05975000000000019,0.0,6032.0,1.0,0.27829442
Kepler-1944 b,2.75971163,8.050000000000011,801.0,0.0918000000000001,0.0,5585.0,1.0,0.23217329
Kepler-1945 b,1.2889999999999997,2.2099999999999795,808.0,0.05970000000000031,0.0,4991.0,1.0,0.30094782
Kepler-1946 b,2.48812698,6.75,1143.0,0.03939999999999966,0.0,5505.0,1.0,0.23506309
Kepler-1947 b,1.0101665999999998,1.009999999999991,1298.0,0.07375000000000043,0.0,6040.0,1.0,0.29839956
Kepler-1948 b,1.0328322600000002,1.089999999999975,399.0,0.10219999999999985,0.0,3872.0,1.0,0.3926923
Kepler-1949 b,2.2196454100000005,5.560000000000002,1709.0,0.035199999999999676,0.0,6028.0,1.0,0.24415866
Kepler-195 b,2.03,4.779999999999973,751.0,0.07699999999999996,0.0,5329.0,1.0,0.27135903
Kepler-195 c,1.5499999999999998,3.019999999999982,469.0,0.19700000000000006,0.0,5329.0,1.0,0.39068475
Kepler-1950 b,1.52696349,2.9499999999999886,752.0,0.0871000000000004,0.0,5455.0,1.0,0.2950023
Kepler-1951 b,2.32107188,6.0,728.0,0.1435000000000004,0.0,5468.0,1.0,0.24748113
Kepler-1952 b,1.2392334600000003,2.069999999999993,725.0,0.17239999999999966,0.0,5973.0,1.0,0.3099381
Kepler-1953 b,1.28574667,2.1999999999999886,731.0,0.060699999999999754,0.0,4858.0,1.0,0.30908979
Kepler-1954 b,1.8023593399999998,3.8999999999999773,949.0,0.0625,0.0,5840.0,1.0,0.26926891
Kepler-1955 b,1.1665487800000003,1.6899999999999977,853.0,0.11958999999999964,0.0,5825.0,1.0,0.30207098
Kepler-1956 b,1.0894023800000001,1.3199999999999932,674.0,0.05630000000000024,0.0,4391.0,1.0,0.3402365
Kepler-1957 b,0.9437486699999997,0.7900000000000205,1099.0,0.029899999999999594,0.0,4904.0,1.0,0.29762483
Kepler-1958 b,2.05124311,4.860000000000014,806.0,0.08560000000000034,0.0,5749.0,1.0,0.2618556
Kepler-1959 b,1.1431572699999997,1.5699999999999932,811.0,0.06170000000000009,0.0,5071.0,1.0,0.30714053
Kepler-196 b,1.9,4.269999999999982,536.0,0.1379999999999999,0.0,5128.0,1.0,0.32008227
Kepler-196 c,2.24,5.649999999999977,406.99999999999994,0.2400000000000002,0.0,5128.0,1.0,0.40414411
Kepler-196 d,2.66065673,7.560000000000002,297.0,0.45450000000000035,0.0,5132.0,1.0,0.60077474
Kepler-1960 b,1.3074970400000003,2.259999999999991,1547.0,0.0354000000000001,0.0,6371.0,1.0,0.28760043
Kepler-1961 b,1.6187807999999997,3.25,866.0,0.05879999999999974,0.0,5401.0,1.0,0.28233424
Kepler-1962 b,1.21463929,1.9499999999999886,901.0,0.07829999999999959,0.0,5700.0,1.0,0.30090589
Kepler-1963 b,0.7443702300000004,0.3369999999999891,1448.0,0.029149999999999565,0.0,5726.0,1.0,0.287568
Kepler-1964 b,1.7810587,3.829999999999984,986.0,0.03219999999999956,0.0,4803.0,1.0,0.27154566
Kepler-1965 b,1.3541513800000002,2.3999999999999773,492.0,0.22970999999999986,0.0,5852.0,1.0,0.36779088
Kepler-1966 b,1.10479327,1.3899999999999864,733.0,0.07629999999999981,0.0,5009.0,1.0,0.32171506
Kepler-1967 b,0.7302257699999997,0.3149999999999977,1086.0,0.06686000000000014,0.0,4970.0,1.0,0.31162826
Kepler-1968 b,1.50004034,2.8600000000000136,744.0,0.06960000000000122,0.0,5008.0,1.0,0.30823588
Kepler-1969 b,1.68161001,3.4700000000000273,999.0,0.07169999999999987,0.0,6046.0,1.0,0.28099121
Kepler-197 b,1.0200000000000005,1.0400000000000205,1142.0,0.05999999999999961,0.020000000000000004,6004.0,2.0,0.29590487
Kepler-197 c,1.2299999999999995,5.300000000000011,930.0,0.08999999999999986,0.08,6004.0,2.0,0.29592155
Kepler-197 d,1.2199999999999998,1.9800000000000182,810.0,0.11899999999999977,0.03,6004.0,2.0,0.30127592
Kepler-197 e,0.9100000000000001,0.6929999999999836,691.0,0.1639999999999997,0.38,6004.0,2.0,0.31287736
Kepler-1972 b,0.8020000000000005,2.019999999999982,1084.0,0.08005999999999958,0.067,5818.0,1.0,0.29277453
Kepler-1972 c,0.8680000000000003,2.1100000000000136,1215.0,0.10493000000000041,0.043,5818.0,1.0,0.2988486
Kepler-1976 b,12.21,408.407766732,1103.0,0.05649999999999977,0.0,5712.0,1.0,0.075724702
Kepler-1977 b,1.6600000000000001,3.3899999999999864,798.0,0.04860000000000042,0.0,4805.0,1.0,0.28728207
Kepler-1978 b,2.67,7.610000000000014,676.0,0.09139999999999926,0.0,5251.0,1.0,0.24407547
Kepler-1979 b,29.330000000000002,1651.68842266,683.0,0.1383000000000001,0.0,5942.0,1.0,0.056118098
Kepler-198 b,2.82,8.350000000000023,655.0,0.13100000000000023,0.0,5574.0,1.0,0.24417775
Kepler-198 c,2.47,6.660000000000025,465.0,0.25900000000000034,0.0,5574.0,1.0,0.33397985
Kepler-198 d,1.5300000000000002,2.9599999999999795,1562.0,0.023419999999999774,0.0,5636.0,1.0,0.27847662
Kepler-1980 b,2.2099999999999995,5.519999999999982,564.0,0.2049000000000003,0.0,5819.0,1.0,0.27658144
Kepler-1981 b,9.23,62.5,390.0,1.3292000000000002,0.0,5874.0,1.0,0.43112913
Kepler-1982 b,0.7700000000000005,0.3809999999999718,1282.0,0.05109999999999992,0.0,6202.0,1.0,0.28850515
Kepler-1983 b,2.33,6.0400000000000205,807.0,0.06890000000000018,0.0,5135.0,1.0,0.25714767
Kepler-1984 b,6.81,37.30000000000001,675.0,0.0237999999999996,0.0,3638.0,1.0,0.14088464
Kepler-1985 b,2.2700000000000005,5.769999999999982,1129.0,0.04260000000000108,0.0,5370.0,1.0,0.24484453
Kepler-1986 b,1.8899999999999997,4.230000000000018,579.0,0.13070000000000004,0.0,5549.0,1.0,0.31687209
Kepler-1987 b,1.2299999999999995,2.0400000000000205,997.0,0.031799999999999606,0.0,4769.0,1.0,0.29499336
Kepler-1987 c,1.33,2.329999999999984,860.0,0.04269999999999996,0.0,4769.0,1.0,0.2963013
Kepler-1987 d,2.66,7.560000000000002,744.0,0.05710000000000015,0.0,4769.0,1.0,0.24063736
Kepler-1987 e,1.9200000000000004,4.350000000000023,643.0,0.07650000000000023,0.0,4769.0,1.0,0.29039161
Kepler-1988 b,1.5300000000000002,2.9599999999999795,1105.0,0.10379999999999967,0.0,6033.0,1.0,0.28143754
Kepler-1989 b,4.62,19.30000000000001,904.0,0.0918000000000001,0.0,6032.0,1.0,0.16413947
Kepler-199 b,3.11,9.850000000000023,595.0,0.15800000000000036,0.0,5644.0,1.0,0.24298013
Kepler-199 c,3.25,10.600000000000023,420.0,0.31599999999999984,0.0,5644.0,1.0,0.33457004
Kepler-1990 b,3.27,10.699999999999989,1554.0,0.02859999999999996,0.0,5751.0,1.0,0.19996268
Kepler-1990 c,0.9799999999999995,0.9039999999999964,1170.0,0.05039999999999978,0.0,5751.0,1.0,0.29559565
Kepler-1991 b,1.4699999999999998,2.759999999999991,760.0,0.1064999999999996,0.0,5478.0,1.0,0.30011222
Kepler-1991 c,2.5699999999999994,7.1299999999999955,634.0,0.15280000000000005,0.0,5478.0,1.0,0.26498108
Kepler-1992 b,0.9100000000000001,0.6929999999999836,637.0,0.11690000000000023,0.0,5383.0,1.0,0.31154576
Kepler-1993 b,4.15,16.100000000000023,903.0,0.19430000000000014,0.0,5159.0,1.0,0.17864345
Kepler-1994 b,0.5099999999999998,0.08699999999998909,1032.0,0.052999999999999936,0.0,5495.0,1.0,0.26074304
Kepler-1995 b,4.28,16.899999999999977,375.0,0.32589999999999986,0.0,5029.0,1.0,0.45880417
Kepler-1996 b,2.26,5.730000000000018,392.0,0.17889999999999961,0.0,4580.0,1.0,0.40572154
Kepler-1996 c,2.81,8.300000000000011,276.0,0.36080000000000023,0.0,4580.0,1.0,0.6180295
Kepler-1997 b,2.2800000000000002,5.819999999999993,660.0,0.18149999999999977,0.0,6215.0,1.0,0.27212036
Kepler-1998 b,0.5999999999999996,0.1560000000000059,1187.0,0.04049999999999976,0.0,5640.0,1.0,0.27374549
Kepler-1999 b,3.29,10.800000000000011,577.0,0.07129999999999992,0.0,4406.0,1.0,0.23471423
Kepler-20 b,1.7729999999999997,9.699999999999989,1187.0,0.04565000000000019,0.083,5495.0,2.0,0.27005684
Kepler-20 c,2.894,11.100000000000023,828.0,0.09360000000000035,0.076,5495.0,2.0,0.22968739
Kepler-20 d,2.6060000000000003,13.399999999999977,430.0,0.3474000000000004,0.082,5495.0,2.0,0.41281715
Kepler-20 e,0.8209999999999997,0.7599999999999909,1004.0,0.06369999999999987,0.092,5495.0,2.0,0.29775091
Kepler-20 f,0.952,1.3999999999999773,681.0,0.13870000000000005,0.094,5495.0,2.0,0.33119244
Kepler-20 g,4.71,19.95999999999998,524.0,0.2054999999999998,0.15,5495.0,2.0,0.22720626
Kepler-200 b,2.1300000000000003,5.180000000000007,854.0,0.08000000000000007,0.0,5678.0,1.0,0.25652262
Kepler-200 c,1.5899999999999999,3.1499999999999773,806.0,0.08999999999999986,0.0,5678.0,1.0,0.28565284
Kepler-2000 b,2.73,7.899999999999977,530.0,0.056199999999999584,0.0,3757.0,1.0,0.26445684
Kepler-2000 c,1.5700000000000003,3.089999999999975,359.0,0.1227999999999998,0.0,3757.0,1.0,0.47479902
Kepler-2001 b,1.04,1.1200000000000045,1402.0,0.019700000000000273,0.0,5081.0,1.0,0.29468383
Kepler-2001 c,1.8200000000000003,3.9700000000000273,597.0,0.10839999999999961,0.0,5081.0,1.0,0.31729858
Kepler-201 b,2.46,6.6200000000000045,683.0,0.17499999999999982,0.0,6065.0,1.0,0.25014544
Kepler-201 c,2.85,8.5,378.0,0.5730000000000004,0.0,6065.0,1.0,0.37422124
Kepler-202 b,1.63,3.2900000000000205,802.0,0.04499999999999993,0.0,4668.0,1.0,0.28487864
Kepler-202 c,1.8499999999999996,4.079999999999984,505.0,0.11300000000000043,0.0,4668.0,1.0,0.3330147
Kepler-203 b,2.5699999999999994,7.1299999999999955,1308.0,0.04300000000000015,0.0,5821.0,1.0,0.22945995
Kepler-203 c,2.47,749.9,1096.0,0.06099999999999994,0.0,5821.0,1.0,0.2359491
Kepler-203 d,1.4400000000000004,33.89999999999998,855.0,0.09999999999999964,0.0,5821.0,1.0,0.29260489
Kepler-204 b,2.53,6.939999999999998,828.0,0.11699999999999999,0.0,5812.0,1.0,0.24566606
Kepler-204 c,1.79,3.8600000000000136,683.0,0.17300000000000004,0.0,5812.0,1.0,0.30198855
Kepler-205 b,1.5099999999999998,2.8899999999999864,757.0,0.03200000000000003,0.0,4321.0,1.0,0.2911463
Kepler-205 c,1.6400000000000001,3.329999999999984,389.0,0.12199999999999989,0.0,4321.0,1.0,0.43397248
Kepler-206 b,1.2000000000000002,1.8700000000000045,983.0,0.07800000000000029,0.0,5764.0,1.0,0.29700362
Kepler-206 c,1.7700000000000005,3.7799999999999727,825.0,0.11099999999999977,0.0,5764.0,1.0,0.27976824
Kepler-206 d,1.1900000000000004,1.8100000000000023,681.0,0.16300000000000026,0.0,5764.0,1.0,0.32042143
Kepler-207 b,1.5700000000000003,3.089999999999975,1930.0,0.028999999999999915,0.0,5920.0,1.0,0.27604989
Kepler-207 c,1.5,2.8600000000000136,1556.0,0.043999999999999595,0.0,5920.0,1.0,0.27967436
Kepler-207 d,3.31,11.0,1254.0,0.06799999999999962,0.0,5920.0,1.0,0.19941826
Kepler-208 b,1.63,3.2900000000000205,1379.0,0.05400000000000027,0.0,6092.0,1.0,0.27485465
Kepler-208 c,1.3899999999999997,2.509999999999991,1141.0,0.07899999999999974,0.0,6092.0,1.0,0.28780362
Kepler-208 d,1.2000000000000002,1.8700000000000045,999.0,0.10299999999999976,0.0,6092.0,1.0,0.29727403
Kepler-208 e,1.4799999999999995,2.7900000000000205,880.0,0.13199999999999967,0.0,6092.0,1.0,0.29154234
Kepler-209 b,2.26,5.730000000000018,668.0,0.12199999999999989,0.0,5513.0,1.0,0.2677522
Kepler-209 c,3.1,9.800000000000011,486.0,0.23099999999999987,0.0,5513.0,1.0,0.28856327
Kepler-21 b,1.6390000000000002,7.5,2015.0,0.043400000000000105,0.0,6305.0,2.0,0.27295833
Kepler-210 b,2.94,8.95999999999998,737.0,0.03200000000000003,0.0,4559.0,1.0,0.21993962
Kepler-210 c,3.62,12.800000000000011,497.0,0.07000000000000028,0.0,4559.0,1.0,0.22363277
Kepler-211 b,1.2599999999999998,2.1299999999999955,954.0,0.04800000000000004,0.0,5123.0,1.0,0.29655699
Kepler-211 c,1.29,18.30000000000001,841.0,0.06200000000000028,0.0,5123.0,1.0,0.30106478
Kepler-212 b,1.0899999999999999,1.3199999999999932,830.0,0.133,0.0,5852.0,1.0,0.30250959
Kepler-212 c,2.74,7.949999999999989,664.0,0.20699999999999985,0.0,5852.0,1.0,0.24239093
Kepler-213 b,1.62,3.259999999999991,1326.0,0.03599999999999959,0.0,5696.0,1.0,0.27483927
Kepler-213 c,2.34,6.079999999999984,1060.0,0.057000000000000384,0.0,5696.0,1.0,0.24162766
Kepler-214 b,2.61,7.319999999999993,758.0,0.1299999999999999,0.0,6169.0,1.0,0.2324473
Kepler-214 c,2.1300000000000003,5.180000000000007,619.0,0.19399999999999995,0.0,6169.0,1.0,0.26346069
Kepler-215 b,1.62,3.259999999999991,784.0,0.08399999999999963,0.0,5739.0,1.0,0.28595448
Kepler-215 c,1.7700000000000005,3.7799999999999727,675.0,0.11300000000000043,0.0,5739.0,1.0,0.28845768
Kepler-215 d,2.39,23.600000000000023,527.0,0.1849999999999996,0.0,5739.0,1.0,0.29150162
Kepler-215 e,1.75,3.7099999999999795,405.0,0.31400000000000006,0.0,5739.0,1.0,0.4214819
Kepler-216 b,2.3499999999999996,6.1200000000000045,1069.0,0.07899999999999974,0.0,6091.0,1.0,0.24011457
Kepler-216 c,3.04,9.480000000000018,814.0,0.13600000000000012,0.0,6091.0,1.0,0.21489529
Kepler-217 b,2.23,5.600000000000023,1413.0,0.06500000000000039,0.0,6171.0,1.0,0.24434166
Kepler-217 c,1.8499999999999996,4.079999999999984,1208.0,0.08900000000000041,0.0,6171.0,1.0,0.26400295
Kepler-217 d,1.3200000000000003,2.3000000000000114,1574.0,0.05339999999999989,0.0,6341.0,1.0,0.28682781
Kepler-218 b,1.4799999999999995,2.7900000000000205,1156.0,0.04600000000000026,0.0,5502.0,1.0,0.28264207
Kepler-218 c,3.14,10.0,500.0,0.24800000000000022,0.0,5502.0,1.0,0.27445553
Kepler-218 d,2.66,7.560000000000002,356.0,0.4988400000000004,0.0,5542.0,1.0,0.45475209
Kepler-219 b,2.95,9.009999999999991,1307.0,0.057000000000000384,0.0,5786.0,1.0,0.21393304
Kepler-219 c,3.58,12.5,766.0,0.16500000000000004,0.0,5786.0,1.0,0.20849649
Kepler-219 d,2.81,19.100000000000023,598.0,0.27200000000000024,0.0,5786.0,1.0,0.27192483
Kepler-22 b,2.1,9.100000000000023,279.0,0.8120000000000003,0.72,5596.0,1.0,0.7216326
Kepler-220 b,0.8099999999999996,0.45699999999999363,759.0,0.04600000000000026,0.0,4632.0,1.0,0.30298029
Kepler-220 c,1.5700000000000003,3.089999999999975,586.0,0.07599999999999962,0.0,4632.0,1.0,0.31247306
Kepler-220 d,0.9799999999999995,0.9039999999999964,401.00000000000006,0.16300000000000026,0.0,4632.0,1.0,0.45109952
Kepler-220 e,1.33,2.329999999999984,341.0,0.22599999999999998,0.0,4632.0,1.0,0.5571803
Kepler-221 b,1.7099999999999995,5.955750000000023,1090.0,0.03699999999999992,0.0,5243.0,1.0,0.27375844
Kepler-221 c,2.93,9.300000000000011,860.0,0.05900000000000016,0.0,5243.0,1.0,0.22331179
Kepler-221 d,2.73,3.6100000000000136,712.0,0.08699999999999974,0.0,5243.0,1.0,0.24461063
Kepler-221 e,2.6300000000000003,7.867059999999981,582.0,0.1299999999999999,0.0,5243.0,1.0,0.27748684
Kepler-222 b,3.16,10.100000000000023,1004.0,0.04800000000000004,0.0,5433.0,1.0,0.20951576
Kepler-222 c,4.64,19.399999999999977,734.0,0.09100000000000019,0.0,5433.0,1.0,0.17935184
Kepler-222 d,3.69,13.199999999999989,522.0,0.17999999999999972,0.0,5433.0,1.0,0.26422929
Kepler-223 b,2.99,7.399999999999977,1042.0,0.0752499999999996,0.078,5803.0,1.0,0.21288656
Kepler-223 c,3.44,5.100000000000023,947.0,0.09116999999999997,0.15,5803.0,1.0,0.19750968
Kepler-223 d,5.24,8.0,827.0,0.11955999999999989,0.037,5803.0,1.0,0.15221979
Kepler-223 e,4.6,4.800000000000011,751.0,0.14480999999999966,0.051,5803.0,1.0,0.16996651
Kepler-224 b,1.3899999999999997,2.509999999999991,937.0,0.038000000000000256,0.0,5018.0,1.0,0.29009134
Kepler-224 c,3.12,9.910000000000025,758.0,0.05800000000000072,0.0,5018.0,1.0,0.21840566
Kepler-224 d,2.3,5.899999999999977,610.0,0.08900000000000041,0.0,5018.0,1.0,0.27306638
Kepler-224 e,1.9699999999999998,4.5400000000000205,517.0,0.12399999999999967,0.0,5018.0,1.0,0.32009119
Kepler-225 b,1.2000000000000002,1.8700000000000045,579.0,0.05600000000000005,0.0,3682.0,1.0,0.33241
Kepler-225 c,1.8399999999999999,4.0400000000000205,412.0,0.11099999999999977,0.0,3682.0,1.0,0.4085451
Kepler-226 b,1.5499999999999998,24.0,1018.0,0.04699999999999971,0.0,5571.0,1.0,0.28190623
Kepler-226 c,2.2700000000000005,45.19999999999999,919.0,0.05800000000000072,0.0,5571.0,1.0,0.24907454
Kepler-226 d,1.2199999999999998,1.9800000000000182,800.0,0.07599999999999962,0.0,5571.0,1.0,0.30338202
Kepler-227 b,3.11,9.850000000000023,793.0,0.08999999999999986,0.0,5854.0,1.0,0.21844613
Kepler-227 c,3.04,9.480000000000018,442.99999999999994,0.29000000000000004,0.0,5854.0,1.0,0.33106449
Kepler-228 b,1.5300000000000002,2.9599999999999795,1360.0,0.038000000000000256,0.0,6043.0,1.0,0.27909047
Kepler-228 c,2.6999999999999997,7.75,1160.0,0.0519999999999996,0.0,6043.0,1.0,0.22451262
Kepler-228 d,4.04,15.399999999999977,835.0,0.10099999999999998,0.0,6043.0,1.0,0.18369372
Kepler-229 b,2.1999999999999997,5.480000000000018,823.0,0.06200000000000028,0.0,5120.0,1.0,0.26211915
Kepler-229 c,4.92,21.5,600.0,0.11699999999999999,0.0,5120.0,1.0,0.2043432
Kepler-229 d,3.8500000000000005,14.199999999999989,439.0,0.21999999999999975,0.0,5120.0,1.0,0.3462766
Kepler-23 b,1.638,2.5600000000000023,1157.0,0.07211999999999907,0.017,5828.0,1.0,0.2629103
Kepler-23 c,3.005,7.810000000000002,1008.0,0.09501000000000026,0.021000000000000005,5828.0,1.0,0.20706578
Kepler-23 d,2.206,4.439999999999998,896.0,0.12012,0.009999999999999995,5828.0,1.0,0.25287101
Kepler-230 b,4.26,16.80000000000001,506.0,0.19099999999999984,0.0,5588.0,1.0,0.26008824
Kepler-230 c,2.04,4.819999999999993,359.0,0.3799999999999999,0.0,5588.0,1.0,0.57397581
Kepler-231 b,1.73,35.39999999999998,488.0,0.07399999999999984,0.0,3767.0,1.0,0.34444435
Kepler-231 c,1.9300000000000002,24.100000000000023,393.0,0.11399999999999988,0.0,3767.0,1.0,0.4224692
Kepler-232 b,3.08,9.689999999999998,1104.0,0.05400000000000027,0.0,5847.0,1.0,0.20955533
Kepler-232 c,3.83,14.0,806.0,0.10099999999999998,0.0,5847.0,1.0,0.19137442
Kepler-233 b,2.43,6.480000000000018,751.0,0.07699999999999996,0.0,5360.0,1.0,0.25013581
Kepler-233 c,2.7099999999999995,7.800000000000011,390.0,0.2869999999999999,0.0,5360.0,1.0,0.40635359
Kepler-234 b,3.7,13.199999999999989,1420.0,0.03999999999999915,0.0,6224.0,1.0,0.18564827
Kepler-234 c,3.51,12.100000000000023,1025.0,0.07699999999999996,0.0,6224.0,1.0,0.19495858
Kepler-235 b,2.23,5.600000000000023,731.0,0.03699999999999992,0.0,4255.0,1.0,0.26580221
Kepler-235 c,1.2800000000000002,2.180000000000007,555.0,0.06500000000000039,0.0,4255.0,1.0,0.358722
Kepler-235 d,2.05,4.860000000000014,401.00000000000006,0.12199999999999989,0.0,4255.0,1.0,0.45906569
Kepler-235 e,2.22,5.560000000000002,306.0,0.21300000000000008,0.0,4255.0,1.0,0.67069003
Kepler-236 b,1.5700000000000003,3.089999999999975,469.0,0.06500000000000039,0.0,3750.0,1.0,0.36761275
Kepler-236 c,2.0,4.660000000000025,329.0,0.13199999999999967,0.0,3750.0,1.0,0.54878124
Kepler-237 b,1.4100000000000001,2.569999999999993,823.0,0.04999999999999982,0.0,4861.0,1.0,0.293107
Kepler-237 c,2.08,4.980000000000018,687.0,0.07099999999999973,0.0,4861.0,1.0,0.27052492
Kepler-238 b,1.73,3305.02,1642.0,0.03399999999999981,0.0,5751.0,1.0,0.26863626
Kepler-238 c,2.39,152.522,1146.0,0.06899999999999995,0.0,5751.0,1.0,0.23807035
Kepler-238 d,3.07,23.100000000000023,888.0,0.11500000000000021,0.0,5751.0,1.0,0.21284978
Kepler-238 e,5.6,169.7,731.0,0.17286,0.0,5800.0,1.0,0.14978382
Kepler-238 f,2.0,13.5,568.0,0.28634999999999966,0.0,5800.0,1.0,0.29112765
Kepler-239 b,2.33,6.0400000000000205,616.0,0.09499999999999975,0.0,4914.0,1.0,0.27290701
Kepler-239 c,2.51,6.850000000000023,366.0,0.2679999999999998,0.0,4914.0,1.0,0.45067438
Kepler-24 b,2.348,11.139999999999986,1050.0,0.08044999999999991,0.023,6028.0,1.0,0.24247115
Kepler-24 c,2.514,9.990000000000009,915.0,0.10611999999999977,0.013999999999999999,6028.0,1.0,0.22982718
Kepler-24 d,1.67,293.959,1305.0,0.051000000000000156,0.0,5897.0,1.0,0.2735378
Kepler-24 e,2.7799999999999994,26.211799999999982,792.0,0.1379999999999999,0.0,5897.0,1.0,0.2357051
Kepler-240 b,1.37,2.4499999999999886,864.0,0.04800000000000004,0.0,4985.0,1.0,0.29500273
Kepler-240 c,2.1999999999999997,102.30000000000001,696.0,0.07399999999999984,0.0,4985.0,1.0,0.26855268
Kepler-241 b,2.33,6.0400000000000205,562.0,0.0940000000000012,0.0,4699.0,1.0,0.28368063
Kepler-241 c,2.5699999999999994,7.1299999999999955,397.0,0.18900000000000006,0.0,4699.0,1.0,0.38677135
Kepler-242 b,2.61,7.319999999999993,742.0,0.07500000000000018,0.0,5020.0,1.0,0.25477471
Kepler-242 c,2.0,4.660000000000025,613.0,0.10899999999999999,0.0,5020.0,1.0,0.31667596
Kepler-243 b,2.45,6.569999999999993,850.0,0.06200000000000028,0.0,5228.0,1.0,0.24468596
Kepler-243 c,1.9899999999999998,4.6200000000000045,559.0,0.14200000000000035,0.0,5228.0,1.0,0.31583993
Kepler-244 b,2.76,8.050000000000011,1038.0,0.04999999999999982,0.0,5554.0,1.0,0.22500487
Kepler-244 c,2.05,4.860000000000014,791.0,0.08699999999999974,0.0,5554.0,1.0,0.270141
Kepler-244 d,2.31,15.199999999999989,622.0,0.13999999999999968,0.0,5554.0,1.0,0.28419181
Kepler-245 b,2.5699999999999994,146.78,753.0,0.07099999999999973,0.0,5100.0,1.0,0.2435433
Kepler-245 c,2.18,26.69999999999999,568.0,0.12399999999999967,0.0,5100.0,1.0,0.29441734
Kepler-245 d,3.03,21.600000000000023,445.0,0.20199999999999996,0.0,5100.0,1.0,0.32214929
Kepler-245 e,1.75,1806.36,998.0,0.0405300000000004,0.0,5174.0,1.0,0.27247765
Kepler-246 b,2.34,6.079999999999984,896.0,0.0519999999999996,0.0,5206.0,1.0,0.24722077
Kepler-246 c,1.5,2.8600000000000136,667.0,0.09499999999999975,0.0,5206.0,1.0,0.3105139
Kepler-247 b,1.6400000000000001,3.329999999999984,970.0,0.041999999999999815,0.0,5100.0,1.0,0.2787867
Kepler-247 c,4.09,15.699999999999989,686.0,0.08399999999999963,0.0,5100.0,1.0,0.19480965
Kepler-247 d,3.94,14.699999999999989,530.0,0.13999999999999968,0.0,5100.0,1.0,0.2361517
Kepler-248 b,3.02,9.379999999999995,819.0,0.06599999999999984,0.0,5190.0,1.0,0.2228586
Kepler-248 c,4.07,15.600000000000023,598.0,0.12300000000000022,0.0,5190.0,1.0,0.21895602
Kepler-249 b,1.0899999999999999,1.3199999999999932,554.0,0.03500000000000014,0.0,3568.0,1.0,0.34434494
Kepler-249 c,1.5099999999999998,2.8899999999999864,429.0,0.05800000000000072,0.0,3568.0,1.0,0.4097103
Kepler-249 d,1.5700000000000003,3.089999999999975,332.0,0.09700000000000042,0.0,3568.0,1.0,0.5836518
Kepler-25 b,2.7480000000000007,8.699999999999989,1185.0,0.06949999999999967,0.0029,6354.0,2.0,0.22187659
Kepler-25 c,5.217,15.199999999999989,934.0,0.11169999999999991,0.006099999999999994,6354.0,2.0,0.15106114
Kepler-25 d,10.0,71.89999999999998,976.8,0.4164221831999999,0.13,6354.0,2.0,0.15583871
Kepler-250 b,1.13,1.509999999999991,938.0,0.04800000000000004,0.0,5160.0,1.0,0.30083132
Kepler-250 c,2.2800000000000002,5.819999999999993,782.0,0.06899999999999995,0.0,5160.0,1.0,0.25864901
Kepler-250 d,2.18,5.389999999999986,579.0,0.12699999999999978,0.0,5160.0,1.0,0.30398792
Kepler-251 b,1.33,2.329999999999984,990.0,0.052999999999999936,0.0,5526.0,1.0,0.29165622
Kepler-251 c,2.7700000000000005,8.100000000000023,655.0,0.12199999999999989,0.0,5526.0,1.0,0.24642622
Kepler-251 d,2.7700000000000005,8.100000000000023,536.0,0.18200000000000038,0.0,5526.0,1.0,0.27834064
Kepler-251 e,2.7700000000000005,8.100000000000023,360.0,0.4039999999999999,0.0,5526.0,1.0,0.45591162
Kepler-252 b,1.2299999999999995,2.0400000000000205,587.0,0.05800000000000072,0.0,4208.0,1.0,0.31746539
Kepler-252 c,2.15,5.269999999999982,499.0,0.08000000000000007,0.0,4208.0,1.0,0.29699547
Kepler-253 b,1.63,3.2900000000000205,949.0,0.04600000000000026,0.0,5208.0,1.0,0.27994487
Kepler-253 c,2.65,7.509999999999991,680.0,0.08900000000000041,0.0,5208.0,1.0,0.24833097
Kepler-253 d,3.17,10.199999999999989,563.0,0.1299999999999999,0.0,5208.0,1.0,0.25207397
Kepler-254 b,3.87,14.300000000000011,1013.0,0.06400000000000006,0.0,5957.0,1.0,0.18584733
Kepler-254 c,2.15,3.1999999999999886,787.0,0.10500000000000043,0.0,5957.0,1.0,0.26645845
Kepler-254 d,2.5,6.800000000000011,686.0,0.13900000000000023,0.0,5957.0,1.0,0.26320769
Kepler-255 b,1.5499999999999998,3.019999999999982,971.0,0.06299999999999972,0.0,5573.0,1.0,0.28494239
Kepler-255 c,2.99,9.220000000000027,807.0,0.09199999999999964,0.0,5573.0,1.0,0.22590183
Kepler-255 d,1.3200000000000003,2.3000000000000114,1710.0,0.019199999999999662,0.0,5431.0,1.0,0.28698522
Kepler-256 b,1.5899999999999999,3.1499999999999773,1681.0,0.027000000000000135,0.0,5551.0,1.0,0.27592897
Kepler-256 c,2.15,5.269999999999982,1315.0,0.04499999999999993,0.0,5551.0,1.0,0.25031768
Kepler-256 d,2.4800000000000004,6.7099999999999795,1097.0,0.06400000000000006,0.0,5551.0,1.0,0.23767589
Kepler-256 e,2.3499999999999996,6.1200000000000045,897.0,0.09600000000000009,0.0,5551.0,1.0,0.25131902
Kepler-257 b,2.61,7.319999999999993,1237.0,0.03399999999999981,0.0,5180.0,1.0,0.2293118
Kepler-257 c,5.41,25.19999999999999,881.0,0.06599999999999984,0.0,5180.0,1.0,0.15366268
Kepler-257 d,4.95,21.69999999999999,567.0,0.16000000000000014,0.0,5180.0,1.0,0.2178347
Kepler-258 b,4.06,15.5,642.0,0.10299999999999976,0.0,4942.0,1.0,0.21954494
Kepler-258 c,3.6100000000000003,12.699999999999989,470.0,0.19299999999999962,0.0,4942.0,1.0,0.3330495
Kepler-259 b,2.8,8.25,879.0,0.07899999999999974,0.0,5938.0,1.0,0.22880231
Kepler-259 c,2.6999999999999997,7.75,530.0,0.21699999999999964,0.0,5938.0,1.0,0.3015099
Kepler-26 b,2.7799999999999994,5.1200000000000045,431.0,0.0855100000000002,0.021000000000000005,3914.0,1.0,0.31591703
Kepler-26 c,2.72,6.199999999999989,385.0,0.10724999999999962,0.012999999999999998,3914.0,1.0,0.36692032
Kepler-26 d,1.0700000000000003,1.240000000000009,652.0,0.0389999999999997,0.0,4486.0,1.0,0.31674779
Kepler-26 e,2.4100000000000006,6.389999999999986,276.0,0.21999999999999975,0.0,4486.0,1.0,0.64465847
Kepler-260 b,2.01,4.699999999999989,782.0,0.07500000000000018,0.0,5250.0,1.0,0.26339753
Kepler-260 c,1.7400000000000002,3.680000000000007,372.0,0.33199999999999985,0.0,5250.0,1.0,0.42953897
Kepler-261 b,2.18,5.389999999999986,672.0,0.08800000000000008,0.0,5098.0,1.0,0.27538881
Kepler-261 c,2.0,4.660000000000025,505.0,0.1559999999999997,0.0,5098.0,1.0,0.34405028
Kepler-262 b,1.3600000000000003,2.420000000000016,734.0,0.10799999999999965,0.0,5841.0,1.0,0.30685832
Kepler-262 c,1.6400000000000001,3.329999999999984,618.0,0.15200000000000014,0.0,5841.0,1.0,0.3148126
Kepler-263 b,2.67,7.610000000000014,548.0,0.1200000000000001,0.0,5265.0,1.0,0.27363282
Kepler-263 c,2.47,6.660000000000025,386.0,0.242,0.0,5265.0,1.0,0.4133865
Kepler-264 b,3.33,11.100000000000023,772.0,0.24899999999999967,0.0,6158.0,1.0,0.21257716
Kepler-264 c,2.83,8.399999999999977,511.0,0.5659999999999998,0.0,6158.0,1.0,0.29383474
Kepler-265 b,1.8600000000000003,4.1200000000000045,1022.0,0.06899999999999995,0.0,5835.0,1.0,0.26795834
Kepler-265 c,2.6300000000000003,7.410000000000025,755.0,0.12699999999999978,0.0,5835.0,1.0,0.24506895
Kepler-265 d,2.49,6.759999999999991,554.0,0.23599999999999977,0.0,5835.0,1.0,0.29842142
Kepler-265 e,2.59,7.220000000000027,476.0,0.31899999999999995,0.0,5835.0,1.0,0.34274489
Kepler-266 b,2.4800000000000004,6.7099999999999795,1066.0,0.07099999999999973,0.0,5885.0,1.0,0.23794824
Kepler-266 c,3.8899999999999997,14.399999999999977,421.0,0.45699999999999985,0.0,5885.0,1.0,0.37233947
Kepler-267 b,1.98,37.89999999999998,615.0,0.03699999999999992,0.0,4258.0,1.0,0.28602336
Kepler-267 c,2.1300000000000003,5.180000000000007,484.0,0.05999999999999961,0.0,4258.0,1.0,0.32413048
Kepler-267 d,2.2700000000000005,5.769999999999982,301.0,0.15399999999999991,0.0,4258.0,1.0,0.59200638
Kepler-268 b,2.55,7.0400000000000205,695.0,0.17999999999999972,0.0,6081.0,1.0,0.24826294
Kepler-268 c,3.38,11.399999999999977,471.0,0.391,0.0,6081.0,1.0,0.27885234
Kepler-269 b,2.47,6.660000000000025,1007.0,0.06099999999999994,0.0,5847.0,1.0,0.23413282
Kepler-269 c,1.69,3.5,875.0,0.0810000000000004,0.0,5847.0,1.0,0.27384188
Kepler-27 b,4.0,2895.31,610.0,0.11800000000000033,0.0,5400.0,1.0,0.21007834
Kepler-27 c,4.9,4385.87,481.0,0.19099999999999984,0.0,5400.0,1.0,0.23547295
Kepler-27 d,2.7061946,7.779999999999973,810.0,0.06578000000000017,0.0,5251.0,1.0,0.23366136
Kepler-270 b,2.01,4.699999999999989,984.0,0.1070000000000002,0.0,6067.0,1.0,0.26158519
Kepler-270 c,1.7700000000000005,3.7799999999999727,756.0,0.17999999999999972,0.0,6067.0,1.0,0.28724548
Kepler-271 b,1.2299999999999995,2.0400000000000205,759.0,0.08783999999999992,0.0,5555.0,1.0,0.30842235
Kepler-271 c,0.9500000000000002,0.8090000000000259,850.0,0.06993000000000027,0.0,5555.0,1.0,0.3050268
Kepler-271 d,0.6600000000000001,0.2189999999999941,954.0,0.0555399999999997,0.0,5555.0,1.0,0.28589346
Kepler-272 b,1.4299999999999997,78.0,1200.0,0.038000000000000256,0.0,5297.0,1.0,0.28363293
Kepler-272 c,1.79,97.80000000000001,947.0,0.06099999999999994,0.0,5297.0,1.0,0.26942762
Kepler-272 d,2.25,5.689999999999998,777.0,0.09100000000000019,0.0,5297.0,1.0,0.25171011
Kepler-273 b,1.5,2.8600000000000136,1209.0,0.03699999999999992,0.0,5626.0,1.0,0.28303977
Kepler-273 c,1.98,4.579999999999984,865.0,0.0730000000000004,0.0,5626.0,1.0,0.27113789
Kepler-274 b,1.54,2.990000000000009,961.0,0.10099999999999998,0.0,6023.0,1.0,0.28591372
Kepler-274 c,1.8399999999999999,4.0400000000000205,678.0,0.20399999999999974,0.0,6023.0,1.0,0.29715773
Kepler-275 b,2.34,6.079999999999984,1015.0,0.09799999999999986,0.0,6165.0,1.0,0.24257331
Kepler-275 c,3.38,11.399999999999977,875.0,0.13199999999999967,0.0,6165.0,1.0,0.20288679
Kepler-275 d,3.33,11.100000000000023,671.0,0.2240000000000002,0.0,6165.0,1.0,0.21876304
Kepler-276 b,2.87,731.209,739.0,0.11899999999999977,0.0,6105.0,1.0,0.23635265
Kepler-276 c,2.9,16.600000000000023,563.0,0.18618999999999986,0.0,5693.0,1.0,0.27203194
Kepler-276 d,2.8,16.30000000000001,489.0,0.24666000000000032,0.0,5693.0,1.0,0.31676367
Kepler-277 b,2.92,87.30000000000001,964.0,0.14168000000000003,0.0,5946.0,1.0,0.21917788
Kepler-277 c,3.36,64.19999999999999,778.0,0.21781000000000006,0.0,5946.0,1.0,0.21096755
Kepler-278 b,3.955,56.0,586.0,0.20199999999999996,0.696,4965.0,1.0,0.18562705
Kepler-278 c,3.268,34.89999999999998,492.0,0.2869999999999999,0.6160000000000001,4965.0,1.0,0.20957678
Kepler-279 b,3.62,4180.93,1104.0,0.1120000000000001,0.0,6363.0,1.0,0.19175229
Kepler-279 c,4.3,49.39999999999998,774.0,0.22360000000000024,0.0,6689.45,1.0,0.18484993
Kepler-279 d,3.1,37.5,574.0,0.2900999999999998,0.0,6689.45,1.0,0.23663648
Kepler-28 b,1.959,1.6299999999999955,585.0,0.056869999999999976,0.0,4499.3,1.0,0.21338255
Kepler-28 c,1.8570000000000002,2.0600000000000023,509.0,0.07519000000000009,0.017,4499.3,1.0,0.23785955
Kepler-280 b,1.4500000000000002,2.6999999999999886,1425.0,0.03200000000000003,0.0,5744.0,1.0,0.28271317
Kepler-280 c,2.01,4.699999999999989,1088.0,0.05600000000000005,0.0,5744.0,1.0,0.25900003
Kepler-281 b,2.82,324.0,694.0,0.11699999999999999,0.0,5723.0,1.0,0.22908298
Kepler-281 c,5.31,161.124,513.0,0.21499999999999986,0.0,5723.0,1.0,0.18062537
Kepler-281 d,5.93747806,654.0,321.0,0.5456000000000003,0.0,5717.0,1.0,0.31882563
Kepler-282 b,1.0099999999999998,1.009999999999991,817.0,0.08199999999999985,0.0,5602.0,1.0,0.30029512
Kepler-282 c,1.2000000000000002,1.8700000000000045,717.0,0.10599999999999987,0.0,5602.0,1.0,0.30226589
Kepler-282 d,2.46,61.0,588.0,0.15836999999999968,0.0,5656.0,1.0,0.25621845
Kepler-282 e,3.1,56.19999999999999,484.0,0.23331999999999997,0.0,5656.0,1.0,0.2539182
Kepler-283 b,2.1300000000000003,5.180000000000007,488.0,0.08199999999999985,0.0,4351.0,1.0,0.32837407
Kepler-283 c,1.8200000000000003,3.9700000000000273,240.0,0.3410000000000002,0.0,4351.0,1.0,0.79063717
Kepler-284 b,2.24,5.649999999999977,686.0,0.10400000000000009,0.0,5615.0,1.0,0.27338216
Kepler-284 c,2.61,7.319999999999993,478.0,0.21300000000000008,0.0,5615.0,1.0,0.34056238
Kepler-285 b,1.3399999999999999,2.3600000000000136,1131.0,0.03599999999999959,0.0,5411.0,1.0,0.28890753
Kepler-285 c,1.12,1.4599999999999795,851.0,0.06400000000000006,0.0,5411.0,1.0,0.30267075
Kepler-286 b,1.2400000000000002,2.069999999999993,1367.0,0.027000000000000135,0.0,5580.0,1.0,0.29018382
Kepler-286 c,1.37,2.4499999999999886,1098.0,0.041999999999999815,0.0,5580.0,1.0,0.28753989
Kepler-286 d,1.33,2.329999999999984,919.0,0.06099999999999994,0.0,5580.0,1.0,0.29260837
Kepler-286 e,1.7700000000000005,3.7799999999999727,539.0,0.17600000000000016,0.0,5580.0,1.0,0.31890742
Kepler-287 b,2.33,83.0,667.0,0.14499999999999957,0.0,5806.0,1.0,0.27498065
Kepler-287 c,3.26,66.0,513.0,0.24600000000000044,0.0,5806.0,1.0,0.29283955
Kepler-288 b,1.67,3.430000000000007,1197.0,0.06500000000000039,0.0,5918.0,1.0,0.27604446
Kepler-288 c,2.85,8.5,815.0,0.13999999999999968,0.0,5918.0,1.0,0.23701303
Kepler-288 d,2.67,7.610000000000014,570.0,0.2869999999999999,0.0,5918.0,1.0,0.30890212
Kepler-289 b,2.49,3.6999999999999886,607.0,0.21182999999999996,0.0,5990.0,1.0,0.29604546
Kepler-289 c,11.23,157.18,394.0,0.5015499999999999,0.0,5990.0,1.0,0.2563396
Kepler-289 d,3.03,5.329999999999984,548.328,0.33000000000000007,0.0654,5990.0,1.0,0.33197704
Kepler-29 b,2.55,5.0,777.0,0.08481999999999967,0.0,5378.0,1.0,0.24970624
Kepler-29 c,2.34,4.5,715.0,0.10027000000000008,0.0,5378.0,1.0,0.26803583
Kepler-290 b,2.25,5.689999999999998,594.0,0.11000000000000032,0.0,5147.0,1.0,0.30085203
Kepler-290 c,2.6999999999999997,7.75,437.0,0.20500000000000007,0.0,5147.0,1.0,0.39535319
Kepler-290 d,0.8600000000000003,0.5659999999999741,1589.0,0.015399999999999636,0.0,5142.0,1.0,0.29218108
Kepler-291 b,2.16,5.310000000000002,1212.0,0.04699999999999971,0.0,6002.0,1.0,0.24924081
Kepler-291 c,1.88,4.189999999999998,1035.0,0.06500000000000039,0.0,6002.0,1.0,0.26545407
Kepler-292 b,1.3200000000000003,2.3000000000000114,1130.0,0.03500000000000014,0.0,5299.0,1.0,0.28991721
Kepler-292 c,1.4699999999999998,2.759999999999991,1001.0,0.04499999999999993,0.0,5299.0,1.0,0.28629043
Kepler-292 d,2.23,5.600000000000023,808.0,0.06799999999999962,0.0,5299.0,1.0,0.25648754
Kepler-292 e,2.67,7.610000000000014,678.0,0.09700000000000042,0.0,5299.0,1.0,0.24882296
Kepler-292 f,2.3499999999999996,6.1200000000000045,563.0,0.14100000000000001,0.0,5299.0,1.0,0.29161186
Kepler-293 b,3.07,9.639999999999986,657.0,0.14400000000000013,0.0,5804.0,1.0,0.24953821
Kepler-293 c,3.83,14.0,466.0,0.2859999999999996,0.0,5804.0,1.0,0.32446382
Kepler-294 b,1.7700000000000005,3.7799999999999727,1087.0,0.04800000000000004,0.0,5913.0,1.0,0.27048052
Kepler-294 c,2.7099999999999995,7.800000000000011,895.0,0.07099999999999973,0.0,5913.0,1.0,0.23042542
Kepler-295 b,1.2199999999999998,1.9800000000000182,741.0,0.0990000000000002,0.0,5603.0,1.0,0.29266296
Kepler-295 c,1.17,1.7099999999999795,621.0,0.14200000000000035,0.0,5603.0,1.0,0.29737478
Kepler-295 d,1.3600000000000003,2.420000000000016,533.0,0.19200000000000017,0.0,5603.0,1.0,0.29671667
Kepler-296 b,1.6100000000000003,3.2200000000000273,495.0,0.07899999999999974,0.33,3740.0,2.0,0.4913017
Kepler-296 c,2.0,4.660000000000025,606.0,0.05210000000000026,0.33,3740.0,2.0,0.35624429
Kepler-296 d,2.09,5.019999999999982,403.0,0.11800000000000033,0.33,3740.0,2.0,0.62067996
Kepler-296 e,1.5300000000000002,2.9599999999999795,337.0,0.1689999999999996,0.33,3740.0,2.0,0.85187076
Kepler-296 f,1.7999999999999998,3.8899999999999864,274.0,0.2549999999999999,0.33,3740.0,2.0,0.65849997
Kepler-297 b,2.87,48.5,509.0,0.21699999999999964,0.0,5619.0,1.0,0.28449989
Kepler-297 c,6.54,42.10000000000002,409.00000000000006,0.3360000000000003,0.0,5619.0,1.0,0.25601038
Kepler-297 d,32.6,1398.3559926399998,325.0,0.5229999999999997,0.0,5618.0,1.0,0.24974018
Kepler-298 b,1.96,4.5,540.0,0.08000000000000007,0.0,4465.0,1.0,0.30148029
Kepler-298 c,1.9300000000000002,4.3799999999999955,415.99999999999994,0.13600000000000012,0.0,4465.0,1.0,0.37946811
Kepler-298 d,2.5,6.800000000000011,277.0,0.3049999999999997,0.0,4465.0,1.0,0.61724947
Kepler-299 b,1.3200000000000003,2.3000000000000114,1258.0,0.03999999999999915,0.0,5617.0,1.0,0.28867463
Kepler-299 c,2.65,7.509999999999991,946.0,0.07000000000000028,0.0,5617.0,1.0,0.23094311
Kepler-299 d,1.8600000000000003,4.1200000000000045,729.0,0.11800000000000033,0.0,5617.0,1.0,0.28214141
Kepler-299 e,1.87,4.160000000000025,534.0,0.21999999999999975,0.0,5617.0,1.0,0.32959772
Kepler-30 b,3.9,11.300000000000011,524.0,0.17999999999999972,0.042,5498.0,1.0,0.24177104
Kepler-30 c,12.3,640.0,411.0,0.2999999999999998,0.011099999999999999,5498.0,1.0,0.20740627
Kepler-30 d,8.8,23.100000000000023,308.0,0.4999999999999991,0.022,5498.0,1.0,0.37098676
Kepler-300 b,1.67,3.430000000000007,812.0,0.0940000000000012,0.0,5986.0,1.0,0.27648656
Kepler-300 c,2.25,5.689999999999998,516.0,0.2320000000000002,0.0,5986.0,1.0,0.2739873
Kepler-301 b,1.3500000000000005,2.3899999999999864,1278.0,0.03599999999999959,0.0,5815.0,1.0,0.28726976
Kepler-301 c,1.3500000000000005,2.3899999999999864,989.0,0.05999999999999961,0.0,5815.0,1.0,0.29112122
Kepler-301 d,1.75,3.7099999999999795,725.0,0.1120000000000001,0.0,5815.0,1.0,0.28731686
Kepler-302 b,4.06,15.5,634.0,0.19299999999999962,0.0,5740.0,1.0,0.21226603
Kepler-302 c,12.45,865.5839079200001,392.0,0.5030000000000001,0.0,5740.0,1.0,0.25058151
Kepler-303 b,0.8899999999999997,0.6399999999999864,802.0,0.02400000000000002,0.0,3944.0,1.0,0.30110016
Kepler-303 c,1.1399999999999997,1.5500000000000114,521.0,0.057000000000000384,0.0,3944.0,1.0,0.34280281
Kepler-304 b,2.86,8.550000000000011,875.0,0.0389999999999997,0.0,4731.0,1.0,0.22390635
Kepler-304 c,2.17,5.350000000000023,746.0,0.05400000000000027,0.0,4731.0,1.0,0.26377006
Kepler-304 d,2.75,8.0,611.0,0.08000000000000007,0.0,4731.0,1.0,0.25607812
Kepler-304 e,1.2000000000000002,1.8700000000000045,1137.0,0.023170000000000357,0.0,4817.0,1.0,0.29344966
Kepler-305 b,3.6000000000000005,10.5,836.0,0.057459999999999845,0.0050000000000000044,5080.0,1.0,0.19827724
Kepler-305 c,3.3,6.0,728.0,0.07568000000000019,0.0,5080.0,1.0,0.21643567
Kepler-305 d,2.76,6.199999999999989,576.0,0.1209100000000003,0.0,5090.0,1.0,0.26900716
Kepler-305 e,1.7938153,3.8700000000000045,1000.0,0.04016999999999982,0.0,4974.0,1.0,0.27060503
Kepler-306 b,1.52,2.920000000000016,830.0,0.04999999999999982,0.0,4954.0,1.0,0.2881136
Kepler-306 c,2.3499999999999996,6.1200000000000045,716.0,0.06699999999999928,0.0,4954.0,1.0,0.25471573
Kepler-306 d,2.47,6.660000000000025,535.0,0.1200000000000001,0.0,4954.0,1.0,0.28467459
Kepler-306 e,2.2700000000000005,5.769999999999982,390.0,0.2270000000000003,0.0,4954.0,1.0,0.41122473
Kepler-307 b,2.43,7.439999999999998,797.0,0.09358999999999984,0.0,5367.0,1.0,0.24825389
Kepler-307 c,2.1999999999999997,3.6399999999999864,739.0,0.10895999999999972,0.0,5367.0,1.0,0.26447744
Kepler-308 b,2.1200000000000006,5.139999999999986,833.0,0.08999999999999986,0.0,5895.0,1.0,0.26263168
Kepler-308 c,2.16,5.310000000000002,714.0,0.12300000000000022,0.0,5895.0,1.0,0.27242061
Kepler-309 b,1.5600000000000005,3.0500000000000114,531.0,0.05900000000000016,0.0,4713.0,1.0,0.2939628
Kepler-309 c,2.51,6.850000000000023,204.0,0.4009999999999998,0.0,4713.0,1.0,0.64898531
Kepler-31 b,5.5,36.74180000000001,781.0,0.16000000000000014,0.0,6340.0,1.0,0.15460882
Kepler-31 c,5.3,1493.7,615.0,0.2599999999999998,0.0,6340.0,1.0,0.18166376
Kepler-31 d,3.9,2161.244,484.0,0.40000000000000036,0.0,6340.0,1.0,0.26654717
Kepler-310 b,1.1900000000000004,1.8100000000000023,665.0,0.11099999999999977,0.0,5797.0,1.0,0.31970038
Kepler-310 c,3.38,11.399999999999977,416.99999999999994,0.2809999999999997,0.0,5797.0,1.0,0.33985135
Kepler-310 d,2.47,7.0,353.0,0.39200000000000035,0.0,5797.0,1.0,0.49255796
Kepler-311 b,1.6999999999999997,3.5299999999999727,960.0,0.08699999999999974,0.0,5905.0,1.0,0.27612531
Kepler-311 c,1.4299999999999997,2.6299999999999955,744.0,0.14499999999999957,0.0,5905.0,1.0,0.3004243
Kepler-311 d,2.05,4.860000000000014,327.0,0.7325999999999997,0.0,5903.0,1.0,0.57774218
Kepler-312 b,1.29,2.2099999999999795,1685.0,0.030999999999998806,0.0,6115.0,1.0,0.28758598
Kepler-312 c,3.15,10.100000000000023,754.0,0.15299999999999958,0.0,6115.0,1.0,0.21099851
Kepler-313 b,2.53,6.939999999999998,883.0,0.125,0.0,5727.0,1.0,0.23912944
Kepler-313 c,2.5699999999999994,7.1299999999999955,683.0,0.20800000000000018,0.0,5727.0,1.0,0.25418411
Kepler-314 b,0.8300000000000001,0.49799999999999045,1195.0,0.03500000000000014,0.0,5378.0,1.0,0.29274529
Kepler-314 c,2.9,8.75,890.0,0.06400000000000006,0.0,5378.0,1.0,0.22213401
Kepler-315 b,3.77,13.699999999999989,409.00000000000006,0.40200000000000014,0.0,5796.0,1.0,0.34374562
Kepler-315 c,4.15,16.100000000000023,291.0,0.7910000000000004,0.0,5796.0,1.0,0.53677318
Kepler-316 b,1.0599999999999996,1.1999999999999886,837.0,0.027000000000000135,0.0,4204.0,1.0,0.30143092
Kepler-316 c,1.1600000000000001,1.6499999999999773,577.0,0.05800000000000072,0.0,4204.0,1.0,0.33073767
Kepler-317 b,2.09,109.80000000000001,976.0,0.06099999999999994,0.0,5497.0,1.0,0.25814723
Kepler-317 c,1.7199999999999993,3.6100000000000136,837.0,0.08300000000000018,0.0,5497.0,1.0,0.28356539
Kepler-318 b,4.71,19.899999999999977,1039.0,0.05600000000000005,0.0,5746.0,1.0,0.16041486
Kepler-318 c,3.68,13.100000000000023,762.0,0.10500000000000043,0.0,5746.0,1.0,0.19838568
Kepler-319 b,1.63,3.2900000000000205,1023.0,0.051000000000000156,0.0,5526.0,1.0,0.27829314
Kepler-319 c,2.6300000000000003,7.410000000000025,876.0,0.06899999999999995,0.0,5526.0,1.0,0.23411643
Kepler-319 d,2.29,5.860000000000014,528.0,0.19099999999999984,0.0,5526.0,1.0,0.30899507
Kepler-32 b,2.1999999999999997,1303.0,514.0,0.04999999999999982,0.0,3900.0,1.0,0.30624094
Kepler-32 c,2.0,158.9,450.99999999999994,0.08999999999999986,0.0,3900.0,1.0,0.43503772
Kepler-32 d,2.6999999999999997,39.90890000000002,328.0,0.1299999999999999,0.0,3900.0,1.0,0.51849781
Kepler-32 e,1.5,4.081810000000019,652.0,0.03300000000000036,0.0,3900.0,1.0,0.30782957
Kepler-32 f,0.8200000000000003,969.228,1026.0,0.0129999999999999,0.0,3900.0,1.0,0.29408682
Kepler-320 b,1.1399999999999997,1.5500000000000114,1292.0,0.08500000000000085,0.0,6435.0,1.0,0.295678
Kepler-320 c,1.37,2.4499999999999886,1002.0,0.14200000000000035,0.0,6435.0,1.0,0.2961336
Kepler-321 b,1.7700000000000005,3.7799999999999727,1042.0,0.057000000000000384,0.0,5740.0,1.0,0.27057506
Kepler-321 c,2.32,5.990000000000009,752.0,0.11000000000000032,0.0,5740.0,1.0,0.25502639
Kepler-322 b,1.0099999999999998,1.009999999999991,1373.0,0.027000000000000135,0.0,5388.0,1.0,0.29488261
Kepler-322 c,1.67,3.430000000000007,996.0,0.051000000000000156,0.0,5388.0,1.0,0.27785792
Kepler-323 b,1.3810000000000002,3.8999999999999773,1838.0,0.027779999999999916,0.095,6004.0,1.0,0.2846549
Kepler-323 c,1.5700000000000003,6.800000000000011,1431.0,0.04579999999999984,0.095,6004.0,1.0,0.27774365
Kepler-324 b,1.1399999999999997,2414.4,935.0,0.04999999999999982,0.0,5194.0,1.0,0.29851543
Kepler-324 c,3.15,6.199999999999989,410.00000000000006,0.2599999999999998,0.0,5194.0,1.0,0.35054116
Kepler-324 e,2.03862444,235.014,635.0,0.10972000000000026,0.0,5191.0,1.0,0.28328405
Kepler-325 b,2.91,8.800000000000011,1017.0,0.052999999999999936,0.0,5752.0,1.0,0.21941878
Kepler-325 c,2.54,6.990000000000009,721.0,0.10500000000000043,0.0,5752.0,1.0,0.25401918
Kepler-325 d,2.79,8.199999999999989,498.0,0.21999999999999975,0.0,5752.0,1.0,0.31869479
Kepler-326 b,1.52,44.60000000000002,1127.0,0.03200000000000003,0.0,5105.0,1.0,0.28002867
Kepler-326 c,1.3999999999999995,17.399999999999977,889.0,0.051000000000000156,0.0,5105.0,1.0,0.28832809
Kepler-326 d,1.21,6.899999999999977,781.0,0.06599999999999984,0.0,5105.0,1.0,0.29845628
Kepler-327 b,1.1100000000000003,1.410000000000025,682.0,0.028999999999999915,0.0,3799.0,1.0,0.31321964
Kepler-327 c,1.0300000000000002,20.30000000000001,537.0,0.04699999999999971,0.0,3799.0,1.0,0.34746016
Kepler-327 d,1.73,3.6399999999999864,387.0,0.08999999999999986,0.0,3799.0,1.0,0.44157953
Kepler-328 b,2.3,28.5,602.0,0.21990000000000087,0.0,6064.0,1.0,0.26265248
Kepler-328 c,5.4,39.39999999999998,475.0,0.3540000000000001,0.0,6064.0,1.0,0.19186807
Kepler-329 b,1.3999999999999995,2.5400000000000205,547.0,0.06099999999999994,0.0,4257.0,1.0,0.33001479
Kepler-329 c,1.9300000000000002,4.3799999999999955,402.0,0.11300000000000043,0.0,4257.0,1.0,0.40021119
Kepler-33 b,1.7400000000000002,3.680000000000007,1336.0,0.06770000000000032,0.0,5904.0,1.0,0.26929614
Kepler-33 c,3.2,0.38999999999998636,1009.0,0.1189,0.0,5904.0,1.0,0.20665889
Kepler-33 d,5.35,3.910000000000025,853.0,0.1661999999999999,0.0,5904.0,1.0,0.15175706
Kepler-33 e,4.02,5.569999999999993,752.0,0.2138,0.0,5904.0,1.0,0.18995141
Kepler-33 f,4.46,9.600000000000023,691.0,0.25349999999999984,0.0,5904.0,1.0,0.18372528
Kepler-330 b,1.3500000000000005,2.3899999999999864,714.0,0.07500000000000018,0.0,5117.0,1.0,0.30652348
Kepler-330 c,1.9500000000000002,4.4599999999999795,573.0,0.11599999999999966,0.0,5117.0,1.0,0.30527785
Kepler-331 b,1.8200000000000003,3.9700000000000273,540.0,0.06500000000000039,0.0,4347.0,1.0,0.29755328
Kepler-331 c,1.8399999999999999,4.0400000000000205,424.99999999999994,0.10500000000000043,0.0,4347.0,1.0,0.34733666
Kepler-331 d,1.6400000000000001,3.329999999999984,346.0,0.1589999999999998,0.0,4347.0,1.0,0.45375122
Kepler-332 b,1.17,1.7099999999999795,703.0,0.07000000000000028,0.0,4955.0,1.0,0.31674277
Kepler-332 c,1.0899999999999999,1.3199999999999932,550.0,0.11399999999999988,0.0,4955.0,1.0,0.35934156
Kepler-332 d,1.1799999999999997,1.759999999999991,427.00000000000006,0.18900000000000006,0.0,4955.0,1.0,0.46019872
Kepler-333 b,1.3200000000000003,28.19999999999999,480.0,0.08699999999999974,0.0,4259.0,2.0,0.37051522
Kepler-333 c,1.1100000000000003,1.410000000000025,386.0,0.1349999999999998,0.0,4259.0,2.0,0.48074054
Kepler-334 b,1.12,1.4599999999999795,1090.0,0.06099999999999994,0.0,5828.0,1.0,0.29636453
Kepler-334 c,1.4299999999999997,2.6299999999999955,822.0,0.1070000000000002,0.0,5828.0,1.0,0.29577865
Kepler-334 d,1.4100000000000001,2.569999999999993,656.0,0.16800000000000015,0.0,5828.0,1.0,0.31646108
Kepler-335 b,3.39,11.399999999999977,1290.0,0.07500000000000018,0.0,5877.0,1.0,0.19673654
Kepler-335 c,3.07,9.639999999999986,592.0,0.35599999999999987,0.0,5877.0,1.0,0.24725212
Kepler-336 b,1.0200000000000005,1.0400000000000205,1625.0,0.03300000000000036,0.0,5867.0,1.0,0.29370436
Kepler-336 c,2.1,5.060000000000002,967.0,0.09199999999999964,0.0,5867.0,1.0,0.25586389
Kepler-336 d,2.37,6.2099999999999795,749.0,0.15399999999999991,0.0,5867.0,1.0,0.25351951
Kepler-337 b,1.54,2.990000000000009,1458.0,0.04499999999999993,0.0,5684.0,1.0,0.27801467
Kepler-337 c,2.05,4.860000000000014,1017.0,0.09299999999999997,0.0,5684.0,1.0,0.2559731
Kepler-338 b,2.44,30.600000000000023,1005.0,0.11699999999999999,0.04,5923.0,1.0,0.23804965
Kepler-338 c,2.34,6.079999999999984,831.0,0.1719999999999997,0.03,5923.0,1.0,0.24808903
Kepler-338 d,3.0,9.269999999999982,680.0,0.2569999999999997,0.03,5923.0,1.0,0.23065572
Kepler-338 e,1.5600000000000005,8.5,1143.0,0.08978999999999981,0.05,5999.0,1.0,0.27904948
Kepler-339 b,1.42,2.6000000000000227,1023.0,0.054999999999999716,0.0,5631.0,1.0,0.29093331
Kepler-339 c,1.1499999999999995,7.300000000000011,914.0,0.06899999999999995,0.0,5631.0,1.0,0.30484878
Kepler-339 d,1.17,14.699999999999989,796.0,0.09100000000000019,0.0,5631.0,1.0,0.31432558
Kepler-34 b,8.564,69.92000000000002,669.6,1.0896,0.182,5913.0,2.0,0.43423457
Kepler-340 b,2.53,6.939999999999998,1092.0,0.13400000000000034,0.0,6620.0,1.0,0.23248744
Kepler-340 c,3.37,11.300000000000011,946.0,0.17799999999999994,0.0,6620.0,1.0,0.20091968
Kepler-341 b,1.1799999999999997,1.759999999999991,1085.0,0.05999999999999961,0.0,6012.0,1.0,0.29426413
Kepler-341 c,1.6999999999999997,3.5299999999999727,940.0,0.08000000000000007,0.0,6012.0,1.0,0.27602227
Kepler-341 d,1.8499999999999996,4.079999999999984,622.0,0.18200000000000038,0.0,6012.0,1.0,0.29474682
Kepler-341 e,1.9899999999999998,4.6200000000000045,539.0,0.242,0.0,6012.0,1.0,0.31112031
Kepler-342 b,2.25,5.689999999999998,905.0,0.1280000000000001,0.0,6175.0,1.0,0.24996656
Kepler-342 c,1.96,4.5,754.0,0.1849999999999996,0.0,6175.0,1.0,0.27264538
Kepler-342 d,2.49,6.759999999999991,658.0,0.242,0.0,6175.0,1.0,0.2573588
Kepler-342 e,0.8799999999999999,0.6150000000000091,1897.0,0.02909000000000006,0.0,6366.0,1.0,0.29188104
Kepler-343 b,2.4100000000000006,6.389999999999986,1024.0,0.08800000000000008,0.0,5807.0,1.0,0.24095049
Kepler-343 c,2.02,4.740000000000009,746.0,0.16699999999999982,0.0,5807.0,1.0,0.27595692
Kepler-344 b,2.61,7.319999999999993,643.0,0.15299999999999958,0.0,5774.0,1.0,0.27017613
Kepler-344 c,2.95,9.009999999999991,360.0,0.48799999999999955,0.0,5774.0,1.0,0.52015429
Kepler-345 b,0.7400000000000002,0.4800000000000182,622.0,0.06599999999999984,0.0,4504.0,1.0,0.30382734
Kepler-345 c,1.2000000000000002,2.1999999999999886,575.0,0.07699999999999996,0.0,4504.0,1.0,0.31560245
Kepler-346 b,2.66,7.560000000000002,1008.0,0.07099999999999973,0.0,6033.0,1.0,0.23272028
Kepler-346 c,3.07,9.639999999999986,654.0,0.16800000000000015,0.0,6033.0,1.0,0.25493167
Kepler-347 b,1.9699999999999998,4.5400000000000205,908.0,0.11000000000000032,0.0,6088.0,1.0,0.26349265
Kepler-347 c,1.75,3.7099999999999795,705.0,0.18299999999999983,0.0,6088.0,1.0,0.28752281
Kepler-347 d,3.04,9.480000000000018,482.0,0.3802000000000003,0.0,5592.0,1.0,0.28468022
Kepler-348 b,1.52,2.920000000000016,1196.0,0.07599999999999962,0.0,6177.0,1.0,0.28094113
Kepler-348 c,1.33,2.329999999999984,888.0,0.1379999999999999,0.0,6177.0,1.0,0.29560561
Kepler-349 b,1.9,94.5,972.0,0.06500000000000039,0.0,5956.0,1.0,0.26539609
Kepler-349 c,1.96,4.5,763.0,0.10500000000000043,0.0,5956.0,1.0,0.27152306
Kepler-35 b,8.16,40.363,651.9300000000001,0.6034699999999997,0.042,5606.0,2.0,0.36512077
Kepler-350 b,1.8499999999999996,16.899999999999977,1037.0,0.10400000000000009,0.0,6186.0,1.0,0.2675617
Kepler-350 c,3.1,6.100000000000023,888.0,0.13849999999999962,0.0,6492.3,1.0,0.21447138
Kepler-350 d,2.8,14.899999999999977,782.0,0.17860000000000031,0.0,6492.3,1.0,0.23257994
Kepler-351 b,3.06,4.800000000000011,498.0,0.2140000000000004,0.0,5643.0,1.0,0.33039802
Kepler-351 c,3.19,11.100000000000023,431.0,0.2869999999999999,0.0,5643.0,1.0,0.40124897
Kepler-351 d,2.72,7.850000000000023,318.0,0.5176999999999996,0.0,5225.0,1.0,0.64069564
Kepler-352 b,0.8600000000000003,0.5659999999999741,694.0,0.08500000000000085,0.0,5212.0,1.0,0.31791238
Kepler-352 c,1.2400000000000002,2.069999999999993,591.0,0.11800000000000033,0.0,5212.0,1.0,0.3398446
Kepler-352 d,0.8062803199999999,0.4490000000000123,788.0,0.06573999999999991,0.0,5208.0,1.0,0.30504549
Kepler-353 b,0.8899999999999997,0.6399999999999864,534.0,0.051000000000000156,0.0,3903.0,2.0,0.34599959
Kepler-353 c,1.38,2.480000000000018,472.0,0.06500000000000039,0.0,3903.0,2.0,0.36900822
Kepler-354 b,1.8399999999999999,4.0400000000000205,741.0,0.05400000000000027,0.0,4648.0,1.0,0.28275144
Kepler-354 c,1.3099999999999996,2.269999999999982,508.0,0.11500000000000021,0.0,4648.0,1.0,0.37623851
Kepler-354 d,1.2400000000000002,2.069999999999993,450.99999999999994,0.1459999999999999,0.0,4648.0,1.0,0.42837982
Kepler-355 b,1.46,2.730000000000018,840.0,0.10200000000000031,0.0,6184.0,1.0,0.28980522
Kepler-355 c,2.7099999999999995,7.800000000000011,633.0,0.17900000000000027,0.0,6184.0,1.0,0.24704335
Kepler-356 b,1.5700000000000003,3.089999999999975,1294.0,0.057000000000000384,0.0,6133.0,1.0,0.27726043
Kepler-356 c,1.81,3.930000000000007,913.0,0.11500000000000021,0.0,6133.0,1.0,0.27028851
Kepler-357 b,1.8399999999999999,4.0400000000000205,793.0,0.06299999999999972,0.0,5036.0,1.0,0.2816806
Kepler-357 c,2.67,7.610000000000014,576.0,0.1200000000000001,0.0,5036.0,1.0,0.28594271
Kepler-357 d,3.43,11.600000000000023,402.0,0.24600000000000044,0.0,5036.0,1.0,0.40266931
Kepler-358 b,2.72,7.850000000000023,554.0,0.20999999999999996,0.0,5908.0,1.0,0.29349248
Kepler-358 c,2.85,8.5,411.0,0.3810000000000002,0.0,5908.0,1.0,0.4184721
Kepler-359 b,3.53,12.199999999999989,671.0,0.17799999999999994,0.0,6248.0,1.0,0.23668047
Kepler-359 c,4.3,2.8999999999999773,512.0,0.3070000000000004,0.0,6248.0,1.0,0.28919958
Kepler-359 d,4.01,2.6999999999999886,464.0,0.3719999999999999,0.0,6248.0,1.0,0.34502165
Kepler-36 b,1.4980000000000002,3.829999999999984,978.0,0.11418999999999979,0.0,5979.0,1.0,0.28465208
Kepler-36 c,3.6789999999999994,7.1299999999999955,928.0,0.12692000000000014,0.0,5979.0,1.0,0.19139604
Kepler-360 b,1.65,3.3600000000000136,1116.0,0.043999999999999595,0.0,6053.0,1.0,0.2755264
Kepler-360 c,2.1,5.060000000000002,860.0,0.07500000000000018,0.0,6053.0,1.0,0.25977087
Kepler-361 b,1.4500000000000002,2.6999999999999886,1060.0,0.0860000000000003,0.0,6169.0,1.0,0.2846305
Kepler-361 c,2.52,6.899999999999977,568.0,0.2999999999999998,0.0,6169.0,1.0,0.26896373
Kepler-362 b,0.8799999999999999,0.6150000000000091,838.0,0.08699999999999974,0.0,5788.0,1.0,0.29802529
Kepler-362 c,1.4500000000000002,2.6999999999999886,543.0,0.20699999999999985,0.0,5788.0,1.0,0.31691682
Kepler-363 b,1.1600000000000001,1.6499999999999773,1347.0,0.04800000000000004,0.0,5593.0,1.0,0.29235675
Kepler-363 c,1.69,66.39999999999998,1054.0,0.07899999999999974,0.0,5593.0,1.0,0.27368037
Kepler-363 d,2.05,4.860000000000014,905.0,0.1070000000000002,0.0,5593.0,1.0,0.25873471
Kepler-364 b,1.5499999999999998,3.019999999999982,753.0,0.17799999999999994,0.0,6108.0,1.0,0.29586872
Kepler-364 c,2.15,5.269999999999982,568.0,0.3120000000000003,0.0,6108.0,1.0,0.30218733
Kepler-365 b,2.04,4.819999999999993,865.0,0.09799999999999986,0.0,6012.0,1.0,0.26250818
Kepler-365 c,1.6400000000000001,3.329999999999984,729.0,0.13700000000000045,0.0,6012.0,1.0,0.29204295
Kepler-366 b,1.46,2.730000000000018,1326.0,0.04499999999999993,0.0,6209.0,1.0,0.28138914
Kepler-366 c,1.79,3.8600000000000136,848.0,0.11000000000000032,0.0,6209.0,1.0,0.2694789
Kepler-367 b,1.2999999999999998,2.240000000000009,401.00000000000006,0.20099999999999962,0.0,4710.0,1.0,0.48717781
Kepler-367 c,1.2000000000000002,1.8700000000000045,357.0,0.2530000000000001,0.0,4710.0,1.0,0.58415034
Kepler-368 b,3.26,10.699999999999989,800.0,0.18599999999999994,0.0,5502.0,1.0,0.21126107
Kepler-368 c,3.88,14.300000000000011,575.0,0.3600000000000003,0.0,5502.0,1.0,0.22033473
Kepler-369 b,1.13,1.509999999999991,687.0,0.03000000000000025,0.0,3591.0,1.0,0.32421746
Kepler-369 c,1.4100000000000001,2.569999999999993,391.0,0.0940000000000012,0.0,3591.0,1.0,0.54345487
Kepler-37 b,0.3098000000000001,0.7900000000000205,718.0,0.10189999999999966,0.098,5357.0,1.0,0.22723961
Kepler-37 c,0.7549999999999999,1.3000000000000114,615.0,0.13900000000000023,0.099,5357.0,1.0,0.34032187
Kepler-37 d,2.03,2.0,499.0,0.21090000000000053,0.1,5357.0,1.0,0.36577954
Kepler-37 e,0.3700000000000001,8.100000000000023,401.00000000000006,0.25,0.0,5288.0,1.0,0.36699887
Kepler-370 b,1.5899999999999999,3.1499999999999773,1040.0,0.05400000000000027,0.0,5852.0,1.0,0.27873224
Kepler-370 c,1.9100000000000006,4.310000000000002,647.0,0.13999999999999968,0.0,5852.0,1.0,0.28467797
Kepler-371 b,1.8899999999999997,4.230000000000018,554.0,0.20000000000000018,0.0,5666.0,1.0,0.29019894
Kepler-371 c,1.7800000000000002,3.819999999999993,442.99999999999994,0.3129999999999997,0.0,5666.0,1.0,0.33731442
Kepler-372 b,1.3600000000000003,2.420000000000016,1081.0,0.07500000000000018,0.0,6509.0,1.0,0.28845864
Kepler-372 c,2.09,5.019999999999982,755.0,0.15399999999999991,0.0,6509.0,1.0,0.26510489
Kepler-372 d,1.69,3.5,660.0,0.20099999999999962,0.0,6509.0,1.0,0.29589842
Kepler-373 b,1.3600000000000003,2.420000000000016,1054.0,0.05999999999999961,0.0,5787.0,1.0,0.28779571
Kepler-373 c,1.2400000000000002,2.069999999999993,729.0,0.12600000000000033,0.0,5787.0,1.0,0.30241422
Kepler-374 b,1.0300000000000002,1.079999999999984,1761.0,0.028999999999999915,0.0,5977.0,1.0,0.29344853
Kepler-374 c,1.1000000000000005,1.3700000000000045,1467.0,0.041999999999999815,0.0,5977.0,1.0,0.29341666
Kepler-374 d,1.3099999999999996,2.269999999999982,1272.0,0.05600000000000005,0.0,5977.0,1.0,0.28888931
Kepler-375 b,1.4500000000000002,2.6999999999999886,851.0,0.10099999999999998,0.0,5826.0,1.0,0.30140414
Kepler-375 c,2.65,7.509999999999991,720.0,0.14100000000000001,0.0,5826.0,1.0,0.26005811
Kepler-376 b,1.0700000000000003,1.240000000000009,1242.0,0.057000000000000384,0.0,5900.0,1.0,0.2945046
Kepler-376 c,1.79,3.8600000000000136,873.0,0.11500000000000021,0.0,5900.0,1.0,0.27295377
Kepler-377 b,1.3899999999999997,2.509999999999991,875.0,0.10899999999999999,0.0,5949.0,1.0,0.29350555
Kepler-377 c,2.0599999999999996,4.899999999999977,677.0,0.18200000000000038,0.0,5949.0,1.0,0.27788037
Kepler-378 b,0.75,0.34699999999998,503.0,0.1120000000000001,0.0,4661.0,1.0,0.36072087
Kepler-378 c,0.7000000000000002,0.271000000000015,414.0,0.16600000000000037,0.0,4661.0,1.0,0.43551913
Kepler-379 b,1.6600000000000001,3.3899999999999864,775.0,0.15200000000000014,0.0,6054.0,1.0,0.28788409
Kepler-379 c,2.29,5.860000000000014,530.0,0.3259999999999996,0.0,6054.0,1.0,0.30949603
Kepler-38 b,4.3,122.0,475.0,0.4631999999999996,0.032,5623.0,2.0,0.24305333
Kepler-380 b,1.1900000000000004,1.8100000000000023,1317.0,0.04999999999999982,0.0,6045.0,1.0,0.29209164
Kepler-380 c,1.2700000000000005,2.1499999999999773,1056.0,0.07800000000000029,0.0,6045.0,1.0,0.29239891
Kepler-381 b,0.9900000000000002,0.9370000000000118,1576.0,0.06599999999999984,0.0,6152.0,1.0,0.29476803
Kepler-381 c,1.12,1.4599999999999795,1180.0,0.11699999999999999,0.0,6152.0,1.0,0.29765481
Kepler-381 d,1.0667865,1.2300000000000182,1387.0,0.08363999999999994,0.0,6197.0,1.0,0.29564193
Kepler-382 b,1.3200000000000003,2.3000000000000114,1166.0,0.054999999999999716,0.0,5600.0,1.0,0.28921987
Kepler-382 c,1.5899999999999999,3.1499999999999773,882.0,0.09700000000000042,0.0,5600.0,1.0,0.28398338
Kepler-383 b,1.3200000000000003,2.3000000000000114,545.0,0.09499999999999975,0.0,4710.0,1.0,0.34650473
Kepler-383 c,1.2400000000000002,2.069999999999993,406.0,0.1719999999999997,0.0,4710.0,1.0,0.46933733
Kepler-384 b,1.12,1.4599999999999795,670.0,0.1479999999999997,0.0,5577.0,1.0,0.30407896
Kepler-384 c,1.13,1.509999999999991,531.0,0.23599999999999977,0.0,5577.0,1.0,0.32247211
Kepler-385 b,2.73,12.800000000000011,951.0,0.09700000000000042,0.0,6326.0,1.0,0.22913581
Kepler-385 c,3.04,13.199999999999989,829.0,0.12699999999999978,0.0,6326.0,1.0,0.22227264
Kepler-385 d,2.6186448,7.360000000000014,535.0,0.28720000000000034,0.0,5829.0,1.0,0.30396702
Kepler-386 b,1.3899999999999997,2.509999999999991,651.0,0.09600000000000009,0.0,5178.0,1.0,0.31524364
Kepler-386 c,1.58,3.1200000000000045,513.0,0.15500000000000025,0.0,5178.0,1.0,0.35387198
Kepler-387 b,1.0300000000000002,1.079999999999984,994.0,0.06799999999999962,0.0,5774.0,1.0,0.29756962
Kepler-387 c,0.8899999999999997,0.6399999999999864,826.0,0.09799999999999986,0.0,5774.0,1.0,0.30151842
Kepler-388 b,0.8099999999999996,0.45699999999999363,830.0,0.03599999999999959,0.0,4498.0,1.0,0.29399894
Kepler-388 c,0.8600000000000003,0.5659999999999741,515.0,0.09299999999999997,0.0,4498.0,1.0,0.32362663
Kepler-389 b,1.5099999999999998,2.8899999999999864,1047.0,0.04100000000000037,0.0,5376.0,1.0,0.28604438
Kepler-389 c,1.46,2.730000000000018,636.0,0.11000000000000032,0.0,5376.0,1.0,0.33364301
Kepler-39 b,13.899999999999999,6388.1,897.0,0.1639999999999997,0.112,6350.0,1.0,0.077366267
Kepler-390 b,0.8200000000000003,0.47699999999997544,786.0,0.06500000000000039,0.0,5166.0,2.0,0.30268926
Kepler-390 c,0.79,0.41800000000000637,630.0,0.10099999999999998,0.0,5166.0,2.0,0.31953565
Kepler-391 b,2.5,1100.0,930.0,0.08300000000000018,0.45999999999999996,5038.0,1.0,0.20376217
Kepler-391 c,2.88,450.0,662.0,0.1639999999999997,0.27,5038.0,1.0,0.19731401
Kepler-392 b,1.0,0.97199999999998,1125.0,0.05900000000000016,0.0,5938.0,1.0,0.29602836
Kepler-392 c,1.1000000000000005,1.3700000000000045,901.0,0.09299999999999997,0.0,5938.0,1.0,0.29984717
Kepler-393 b,1.29,2.2099999999999795,1052.0,0.09100000000000019,0.0,6189.0,1.0,0.2907136
Kepler-393 c,1.33,2.329999999999984,901.0,0.12399999999999967,0.0,6189.0,1.0,0.29224869
Kepler-394 b,1.6,3.1899999999999977,1035.0,0.08300000000000018,0.0,6402.0,1.0,0.28265807
Kepler-394 c,1.6600000000000001,3.3899999999999864,901.0,0.11000000000000032,0.0,6402.0,1.0,0.2859877
Kepler-394 d,1.5006681400000002,2.8600000000000136,1165.0,0.059040000000000425,0.0,6398.0,1.0,0.28394775
Kepler-395 b,1.0300000000000002,1.079999999999984,576.0,0.06099999999999994,0.0,4262.0,1.0,0.37054234
Kepler-395 c,1.3200000000000003,2.3000000000000114,341.0,0.1769999999999996,0.0,4262.0,1.0,0.73889128
Kepler-396 b,3.5,75.5,496.0,0.24066999999999972,0.0,5656.0,1.0,0.27521018
Kepler-396 c,5.3,17.899999999999977,390.0,0.3894599999999997,0.0,5656.0,1.0,0.32187955
Kepler-397 b,2.46,6.6200000000000045,539.0,0.14400000000000013,0.0,5307.0,1.0,0.29324852
Kepler-397 c,6.18,31.600000000000023,295.0,0.4800000000000004,0.0,5307.0,1.0,0.44957778
Kepler-398 b,0.9299999999999997,0.7490000000000236,755.0,0.043999999999999595,0.0,4493.0,1.0,0.3099155
Kepler-398 c,1.0099999999999998,1.009999999999991,536.0,0.08699999999999974,0.0,4493.0,1.0,0.35892028
Kepler-398 d,0.8799999999999999,0.6150000000000091,636.0,0.061799999999999855,0.0,4557.0,1.0,0.32549199
Kepler-399 b,0.96,0.839999999999975,773.0,0.10299999999999976,0.0,5502.0,1.0,0.3309576
Kepler-399 c,1.4299999999999997,2.6299999999999955,630.0,0.15500000000000025,0.0,5502.0,1.0,0.36415241
Kepler-399 d,1.8899999999999997,4.230000000000018,486.0,0.2610000000000001,0.0,5502.0,1.0,0.46099942
Kepler-4 b,4.002,24.47199999999998,1650.0,0.04560000000000031,0.0,5857.0,1.0,0.17643535
Kepler-40 b,13.11,699.2,1620.0,0.08000000000000007,0.0,6510.0,1.0,0.069213199
Kepler-400 b,1.65,3.3600000000000136,939.0,0.08699999999999974,0.0,5886.0,1.0,0.27921771
Kepler-400 c,1.4900000000000002,2.829999999999984,755.0,0.13400000000000034,0.0,5886.0,1.0,0.29666216
Kepler-401 b,1.7099999999999995,3.569999999999993,889.0,0.12199999999999989,0.0,6117.0,1.0,0.2745355
Kepler-401 c,2.15,5.269999999999982,598.0,0.26900000000000013,0.0,6117.0,1.0,0.27279322
Kepler-401 d,2.2700000000000005,5.769999999999982,380.0,0.6688600000000005,0.0,6184.0,1.0,0.37503964
Kepler-402 b,1.2199999999999998,1.9800000000000182,1311.0,0.051000000000000156,0.0,6090.0,1.0,0.29171951
Kepler-402 c,1.5600000000000005,3.0500000000000114,1140.0,0.06799999999999962,0.0,6090.0,1.0,0.28016372
Kepler-402 d,1.38,2.480000000000018,1006.0,0.08699999999999974,0.0,6090.0,1.0,0.29052842
Kepler-402 e,1.46,2.730000000000018,931.0,0.10200000000000031,0.0,6090.0,1.0,0.28963901
Kepler-403 b,1.25,2.1000000000000227,1194.0,0.07599999999999962,0.0,6090.0,1.0,0.29038212
Kepler-403 c,1.75,3.7099999999999795,604.0,0.2970000000000006,0.0,6090.0,1.0,0.29381148
Kepler-403 d,1.42,2.6000000000000227,958.0,0.12178000000000022,0.0,6209.0,1.0,0.28699379
Kepler-404 b,1.2700000000000005,2.1499999999999773,730.0,0.10200000000000031,0.0,5654.0,1.0,0.31894146
Kepler-404 c,1.7199999999999993,3.6100000000000136,678.0,0.11800000000000033,0.0,5654.0,1.0,0.30860255
Kepler-405 b,2.08,4.980000000000018,785.0,0.09499999999999975,0.0,5818.0,1.0,0.27594747
Kepler-405 c,4.66,19.600000000000023,557.0,0.18799999999999972,0.0,5818.0,1.0,0.23962127
Kepler-406 b,1.4299999999999997,6.350000000000023,1302.0,0.035989999999999966,0.0,5538.0,1.0,0.28351944
Kepler-406 c,0.8499999999999996,2.7099999999999795,1050.0,0.055310000000000414,0.0,5538.0,1.0,0.29442061
Kepler-407 b,1.1900000000000004,1.9300000000000068,1983.0,0.015310000000000379,0.0,5487.0,1.0,0.29285099
Kepler-407 c,12.3,4000.0,939.546,3.27090369,0.221479,5476.0,1.0,0.15404919
Kepler-408 b,0.8200000000000003,5.0,1561.0,0.03591999999999995,0.0,6104.0,1.0,0.29038757
Kepler-409 b,1.1989999999999998,6.0,438.0,0.3192000000000004,0.69,5421.0,1.0,0.43784921
Kepler-41 b,14.46,177.98,1790.0,0.031010000000000204,0.0,5750.0,1.0,0.063009754
Kepler-410 A b,2.838,8.439999999999998,866.0,0.12260000000000026,0.16999999999999998,6273.0,2.0,0.22288522
Kepler-411 b,2.401,25.600000000000023,1138.0,0.037499999999999645,0.146,4974.0,2.0,0.24210628
Kepler-411 c,4.421,26.399999999999977,838.0,0.07390000000000008,0.108,4974.0,2.0,0.18785561
Kepler-411 d,3.319,15.199999999999989,410.00000000000006,0.278999999999999,0.128,4974.0,2.0,0.45801712
Kepler-411 e,3.28,10.800000000000011,503.0,0.18599999999999994,0.016,4974.0,2.0,0.3404574
Kepler-412 b,15.031268999999998,299.07803,1850.0,0.028970000000000162,0.003799999999999998,5750.0,1.0,0.060786857
Kepler-413 b,4.347,67.0,828.8,0.3552999999999997,0.1181,4700.0,2.0,0.43551451
Kepler-414 b,1.7099999999999995,3.5,1024.0,0.05429999999999957,0.0,5536.0,1.0,0.27461052
Kepler-414 c,3.01,29.899999999999977,890.0,0.07195000000000018,0.0,5536.0,1.0,0.21807335
Kepler-415 b,1.21,119.9,694.0,0.04260000000000108,0.0,4362.0,1.0,0.30582696
Kepler-415 c,2.01,4.699999999999989,543.0,0.06949999999999967,0.0,4362.0,1.0,0.29411768
Kepler-416 b,2.4800000000000004,58.19999999999999,986.0,0.06740000000000013,0.0,5718.0,1.0,0.23686073
Kepler-416 c,2.352,6.1299999999999955,791.0,0.10454000000000008,0.0,5718.0,1.0,0.24557886
Kepler-416 d,1.6100000000000003,3.2200000000000273,1253.0,0.04070000000000018,0.0,5670.0,1.0,0.27597294
Kepler-417 b,2.31,11.0,671.0,0.10060000000000002,0.0,5177.0,1.0,0.27282259
Kepler-417 c,2.69,7.699999999999989,616.0,0.11939999999999973,0.0,5177.0,1.0,0.267515
Kepler-418 b,13.45,349.6112477,433.99999999999994,0.39249000000000045,0.2,5820.0,1.0,0.16648473
Kepler-418 c,5.22108654,23.69999999999999,835.0,0.10632000000000019,0.0,5822.0,1.0,0.15489309
Kepler-419 b,10.8,794.5,613.0,0.3700000000000001,0.833,6430.0,1.0,0.095976514
Kepler-419 c,12.6,2320.1,1149.8,1.6799999999999997,0.184,6430.0,1.0,0.36041119
Kepler-42 b,0.7800000000000002,0.7059439999999881,519.0,0.01159999999999961,0.04,3068.0,1.0,0.36193802
Kepler-42 c,0.7299999999999995,60.33699999999999,720.0,0.006000000000000227,0.0,3068.0,1.0,0.30498546
Kepler-42 d,0.5700000000000003,0.3577849999999785,449.99999999999994,0.015399999999999636,0.020000000000000004,3068.0,1.0,0.3886222
Kepler-421 b,4.16,16.100000000000023,185.0,1.2190000000000003,0.041,5308.0,1.0,0.40572413
Kepler-422 b,12.89,136.66,1028.0,0.08199999999999985,0.0,5972.0,1.0,0.073339947
Kepler-423 b,13.361,189.101,1605.0,0.03584999999999994,0.019000000000000003,5560.0,1.0,0.068463717
Kepler-424 b,9.98,327.35,1116.0,0.043999999999999595,0.0,5460.0,1.0,0.089505491
Kepler-424 c,12.7,2215.18,956.4,0.7299999999999995,0.0266,5460.0,1.0,0.38793727
Kepler-425 b,10.962,79.44999999999999,1070.0,0.04640000000000022,0.33,5170.0,1.0,0.084411371
Kepler-426 b,12.220000000000002,108.06,1300.0,0.041400000000000325,0.18,5725.0,1.0,0.074777868
Kepler-427 b,13.79,92.17000000000002,1100.0,0.09100000000000019,0.57,5800.0,1.0,0.068879189
Kepler-428 b,12.11,403.63,1070.0,0.04330000000000034,0.22,5150.0,1.0,0.077946742
Kepler-43 b,13.663771,1026.5909,1620.0,0.04600000000000026,0.017,6041.0,1.0,0.066769621
Kepler-430 b,3.25,10.600000000000023,667.0,0.22440000000000015,0.0,5884.0,1.0,0.22969887
Kepler-430 c,1.75,3.7099999999999795,458.0,0.4756999999999998,0.0,5884.0,1.0,0.40149108
Kepler-431 b,0.7640000000000002,0.37000000000000455,1032.0,0.0719000000000003,0.0,6004.0,1.0,0.28889131
Kepler-431 c,0.6680000000000001,0.228999999999985,951.0,0.08469999999999978,0.0,6004.0,1.0,0.28217616
Kepler-431 d,1.1100000000000003,1.410000000000025,856.0,0.10449999999999982,0.0,6004.0,1.0,0.29681558
Kepler-432 b,12.834305,1719.4603,812.0,0.30100000000000016,0.5134,4995.0,2.0,0.079252541
Kepler-432 c,13.3,772.3269,829.488,1.5544000000000002,0.498,4995.0,2.0,0.19279792
Kepler-433 b,16.25,896.24,1776.0,0.06789999999999985,0.119,6360.0,1.0,0.056827816
Kepler-434 b,12.67,908.96,1000.0,0.11430000000000007,0.131,5977.0,1.0,0.07673068
Kepler-435 b,22.31,266.97,1729.0,0.09480000000000022,0.114,6161.0,1.0,0.042630862
Kepler-436 b,2.73,7.899999999999977,322.0,0.3390000000000004,0.19,4651.0,1.0,0.61818164
Kepler-436 c,2.33,6.0400000000000205,503.0,0.11451999999999884,0.0,4685.0,1.0,0.32606939
Kepler-437 b,2.14,5.220000000000027,308.0,0.28799999999999937,0.020000000000000004,4551.0,1.0,0.64247814
Kepler-438 b,1.12,1.4599999999999795,288.0,0.16600000000000037,0.03,3748.0,1.0,0.83283844
Kepler-439 b,2.24,5.649999999999977,291.0,0.5629999999999997,0.03,5431.0,1.0,0.65872447
Kepler-44 b,12.220000000000002,317.82,1544.0,0.04459999999999997,0.066,5800.0,1.0,0.07351445
Kepler-440 b,1.8600000000000003,4.1200000000000045,229.0,0.242,0.34,4134.0,1.0,0.75260263
Kepler-441 b,1.6400000000000001,3.329999999999984,189.0,0.6399999999999997,0.1,4340.0,1.0,0.51489081
Kepler-442 b,1.3399999999999999,2.3600000000000136,241.0,0.4089999999999998,0.04,4402.0,1.0,0.83824202
Kepler-443 b,2.33,6.0400000000000205,233.0,0.4950000000000001,0.11,4723.0,1.0,0.71460424
Kepler-444 b,0.4029999999999996,0.037399999999990996,938.0,0.04178000000000015,0.16,5046.0,3.0,0.23747364
Kepler-444 c,0.4969999999999999,0.07929999999998927,868.0,0.048809999999999576,0.31,5046.0,3.0,0.26207019
Kepler-444 d,0.5300000000000002,0.19999999999998863,783.0,0.05999999999999961,0.18,5046.0,3.0,0.27289029
Kepler-444 e,0.5460000000000003,0.10000000000002274,727.0,0.06960000000000122,0.1,5046.0,3.0,0.2801979
Kepler-444 f,0.7409999999999997,0.33199999999999363,673.0,0.08110000000000017,0.29,5046.0,3.0,0.30814473
Kepler-445 b,1.58,3.1200000000000045,401.00000000000006,0.021700000000000053,0.0,3157.0,1.0,0.35223075
Kepler-445 c,2.51,6.850000000000023,341.0,0.030100000000000016,0.0,3157.0,1.0,0.36067567
Kepler-445 d,1.25,2.1000000000000227,305.0,0.04389999999999983,0.0,3157.0,1.0,0.56191507
Kepler-446 b,1.5,2.8600000000000136,648.0,0.018200000000001104,0.0,3359.0,1.0,0.35551275
Kepler-446 c,1.1100000000000003,1.410000000000025,520.0,0.02829999999999977,0.0,3359.0,1.0,0.46721082
Kepler-446 d,1.3500000000000005,2.3899999999999864,436.00000000000006,0.040300000000000225,0.0,3359.0,1.0,0.59474951
Kepler-447 b,18.49,435.41,882.0,0.07690000000000019,0.123,5493.0,1.0,0.059364434
Kepler-448 c,12.0,6992.26,1548.766,4.2,0.6500000000000001,6635.0,1.0,0.28140221
Kepler-449 b,2.056,4.8799999999999955,917.0,0.10269999999999957,0.03,5649.18,1.0,0.25895359
Kepler-449 c,2.764,8.069999999999993,661.0,0.19789999999999974,0.05,5649.18,1.0,0.24384785
Kepler-45 b,10.76,160.497,1000.0,0.03000000000000025,0.11,3820.0,1.0,0.099040202
Kepler-450 b,6.14,19.399999999999977,769.0,0.20092,0.020000000000000004,6197.21,1.0,0.14126641
Kepler-450 c,2.6200000000000006,12.5,944.0,0.13351000000000024,0.020000000000000004,6197.21,1.0,0.23159852
Kepler-450 d,0.8369999999999997,17.600000000000023,1199.0,0.0827,0.14,6197.21,1.0,0.29272919
Kepler-451 c,13.5,511.70373527,2545.0,1.1867199999999993,0.29,29564.0,2.0,0.18418114
Kepler-451 d,13.5,559.37799632,2545.0,1.1867199999999993,0.0,29564.0,2.0,0.067756094
Kepler-452 b,1.63,3.2900000000000205,265.0,1.0460000000000003,0.0,5757.0,1.0,0.8267185
Kepler-453 b,6.204,16.0,650.928,0.7903000000000002,0.0359,5527.0,2.0,0.48903034
Kepler-454 b,2.37,5.399999999999977,916.0,0.09527999999999981,0.32000000000000006,5687.0,2.0,0.24658368
Kepler-454 c,12.9,1433.40611557,1524.6,1.287,0.005299999999999999,5687.0,2.0,0.376318
Kepler-454 d,13.3,734.18362017,1420.4,5.1,0.089,5687.0,2.0,0.10931732
Kepler-457 d,2.98467257,9.189999999999998,1008.0,0.09959999999999969,0.0,6474.0,1.0,0.21629554
Kepler-458 c,4.2,16.399999999999977,798.0,0.17011999999999983,0.0,6117.21,1.0,0.17431837
Kepler-46 b,9.057,1907.0,543.0,0.19679999999999964,0.009999999999999995,5155.0,1.0,0.16385909
Kepler-46 c,13.5,119.499,455.0,0.2798999999999996,0.014599999999999995,5155.0,1.0,0.19063652
Kepler-46 d,1.6400000000000001,3.329999999999984,845.0,0.06699999999999928,0.0,5309.0,1.0,0.28697878
Kepler-460 c,5.52,26.100000000000023,389.0,0.7531800000000004,0.0,6146.0,1.0,0.25809777
Kepler-461 b,2.58,7.180000000000007,886.0,0.07894999999999985,0.0,5634.0,1.0,0.23201689
Kepler-462 b,3.0,53.89999999999998,611.0,0.41720000000000024,0.042,7500.0,1.0,0.23488035
Kepler-462 c,4.0,6.0,453.00000000000006,0.7584,0.11,7500.0,1.0,0.25093962
Kepler-463 b,3.05,9.529999999999973,880.0,0.07925000000000004,0.0,5661.0,1.0,0.21382995
Kepler-464 b,3.3,10.899999999999977,1163.0,0.07931000000000044,0.0,5933.0,1.0,0.20048465
Kepler-465 b,2.95,9.009999999999991,996.0,0.09194999999999975,0.0,6310.0,1.0,0.21668421
Kepler-466 b,2.85,8.5,503.0,0.26769,0.0,5927.0,1.0,0.3118373
Kepler-466 c,1.25,2.1000000000000227,1206.0,0.04657999999999962,0.0,5927.0,1.0,0.29207888
Kepler-467 b,2.25,5.689999999999998,712.0,0.16847999999999885,0.0,5809.0,1.0,0.25925054
Kepler-468 b,13.34,646.12294,484.0,0.22130000000000027,0.0,5498.0,1.0,0.15600704
Kepler-47 b,3.05,2.069999999999993,668.0,0.28770000000000007,0.021000000000000005,5636.0,2.0,0.31827916
Kepler-47 c,4.65,3.170000000000016,635.798,0.9638,0.044,5636.0,2.0,0.54182487
Kepler-47 d,7.04,19.019999999999982,590.528,0.6992000000000003,0.024,5636.0,2.0,0.4520911
Kepler-471 b,14.96,332.955922698,1308.0,0.06259999999999977,0.0,6733.0,1.0,0.061377321
Kepler-472 b,3.22,10.5,876.0,0.04823000000000022,0.0,4996.0,1.0,0.21044406
Kepler-473 b,4.08,15.600000000000023,879.0,0.1204799999999997,0.0,5816.0,1.0,0.17812958
Kepler-474 b,3.06,9.589999999999975,1115.0,0.06092000000000031,0.0,5785.0,1.0,0.2088502
Kepler-475 b,2.49,6.759999999999991,980.0,0.03988999999999976,0.0,5009.0,1.0,0.237141
Kepler-476 b,3.08,9.689999999999998,807.0,0.11259999999999959,0.0,5837.0,1.0,0.21898562
Kepler-477 b,2.0699999999999994,4.939999999999998,649.0,0.09109999999999996,0.0,5240.0,2.0,0.27672114
Kepler-478 b,2.7099999999999995,7.800000000000011,640.0,0.10320000000000018,0.0,5210.0,1.0,0.25261288
Kepler-479 b,2.1200000000000006,5.139999999999986,649.0,0.09635999999999978,0.0,5247.0,1.0,0.2815093
Kepler-48 b,1.88,3.9399999999999977,932.0,0.05393999999999988,0.0,5194.0,1.0,0.26822269
Kepler-48 c,2.7099999999999995,14.610000000000014,736.0,0.08633000000000024,0.0,5194.0,1.0,0.23969001
Kepler-48 d,2.04,7.930000000000007,448.0,0.23301999999999978,0.0,5194.0,1.0,0.37884591
Kepler-48 e,13.4,657.0,1231.182,1.8982747480000004,0.003142000000000006,5194.0,1.0,0.1797934
Kepler-48 f,13.8,298.5809968,1013.6,5.719187877,0.015283000000000005,5190.0,1.0,0.079613342
Kepler-480 b,2.7799999999999994,8.149999999999977,1312.0,0.06024000000000029,0.0,6322.0,1.0,0.21997191
Kepler-481 b,2.5,6.800000000000011,899.0,0.08926000000000034,0.0,5802.0,1.0,0.23710416
Kepler-482 b,2.36,6.170000000000016,352.0,0.2578699999999996,0.0,4871.0,1.0,0.46706163
Kepler-483 b,3.21,10.399999999999977,755.0,0.19470999999999972,0.0,6346.0,1.0,0.22058471
Kepler-484 b,2.2800000000000002,5.819999999999993,766.0,0.09036000000000044,0.0,5668.0,1.0,0.2552133
Kepler-485 b,14.41,281.150796096,1243.0,0.044010000000000105,0.0,5958.0,1.0,0.064307781
Kepler-487 b,11.419999999999998,280.3814,662.0,0.11819000000000024,0.0,5444.0,1.0,0.09800009
Kepler-487 c,2.68,7.649999999999977,487.0,0.21863999999999972,0.0,5444.0,1.0,0.30389706
Kepler-487 d,2.77513568,8.120000000000005,1226.0,0.03444999999999965,0.0,5422.0,1.0,0.22078765
Kepler-489 b,7.72,46.10000000000002,538.0,0.1210899999999997,0.0,5014.0,1.0,0.15783485
Kepler-49 b,2.579,9.769999999999982,509.0,0.05929000000000073,0.0,4095.6,1.0,0.27870774
Kepler-49 c,2.4440000000000004,8.379999999999995,442.99999999999994,0.07821000000000033,0.008000000000000007,4095.6,1.0,0.32604477
Kepler-49 d,1.6,235.982,717.0,0.030999999999998806,0.0,4252.0,1.0,0.29197264
Kepler-49 e,1.5600000000000005,1.0381499999999733,371.0,0.11599999999999966,0.0,4252.0,1.0,0.48672125
Kepler-490 b,11.65,613.534664,1597.0,0.04530000000000012,0.0,6045.0,1.0,0.076621666
Kepler-491 b,8.92,59.0,1111.0,0.051910000000000345,0.0,5582.0,1.0,0.098514734
Kepler-493 b,15.129999999999999,305.116694862,1438.0,0.04389999999999983,0.0,6457.0,1.0,0.060696776
Kepler-495 b,5.23,23.80000000000001,1200.0,0.04269999999999996,0.0,5346.0,1.0,0.14897241
Kepler-495 c,1.2193641399999997,1.9800000000000182,1000.0,0.0613999999999999,0.0,5392.0,1.0,0.29855495
Kepler-496 b,2.32,5.990000000000009,747.0,0.0746999999999991,0.0,5293.0,1.0,0.2578533
Kepler-497 b,6.04,30.399999999999977,1210.0,0.045700000000000074,0.0,5834.0,1.0,0.13170843
Kepler-498 b,3.03,9.430000000000007,931.0,0.08969999999999967,0.0,5744.0,1.0,0.21504483
Kepler-499 b,2.17,5.350000000000023,844.0,0.059800000000000075,0.0,5312.0,1.0,0.25521933
Kepler-5 b,15.984033999999998,670.93913,1750.0,0.05379999999999985,0.0,6297.0,1.0,0.05772234
Kepler-50 b,1.7099999999999995,8.899999999999977,1196.0,0.07699999999999996,0.0,6225.0,1.0,0.2713846
Kepler-50 c,2.17,8.199999999999989,1125.0,0.08699999999999974,0.0,6225.0,1.0,0.24918376
Kepler-500 b,2.58,7.180000000000007,909.0,0.08361000000000018,0.0,5813.0,1.0,0.23348721
Kepler-501 b,4.3,17.100000000000023,1125.0,0.06270000000000042,0.0,5904.0,1.0,0.16989008
Kepler-501 c,1.68119739,3.4700000000000273,1304.0,0.04670000000000041,0.0,5794.0,1.0,0.27225354
Kepler-502 b,4.77,20.399999999999977,1217.0,0.05349999999999966,0.0,6125.0,1.0,0.1568535
Kepler-504 b,1.5899999999999999,3.1499999999999773,374.0,0.06460000000000043,0.0,3519.0,2.0,0.46077378
Kepler-505 b,2.6,7.269999999999982,314.0,0.14449999999999985,0.0,3931.0,1.0,0.47235084
Kepler-506 b,2.73,7.899999999999977,1080.0,0.07437000000000005,0.0,6236.0,1.0,0.22424517
Kepler-507 b,1.2999999999999998,5.6969219499999895,1407.0,0.04781000000000013,0.0,6113.0,1.0,0.28841402
Kepler-508 b,1.6400000000000001,3.329999999999984,710.0,0.17274000000000012,0.0,6025.0,1.0,0.29400624
Kepler-509 b,2.49,6.759999999999991,584.0,0.23702000000000023,0.0,6060.0,1.0,0.27276451
Kepler-51 b,7.1,2.1000000000000227,543.0,0.2514000000000003,0.04,6018.0,1.0,0.20282349
Kepler-51 c,9.0,4.0,439.0,0.38400000000000034,0.013999999999999999,6018.0,1.0,0.26643203
Kepler-51 d,9.7,7.600000000000023,381.0,0.5089999999999995,0.008000000000000007,6018.0,1.0,0.33543158
Kepler-510 b,2.47,6.660000000000025,797.0,0.1352000000000002,0.0,5746.0,1.0,0.24302582
Kepler-511 b,6.35,33.10000000000002,332.0,0.8567200000000001,0.0,5770.0,1.0,0.32377429
Kepler-511 c,4.20964327,16.5,742.0,0.17177000000000042,0.0,5866.0,1.0,0.18066307
Kepler-512 b,2.69,7.699999999999989,652.0,0.21394999999999964,0.0,5997.0,1.0,0.25863938
Kepler-513 b,2.1999999999999997,5.480000000000018,623.0,0.17790000000000017,0.0,5849.0,1.0,0.27910757
Kepler-514 b,1.7199999999999993,3.6100000000000136,1248.0,0.06559000000000026,0.0,6106.0,2.0,0.27130486
Kepler-515 b,1.46,2.730000000000018,564.0,0.1333000000000002,0.0,5293.0,2.0,0.32945863
Kepler-516 b,5.74,27.899999999999977,1095.0,0.19920000000000027,0.0,7099.0,1.0,0.14278803
Kepler-517 b,2.67,7.610000000000014,467.0,0.28681999999999963,0.0,5690.0,2.0,0.32523724
Kepler-518 b,2.11,5.100000000000023,839.0,0.07995999999999981,0.0,5842.0,1.0,0.25871038
Kepler-519 b,2.1,5.060000000000002,532.0,0.15932000000000013,0.0,5260.0,2.0,0.31867472
Kepler-52 b,2.1,135.0,553.0,0.06369999999999987,0.0,4075.0,1.0,0.30097127
Kepler-52 c,1.8399999999999999,45.39999999999998,432.99999999999994,0.10379000000000005,0.011999999999999997,4075.0,1.0,0.39216848
Kepler-52 d,1.9500000000000002,88.8775,332.0,0.18200000000000038,0.0,4263.0,1.0,0.57601114
Kepler-520 b,1.6600000000000001,3.3899999999999864,711.0,0.14627999999999997,0.0,6112.0,1.0,0.28018861
Kepler-520 c,1.0700000000000003,1.240000000000009,1107.0,0.06034999999999968,0.0,6112.0,1.0,0.29402849
Kepler-521 b,3.18,10.199999999999989,803.0,0.17116000000000042,0.0,6406.0,1.0,0.21016895
Kepler-522 b,6.91,38.19999999999999,761.0,0.2502899999999997,0.0,6392.0,1.0,0.1333231
Kepler-523 b,1.96,4.5,884.0,0.06158999999999981,0.0,5515.0,1.0,0.26597557
Kepler-524 b,1.9100000000000006,4.310000000000002,974.0,0.07955000000000023,0.0,6014.0,1.0,0.26219107
Kepler-524 c,0.96,0.839999999999975,1574.0,0.03045999999999971,0.0,6014.0,1.0,0.29321824
Kepler-525 b,2.6300000000000003,7.410000000000025,832.0,0.1438600000000001,0.0,5573.0,1.0,0.23233154
Kepler-526 b,1.9899999999999998,4.6200000000000045,1099.0,0.0651799999999998,0.0,5894.0,1.0,0.25758685
Kepler-527 b,2.8400000000000003,8.449999999999989,1157.0,0.11646000000000001,0.0,6388.0,1.0,0.22426903
Kepler-528 b,2.08,4.980000000000018,708.0,0.14219000000000026,0.0,5807.0,1.0,0.26881796
Kepler-529 b,1.8600000000000003,4.1200000000000045,1662.0,0.030899999999999928,0.0,6087.0,1.0,0.26241896
Kepler-529 c,2.0,4.660000000000025,891.0,0.10749999999999993,0.0,6087.0,1.0,0.26419471
Kepler-529 d,2.79502603,8.220000000000027,633.0,0.21340000000000003,0.0,6078.0,1.0,0.25275243
Kepler-53 b,2.89,111.0,701.0,0.1360999999999999,0.0,5858.0,1.0,0.2360009
Kepler-53 c,3.17,36.0,550.0,0.22090999999999994,0.0,5858.0,1.0,0.25839815
Kepler-53 d,2.1200000000000006,37.19069999999999,870.0,0.09100000000000019,0.0,6085.0,1.0,0.25877361
Kepler-530 b,3.01,9.319999999999993,488.0,0.2149099999999997,0.0,5697.0,2.0,0.28656624
Kepler-531 b,2.7799999999999994,8.149999999999977,453.00000000000006,0.17445999999999984,0.0,4893.0,1.0,0.33479135
Kepler-532 b,2.5699999999999994,7.1299999999999955,620.0,0.10151000000000021,0.0,5192.0,1.0,0.2643299
Kepler-533 b,3.38,11.399999999999977,423.0,0.16704000000000008,0.0,4758.0,1.0,0.3184152
Kepler-534 b,2.24,5.649999999999977,721.0,0.1272000000000002,0.0,5884.0,1.0,0.25791434
Kepler-534 c,1.2270000000000003,2.019999999999982,933.0,0.07610000000000028,0.0,5936.0,1.0,0.29501339
Kepler-535 b,2.36,6.170000000000016,1247.0,0.060109999999999886,0.0,6123.0,1.0,0.23927121
Kepler-536 b,3.1,9.800000000000011,1877.0,0.028349999999999653,0.0,5524.0,1.0,0.2071038
Kepler-537 b,1.4100000000000001,2.569999999999993,1181.0,0.04316999999999993,0.0,5763.0,1.0,0.28570666
Kepler-538 b,2.215,12.899999999999977,416.99999999999994,0.3554000000000004,0.21,5534.0,2.0,0.44640241
Kepler-539 b,8.373123,308.2951,387.6,0.49880000000000013,0.39,5820.0,1.0,0.30746119
Kepler-539 c,13.3,762.792,253.0,2.42,0.5,5820.0,1.0,0.20413109
Kepler-54 b,2.1,0.9800000000000182,453.00000000000006,0.06189999999999962,0.022,3705.0,1.0,0.34369199
Kepler-54 c,1.2299999999999995,0.6999999999999886,395.0,0.08089999999999975,0.0,3705.0,1.0,0.45170022
Kepler-54 d,1.5300000000000002,12.094600000000014,328.0,0.12600000000000033,0.0,4252.0,1.0,0.60488086
Kepler-540 b,2.7099999999999995,7.800000000000011,355.0,0.5882199999999997,0.0,5946.0,1.0,0.43888424
Kepler-541 b,3.36,11.199999999999989,1673.0,0.06447000000000003,0.0,6166.0,1.0,0.19684879
Kepler-542 b,1.5700000000000003,3.089999999999975,698.0,0.10702999999999996,0.0,5526.0,1.0,0.29512086
Kepler-543 b,2.5,6.800000000000011,521.0,0.10229999999999961,0.0,4671.0,1.0,0.28298515
Kepler-544 b,2.1200000000000006,5.139999999999986,748.0,0.15481999999999996,0.0,6206.0,1.0,0.25813453
Kepler-545 b,2.69,7.699999999999989,806.0,0.11247999999999969,0.0,5882.0,1.0,0.23400714
Kepler-546 b,7.0,39.10000000000002,1258.0,0.050200000000000244,0.0,5967.0,1.0,0.11764135
Kepler-547 b,4.0,15.100000000000023,768.0,0.05800000000000072,0.0,4828.0,1.0,0.18979974
Kepler-548 b,11.99,874.9821139999999,1017.0,0.0495000000000001,0.0,5535.0,1.0,0.077956885
Kepler-549 b,2.5699999999999994,11.0,487.0,0.2323599999999999,0.0,5360.0,1.0,0.34874779
Kepler-549 c,2.93,8.910000000000025,349.0,0.4533199999999997,0.0,5360.0,1.0,0.53964991
Kepler-549 d,4.2,16.399999999999977,586.0,0.15749999999999975,0.0,5312.0,1.0,0.22647234
Kepler-55 b,2.43,43.0,400.00000000000006,0.1593,0.0,4362.0,1.0,0.39717959
Kepler-55 c,2.2099999999999995,69.80000000000001,349.0,0.20950000000000024,0.0,4362.0,1.0,0.50224615
Kepler-55 d,1.5899999999999999,3.1499999999999773,931.0,0.028999999999999915,0.0,4503.0,1.0,0.28146362
Kepler-55 e,1.5499999999999998,3.019999999999982,728.0,0.04800000000000004,0.0,4503.0,1.0,0.29483402
Kepler-55 f,1.5899999999999999,3.1499999999999773,559.0,0.0810000000000004,0.0,4503.0,1.0,0.32518088
Kepler-550 b,4.42,17.899999999999977,760.0,0.0746999999999991,0.0,5322.0,1.0,0.17977166
Kepler-551 b,2.73,7.899999999999977,483.0,0.08929999999999971,0.0,4286.0,1.0,0.29526846
Kepler-552 b,3.95,14.800000000000011,1103.0,0.061200000000000365,0.0,5863.0,1.0,0.1807648
Kepler-553 b,4.74139884,116.00736855,1089.0,0.04765999999999959,0.0,5191.0,1.0,0.16370745
Kepler-553 c,11.57887706,2129.4503269,251.0,0.8979999999999997,0.346,5191.0,1.0,0.39186564
Kepler-554 b,4.29,17.0,1346.0,0.030219999999999914,0.0,5447.0,1.0,0.16864608
Kepler-555 b,2.83,8.399999999999977,664.0,0.12009999999999987,0.0,5894.0,1.0,0.22625219
Kepler-556 b,2.24,5.649999999999977,766.0,0.0983299999999998,0.0,5740.0,1.0,0.25667729
Kepler-557 b,2.67,7.610000000000014,1281.0,0.04689999999999994,0.0,6068.0,1.0,0.22365678
Kepler-558 b,2.37,6.2099999999999795,498.0,0.1759000000000004,0.0,5242.0,1.0,0.32697042
Kepler-559 b,3.6100000000000003,12.699999999999989,706.0,0.12769999999999992,0.0,5630.0,1.0,0.21325096
Kepler-56 b,6.51,22.100000000000023,1378.0,0.10280000000000022,0.04,4840.0,1.0,0.12448418
Kepler-56 c,9.8,181.0,1087.0,0.16520000000000046,0.0,4840.0,1.0,0.09158674
Kepler-56 d,12.8,1784.0,970.566,2.16,0.2,4819.44,1.0,0.36492209
Kepler-560 b,1.7199999999999993,3.6100000000000136,298.0,0.08990000000000009,0.16999999999999998,3556.0,2.0,0.65293369
Kepler-561 b,6.96,38.69999999999999,446.0,0.29255999999999993,0.0,5646.0,1.0,0.23970447
Kepler-561 c,2.68,7.649999999999977,989.0,0.059470000000000134,0.0,5646.0,1.0,0.22949783
Kepler-562 b,5.21,23.69999999999999,658.0,0.1333000000000002,0.0,5575.0,1.0,0.16531928
Kepler-563 b,3.09,9.75,546.0,0.14179999999999993,0.0,5066.0,1.0,0.27178426
Kepler-564 b,4.63,19.399999999999977,1129.0,0.0484,0.0,5626.0,1.0,0.16187221
Kepler-565 b,3.6399999999999997,12.899999999999977,1063.0,0.05009999999999959,0.0,5735.0,1.0,0.18994111
Kepler-566 b,2.15,5.269999999999982,526.0,0.12469999999999981,0.0,5132.0,1.0,0.31245259
Kepler-567 b,2.25,5.689999999999998,611.0,0.12289999999999957,0.0,5148.0,1.0,0.29136433
Kepler-568 b,2.26,5.730000000000018,429.0,0.07939999999999969,0.0,3768.0,1.0,0.39555291
Kepler-569 b,3.16,10.100000000000023,526.0,0.19784000000000024,0.0,5616.0,1.0,0.26260131
Kepler-57 b,3.135,25.060000000000002,850.0,0.05987999999999971,0.0162,5187.9,1.0,0.25568651
Kepler-57 c,2.196,6.860000000000014,671.0,0.09588000000000019,0.0725,5187.9,1.0,0.30405323
Kepler-570 b,2.45,6.569999999999993,1009.0,0.04969999999999963,0.0,5496.0,1.0,0.23930961
Kepler-571 b,2.64,7.4599999999999795,978.0,0.05459999999999976,0.0,5527.0,1.0,0.23082359
Kepler-572 b,2.58,7.180000000000007,553.0,0.1192000000000002,0.0,5212.0,1.0,0.27486012
Kepler-573 b,2.79,8.199999999999989,646.0,0.14527,0.0,5746.0,1.0,0.24377551
Kepler-574 b,2.39,6.300000000000011,858.0,0.07230000000000025,0.0,5612.0,1.0,0.24684732
Kepler-575 b,2.39,6.300000000000011,803.0,0.0788000000000002,0.0,5710.0,1.0,0.24553484
Kepler-576 b,3.27,10.699999999999989,541.0,0.17900000000000027,0.0,5672.0,1.0,0.26027175
Kepler-577 b,2.55,7.0400000000000205,314.0,0.13480000000000025,0.0,4984.0,1.0,0.30691814
Kepler-578 b,2.0,4.660000000000025,1774.0,0.02660000000000018,0.0,5334.0,1.0,0.25670306
Kepler-579 b,2.0,4.660000000000025,730.0,0.08539999999999992,0.0,5636.0,1.0,0.27434381
Kepler-58 b,2.7799999999999994,35.5,920.0,0.09290999999999983,0.04,5843.0,1.0,0.22939989
Kepler-58 c,2.86,53.0,799.0,0.12307000000000023,0.0,5843.0,1.0,0.23412527
Kepler-58 d,2.94,245.343,583.0,0.23599999999999977,0.0,6099.0,1.0,0.27857989
Kepler-58 e,1.6100000000000003,597.796,1212.0,0.053300000000000125,0.0,6100.0,1.0,0.27777423
Kepler-580 b,2.5699999999999994,7.1299999999999955,558.0,0.0682999999999998,0.0,4298.0,1.0,0.27310205
Kepler-581 b,2.6300000000000003,7.410000000000025,521.0,0.2259000000000002,0.0,5772.0,1.0,0.31402587
Kepler-582 b,3.68,13.100000000000023,603.0,0.12539999999999996,0.0,5564.0,1.0,0.23276712
Kepler-583 b,2.2800000000000002,5.819999999999993,1017.0,0.06890000000000018,0.0,5523.0,1.0,0.24879626
Kepler-584 b,4.21,16.5,664.0,0.2281000000000004,0.0,6195.0,1.0,0.1880006
Kepler-585 b,2.83,8.399999999999977,1178.0,0.03840999999999983,0.0,5593.0,1.0,0.21892838
Kepler-586 b,2.79,8.199999999999989,1365.0,0.03310000000000013,0.0,5575.0,1.0,0.21993015
Kepler-587 b,2.23,5.600000000000023,764.0,0.09520000000000017,0.0,5549.0,1.0,0.26371753
Kepler-588 b,2.6300000000000003,7.410000000000025,1176.0,0.0519999999999996,0.0,5835.0,1.0,0.22703807
Kepler-589 b,2.2700000000000005,5.769999999999982,656.0,0.11960000000000015,0.0,5296.0,1.0,0.28189519
Kepler-589 c,1.1172723800000002,1.4499999999999886,1098.0,0.04260000000000108,0.0,5372.0,1.0,0.29748852
Kepler-59 b,1.1000000000000005,4.100000000000023,864.0,0.09942999999999991,0.0,6074.0,1.0,0.29930077
Kepler-59 c,1.98,3.8100000000000023,752.0,0.13114000000000026,0.0,6074.0,1.0,0.2675148
Kepler-590 b,4.02,15.199999999999989,1056.0,0.0647000000000002,0.0,6000.0,1.0,0.17648698
Kepler-591 b,3.39,11.399999999999977,436.00000000000006,0.3554000000000004,0.0,5677.0,1.0,0.35187965
Kepler-592 b,2.39,6.300000000000011,1367.0,0.039699999999999847,0.0,5913.0,1.0,0.23710583
Kepler-593 b,2.87,8.600000000000023,706.0,0.15080000000000027,0.0,5967.0,1.0,0.23827562
Kepler-594 b,2.18,5.389999999999986,678.0,0.10890000000000022,0.0,5485.0,1.0,0.26980328
Kepler-595 b,3.708,17.399999999999977,535.0,0.1581999999999999,0.0,5138.5,1.0,0.24810066
Kepler-595 c,1.0089999999999995,3.3000000000000114,679.0,0.09830000000000005,0.0,5138.5,1.0,0.32269634
Kepler-596 b,3.46,11.800000000000011,725.0,0.1516099999999998,0.0,6267.0,1.0,0.20687791
Kepler-597 b,2.37,6.2099999999999795,743.0,0.10916000000000015,0.0,5683.0,1.0,0.25224477
Kepler-598 b,1.5,2.8600000000000136,1050.0,0.04487000000000041,0.0,5307.0,1.0,0.28369131
Kepler-598 c,3.02420941,9.399999999999977,367.0,0.36671999999999993,0.0,5245.0,1.0,0.43334425
Kepler-599 b,2.8400000000000003,8.449999999999989,623.0,0.11280000000000001,0.0,5127.0,1.0,0.26727774
Kepler-6 b,14.616536,212.31044,1460.0,0.0485199999999999,0.0,5647.0,1.0,0.063465396
Kepler-60 b,1.7099999999999995,4.189999999999998,1102.0,0.07254999999999967,0.0,5905.0,1.0,0.27204474
Kepler-60 c,1.9,3.8500000000000227,1023.0,0.08422000000000018,0.039,5905.0,1.0,0.2636372
Kepler-60 d,1.9899999999999998,4.160000000000025,929.0,0.10203000000000007,0.0020000000000000018,5905.0,1.0,0.26099169
Kepler-600 b,2.9,8.75,528.0,0.15359999999999996,0.0,5279.0,1.0,0.27507309
Kepler-601 b,1.9,4.269999999999982,833.0,0.05494000000000021,0.0,5160.0,1.0,0.27086898
Kepler-602 b,2.09,5.019999999999982,852.0,0.12239999999999984,0.0,6062.0,1.0,0.25954754
Kepler-603 b,2.65,7.509999999999991,731.0,0.16052,0.0,5808.0,1.0,0.23566343
Kepler-603 c,6.5,34.5,401.00000000000006,0.5343900000000001,0.0,5808.0,1.0,0.22431477
Kepler-603 d,1.3200000000000003,2.3000000000000114,1098.0,0.0711700000000004,0.0,5808.0,1.0,0.2887138
Kepler-604 b,2.59,7.220000000000027,637.0,0.17349999999999977,0.0,5890.0,1.0,0.25726422
Kepler-605 b,1.4400000000000004,2.670000000000016,1133.0,0.04244000000000003,0.0,5462.0,1.0,0.2858201
Kepler-605 c,0.8600000000000003,0.5659999999999741,1278.0,0.033360000000000056,0.0,5462.0,1.0,0.2936062
Kepler-606 b,3.31,11.0,683.0,0.16999999999999993,0.0,6161.0,1.0,0.21741748
Kepler-607 b,0.8700000000000001,0.589999999999975,1874.0,0.013700000000000045,0.0,5196.0,1.0,0.29180598
Kepler-607 c,2.76001201,8.050000000000011,473.0,0.21506999999999987,0.0,5244.0,1.0,0.34202369
Kepler-608 b,3.6399999999999997,12.899999999999977,1069.0,0.06850000000000023,0.0,5820.0,1.0,0.19167196
Kepler-609 b,3.35,11.199999999999989,932.0,0.06820000000000004,0.0,5971.0,1.0,0.20126442
Kepler-61 b,2.15,5.269999999999982,273.0,0.24861000000000022,0.25,4017.0,1.0,0.6737067
Kepler-610 b,4.19,16.30000000000001,888.0,0.0719000000000003,0.0,5943.0,1.0,0.17796017
Kepler-610 c,3.3,10.899999999999977,318.0,0.5594000000000001,0.0,5943.0,1.0,0.51675428
Kepler-611 b,1.65,3.3600000000000136,1513.0,0.03509999999999991,0.0,5761.0,1.0,0.27263297
Kepler-612 b,2.8400000000000003,8.449999999999989,1046.0,0.04520000000000035,0.0,5693.0,1.0,0.21719736
Kepler-613 b,2.29,5.860000000000014,713.0,0.12319999999999975,0.0,5723.0,1.0,0.26282711
Kepler-614 b,2.39,6.300000000000011,641.0,0.10269999999999957,0.0,5268.0,1.0,0.27078052
Kepler-615 b,1.7400000000000002,3.680000000000007,620.0,0.08500000000000085,0.0,4655.0,1.0,0.31462419
Kepler-616 b,2.43,6.480000000000018,860.0,0.09270000000000067,0.0,5753.0,1.0,0.24820246
Kepler-616 c,3.41,11.5,413.0,0.4024000000000001,0.0,5753.0,1.0,0.39727465
Kepler-616 d,2.6529999999999996,7.519999999999982,499.0,0.2748999999999997,0.0,6004.0,1.0,0.3363868
Kepler-617 b,1.3200000000000003,2.3000000000000114,750.0,0.021899999999999586,0.0,3712.0,1.0,0.2996277
Kepler-618 b,2.6,7.269999999999982,1296.0,0.04490000000000016,0.0,5860.0,1.0,0.22803369
Kepler-619 b,3.16,10.100000000000023,1073.0,0.06013999999999964,0.0,5980.0,1.0,0.2083687
Kepler-619 c,1.69,3.5,1767.0,0.0221600000000004,0.0,5980.0,1.0,0.27076164
Kepler-619 d,4.17,16.19999999999999,830.0,0.10210000000000008,0.0,6122.0,1.0,0.18413748
Kepler-62 b,1.3099999999999996,9.0,750.0,0.055299999999999905,0.0,4925.0,1.0,0.30667741
Kepler-62 c,0.54,4.0,578.0,0.0929000000000002,0.0,4925.0,1.0,0.31535213
Kepler-62 d,1.9500000000000002,14.0,510.0,0.1200000000000001,0.0,4925.0,1.0,0.34296602
Kepler-62 e,1.6100000000000003,36.0,270.0,0.4269999999999996,0.0,4925.0,1.0,0.82742754
Kepler-62 f,1.4100000000000001,35.0,208.0,0.718,0.0,4925.0,1.0,0.67871408
Kepler-620 b,3.32,11.0,849.0,0.10529999999999973,0.0,6155.0,1.0,0.20363782
Kepler-621 b,2.3,5.899999999999977,737.0,0.030999999999998806,0.0,4521.0,1.0,0.24721826
Kepler-622 b,2.1300000000000003,5.180000000000007,446.0,0.09780000000000033,0.0,4201.0,1.0,0.33405838
Kepler-623 b,3.01,9.319999999999993,825.0,0.08539999999999992,0.0,5443.0,1.0,0.22786738
Kepler-624 b,2.31,5.949999999999989,852.0,0.11638000000000037,0.0,6117.0,1.0,0.24869723
Kepler-625 b,1.9899999999999998,4.6200000000000045,852.0,0.08136999999999972,0.0,5789.0,1.0,0.25824239
Kepler-625 c,1.0499999999999998,1.160000000000025,1048.0,0.053790000000000227,0.0,5789.0,1.0,0.29411405
Kepler-626 b,2.29,5.860000000000014,784.0,0.1091300000000004,0.0,5813.0,1.0,0.2593482
Kepler-627 b,3.73,13.399999999999977,685.0,0.22660999999999998,0.0,6424.0,1.0,0.21015296
Kepler-629 b,1.38,2.480000000000018,816.0,0.07106999999999974,0.0,5444.0,1.0,0.29738625
Kepler-63 b,6.11,120.0,791.0,0.08000000000000007,0.45,5576.0,1.0,0.13853242
Kepler-630 b,3.18,10.199999999999989,343.0,0.5620099999999999,0.0,5829.0,1.0,0.37215689
Kepler-631 b,2.9,8.75,828.0,0.14017000000000035,0.0,6185.0,1.0,0.22420253
Kepler-632 b,2.2099999999999995,5.519999999999982,500.0,0.18850000000000033,0.0,5322.0,1.0,0.32965113
Kepler-633 b,1.63,3.2900000000000205,1021.0,0.0818500000000002,0.0,5899.0,1.0,0.27917836
Kepler-633 c,2.296,5.889999999999986,725.0,0.16246000000000027,0.0,5877.0,1.0,0.26354992
Kepler-634 b,1.8899999999999997,4.230000000000018,1309.0,0.05764999999999976,0.0,6075.0,1.0,0.26183258
Kepler-635 b,2.64,7.4599999999999795,802.0,0.18332000000000015,0.0,6174.0,1.0,0.2317737
Kepler-636 b,4.45,18.100000000000023,614.0,0.11850000000000005,0.0,5203.0,2.0,0.20117549
Kepler-637 b,4.75,20.19999999999999,1002.0,0.16619000000000028,0.0,6096.0,1.0,0.17262077
Kepler-638 b,1.83,4.009999999999991,1111.0,0.06695000000000029,0.0,5382.0,1.0,0.26469928
Kepler-639 b,2.38,6.259999999999991,957.0,0.09358000000000022,0.0,5896.0,1.0,0.24023161
Kepler-640 b,2.5599999999999996,7.079999999999984,609.0,0.1541800000000002,0.0,5653.0,1.0,0.26056608
Kepler-641 b,1.8499999999999996,4.079999999999984,926.0,0.08950000000000014,0.0,5713.0,1.0,0.26636557
Kepler-642 b,2.9,8.75,1810.0,0.05630999999999986,0.0,6570.0,1.0,0.2152041
Kepler-643 b,10.16,321.0083,963.0,0.13485000000000014,0.37,4908.0,1.0,0.090533414
Kepler-644 b,3.15,10.100000000000023,1655.0,0.04640999999999984,0.0,6747.0,1.0,0.20416503
Kepler-645 b,2.1,5.060000000000002,1730.0,0.045410000000000394,0.0,6170.0,1.0,0.25082831
Kepler-646 b,1.9899999999999998,4.6200000000000045,632.0,0.11251000000000033,0.0,5634.0,1.0,0.28649051
Kepler-647 b,1.17,1.7099999999999795,788.0,0.12237000000000009,0.0,6020.0,1.0,0.29872214
Kepler-647 c,4.00135002,15.100000000000023,644.0,0.18290999999999968,0.0,5906.74,1.0,0.19056326
Kepler-648 b,3.22,10.5,674.0,0.1332399999999998,0.0,5741.0,1.0,0.22582871
Kepler-649 b,2.26,5.730000000000018,564.0,0.17522000000000038,0.0,5871.0,1.0,0.28759881
Kepler-65 b,1.42,2.3999999999999773,1740.0,0.03500000000000014,0.027999999999999997,6211.0,1.0,0.2829048
Kepler-65 c,2.58,5.399999999999977,1246.0,0.06799999999999962,0.020000000000000004,6211.0,1.0,0.22912645
Kepler-65 d,1.52,4.139999999999986,1117.0,0.08399999999999963,0.013999999999999999,6211.0,1.0,0.28132161
Kepler-65 e,13.899999999999999,260.0,1104.11,0.8539307544000003,0.2829999999999999,6220.0,1.0,0.25391281
Kepler-650 b,2.96,9.060000000000002,1507.0,0.04209999999999958,0.0,5849.0,1.0,0.21218811
Kepler-651 b,2.37,6.2099999999999795,574.0,0.14078000000000035,0.0,5522.0,1.0,0.28143689
Kepler-652 b,2.49,6.759999999999991,974.0,0.049579999999999735,0.0,5490.0,1.0,0.23724053
Kepler-653 b,1.9500000000000002,4.4599999999999795,819.0,0.11944999999999961,0.0,5665.0,1.0,0.27162378
Kepler-653 c,0.7800000000000002,0.3990000000000009,2078.0,0.01855000000000029,0.0,5665.0,1.0,0.28788196
Kepler-654 b,2.0699999999999994,4.939999999999998,831.0,0.1166400000000003,0.0,5865.0,1.0,0.25688881
Kepler-655 b,2.7099999999999995,7.800000000000011,588.0,0.2569699999999999,0.0,6170.0,1.0,0.25986762
Kepler-656 b,3.12,9.910000000000025,1569.0,0.022310000000000052,0.0,5281.0,1.0,0.20611762
Kepler-656 c,1.4100000000000001,2.569999999999993,975.0,0.06020000000000003,0.0,5550.0,1.0,0.29271749
Kepler-657 b,3.52,12.199999999999989,616.0,0.17337000000000025,0.0,5808.0,1.0,0.2078854
Kepler-658 b,1.63,3.2900000000000205,871.0,0.018799999999999706,0.0,4103.0,1.0,0.27672979
Kepler-659 b,2.5,6.800000000000011,513.0,0.12040000000000006,0.0,4870.0,1.0,0.29054674
Kepler-66 b,2.8,8.25,699.0,0.1352000000000002,0.0,5962.0,1.0,0.23795513
Kepler-660 b,2.5699999999999994,7.1299999999999955,649.0,0.07589999999999986,0.0,4779.0,1.0,0.25818414
Kepler-661 b,3.07,9.639999999999986,678.0,0.05850000000000044,0.0,4483.0,1.0,0.23406227
Kepler-662 b,2.18,5.389999999999986,530.0,0.1407999999999996,0.0,4897.0,1.0,0.30255344
Kepler-663 b,2.6,7.269999999999982,917.0,0.05590000000000028,0.0,5264.0,1.0,0.23444113
Kepler-664 b,2.66,7.560000000000002,1406.0,0.03739999999999988,0.0,5754.0,1.0,0.22588409
Kepler-665 b,2.6,7.269999999999982,593.0,0.11479999999999979,0.0,4913.0,1.0,0.28935891
Kepler-666 b,2.4,6.350000000000023,1133.0,0.054199999999999804,0.0,5887.0,1.0,0.23781496
Kepler-667 b,4.73,20.100000000000023,516.0,0.22879999999999967,0.0,5327.0,1.0,0.17316078
Kepler-668 b,2.6999999999999997,7.75,790.0,0.07680000000000042,0.0,5352.0,1.0,0.24037173
Kepler-669 b,4.83,20.80000000000001,1243.0,0.05290000000000017,0.0,6038.0,1.0,0.15540473
Kepler-67 b,2.94,8.95999999999998,602.0,0.11710000000000065,0.0,5331.0,1.0,0.25161013
Kepler-670 b,13.18,462.62482431,1219.0,0.03829999999999956,0.0,5709.0,1.0,0.069826303
Kepler-671 b,2.69,7.699999999999989,1012.0,0.0503000000000009,0.0,5624.0,1.0,0.22616616
Kepler-672 b,2.5,6.800000000000011,529.0,0.21630000000000038,0.0,5627.0,1.0,0.30417664
Kepler-673 b,6.54,34.80000000000001,1023.0,0.04549999999999965,0.0,5355.0,1.0,0.12772249
Kepler-674 b,1.69,3.5,822.0,0.02799999999999958,0.0,4192.0,1.0,0.27861328
Kepler-675 b,2.44,6.529999999999973,1070.0,0.03249999999999975,0.0,4945.0,1.0,0.23785047
Kepler-676 b,3.04,9.480000000000018,396.0,0.07979999999999965,0.0,3701.0,1.0,0.34485552
Kepler-677 b,5.38,25.0,1015.0,0.06699999999999928,0.0,5723.0,1.0,0.1444236
Kepler-678 b,5.14,23.100000000000023,833.0,0.07319999999999993,0.0,5520.0,1.0,0.14939939
Kepler-679 b,3.01,9.319999999999993,677.0,0.09830000000000005,0.0,5403.0,1.0,0.23556922
Kepler-68 b,2.357,8.029999999999973,1275.0,0.061350000000000016,0.09,5847.0,2.0,0.24018701
Kepler-68 c,0.9790000000000001,1.3000000000000114,1052.0,0.09008000000000038,0.099,5847.0,2.0,0.29952999
Kepler-68 d,13.899999999999999,267.0,1329.0,1.4690000000000003,0.102,5847.0,2.0,0.3823831
Kepler-68 e,11.2,86.44932670000003,682.6800000000001,4.6,0.33,5847.0,2.0,0.15833437
Kepler-680 b,2.4199999999999995,6.439999999999998,1147.0,0.04689999999999994,0.0,5890.0,1.0,0.23618701
Kepler-681 b,3.08,9.689999999999998,489.0,0.16349999999999998,0.0,5021.0,1.0,0.29443269
Kepler-682 b,7.37,42.60000000000002,753.0,0.10580000000000034,0.0,5559.0,1.0,0.11555605
Kepler-683 b,1.9699999999999998,4.5400000000000205,1332.0,0.035499999999999865,0.0,5703.0,1.0,0.25799518
Kepler-684 b,3.36,11.199999999999989,812.0,0.06400000000000006,0.0,5493.0,1.0,0.19908981
Kepler-685 b,10.58,78.80000000000001,1579.0,0.026500000000000412,0.0,5963.0,1.0,0.083143399
Kepler-686 b,12.15,628.91516,1539.0,0.025800000000000267,0.0,5649.0,1.0,0.073480979
Kepler-687 b,3.52,12.199999999999989,518.0,0.13260000000000005,0.0,4841.0,1.0,0.26447906
Kepler-688 b,9.76,68.69999999999999,1005.0,0.04600000000000026,0.0,5715.0,1.0,0.090632996
Kepler-689 b,2.89,8.699999999999989,536.0,0.1448999999999998,0.0,5518.0,1.0,0.25052174
Kepler-69 b,2.24,5.649999999999977,779.0,0.0940000000000012,0.16,5638.0,1.0,0.25710442
Kepler-69 c,1.7099999999999995,3.569999999999993,299.0,0.6399999999999997,0.14,5638.0,1.0,0.70366857
Kepler-690 b,5.95,29.600000000000023,964.0,0.0810000000000004,0.0,5913.0,1.0,0.13730594
Kepler-691 b,2.09,5.019999999999982,460.0,0.06489999999999974,0.0,3715.0,1.0,0.3536337
Kepler-692 b,3.11,9.850000000000023,639.0,0.14949999999999974,0.0,5440.0,1.0,0.25109002
Kepler-693 b,10.18,73.80000000000001,600.0,0.11209999999999987,0.0,4881.0,2.0,0.12009919
Kepler-694 b,2.8,8.25,914.0,0.06590000000000007,0.0,5700.0,1.0,0.22417713
Kepler-695 b,9.21,62.30000000000001,1021.0,0.03739999999999988,0.0,5181.0,1.0,0.094858462
Kepler-696 b,6.14,31.30000000000001,1234.0,0.05349999999999966,0.0,5903.0,1.0,0.13103953
Kepler-697 b,4.13,16.0,1151.0,0.047100000000000364,0.0,5513.0,1.0,0.17449681
Kepler-698 b,3.68,13.100000000000023,727.0,0.12549999999999972,0.0,5612.0,1.0,0.19300778
Kepler-7 b,18.180998,140.16303,1630.0,0.06067,0.0,5933.0,1.0,0.051482224
Kepler-700 b,5.99,30.0,452.00000000000006,0.35770000000000035,0.0,5692.0,1.0,0.20974618
Kepler-701 b,2.8400000000000003,8.449999999999989,777.0,0.08950000000000014,0.0,5343.0,1.0,0.23485408
Kepler-702 b,9.17,61.80000000000001,713.0,0.08800000000000008,0.0,5419.0,1.0,0.10510601
Kepler-703 b,8.2,51.10000000000002,1038.0,0.05349999999999966,0.0,6185.0,1.0,0.10481509
Kepler-704 b,2.61,7.319999999999993,1121.0,0.04699999999999971,0.0,5616.0,1.0,0.228378
Kepler-705 b,2.11,5.100000000000023,265.0,0.2320000000000002,0.0,3722.0,1.0,0.73073671
Kepler-707 b,1.33,2.329999999999984,1160.0,0.03249999999999975,0.0,5099.0,1.0,0.29050826
Kepler-708 b,2.93,8.910000000000025,1221.0,0.04260000000000108,0.0,5692.0,1.0,0.21433806
Kepler-709 b,2.92,8.850000000000023,613.0,0.11730000000000018,0.0,5071.0,1.0,0.26299162
Kepler-710 b,1.88,4.189999999999998,1174.0,0.052400000000000446,0.0,5611.0,1.0,0.26263463
Kepler-711 b,3.41,11.5,487.0,0.14290000000000003,0.0,5222.0,1.0,0.26815563
Kepler-712 b,3.41,11.5,521.0,0.13614999999999977,0.0,5148.0,1.0,0.26115624
Kepler-712 c,4.85,21.0,236.0,0.66479,0.0,5148.0,1.0,0.52106326
Kepler-713 b,2.4800000000000004,6.7099999999999795,905.0,0.07479999999999976,0.0,5785.0,1.0,0.23755803
Kepler-714 b,9.67,67.60000000000002,986.0,0.08319999999999972,0.0,5995.0,1.0,0.091513203
Kepler-715 b,3.75,13.5,876.0,0.09330000000000016,0.0,5871.0,1.0,0.19017053
Kepler-716 b,2.9,8.75,720.0,0.08627999999999947,0.0,5099.0,1.0,0.24348988
Kepler-716 c,1.3928153600000002,2.519999999999982,992.0,0.04548000000000041,0.0,5012.0,1.0,0.29278039
Kepler-717 b,2.4199999999999995,6.439999999999998,1139.0,0.0519999999999996,0.0,5485.0,1.0,0.23524299
Kepler-718 b,16.56,160.375564862,1497.0,0.03219999999999956,0.0,6191.0,1.0,0.056034967
Kepler-719 b,8.52,54.5,998.0,0.055600000000000094,0.0,5777.0,1.0,0.10011967
Kepler-720 b,8.41,53.39999999999998,1162.0,0.053899999999999615,0.0,5618.0,1.0,0.10296151
Kepler-721 b,2.64,7.4599999999999795,850.0,0.05830000000000002,0.0,5075.0,1.0,0.23443184
Kepler-722 b,2.6300000000000003,7.410000000000025,1182.0,0.05140000000000011,0.0,5863.0,1.0,0.22859255
Kepler-722 c,2.82,8.350000000000023,401.00000000000006,0.44709999999999983,0.0,5863.0,1.0,0.43518616
Kepler-723 b,12.190000000000001,920.1775399999999,1016.0,0.047900000000000276,0.0,5539.0,1.0,0.076369475
Kepler-724 b,3.29,10.800000000000011,1155.0,0.04330000000000034,0.0,5437.0,1.0,0.20235107
Kepler-725 b,10.8,81.60000000000002,514.0,0.22379999999999978,0.23099999999999998,5395.0,1.0,0.17277011
Kepler-726 b,3.26,10.699999999999989,543.0,0.14060000000000006,0.0,5452.0,1.0,0.24853206
Kepler-727 b,2.53,6.939999999999998,964.0,0.05459999999999976,0.0,5441.0,1.0,0.23730076
Kepler-728 b,3.34,11.100000000000023,982.0,0.0625,0.0,5660.0,1.0,0.19953667
Kepler-729 b,3.58,12.5,1273.0,0.04319999999999968,0.0,5633.0,1.0,0.189678
Kepler-730 b,12.3299,416.967295938,1219.0,0.0693999999999999,0.0,5620.0,1.0,0.074983831
Kepler-730 c,1.5692599999999999,3.089999999999975,1607.0,0.03997000000000028,0.0,5620.0,1.0,0.27703666
Kepler-731 b,13.879999999999999,263.119460406,1212.0,0.05050000000000043,0.0,5849.0,1.0,0.067293887
Kepler-732 b,2.18,5.389999999999986,406.99999999999994,0.06909999999999972,0.0,3631.0,1.0,0.3786201
Kepler-732 c,1.2700000000000005,2.1499999999999773,893.0,0.014300000000000423,0.0,3631.0,1.0,0.29468546
Kepler-733 b,2.82,8.350000000000023,595.0,0.14829999999999988,0.0,5418.0,1.0,0.26972826
Kepler-734 b,3.56,12.399999999999977,784.0,0.05830000000000002,0.0,5326.0,1.0,0.19085109
Kepler-735 b,2.95,9.009999999999991,657.0,0.09649999999999981,0.0,5107.0,1.0,0.24887142
Kepler-736 b,2.93,8.910000000000025,996.0,0.04279999999999973,0.0,5217.0,1.0,0.21740712
Kepler-737 b,1.96,4.5,298.0,0.14219999999999988,0.0,3813.0,1.0,0.62247318
Kepler-738 b,2.5,6.800000000000011,530.0,0.15519999999999978,0.0,5327.0,1.0,0.27957782
Kepler-739 b,3.32,11.0,775.0,0.10540000000000038,0.0,5601.0,1.0,0.21048412
Kepler-74 b,10.76,200.22,1078.0,0.07810000000000006,0.0,6000.0,1.0,0.084169313
Kepler-740 b,4.57,18.899999999999977,1131.0,0.0461999999999998,0.0,5438.0,1.0,0.16348139
Kepler-741 b,2.97,9.110000000000014,1051.0,0.0743999999999998,0.0,6129.0,1.0,0.21387657
Kepler-742 b,3.24,10.600000000000023,690.0,0.0743999999999998,0.0,4642.0,1.0,0.23323448
Kepler-743 b,1.21,1.920000000000016,1101.0,0.04166000000000025,0.0,5486.0,2.0,0.2933874
Kepler-744 b,1.62,3.259999999999991,750.0,0.0973499999999996,0.0,5594.0,1.0,0.29560327
Kepler-745 b,2.16,5.310000000000002,931.0,0.09149999999999991,0.0,5849.0,1.0,0.25141366
Kepler-746 b,1.1100000000000003,1.410000000000025,1156.0,0.04349999999999987,0.0,5418.0,1.0,0.29589286
Kepler-747 b,5.27,24.100000000000023,456.0,0.19160000000000021,0.0,5096.0,1.0,0.24660613
Kepler-748 b,2.52,6.899999999999977,938.0,0.07449999999999957,0.0,5934.0,1.0,0.23292028
Kepler-749 b,3.1,9.800000000000011,454.0,0.10540000000000038,0.0,5009.0,1.0,0.24737865
Kepler-75 b,11.77,3209.9,767.0,0.08180000000000032,0.57,5200.0,1.0,0.084615337
Kepler-750 b,3.07,9.639999999999986,1163.0,0.08741999999999983,0.0,6160.0,1.0,0.21160701
Kepler-750 c,1.62,3.259999999999991,1537.0,0.05008999999999997,0.0,6160.0,1.0,0.27513252
Kepler-751 b,2.46,6.6200000000000045,679.0,0.12629999999999963,0.0,5387.0,1.0,0.26943625
Kepler-752 b,2.81,8.300000000000011,632.0,0.13529999999999998,0.0,5373.0,1.0,0.24745785
Kepler-753 b,1.9100000000000006,4.310000000000002,641.0,0.05400000000000027,0.0,4346.0,1.0,0.28731033
Kepler-754 b,2.01,4.699999999999989,758.0,0.11599999999999966,0.0,5935.0,1.0,0.26103061
Kepler-755 b,1.7599999999999998,3.75,1331.0,0.021560000000000024,0.0,5043.0,2.0,0.26836095
Kepler-755 c,1.2599999999999998,2.1299999999999955,1016.0,0.03699999999999992,0.0,5043.0,2.0,0.29362808
Kepler-756 b,1.12,1.4599999999999795,1741.0,0.021899999999999586,0.0,5282.0,1.0,0.29330388
Kepler-757 b,1.3600000000000003,2.420000000000016,1734.0,0.019000000000000128,0.0,6014.0,1.0,0.28506272
Kepler-758 b,2.4800000000000004,6.7099999999999795,1005.0,0.10754000000000019,0.0,6228.0,1.0,0.23528673
Kepler-758 c,1.69,3.5,1372.0,0.0576800000000004,0.0,6228.0,1.0,0.27112184
Kepler-758 d,2.1200000000000006,5.139999999999986,843.0,0.15270000000000028,0.0,6228.0,1.0,0.2562883
Kepler-758 e,1.5300000000000002,2.9599999999999795,1144.0,0.08290000000000042,0.0,6228.0,1.0,0.2798733
Kepler-759 b,2.2700000000000005,5.769999999999982,533.0,0.23289999999999988,0.0,5860.0,1.0,0.30039597
Kepler-76 b,15.244239999999998,638.8383,2140.0,0.02740000000000009,0.0,6409.0,1.0,0.059826668
Kepler-760 b,3.06,9.589999999999975,748.0,0.08087,0.0,5322.0,1.0,0.22120826
Kepler-760 c,1.4799999999999995,2.7900000000000205,1139.0,0.034890000000000754,0.0,5322.0,1.0,0.28269785
Kepler-761 b,2.03,4.779999999999973,767.0,0.0873999999999997,0.0,5706.0,1.0,0.26639888
Kepler-762 b,12.68,542.566135322,1302.0,0.04929999999999968,0.0,5944.0,1.0,0.071476283
Kepler-763 b,1.2199999999999998,1.9800000000000182,1414.0,0.020500000000000185,0.0,5166.0,1.0,0.29070458
Kepler-763 c,1.42,2.6000000000000227,938.0,0.04659999999999975,0.0,4999.0,1.0,0.28882049
Kepler-763 d,1.67,3.430000000000007,804.0,0.06339999999999968,0.0,4999.0,1.0,0.28275864
Kepler-764 b,1.6400000000000001,3.329999999999984,875.0,0.07240000000000002,0.0,5557.0,1.0,0.28219116
Kepler-765 b,2.43,6.480000000000018,641.0,0.17539999999999978,0.0,5901.0,1.0,0.26188452
Kepler-766 b,3.39,11.399999999999977,990.0,0.06599999999999984,0.0,5992.0,1.0,0.19680542
Kepler-767 b,6.64,35.69999999999999,366.0,0.5873999999999997,0.0,5694.0,1.0,0.23378484
Kepler-768 b,1.79,3.8600000000000136,618.0,0.09199999999999964,0.0,5108.0,1.0,0.29789583
Kepler-769 b,2.92,8.850000000000023,1037.0,0.07779999999999987,0.0,6186.0,1.0,0.21769744
Kepler-769 c,1.79,3.8600000000000136,803.0,0.1296999999999997,0.0,6186.0,1.0,0.28007181
Kepler-77 b,10.761,136.661,1440.0,0.04501000000000044,0.0,5520.0,1.0,0.08352784
Kepler-770 b,2.3,5.899999999999977,1171.0,0.16939999999999955,0.0,5598.0,1.0,0.27241083
Kepler-770 c,1.2000000000000002,1.8700000000000045,2740.0,0.030899999999999928,0.0,5598.0,1.0,0.29116384
Kepler-770 d,1.3999999999999995,2.5400000000000205,1941.0,0.06160000000000032,0.0,5598.0,1.0,0.28779795
Kepler-771 b,1.8200000000000003,3.9700000000000273,890.0,0.08429999999999982,0.0,5906.0,1.0,0.26785268
Kepler-772 b,1.8200000000000003,3.9700000000000273,866.0,0.11153000000000013,0.0,5714.0,1.0,0.26880177
Kepler-773 b,1.4299999999999997,2.6299999999999955,1160.0,0.046820000000000306,0.0,5850.0,1.0,0.28437506
Kepler-774 b,3.17,10.199999999999989,1422.0,0.10820000000000007,0.0,6403.0,1.0,0.20562261
Kepler-775 b,1.1900000000000004,1.8100000000000023,1612.0,0.018340000000000245,0.0,5468.0,1.0,0.29114756
Kepler-776 b,1.2800000000000002,2.180000000000007,904.0,0.05229999999999979,0.0,5071.0,1.0,0.29800379
Kepler-777 b,1.4699999999999998,2.759999999999991,569.0,0.051899999999999835,0.0,4043.0,1.0,0.31409039
Kepler-778 b,1.6799999999999997,3.4599999999999795,977.0,0.04530000000000012,0.0,5102.0,1.0,0.27772635
Kepler-779 b,0.9199999999999999,0.7210000000000036,424.99999999999994,0.053300000000000125,0.0,3804.0,2.0,0.35788008
Kepler-78 b,1.2009999999999996,1.6800000000000068,2223.0,0.009009999999999962,0.0,5058.0,2.0,0.2903106
Kepler-780 b,0.8899999999999997,0.6399999999999864,2099.0,0.01499999999999968,0.0,5769.0,1.0,0.29200203
Kepler-781 b,2.89,8.699999999999989,629.0,0.10189999999999966,0.0,5162.0,1.0,0.24489197
Kepler-782 b,3.21,10.399999999999977,350.0,0.5449400000000004,0.0,5867.0,1.0,0.42234787
Kepler-783 b,0.7800000000000002,0.3990000000000009,991.0,0.049579999999999735,0.0,5521.0,1.0,0.29324849
Kepler-783 c,2.3315372499999993,6.0400000000000205,840.0,0.0690299999999997,0.0,5411.49,1.0,0.24884932
Kepler-784 b,1.58,3.1200000000000045,688.0,0.22111000000000036,0.0,5674.0,1.0,0.28262426
Kepler-784 c,1.5499999999999998,3.019999999999982,844.0,0.13089999999999957,0.0,5676.0,1.0,0.27991698
Kepler-785 b,13.02,1575.076040456,753.0,0.025000000000000355,0.0,4739.0,1.0,0.07181177
Kepler-786 b,2.43,6.480000000000018,348.0,0.2548300000000001,0.0,4838.0,1.0,0.48228384
Kepler-787 b,1.2800000000000002,2.180000000000007,1115.0,0.015900000000000247,0.0,4248.0,1.0,0.29036194
Kepler-788 b,2.55,7.0400000000000205,984.0,0.08349999999999991,0.0,6159.0,1.0,0.2325844
Kepler-789 b,2.1200000000000006,5.139999999999986,1419.0,0.0951000000000004,0.0,5870.0,1.0,0.25254325
Kepler-79 b,3.47,10.899999999999977,929.0,0.11699999999999999,0.015,6174.0,1.0,0.19977084
Kepler-79 c,3.72,5.899999999999977,734.0,0.18700000000000028,0.03,6174.0,1.0,0.20298958
Kepler-79 d,7.16,6.0,592.0,0.2869999999999999,0.025,6174.0,1.0,0.1542328
Kepler-79 e,3.49,4.100000000000023,511.0,0.3860000000000001,0.011999999999999997,6174.0,1.0,0.26865511
Kepler-790 b,2.18,5.389999999999986,634.0,0.10099999999999998,0.0,5208.0,1.0,0.28062171
Kepler-791 b,3.05,9.529999999999973,939.0,0.12560000000000038,0.0,6383.0,1.0,0.21527998
Kepler-792 b,1.96,4.5,852.0,0.09879999999999978,0.0,5971.0,1.0,0.2635817
Kepler-793 b,1.37,2.4499999999999886,1177.0,0.049100000000000144,0.0,5745.0,1.0,0.28693786
Kepler-794 b,2.11,5.100000000000023,952.0,0.10036000000000023,0.0,5839.0,1.0,0.2536468
Kepler-795 b,1.6799999999999997,3.4599999999999795,580.0,0.1802999999999999,0.0,5631.0,2.0,0.31639662
Kepler-796 b,1.2999999999999998,2.240000000000009,1109.0,0.07317000000000018,0.0,5475.0,1.0,0.28854807
Kepler-797 b,2.17,5.350000000000023,605.0,0.18100000000000005,0.0,5680.0,1.0,0.26081464
Kepler-798 b,2.39,6.300000000000011,864.0,0.11739999999999995,0.0,6224.0,1.0,0.24647593
Kepler-799 b,6.88,37.89999999999998,432.99999999999994,0.5166999999999993,0.0,5681.0,1.0,0.2334071
Kepler-799 c,2.7806855099999996,8.149999999999977,893.0,0.1214000000000004,0.0,5588.0,1.0,0.22675054
Kepler-8 b,15.871944,187.5197,1680.0,0.047399999999999665,0.0,6213.0,1.0,0.057995946
Kepler-80 b,2.67,6.930000000000007,547.0,0.06479999999999997,0.004900000000000002,4540.0,1.0,0.25405283
Kepler-80 c,2.74,6.740000000000009,495.0,0.07920000000000016,0.007900000000000004,4540.0,1.0,0.26547887
Kepler-80 d,1.5300000000000002,6.75,722.0,0.037200000000000344,0.004100000000000006,4540.0,1.0,0.2887284
Kepler-80 e,1.6,4.1299999999999955,629.0,0.049100000000000144,0.003500000000000003,4540.0,1.0,0.29358323
Kepler-80 f,1.21,4459.73,1054.0,0.01750000000000007,0.186,4540.0,1.0,0.29224232
Kepler-80 g,1.13,0.06499999999999773,418.00000000000006,0.09773999999999994,0.1303,4540.0,1.0,0.38494639
Kepler-800 b,2.85,8.5,675.0,0.11059999999999981,0.0,5315.0,1.0,0.24990115
Kepler-801 b,2.0,4.660000000000025,419.00000000000006,0.07950000000000035,0.0,4435.0,1.0,0.30565701
Kepler-802 b,3.54,12.300000000000011,489.0,0.2264999999999997,0.0,5507.0,1.0,0.28571489
Kepler-803 b,3.79,13.800000000000011,543.0,0.2672100000000004,0.0,5919.0,1.0,0.22950122
Kepler-804 b,1.94,4.420000000000016,779.0,0.11287000000000003,0.0,5817.0,1.0,0.27295717
Kepler-804 c,1.1399999999999997,1.5500000000000114,890.0,0.08654000000000028,0.0,5817.0,1.0,0.30088062
Kepler-805 b,2.89,8.699999999999989,743.0,0.19852000000000025,0.0,6112.0,1.0,0.2279809
Kepler-806 b,1.1399999999999997,1.5500000000000114,1089.0,0.0768399999999998,0.0,5770.0,1.0,0.29460112
Kepler-808 b,1.46,2.730000000000018,1322.0,0.01313999999999993,0.0,4653.0,1.0,0.28154009
Kepler-809 b,3.01,9.319999999999993,478.0,0.2900999999999998,0.0,5734.0,1.0,0.30523139
Kepler-81 b,2.4199999999999995,17.19999999999999,635.0,0.052200000000000024,0.0,4385.0,1.0,0.26127256
Kepler-81 c,2.37,4.300000000000011,502.0,0.08347000000000016,0.0,4385.0,1.0,0.30323435
Kepler-81 d,1.21,1.920000000000016,418.00000000000006,0.1280000000000001,0.0,4500.0,1.0,0.44802916
Kepler-810 b,1.9300000000000002,4.3799999999999955,1105.0,0.054999999999999716,0.0,5803.0,1.0,0.26250227
Kepler-811 b,2.6999999999999997,7.75,730.0,0.15911000000000008,0.0,5747.0,1.0,0.23692315
Kepler-812 b,3.55,12.300000000000011,1163.0,0.10240000000000027,0.0,6761.0,1.0,0.19170069
Kepler-813 b,2.14,5.220000000000027,817.0,0.14390000000000036,0.0,5743.0,1.0,0.27928531
Kepler-814 b,2.1200000000000006,5.139999999999986,1164.0,0.06949999999999967,0.0,6162.0,1.0,0.25008973
Kepler-815 b,4.11,15.800000000000011,1374.0,0.0947300000000002,0.0,5028.0,1.0,0.17355211
Kepler-816 b,10.24,74.5,668.0,0.08950000000000014,0.0,5286.0,1.0,0.1047971
Kepler-817 b,9.03,60.19999999999999,1124.0,0.04929999999999968,0.0,5861.0,1.0,0.09639231
Kepler-818 b,5.11,22.899999999999977,786.0,0.08859999999999957,0.0,5638.0,1.0,0.15989139
Kepler-819 b,2.76,8.050000000000011,485.0,0.1894,0.0,5279.0,1.0,0.32288796
Kepler-82 b,4.07,12.149999999999977,562.0,0.16830000000000034,0.0032999999999999974,5401.0,1.0,0.22304826
Kepler-82 c,5.34,13.899999999999977,449.99999999999994,0.26259999999999994,0.007000000000000006,5401.0,1.0,0.250637
Kepler-82 d,1.7700000000000005,885.098,1253.0,0.03399999999999981,0.0,5428.0,1.0,0.26848884
Kepler-82 e,2.47,254.02,926.0,0.06299999999999972,0.0,5428.0,1.0,0.23991826
Kepler-82 f,4.84,20.899999999999977,1112.488,0.33950000000000014,0.0013999999999999985,5401.0,1.0,0.33329833
Kepler-820 b,6.09,30.80000000000001,554.0,0.5600399999999999,0.0,6260.0,1.0,0.20242357
Kepler-821 b,1.3099999999999996,2.269999999999982,1215.0,0.028999999999999915,0.0,5191.0,1.0,0.2892744
Kepler-822 b,1.7700000000000005,3.7799999999999727,1239.0,0.040779999999999816,0.0,5928.0,1.0,0.2684171
Kepler-823 b,1.5700000000000003,3.089999999999975,1277.0,0.05069999999999997,0.0,5643.0,1.0,0.27734939
Kepler-824 b,1.87,4.160000000000025,1231.0,0.054999999999999716,0.0,6035.0,1.0,0.26420237
Kepler-825 b,1.5300000000000002,2.9599999999999795,1270.0,0.04530000000000012,0.0,5976.0,1.0,0.27969552
Kepler-825 c,1.8399999999999999,4.0400000000000205,981.0,0.07589999999999986,0.0,5976.0,1.0,0.26851032
Kepler-826 b,1.25,2.1000000000000227,1305.0,0.05201999999999973,0.0,6079.0,1.0,0.29029391
Kepler-827 b,5.63,27.0,574.0,0.27420000000000044,0.0,5602.0,1.0,0.18576105
Kepler-828 b,1.5099999999999998,2.8899999999999864,1848.0,0.012279999999999625,0.0,5039.0,1.0,0.2792
Kepler-829 b,2.11,5.100000000000023,857.0,0.06780000000000008,0.0,5698.0,1.0,0.25476271
Kepler-83 b,2.83,2.9399999999999977,460.0,0.07294999999999963,0.0,4082.0,2.0,0.29574097
Kepler-83 c,2.36,2.0299999999999727,362.0,0.11796000000000006,0.0,4082.0,2.0,0.42780228
Kepler-83 d,1.94,4.100000000000023,569.0,0.051000000000000156,0.0,4648.0,2.0,0.30039632
Kepler-830 b,1.6999999999999997,3.5299999999999727,907.0,0.10329999999999995,0.0,6037.0,1.0,0.27933885
Kepler-831 b,1.2700000000000005,2.1499999999999773,992.0,0.05984000000000034,0.0,5732.0,1.0,0.29285825
Kepler-832 b,2.0599999999999996,4.899999999999977,965.0,0.07500000000000018,0.0,5596.0,1.0,0.25803369
Kepler-833 b,2.02,4.740000000000009,382.0,0.11390000000000011,0.0,4339.0,1.0,0.3526476
Kepler-834 b,2.02,4.740000000000009,378.0,0.08619999999999983,0.0,4554.0,1.0,0.30656741
Kepler-835 b,2.79,8.199999999999989,921.0,0.1070000000000002,0.0,5954.0,1.0,0.22479996
Kepler-836 b,2.73,7.899999999999977,869.0,0.10130000000000017,0.0,5895.0,1.0,0.23217428
Kepler-837 b,2.5599999999999996,7.079999999999984,701.0,0.11439999999999984,0.0,5403.0,1.0,0.258744
Kepler-838 b,2.73,7.899999999999977,777.0,0.12659999999999982,0.0,5770.0,1.0,0.24576554
Kepler-839 b,2.5699999999999994,7.1299999999999955,626.0,0.23160000000000025,0.0,6058.0,1.0,0.25287962
Kepler-84 b,2.23,40.0,985.0,0.0827,0.0,6039.0,1.0,0.24888028
Kepler-84 c,2.36,20.19999999999999,865.0,0.10719999999999974,0.0,6039.0,1.0,0.24633795
Kepler-84 d,1.38,2.480000000000018,1254.0,0.0519999999999996,0.0,6031.0,1.0,0.28625073
Kepler-84 e,2.6,7.269999999999982,672.0,0.18100000000000005,0.0,6031.0,1.0,0.25158819
Kepler-84 f,2.1999999999999997,5.480000000000018,572.0,0.25,0.0,6031.0,1.0,0.29349022
Kepler-841 b,5.23,23.80000000000001,415.99999999999994,0.4790000000000001,0.0,5324.0,1.0,0.47255352
Kepler-842 b,1.6,3.1899999999999977,1252.0,0.020400000000000418,0.0,4848.0,1.0,0.27665194
Kepler-843 b,2.59,7.220000000000027,1523.0,0.031299999999999883,0.0,5830.0,1.0,0.22805424
Kepler-844 b,1.6799999999999997,3.4599999999999795,713.0,0.029799999999999827,0.0,4128.0,1.0,0.28055593
Kepler-845 b,2.04,4.819999999999993,1361.0,0.016680000000000028,0.0,4913.0,1.0,0.25421472
Kepler-846 b,2.4800000000000004,6.7099999999999795,624.0,0.1398999999999999,0.0,5579.0,1.0,0.27206583
Kepler-847 b,1.1799999999999997,1.759999999999991,1054.0,0.031500000000000306,0.0,4940.0,1.0,0.29496684
Kepler-848 b,1.6999999999999997,3.5299999999999727,1086.0,0.0758599999999996,0.0,5695.0,1.0,0.27132033
Kepler-849 b,8.08167508,298.75870258,362.70000000000005,1.1370000000000005,0.078,5950.0,1.0,0.34722186
Kepler-85 b,1.778,1.839999999999975,809.0,0.07885000000000009,0.020000000000000004,5505.2,1.0,0.26885435
Kepler-85 c,1.9780000000000002,2.1499999999999773,706.0,0.10362999999999989,0.026999999999999996,5505.2,1.0,0.26728734
Kepler-85 d,1.2000000000000002,8.696790000000021,626.0,0.1299999999999999,0.0,5436.0,1.0,0.32770994
Kepler-85 e,1.2700000000000005,0.6000000000000227,559.0,0.16300000000000026,0.0,5436.0,1.0,0.34614089
Kepler-850 b,1.7800000000000002,3.819999999999993,995.0,0.0743999999999998,0.0,5932.0,1.0,0.27062832
Kepler-851 b,1.6799999999999997,3.4599999999999795,900.0,0.0801999999999996,0.0,5455.0,1.0,0.2868092
Kepler-852 b,2.54,6.990000000000009,565.0,0.2796700000000003,0.0,6100.0,1.0,0.24232139
Kepler-853 b,1.69,3.5,1187.0,0.07899999999999974,0.0,6350.0,1.0,0.27256552
Kepler-855 b,8.35,52.69999999999999,996.0,0.07620000000000005,0.0,5835.0,1.0,0.103558
Kepler-856 b,9.3,63.30000000000001,824.0,0.07870000000000044,0.0,5535.0,1.0,0.09899265
Kepler-857 b,6.8,37.19999999999999,390.0,0.37509999999999977,0.0,5773.0,1.0,0.2702105
Kepler-858 b,4.87,21.100000000000023,399.0,0.33939000000000075,0.0,5653.0,1.0,0.29982817
Kepler-859 b,3.09,9.75,528.0,0.13156999999999996,0.0,5020.0,1.0,0.28179189
Kepler-860 b,3.24,10.600000000000023,1050.0,0.05800000000000072,0.0,5836.0,1.0,0.20628339
Kepler-861 b,2.2800000000000002,5.819999999999993,966.0,0.046299999999999564,0.0,5047.0,1.0,0.24845815
Kepler-862 b,2.2099999999999995,5.519999999999982,1097.0,0.0389999999999997,0.0,5333.0,1.0,0.2468711
Kepler-863 b,2.9,8.75,718.0,0.12199999999999989,0.0,5678.0,1.0,0.22485355
Kepler-864 b,2.4,6.350000000000023,1143.0,0.06869999999999976,0.0,5754.0,1.0,0.2391045
Kepler-864 c,1.62,3.259999999999991,1532.0,0.03819999999999979,0.0,6213.0,1.0,0.27460704
Kepler-865 b,2.49,6.759999999999991,694.0,0.10569999999999968,0.0,5570.0,1.0,0.25928214
Kepler-865 c,0.8899999999999997,0.6399999999999864,914.0,0.06099999999999994,0.0,5440.0,1.0,0.30205358
Kepler-866 b,1.63,3.2900000000000205,996.0,0.03310000000000013,0.0,4751.0,1.0,0.28048371
Kepler-867 b,4.64,19.399999999999977,327.0,0.5374999999999996,0.0,5541.0,1.0,0.35807798
Kepler-868 b,2.05,4.860000000000014,1047.0,0.05750000000000011,0.0,5614.0,1.0,0.25593283
Kepler-869 b,3.6100000000000003,12.699999999999989,494.0,0.22440000000000015,0.0,5664.0,1.0,0.26118065
Kepler-87 b,13.49,324.2,478.0,0.48099999999999987,0.036,5600.0,1.0,0.16690006
Kepler-87 c,6.14,6.399999999999977,403.0,0.6760000000000002,0.039,5600.0,1.0,0.31637112
Kepler-870 b,2.7799999999999994,8.149999999999977,691.0,0.15390000000000015,0.0,5857.0,1.0,0.24518118
Kepler-871 b,3.74,13.5,640.0,0.15719999999999956,0.0,5993.0,1.0,0.19788294
Kepler-872 b,1.9899999999999998,4.6200000000000045,1230.0,0.03620000000000001,0.0,5902.0,1.0,0.25759844
Kepler-873 b,3.75,13.5,749.0,0.15420000000000034,0.0,6163.0,1.0,0.20385374
Kepler-874 b,3.94,14.699999999999989,560.0,0.22339999999999982,0.0,6020.0,1.0,0.21932321
Kepler-875 b,2.9,8.75,569.0,0.17710000000000026,0.0,5958.0,1.0,0.2418805
Kepler-876 b,1.4299999999999997,2.6299999999999955,923.0,0.05489999999999995,0.0,5060.0,1.0,0.29098672
Kepler-877 b,2.1200000000000006,5.139999999999986,632.0,0.13009999999999966,0.0,5261.0,1.0,0.29635043
Kepler-878 b,1.9300000000000002,4.3799999999999955,501.0,0.16500000000000004,0.0,5044.0,1.0,0.31056869
Kepler-879 b,2.5699999999999994,7.1299999999999955,580.0,0.20120000000000005,0.0,5792.0,1.0,0.27405809
Kepler-88 d,13.1,965.14699656,999.814,2.466329866,0.41,5466.0,1.0,0.17408167
Kepler-880 b,2.66,7.560000000000002,1622.0,0.09149999999999991,0.0,6761.0,1.0,0.22588461
Kepler-880 c,2.87,8.600000000000023,1407.0,0.12159999999999993,0.0,6900.0,1.0,0.2187174
Kepler-881 b,1.7800000000000002,3.819999999999993,1217.0,0.05520000000000014,0.0,5961.0,1.0,0.2687273
Kepler-882 b,1.2299999999999995,2.0400000000000205,903.0,0.047410000000000174,0.0,5476.0,1.0,0.29443949
Kepler-883 b,1.7800000000000002,3.819999999999993,818.0,0.10287999999999986,0.0,6116.0,1.0,0.27320766
Kepler-884 b,1.2299999999999995,2.0400000000000205,964.0,0.0611600000000001,0.0,5715.0,1.0,0.30024214
Kepler-885 b,2.5,6.800000000000011,830.0,0.14402999999999988,0.0,6187.0,1.0,0.24080321
Kepler-886 b,1.52,2.920000000000016,1111.0,0.06428000000000011,0.0,6098.0,1.0,0.28361631
Kepler-887 b,1.8399999999999999,4.0400000000000205,785.0,0.15430999999999973,0.0,6194.0,1.0,0.27396548
Kepler-887 c,1.13,1.509999999999991,1089.0,0.08009999999999984,0.0,6194.0,1.0,0.29478103
Kepler-888 b,1.7599999999999998,3.75,416.99999999999994,0.3148099999999996,0.0,5875.0,1.0,0.40998639
Kepler-889 b,1.0899999999999999,1.3199999999999932,1328.0,0.049750000000000405,0.0,5961.0,1.0,0.29365244
Kepler-890 b,8.89,58.60000000000002,540.0,0.29439999999999866,0.0,5954.0,1.0,0.1381064
Kepler-891 b,6.41,33.60000000000002,486.0,0.2881,0.0,5887.0,1.0,0.14827664
Kepler-892 b,2.81,8.300000000000011,556.0,0.1014999999999997,0.0,4747.0,1.0,0.28413662
Kepler-893 b,3.03,9.430000000000007,1034.0,0.06989999999999963,0.0,5820.0,1.0,0.21359752
Kepler-894 b,2.7799999999999994,8.149999999999977,896.0,0.09159999999999968,0.0,5603.0,1.0,0.23248063
Kepler-895 b,1.54,2.990000000000009,771.0,0.03279999999999994,0.0,4315.0,1.0,0.28763843
Kepler-896 b,2.53,6.939999999999998,303.0,0.5637799999999995,0.0,5262.0,1.0,0.33283556
Kepler-896 c,3.15,10.100000000000023,515.0,0.1791999999999998,0.0,5510.0,1.0,0.21678579
Kepler-897 b,2.39,6.300000000000011,855.0,0.07699999999999996,0.0,5839.0,1.0,0.23974369
Kepler-898 b,1.4900000000000002,2.829999999999984,616.0,0.05449999999999999,0.0,4223.0,1.0,0.30953986
Kepler-899 b,2.68,7.649999999999977,640.0,0.13919999999999977,0.0,5595.0,1.0,0.24456565
Kepler-9 b,8.29,43.39999999999998,661.0,0.1429999999999998,0.0609,5774.0,1.0,0.12521178
Kepler-9 c,8.08,29.899999999999977,523.0,0.2270000000000003,0.06691,5774.0,1.0,0.16132625
Kepler-9 d,1.6400000000000001,8.414660529999992,2026.0,0.027300000000000324,0.0,5777.0,1.0,0.27335169
Kepler-90 i,1.3200000000000003,2.3000000000000114,709.0,0.12013808429999973,0.0,6015.0,1.0,0.29747591
Kepler-900 b,2.08,4.980000000000018,716.0,0.06789999999999985,0.0,4836.0,1.0,0.27512339
Kepler-901 b,1.37,2.4499999999999886,704.0,0.037799999999999834,0.0,4184.0,1.0,0.30330314
Kepler-902 b,2.54,6.990000000000009,556.0,0.22299999999999986,0.0,5647.0,1.0,0.2769873
Kepler-903 b,2.01,4.699999999999989,842.0,0.09081000000000028,0.0,5682.0,1.0,0.25888824
Kepler-903 c,2.53,6.939999999999998,462.0,0.3024899999999997,0.0,5682.0,1.0,0.27815136
Kepler-904 b,1.7700000000000005,3.7799999999999727,1332.0,0.041699999999999626,0.0,6160.0,1.0,0.26774158
Kepler-905 b,1.4100000000000001,2.569999999999993,928.0,0.05689000000000011,0.0,5461.0,1.0,0.29017609
Kepler-906 b,2.11,5.100000000000023,537.0,0.22363,0.0,6035.0,1.0,0.30579039
Kepler-907 b,1.2000000000000002,1.8700000000000045,879.0,0.12249999999999961,0.0,6106.0,1.0,0.29877274
Kepler-908 b,1.2199999999999998,1.9800000000000182,1783.0,0.025260000000000282,0.0,5973.0,3.0,0.28989695
Kepler-909 b,1.4699999999999998,2.759999999999991,852.0,0.11873000000000022,0.0,6154.0,1.0,0.29035807
Kepler-91 b,15.322703,257.4423,2040.0,0.07310000000000016,0.0519,4550.0,1.0,0.059604068
Kepler-910 b,0.8200000000000003,0.47699999999997544,1752.0,0.037519999999999776,0.0,6230.0,1.0,0.29010154
Kepler-911 b,2.6,7.269999999999982,931.0,0.1559400000000002,0.0,6112.0,1.0,0.23225539
Kepler-912 b,2.8,8.25,1218.0,0.03390000000000004,0.0,5998.0,1.0,0.21798724
Kepler-913 b,2.0599999999999996,4.899999999999977,1129.0,0.10090000000000021,0.0,4687.0,1.0,0.27716055
Kepler-913 c,3.8580709000000004,14.199999999999989,1357.0,0.06989999999999963,0.0,6068.0,1.0,0.19086959
Kepler-914 b,1.38,2.480000000000018,1192.0,0.054540000000000255,0.0,5877.0,1.0,0.28628389
Kepler-915 b,1.5,2.8600000000000136,1319.0,0.056549999999999656,0.0,6173.0,1.0,0.2802739
Kepler-916 b,1.7599999999999998,3.75,503.0,0.18850000000000033,0.0,5248.0,1.0,0.35222904
Kepler-917 b,1.9100000000000006,4.310000000000002,991.0,0.037799999999999834,0.0,5418.0,1.0,0.25945734
Kepler-918 b,1.7400000000000002,3.680000000000007,1052.0,0.05689999999999973,0.0,6028.0,1.0,0.27214989
Kepler-919 b,2.25,5.689999999999998,869.0,0.09809999999999963,0.0,6113.0,1.0,0.25097959
Kepler-92 b,3.51,64.30000000000001,975.0,0.1223200000000002,0.16999999999999998,5883.0,1.0,0.19577208
Kepler-92 c,2.6,6.100000000000023,781.0,0.19054000000000038,0.04,5883.0,1.0,0.239007
Kepler-92 d,2.067,11.866680599999995,637.0,0.28681999999999963,0.07,5904.34,1.0,0.28087338
Kepler-920 b,2.4199999999999995,6.439999999999998,907.0,0.06500000000000039,0.0,5403.0,1.0,0.24271309
Kepler-920 c,3.8,13.800000000000011,364.0,0.4028999999999998,0.0,5403.0,1.0,0.40657968
Kepler-921 b,2.87,8.600000000000023,492.0,0.2716000000000003,0.0,5663.0,1.0,0.30647973
Kepler-922 b,1.42,2.6000000000000227,1876.0,0.01794999999999991,0.0,5671.0,1.0,0.28294953
Kepler-923 b,1.38,2.480000000000018,1104.0,0.07591999999999999,0.0,5988.0,1.0,0.28724527
Kepler-924 b,3.07,9.639999999999986,610.0,0.31318,0.0,6167.0,1.0,0.27136961
Kepler-925 b,2.34,6.079999999999984,394.0,0.18050000000000033,0.0,4673.0,1.0,0.41220784
Kepler-926 b,2.31,5.949999999999989,524.0,0.27390000000000025,0.0,5806.0,1.0,0.30214257
Kepler-927 b,1.7199999999999993,3.6100000000000136,906.0,0.08659999999999979,0.0,5743.0,1.0,0.28091685
Kepler-928 b,1.5899999999999999,3.1499999999999773,894.0,0.04440000000000044,0.0,4700.0,1.0,0.28885881
Kepler-929 b,1.1100000000000003,1.410000000000025,2362.0,0.01982000000000017,0.0,5869.0,1.0,0.29211307
Kepler-93 b,1.4779999999999998,4.660000000000025,1133.0,0.053429999999999644,0.0,5669.0,1.0,0.28489884
Kepler-93 c,12.409976200000001,954.0,1067.88,0.2928000000000006,0.069,5669.0,1.0,0.18583992
Kepler-930 b,2.1300000000000003,5.180000000000007,561.0,0.34593000000000007,0.0,6335.0,1.0,0.31186634
Kepler-931 b,1.33,2.329999999999984,744.0,0.0719000000000003,0.0,5241.0,1.0,0.30185273
Kepler-932 b,1.37,2.4499999999999886,1276.0,0.02876000000000012,0.0,5331.0,1.0,0.28660712
Kepler-933 b,2.46,6.6200000000000045,602.0,0.10409999999999986,0.0,5346.0,1.0,0.2550134
Kepler-934 b,2.09,5.019999999999982,384.0,0.2657999999999996,0.0,5001.0,1.0,0.47727706
Kepler-935 b,1.3500000000000005,2.3899999999999864,879.0,0.05269999999999975,0.0,4830.0,1.0,0.301806
Kepler-936 b,1.4500000000000002,2.6999999999999886,867.0,0.09539999999999971,0.0,5482.0,1.0,0.30038997
Kepler-937 b,3.72,13.399999999999977,495.0,0.3214000000000006,0.0,6095.0,1.0,0.24588673
Kepler-937 c,2.67,7.610000000000014,377.0,0.5545,0.0,6095.0,1.0,0.39613434
Kepler-938 b,2.22,5.560000000000002,544.0,0.26890000000000036,0.0,5533.0,1.0,0.37078555
Kepler-939 b,1.75,3.7099999999999795,692.0,0.1153000000000004,0.0,5471.0,1.0,0.27439727
Kepler-94 b,3.51,10.839999999999975,997.0,0.033769999999999634,0.0,4781.0,1.0,0.19562662
Kepler-94 c,12.5,3126.0,668.966,1.5968066209999998,0.345931,4781.0,1.0,0.16940958
Kepler-940 b,3.34,11.100000000000023,486.0,0.3059000000000003,0.0,5769.0,1.0,0.31361855
Kepler-941 b,3.08,9.689999999999998,722.0,0.1311,0.0,5539.0,1.0,0.23997262
Kepler-942 b,2.1300000000000003,5.180000000000007,379.0,0.22736999999999963,0.0,4861.0,1.0,0.46657591
Kepler-943 b,5.93,29.5,455.0,0.25590000000000135,0.0,5612.0,1.0,0.16079033
Kepler-944 b,2.6300000000000003,7.410000000000025,459.0,0.22879999999999967,0.0,5409.0,1.0,0.30010176
Kepler-945 b,2.6300000000000003,7.410000000000025,616.0,0.20369999999999955,0.0,5718.0,1.0,0.2732868
Kepler-946 b,1.9300000000000002,4.3799999999999955,857.0,0.10020000000000007,0.0,5665.0,1.0,0.2679895
Kepler-947 b,2.2800000000000002,5.819999999999993,573.0,0.1772999999999998,0.0,5508.0,1.0,0.27007107
Kepler-948 b,1.8499999999999996,4.079999999999984,841.0,0.07490000000000041,0.0,5679.0,1.0,0.27181047
Kepler-949 b,2.91,8.800000000000011,782.0,0.07739000000000029,0.0,5403.0,1.0,0.23368943
Kepler-949 c,2.97,9.110000000000014,582.0,0.1394000000000002,0.0,5211.0,1.0,0.27455145
Kepler-95 b,3.42,13.0,927.0,0.10231999999999974,0.0,5699.0,1.0,0.20059487
Kepler-950 b,8.98,59.60000000000002,360.0,0.3982000000000001,0.0,5857.0,1.0,0.16491173
Kepler-951 b,5.59,26.69999999999999,340.0,0.30909999999999993,0.0,4834.0,2.0,0.42869346
Kepler-952 b,7.65,45.39999999999998,369.0,0.5183,0.0,5730.0,1.0,0.28982246
Kepler-953 b,4.21,16.5,410.00000000000006,0.39200000000000035,0.0,5416.0,1.0,0.35961997
Kepler-953 c,1.1900000000000004,1.8100000000000023,873.0,0.08619999999999983,0.0,5416.0,1.0,0.30387174
Kepler-954 b,2.32,5.990000000000009,545.0,0.12019999999999964,0.0,4990.0,1.0,0.30349949
Kepler-955 b,3.13,9.95999999999998,664.0,0.10829999999999984,0.0,5350.0,1.0,0.24085714
Kepler-956 b,3.0,9.269999999999982,1056.0,0.06017000000000028,0.0,6040.0,1.0,0.21340171
Kepler-957 b,5.5,25.899999999999977,769.0,0.05590000000000028,0.0,4963.0,1.0,0.15051885
Kepler-958 b,2.0599999999999996,4.899999999999977,749.0,0.08631000000000011,0.0,5421.0,1.0,0.26995651
Kepler-959 b,4.38,17.600000000000023,1912.0,0.16329999999999956,0.0,7005.0,1.0,0.17072611
Kepler-96 b,2.67,8.45999999999998,711.0,0.1260999999999992,0.0,5690.0,1.0,0.24570094
Kepler-960 b,2.29,5.860000000000014,1391.0,0.03807000000000027,0.0,4755.0,1.0,0.25000568
Kepler-961 b,2.55,7.0400000000000205,642.0,0.1258499999999998,0.0,5582.0,1.0,0.25896993
Kepler-962 b,1.9699999999999998,4.5400000000000205,689.0,0.09874000000000027,0.0,5478.0,1.0,0.27942468
Kepler-963 b,2.66,7.560000000000002,802.0,0.0849000000000002,0.0,5461.0,1.0,0.23892955
Kepler-964 b,2.1200000000000006,5.139999999999986,652.0,0.1073000000000004,0.0,5427.0,1.0,0.2783817
Kepler-965 b,3.38,11.399999999999977,393.0,0.5099799999999997,0.0,5886.0,1.0,0.38134605
Kepler-966 b,4.13,16.0,391.0,0.3906999999999998,0.0,5840.0,1.0,0.26810956
Kepler-967 b,2.3499999999999996,6.1200000000000045,638.0,0.10269999999999957,0.0,5178.0,1.0,0.3055866
Kepler-967 c,3.6499999999999995,12.899999999999977,258.0,0.6253000000000002,0.0,5178.0,1.0,0.52979053
Kepler-968 b,2.0,4.660000000000025,745.0,0.038899999999999935,0.0,4598.0,1.0,0.26629495
Kepler-968 c,1.69,3.5,644.0,0.0519999999999996,0.0,4598.0,1.0,0.2911126
Kepler-969 b,2.0699999999999994,4.939999999999998,465.0,0.19726,0.0,5214.0,1.0,0.37182482
Kepler-969 c,0.9900000000000002,0.9370000000000118,1270.0,0.026500000000000412,0.0,5214.0,1.0,0.29544207
Kepler-97 b,1.4799999999999995,3.509999999999991,1328.0,0.03563000000000027,0.0,5779.0,1.0,0.28163376
Kepler-97 c,14.442563631999999,344.0,1133.2,0.15223799999999965,0.0624,5779.0,1.0,0.29780145
Kepler-970 b,2.609,7.310000000000002,464.0,0.13900000000000023,0.34,4290.0,2.0,0.349512
Kepler-971 b,2.1300000000000003,5.180000000000007,1087.0,0.0867899999999997,0.0,5431.0,1.0,0.26606162
Kepler-972 b,4.65,19.5,1060.0,0.07340000000000035,0.0,6146.0,1.0,0.16227908
Kepler-973 b,1.96,4.5,402.0,0.2488999999999999,0.0,5213.0,1.0,0.41824445
Kepler-974 b,1.5700000000000003,3.089999999999975,577.0,0.04190000000000005,0.0,3687.0,1.0,0.3282859
Kepler-975 b,1.4799999999999995,2.7900000000000205,1599.0,0.028979999999999784,0.0,4897.0,1.0,0.28390171
Kepler-975 c,10.69,80.19999999999999,1168.0,0.056700000000000195,0.0,4883.0,1.0,0.092764304
Kepler-976 b,3.96,14.899999999999977,324.0,0.4217000000000004,0.0,5232.0,1.0,0.48354958
Kepler-977 b,2.6200000000000006,7.3700000000000045,544.0,0.16199999999999992,0.0,5315.0,1.0,0.31800672
Kepler-978 b,2.99,9.220000000000027,546.0,0.27259999999999973,0.0,6002.0,1.0,0.27334598
Kepler-979 b,2.72,7.850000000000023,792.0,0.07530000000000037,0.0,5310.0,1.0,0.23596499
Kepler-98 b,1.9899999999999998,3.5500000000000114,1592.0,0.02613999999999983,0.0,5539.0,1.0,0.25638454
Kepler-980 b,2.67,7.610000000000014,845.0,0.09992999999999963,0.0,5935.0,1.0,0.23019341
Kepler-981 b,2.31,5.949999999999989,1103.0,0.05349999999999966,0.0,5718.0,1.0,0.24404617
Kepler-982 b,2.25,5.689999999999998,955.0,0.12769999999999992,0.0,6139.0,1.0,0.24913922
Kepler-983 b,2.36,6.170000000000016,485.0,0.31479999999999997,0.0,6052.0,1.0,0.32221188
Kepler-984 b,2.1200000000000006,5.139999999999986,484.0,0.2368800000000002,0.0,5610.0,1.0,0.33441367
Kepler-985 b,2.98,9.170000000000016,323.0,0.44664000000000037,0.0,5434.0,1.0,0.52606254
Kepler-986 b,2.36,6.170000000000016,465.0,0.2913100000000002,0.0,5642.0,1.0,0.33842833
Kepler-987 b,3.26,10.699999999999989,351.0,0.42379999999999995,0.0,5637.0,1.0,0.43421485
Kepler-988 b,2.0699999999999994,4.939999999999998,368.0,0.10850000000000026,0.0,4005.0,1.0,0.40359153
Kepler-989 b,2.2099999999999995,5.519999999999982,805.0,0.07340000000000035,0.0,5074.0,1.0,0.26307767
Kepler-99 b,1.4799999999999995,6.149999999999977,810.0,0.05070999999999959,0.0,4782.0,2.0,0.29335307
Kepler-990 b,2.6,7.269999999999982,903.0,0.08595000000000041,0.0,5948.0,1.0,0.23739194
Kepler-990 c,1.5300000000000002,2.9599999999999795,2386.0,0.012319999999999887,0.0,5948.0,1.0,0.27779477
Kepler-991 b,2.54,6.990000000000009,260.0,0.31039999999999957,0.0,4392.0,1.0,0.65842367
Kepler-992 b,1.62,3.259999999999991,510.0,0.13372000000000028,0.0,4944.0,1.0,0.35898981
Kepler-993 b,2.97,9.110000000000014,352.0,0.1299999999999999,0.0,3843.0,1.0,0.47367615
Kepler-994 b,1.6,3.1899999999999977,957.0,0.017699999999999605,0.0,3934.0,1.0,0.28022791
Kepler-995 b,2.6999999999999997,7.75,517.0,0.1700999999999997,0.0,5206.0,1.0,0.31125449
Kepler-996 b,1.98,4.579999999999984,1272.0,0.047399999999999665,0.0,6014.0,1.0,0.25736492
Kepler-997 b,1.3600000000000003,2.420000000000016,1709.0,0.0402199999999997,0.0,6150.0,1.0,0.28541652
Kepler-998 b,2.32,5.990000000000009,1020.0,0.06259999999999977,0.0,6058.0,1.0,0.24234659
Kepler-999 b,2.34,6.079999999999984,1355.0,0.06918000000000024,0.0,6237.0,1.0,0.2398687
L 168-9 b,1.63,4.069999999999993,998.0,0.020800000000000374,0.0,3842.0,1.0,0.29234925
L 363-38 b,2.0,4.670000000000016,330.0,0.04800000000000004,0.12,3129.0,1.0,0.45244997
L 98-59 b,0.8369999999999997,0.45999999999997954,620.0,0.02230000000000043,0.031,3415.0,1.0,0.34784141
L 98-59 c,1.3289999999999997,2.0,526.0,0.030899999999999928,0.0020000000000000018,3415.0,1.0,0.39979099
L 98-59 d,1.6269999999999993,1.6399999999999864,415.99999999999994,0.04940000000000033,0.006000000000000005,3415.0,1.0,0.52714337
L 98-59 e,1.4900000000000002,2.819999999999993,347.0,0.07120000000000015,0.011999999999999997,3415.0,1.0,0.69173285
LHS 1140 b,1.73,5.600000000000023,226.0,0.0945999999999998,0.043,3096.0,1.0,0.65784339
LHS 1140 c,1.2720000000000002,1.910000000000025,422.0,0.027000000000000135,0.05,3096.0,1.0,0.51278419
LHS 1478 b,1.242,2.329999999999984,595.0,0.018480000000000274,0.13,3381.0,1.0,0.35288851
LHS 1678 b,0.6849999999999996,0.35000000000002274,830.44,0.012389999999999901,0.033,3490.0,2.0,0.29520568
LHS 1678 c,0.9409999999999998,1.3999999999999773,510.9,0.03270000000000017,0.039,3490.0,2.0,0.38964985
LHS 1678 d,0.9809999999999999,0.9069999999999823,462.95,0.03999999999999915,0.036,3490.0,2.0,0.43342078
LHS 1815 b,1.088,1.579999999999984,617.0,0.04039999999999999,0.0,3643.0,1.0,0.34633039
LHS 3154 b,3.69,13.149999999999977,467.2,0.022619999999999862,0.076,2861.0,1.0,0.42480127
LHS 3844 b,1.2860000000000005,2.3700000000000045,816.0,0.006240000000000023,0.0,3080.0,1.0,0.30643918
LHS 475 b,0.9909999999999997,0.9409999999999741,586.0,0.020369999999999777,0.0,3300.0,1.0,0.35345302
LP 714-47 b,4.7,30.80000000000001,700.0,0.041699999999999626,0.04,3950.0,1.0,0.18365733
LP 791-18 b,1.2119999999999997,1.9399999999999977,564.3,0.009780000000000122,0.0,2960.0,1.0,0.34580333
LP 791-18 c,2.488,7.160000000000025,324.4,0.029609999999999914,0.00010000000000000286,2960.0,1.0,0.56647203
LP 791-18 d,1.032,0.910000000000025,395.5,0.019919999999999938,0.0011000000000000038,2960.0,1.0,0.50074413
LP 890-9 b,1.3200000000000003,13.199999999999989,396.0,0.018749999999999822,0.03222,2850.0,1.0,0.55915608
LP 890-9 c,1.367,25.30000000000001,272.0,0.039839999999999876,0.044000000000000004,2850.0,1.0,0.88525109
LSPM J2116+0234 b,3.71,13.300000000000011,521.54,0.08760000000000012,0.183,3475.0,1.0,0.48254277
LTT 1445 A b,1.3399999999999999,2.730000000000018,431.0,0.03810000000000002,0.18,3562.0,3.0,0.36118048
LTT 1445 A c,1.1470000000000002,1.5400000000000205,508.0,0.0266099999999998,0.223,3340.0,3.0,0.39175357
LTT 3780 b,1.3250000000000002,2.4599999999999795,903.0,0.011949999999999683,0.0,3358.0,2.0,0.29837792
LTT 3780 c,2.39,8.04000000000002,359.0,0.07570000000000032,0.024,3358.0,2.0,0.55893576
LTT 9779 b,4.72,29.319999999999993,1978.0,0.016790000000000305,0.0,5443.0,1.0,0.15697961
Lupus-TR-3 b,9.976,257.431,948.8,0.04640000000000022,0.0,5000.0,1.0,0.14947159
MASCARA-1 b,17.900742180000005,1175.971,2594.3,0.04035200000000039,0.00034000000000000696,7490.0,1.0,0.051572415
MASCARA-4 b,16.98160576,532.36258173,2250.0,0.047399999999999665,0.0,7800.0,2.0,0.053682455
NGC 2682 Sand 978 b,13.3,692.8694,1175.326,1.252959999999999,0.16,4200.0,1.0,0.081270804
NGC 2682 YBP 1194 b,12.3,101.7056,1172.31,0.07225200000000065,0.3,5780.0,1.0,0.07749763
NGC 2682 YBP 1514 b,14.0,127.132,1001.156,1.8041939999999999,0.28,5725.0,1.0,0.067786258
NGC 2682 YBP 401 b,14.3,146.2018,1320.0,1.4055400000000002,0.15,6165.0,1.0,0.064554917
NGTS-1 b,14.907969999999999,258.07796,790.0,0.032600000000000406,0.016,3916.0,1.0,0.076503599
NGTS-10 b,13.506844999999998,687.14846,1332.0,0.014300000000000423,0.0,4600.0,1.0,0.067633646
NGTS-11 b,9.157753,109.33352,435.00000000000006,0.20099999999999962,0.13,5050.0,1.0,0.18887604
NGTS-12 b,11.747032,66.10863999999998,1257.0,0.07570000000000032,0.0,5690.0,1.0,0.077951308
NGTS-13 b,12.800678,1538.2972,1605.0,0.05489999999999995,0.086,5819.0,1.0,0.070612847
NGTS-14 A b,4.976796,29.24036000000001,1143.0,0.040300000000000225,0.0,5187.0,2.0,0.15456246
NGTS-15 b,12.32987877,238.68913366,1146.0,0.04410000000000025,0.0,5600.0,1.0,0.074527643
NGTS-16 b,14.571674909999999,211.99154747,1177.0,0.05229999999999979,0.0,5550.0,1.0,0.064237767
NGTS-17 b,13.89913607,242.82090295,1457.0,0.03910000000000036,0.0,5650.0,1.0,0.065644483
NGTS-18 b,13.56286665,129.99181846,1381.0,0.044800000000000395,0.0,5610.0,1.0,0.06729161
NGTS-2 b,17.878355,235.1942,1468.0,0.06299999999999972,0.0,6478.0,1.0,0.052468776
NGTS-20 b,11.99360935,947.12865286,688.0,0.3129999999999997,0.43200000000000005,5980.0,1.0,0.09475755
NGTS-21 b,14.90794433,750.07504052,1357.0,0.023600000000000065,0.0,4660.0,1.0,0.062801245
NGTS-23 b,14.20177855,194.82881349,1327.0,0.05039999999999978,0.0,6057.0,1.0,0.064878764
NGTS-24 b,13.60770257,165.27077164,1499.0,0.047900000000000276,0.0,5820.0,1.0,0.066822367
NGTS-25 b,11.46678726,203.09235207,1101.0,0.03880000000000017,0.0,5321.0,1.0,0.079901586
NGTS-3 A b,16.58932,756.4354,1434.44,0.022999999999999687,0.0028600000000000014,5600.0,2.0,0.055920851
NGTS-4 b,3.18,20.600000000000023,1650.0,0.019000000000000128,0.0,5143.0,1.0,0.20352501
NGTS-5 b,12.733424,72.78307000000001,952.0,0.03819999999999979,0.0,4987.0,1.0,0.075017152
NGTS-6 b,14.863133999999999,425.57437,1283.9,0.016770000000000174,0.0,4730.0,1.0,0.062090133
NGTS-8 b,12.21781,295.5819,1345.0,0.03500000000000014,0.009999999999999995,5241.0,1.0,0.074699599
NGTS-9 b,11.99363,921.707,1448.0,0.05800000000000072,0.06,6330.0,1.0,0.075233375
NSVS 14256825 b,12.3,4497.2945,2627.0,3.12,0.12,40000.0,2.0,0.16805125
NY Vir b,13.3,730.978,2545.0,3.3,0.15,32780.0,2.0,0.33636226
NY Vir c,12.8,1760.7782,2545.0,1.8095199999999991,0.15,32780.0,2.0,0.36662181
OGLE-2018-BLG-0740L b,12.9,1500.0,1166.4,5.0,0.0,5912.0,1.0,0.10772524
OGLE-TR-10 b,14.011,197.046,1702.0,0.043400000000000105,0.0,5950.0,1.0,0.064990052
OGLE-TR-111 b,11.421971,174.799,1019.0,0.0472999999999999,0.0,5040.0,1.0,0.081412312
OGLE-TR-113 b,12.251,400.449,1342.0,0.0228900000000003,0.0,4790.0,1.0,0.074274381
OGLE-TR-132 b,13.45,375.02,2013.0,0.03035000000000032,0.6000000000000001,6210.0,1.0,0.066970931
OGLE-TR-182 b,12.666,320.995,1550.0,0.051000000000000156,0.0,5924.0,1.0,0.071892964
OGLE-TR-211 b,15.244,327.351,1686.0,0.051000000000000156,0.0,6325.0,1.0,0.061036721
OGLE-TR-56 b,15.277999999999999,441.77,2212.0,0.02383000000000024,0.0,6050.0,1.0,0.059624429
OGLE2-TR-L9 b,18.046000000000003,1430.175,2034.0,0.03080000000000016,0.0242,6933.0,1.0,0.051358234
Oph 11 b,12.3,4449.62,2175.0,243.0,0.294,2374.9999999999995,1.0,0.072136629
PDS 70 b,21.96960217,1017.0509024,1392.0,20.8,0.16999999999999998,4109.0,1.0,0.032156083
PDS 70 c,22.19378179,2383.7130525,1054.0,34.3,0.037,4109.0,1.0,0.041279071
PH1 b,6.18,169.0,481.0,0.6520000000000001,0.0702,6407.0,4.0,0.22226939
PH2 b,9.33708092,87.08498351999998,295.1,0.8330000000000002,0.215,5734.0,1.0,0.41422066
POTS-1 b,10.548,734.16,1078.512,0.03734000000000037,0.03540000000000001,4400.0,1.0,0.10062882
PZ Tel b,11.9,8581.366989,1410.766,27.0,0.52,5169.0,1.0,0.076026909
Pr0201 b,14.2,171.6282,1428.9180000000001,0.05999999999999961,0.0,6174.0,1.0,0.065656105
Pr0211 b,13.4,597.5204,1566.0,0.03176000000000023,0.010999999999999996,5300.0,2.0,0.069192635
Pr0211 c,12.6,2475.8957,627.8,5.5,0.71,5300.0,2.0,0.093214985
Proxima Cen b,1.0200000000000005,1.0550000000000068,218.0,0.048479999999999634,0.0,2900.0,3.0,0.86414229
Qatar-1 b,12.811886999999999,411.27202,1418.0,0.023320000000000896,0.0,5013.0,1.0,0.071178641
Qatar-10 b,17.295487,233.92288,1955.0,0.02859999999999996,0.0,6124.0,1.0,0.053513535
Qatar-2 b,14.055999999999997,792.635,1344.0,0.02153000000000027,0.0,4645.0,1.0,0.06643838
Qatar-3 b,12.285064,1369.8473,1681.0,0.037829999999999586,0.0,6007.0,1.0,0.073024845
Qatar-4 b,12.722215,1938.763,1385.0,0.02803000000000022,0.0,5215.0,1.0,0.071768861
Qatar-5 b,12.408363,1373.0256,1415.0,0.04126999999999992,0.0,5747.0,1.0,0.073190977
Qatar-6 b,11.903958,212.31044,1006.0,0.042300000000000004,0.0,5052.0,2.0,0.080506376
Qatar-7 b,19.0553,597.5204,2053.0,0.035199999999999676,0.0,6387.0,1.0,0.048911431
Qatar-8 b,14.403565,117.91493,1457.0,0.047399999999999665,0.0,5738.0,1.0,0.064082713
Qatar-9 b,11.309881,378.2177,1134.0,0.023399999999999643,0.0,4309.0,1.0,0.081561732
ROXs 12 b,12.2,5085.0,1596.8000000000002,210.0,0.8300000000000001,3850.0,2.0,0.07266508
ROXs 42 B b,12.5,2860.0,1975.0,157.0,0.5800000000000001,3433.0,2.0,0.071124508
RR Cae b,13.0,1334.886,1213.22,5.3,0.0,3904.0,2.0,0.068983362
Ross 128 b,1.1100000000000003,1.3999999999999773,301.0,0.049599999999999866,0.116,3192.0,1.0,0.85772067
Ross 458 c,14.01125,1906.98,970.39,1100.0,0.26780000000000004,3965.42,2.0,0.064243554
Ross 508 b,1.83,4.0,396.4,0.05365999999999982,0.33,3071.0,1.0,0.77077072
TAP 26 b,13.5,527.5978,1072.58,0.0968,0.2647999999999999,4620.0,1.0,0.0838455
TCP J05074264+2447555 b,4.72,20.0,822.6,0.9399999999999995,0.03679999999999999,5805.0,1.0,0.459121
TIC 172900988 b,11.25,942.0,1524.6,0.9028099999999997,0.0271,6050.0,2.0,0.22683497
TIC 237913194 b,12.520453,617.22586,974.0,0.12070000000000025,0.575,5788.0,1.0,0.081586221
TIC 257060897 b,17.26183028,201.50321004,1775.0,0.04922000000000004,0.039,5993.0,1.0,0.055478743
TIC 279401253 b,11.2089807,1951.46641898,820.78,0.3689999999999998,0.44799999999999995,5951.0,1.0,0.17060562
TIC 279401253 c,12.6,2548.98382414,1122.2,0.5910000000000002,0.254,5951.0,1.0,0.27280836
TOI-1052 b,2.87,16.899999999999977,1135.0,0.09102999999999994,0.18,6146.0,1.0,0.21894007
TOI-1052 c,6.48,34.30000000000001,719.0,0.22630000000000017,0.23700000000000002,6146.0,1.0,0.14624102
TOI-1062 b,2.265,10.149999999999977,1077.0,0.0519999999999996,0.177,5328.0,1.0,0.24823389
TOI-1062 c,3.1,9.779999999999973,859.0,0.08000000000000007,0.14,5328.0,1.0,0.22031359
TOI-1064 b,2.587,13.5,784.0,0.0615199999999998,0.047,4734.0,1.0,0.24692749
TOI-1064 c,2.6509999999999994,2.5,634.0,0.09428999999999998,0.088,4734.0,1.0,0.26984246
TOI-1075 b,1.7909999999999995,9.949999999999989,1323.0,0.01158999999999999,0.0,3875.0,1.0,0.26758479
TOI-1107 b,14.571674909999999,1064.72516345,1728.0,0.05609999999999982,0.025,6311.0,1.0,0.062731753
TOI-1130 b,3.66,19.80000000000001,825.0,0.04530000000000012,0.052162,4360.0,1.0,0.20625668
TOI-1130 c,13.0,336.0,650.0,0.07310000000000016,0.0398,4360.0,1.0,0.10477208
TOI-1135 b,9.91994792,58.798255289999986,1171.0,0.08150000000000013,0.062,6320.0,1.0,0.098622772
TOI-1136 b,1.9,3.5,1216.0,0.05105999999999966,0.026999999999999996,5770.0,1.0,0.26330537
TOI-1136 c,2.879,6.319999999999993,1062.0,0.0669000000000004,0.11,5770.0,1.0,0.22020203
TOI-1136 d,4.627,8.350000000000023,843.0,0.1062000000000003,0.042,5770.0,1.0,0.17258373
TOI-1136 e,2.6389999999999993,6.069999999999993,737.0,0.13999999999999968,0.0425,5770.0,1.0,0.25007057
TOI-1136 f,3.73591482,9.699999999999989,658.0,0.17400000000000038,0.0010000000000000009,5770.0,1.0,0.21623532
TOI-1136 g,2.53,5.600000000000023,574.0,0.2290000000000001,0.04,5770.0,1.0,0.2961455
TOI-1181 b,17.02644168,374.71969185,1942.12,0.03640000000000043,0.010999999999999996,6054.0,1.0,0.062279714
TOI-1194 b,8.71664516,120.0,1264.29,0.03399999999999981,0.0,5394.0,1.0,0.099928416
TOI-1199 b,10.5140239,75.96098927000003,1486.0,0.049879999999999924,0.03,5710.0,1.0,0.084073882
TOI-1201 b,2.415,6.279999999999973,703.0,0.028699999999999726,0.0,3476.0,2.0,0.26542094
TOI-122 b,2.72,7.850000000000023,471.0,0.039200000000000124,0.0,3403.0,1.0,0.34532117
TOI-1221 b,2.91,1112.3994245,440.0,0.38700000000000045,0.21,5592.0,1.0,0.37555082
TOI-1227 b,9.57246952,66.5,243.76999999999998,0.08859999999999957,0.265,3072.0,1.0,0.32072576
TOI-1231 b,3.6499999999999995,15.399999999999977,329.6,0.12880000000000003,0.087,3553.0,1.0,0.53541361
TOI-1235 b,1.69,6.689999999999998,775.0,0.038450000000000095,0.049,3997.0,1.0,0.29250734
TOI-1246 b,3.01,8.100000000000023,955.0,0.04900000000000038,0.1166,5151.0,1.0,0.21528256
TOI-1246 c,2.45109846,9.100000000000023,862.49,0.06099999999999994,0.0,5213.0,1.0,0.24015502
TOI-1246 d,3.43139739,5.399999999999977,587.77,0.13199999999999967,0.0,5213.0,1.0,0.23279141
TOI-1246 e,3.5141875,14.5,463.98,0.21199999999999974,0.0,5213.0,1.0,0.28264976
TOI-125 b,2.726,9.5,1037.0,0.05185999999999957,0.194,5320.0,1.0,0.22719779
TOI-125 c,2.759,6.6299999999999955,827.8,0.08140000000000036,0.066,5320.0,1.0,0.23538553
TOI-125 d,2.93,13.600000000000023,638.1,0.13700000000000045,0.16799999999999998,5320.0,1.0,0.2556295
TOI-1259 A b,11.45557828,140.16232749,963.0,0.04070000000000018,0.0,4775.0,2.0,0.083702604
TOI-1260 b,2.4100000000000006,8.560000000000002,871.0,0.03669999999999973,0.0,4227.0,1.0,0.24829987
TOI-1260 c,2.76,13.199999999999989,651.0,0.06570000000000054,0.0,4227.0,1.0,0.26044049
TOI-1260 d,3.12,11.839999999999975,499.0,0.11160000000000014,0.0,4227.0,1.0,0.31303266
TOI-1266 b,2.52,4.4599999999999795,415.0,0.0730000000000004,0.039,3563.0,1.0,0.45212485
TOI-1266 c,1.98,3.170000000000016,346.0,0.10500000000000043,0.071,3563.0,1.0,0.6755864
TOI-1268 b,9.1,96.4,918.9,0.07110000000000039,0.105,5300.0,1.0,0.1042061
TOI-1272 b,4.13204907,27.0,975.0,0.041699999999999626,0.35,5065.0,1.0,0.17664529
TOI-1272 c,4.95,21.69999999999999,697.0,0.07899999999999974,0.12,5065.0,1.0,0.15617457
TOI-1273 b,11.096890889999997,70.55790635,1211.0,0.05489999999999995,0.055,5690.0,1.0,0.081992252
TOI-1278 b,12.21778896,5879.8255295,407.87,0.09499999999999975,0.012999999999999998,3799.0,1.0,0.20210776
TOI-1288 b,4.96846551,44.10000000000002,1203.44,0.03739999999999988,0.0,5388.0,1.0,0.14824615
TOI-1288 c,11.1,85.69999999999999,1083.0,1.0700000000000003,0.0,5388.0,1.0,0.38043924
TOI-1296 b,14.116459159999998,95.30000000000004,1414.84,0.051000000000000156,0.0,5567.0,1.0,0.066204338
TOI-1298 b,9.65807033,99.0,1278.0,0.057000000000000384,0.0,5752.0,1.0,0.092601939
TOI-132 b,3.42,22.399999999999977,1395.0,0.0259999999999998,0.059,5397.0,1.0,0.19523969
TOI-1333 b,15.647763999999999,753.2571,1679.0,0.06259999999999977,0.073,6274.0,2.0,0.058952585
TOI-1338 b,7.661,11.300000000000011,254.64999999999998,0.4607000000000001,0.0331,5723.2,2.0,0.21668304
TOI-1338 c,10.3,75.39999999999998,1044.2,0.7940000000000005,0.037,5723.2,2.0,0.3090695
TOI-1347 b,1.7999999999999998,11.100000000000023,1400.0,0.017100000000000115,0.0,5464.0,1.0,0.26531084
TOI-1347 c,1.6,6.399999999999977,1000.0,0.05459999999999976,0.0,5464.0,1.0,0.28165234
TOI-1386 b,6.2163865,45.80000000000001,615.03,0.17300000000000004,0.0,5735.0,1.0,0.16200823
TOI-1386 c,10.3,75.19999999999999,327.4,0.75,0.38,5735.0,1.0,0.35821522
TOI-139 b,2.4566,6.600000000000023,561.17,0.07750000000000057,0.04098,4570.0,1.0,0.28748889
TOI-1408 b,25.0,593.0,1293.0,0.057780000000000165,0.0022999999999999965,6117.0,1.0,0.055385211
TOI-1411 b,1.1988059199999999,2.0,976.4,0.021219999999999573,0.0,4115.0,1.0,0.29032656
TOI-1416 b,1.62,3.480000000000018,1517.0,0.019000000000000128,0.0,4884.0,1.0,0.27479549
TOI-1420 b,11.89,25.100000000000023,957.0,0.07099999999999973,0.16999999999999998,5510.0,1.0,0.081862701
TOI-1422 b,3.83,9.5,870.0,0.1070000000000002,0.2,5840.0,1.0,0.18905722
TOI-1431 b,16.701381240000003,991.62462984,2370.0,0.04600000000000026,0.0021999999999999936,7690.0,1.0,0.05499555
TOI-1442 b,1.17,1.7099999999999795,1072.0,0.007100000000000328,0.118,3330.0,1.0,0.29743508
TOI-1444 b,1.4179224599999998,3.579999999999984,2130.02,0.01159999999999961,0.0,5460.0,1.0,0.28353065
TOI-1452 b,1.6719999999999997,4.819999999999993,326.0,0.06099999999999994,0.0,3185.0,2.0,0.72006129
TOI-1468 b,1.4009999999999998,3.0400000000000205,683.5,0.021069999999999922,0.009900000000000006,3376.0,1.0,0.32463505
TOI-1468 c,2.126,4.100000000000023,338.1,0.08607999999999993,0.111,3376.0,1.0,0.63779096
TOI-1470 b,2.18,7.319999999999993,734.0,0.028500000000000192,0.3,3709.0,1.0,0.27249568
TOI-1470 c,2.47,7.240000000000009,373.0,0.10599999999999987,0.5,3709.0,1.0,0.48716066
TOI-1478 b,11.99360935,279.68899816,918.0,0.08180000000000032,0.055,5597.0,1.0,0.083334031
TOI-150.01,14.067294999999998,797.7533,1404.5,0.0703699999999996,0.262,6255.0,1.0,0.065636383
TOI-1516 b,15.24421375,1004.33776612,1839.0,0.052623999999998894,0.0868,6520.0,1.0,0.060015928
TOI-1518 b,21.050465750000004,581.62598481,2546.0,0.03711999999999982,0.009999999999999995,7299.0,1.0,0.044394179
TOI-157 b,14.414773999999998,375.0394,1588.0,0.03138000000000041,0.0,5404.0,1.0,0.063626305
TOI-1601 b,14.19902343,387.0,1493.97,0.06899999999999995,0.0,5982.0,1.0,0.065685099
TOI-163 b,16.690201,387.7526,1669.0,0.05800000000000072,0.0,6495.0,1.0,0.055659127
TOI-1634 b,1.759,4.899999999999977,900.0,0.015439999999999898,0.0,3550.0,2.0,0.27812161
TOI-1669 b,14.099999999999998,191.0,1396.368,1.2699999999999996,0.0,5497.0,1.0,0.3680012
TOI-1670 b,2.0599999999999996,41.317692910000005,1062.0,0.10299999999999976,0.5900000000000001,6170.0,1.0,0.25620945
TOI-1670 c,11.06326395,200.23189641,684.0,0.24899999999999967,0.09,6170.0,1.0,0.10495075
TOI-1680 b,1.4660000000000002,2.75,404.0,0.03143999999999991,0.08,3225.0,1.0,0.53583288
TOI-1685 b,1.4210000000000003,3.069999999999993,1000.0,0.011639999999999873,0.0,3470.0,1.0,0.27552783
TOI-169 b,12.172974,251.40353,1715.0,0.03523999999999994,0.0,5880.0,1.0,0.073547287
TOI-1693 b,1.4100000000000001,2.569999999999993,764.0,0.02259999999999973,0.1484,3499.0,1.0,0.3077622
TOI-1694 b,5.3422266,31.30000000000001,943.19,0.04499999999999993,0.0,5058.0,1.0,0.14698989
TOI-1694 c,13.8,297.0,1026.9660000000001,0.09999999999999964,0.0,5058.0,1.0,0.3218768
TOI-1695 b,1.9,6.360000000000014,698.0,0.03354799999999969,0.097,3690.0,1.0,0.29288865
TOI-1696 b,3.09,48.80000000000001,489.0,0.02289999999999992,0.0,3185.0,1.0,0.29102118
TOI-1710 b,5.20315158,22.399999999999977,602.99,0.16600000000000037,0.0,5684.0,2.0,0.17496913
TOI-172 b,10.816685,1722.6386,1198.0,0.09139999999999926,0.3806,5645.0,1.0,0.083616787
TOI-1728 b,5.05,26.779999999999973,767.0,0.03910000000000036,0.057,3980.0,1.0,0.16903063
TOI-1736 b,3.18175535,12.300000000000011,1099.79,0.0730000000000004,0.0,5636.0,1.0,0.23735357
TOI-1736 c,12.5,2800.0,249.0,1.37,0.3685,5636.0,1.0,0.39764978
TOI-1749 b,1.3899999999999997,57.0,831.0,0.02909999999999968,0.14,3985.0,1.0,0.30009752
TOI-1749 c,2.1200000000000006,14.0,673.0,0.044299999999999784,0.019000000000000003,3985.0,1.0,0.28497638
TOI-1749 d,2.52,15.0,533.0,0.07070000000000043,0.062,3985.0,1.0,0.31534199
TOI-1751 b,2.9507845,19.5,651.64,0.21499999999999986,0.327,5970.0,1.0,0.24638365
TOI-1759 b,3.14,10.800000000000011,442.99999999999994,0.11770000000000014,0.0,4065.0,1.0,0.36913808
TOI-178 b,1.2000000000000002,0.9599999999999795,1040.0,0.026069999999999816,0.084,4316.0,1.0,0.29835059
TOI-178 c,1.754,4.639999999999986,873.0,0.03699999999999992,0.00032000000000000084,4316.0,1.0,0.28507703
TOI-178 d,2.695,5.199999999999989,690.0,0.0591999999999997,0.0068000000000000005,4316.0,1.0,0.26074573
TOI-178 e,2.301,3.480000000000018,600.0,0.07829999999999959,0.00038000000000000533,4316.0,1.0,0.30281171
TOI-178 f,2.417,5.6299999999999955,521.0,0.10390000000000033,0.00045000000000000595,4316.0,1.0,0.33893943
TOI-178 g,2.939,4.399999999999977,470.0,0.1275000000000004,0.0004299999999999998,4316.0,1.0,0.35066237
TOI-1789 b,16.14093221,222.4798849,1927.0,0.048820000000000086,0.006200000000000011,5991.0,1.0,0.056997868
TOI-1801 b,2.079,5.7379999999999995,493.7,0.07500000000000018,0.0,3863.0,2.0,0.37428643
TOI-1807 b,1.49681583,2.4399999999999977,1694.1,0.012199999999999989,0.0,4914.0,1.0,0.28872659
TOI-181 b,6.9559,46.1687,895.1,0.053899999999999615,0.1543,4994.0,1.0,0.12747148
TOI-1811 b,11.14172682,308.9292116,962.2,0.043890000000001095,0.052,4766.0,1.0,0.086177122
TOI-1820 b,12.778238000000002,731.0053361,1375.0,0.06099999999999994,0.043,5734.0,1.0,0.071769107
TOI-1842 b,12.3485023,89.39999999999998,1199.55,0.09999999999999964,0.276,6039.0,1.0,0.077592474
TOI-1853 b,3.46,73.19999999999999,1479.0,0.021300000000000097,0.03,4985.0,1.0,0.19398013
TOI-1859 b,9.75181321,68.60000000000002,615.0,0.33699999999999974,0.57,6341.0,1.0,0.12093196
TOI-1860 b,1.3099999999999996,2.269999999999982,1885.0,0.020400000000000418,0.11499999999999999,5752.0,1.0,0.28727991
TOI-1899 b,11.096890889999997,212.94503269,378.0,0.15249999999999986,0.044,3926.0,1.0,0.27815324
TOI-1937 A b,13.97759893,638.83509807,2097.0,0.01931999999999956,0.0,5814.0,2.0,0.064711132
TOI-198 b,1.3600000000000003,3.170000000000016,456.0,0.0674999999999999,0.15,3801.0,1.0,0.57487254
TOI-199 b,9.07927437,54.03082919000002,476.27,0.4253999999999998,0.09,5255.0,1.0,0.35469111
TOI-199 c,11.399999999999999,88.99195395999999,1043.15,0.8070000000000004,0.096,5255.0,1.0,0.39478376
TOI-1994 b,13.67495645,7024.0077947,2290.0,0.06130000000000013,0.341,7700.0,1.0,0.06588109
TOI-2000 b,2.6999999999999997,11.0,1488.0,0.04270999999999958,0.0,5611.0,1.0,0.22386598
TOI-2000 c,8.14,81.69999999999999,1038.0,0.08779999999999966,0.063,5611.0,1.0,0.11011316
TOI-201 b,11.399999999999999,164.0,759.0,0.30299999999999994,0.275,6423.0,1.0,0.11210627
TOI-2010 b,11.81426566,408.7273314,400.2,0.5515999999999996,0.212,5929.0,1.0,0.25627349
TOI-2018 b,2.2680000000000002,9.199999999999989,576.34,0.05291999999999941,0.0,4174.0,1.0,0.28978959
TOI-2025 b,11.89272852,1144.1822652,1166.0,0.08919999999999995,0.394,5977.0,1.0,0.077533327
TOI-2046 b,16.14093221,731.0053361,1828.82,0.04773799999999895,0.11879999999999999,6250.0,1.0,0.056929711
TOI-2048 b,2.61,7.319999999999993,646.0,0.1118939999999995,0.13,5185.0,1.0,0.25959189
TOI-206 b,1.2999999999999998,2.240000000000009,910.0,0.011199999999999655,0.116,3383.0,1.0,0.29885732
TOI-2076 b,2.59,6.699999999999989,736.0,0.08781000000000017,0.011399999999999993,5187.0,1.0,0.2456444
TOI-2076 c,3.54,7.199999999999989,581.0,0.14069999999999983,0.036,5187.0,1.0,0.22883347
TOI-2076 d,3.27,7.300000000000011,490.0,0.19819999999999993,0.026999999999999996,5187.0,1.0,0.27336785
TOI-2081 b,2.04,4.819999999999993,488.0,0.07519999999999971,0.0434,3800.0,1.0,0.39728239
TOI-2084 b,2.47,6.660000000000025,527.0,0.050060000000000215,0.1804,3551.0,2.0,0.32488222
TOI-2095 b,1.25,4.100000000000023,347.0,0.10099999999999998,0.0,3759.0,1.0,0.60589256
TOI-2095 c,1.33,7.399999999999977,297.0,0.13700000000000045,0.0,3759.0,1.0,0.76627784
TOI-2096 b,1.2430000000000003,2.079999999999984,445.0,0.025000000000000355,0.15,3300.0,1.0,0.42155151
TOI-2096 c,1.9139999999999997,4.319999999999993,349.0,0.03999999999999915,0.1,3300.0,1.0,0.53629532
TOI-2109 b,15.098496999999998,1595.49860314,3646.0,0.01790999999999965,0.3172,6540.0,1.0,0.060137027
TOI-2134 b,2.69,9.129999999999995,666.0,0.07800000000000029,0.06,4580.0,1.0,0.26148817
TOI-2134 c,7.27,41.889999999999986,306.0,0.37100000000000044,0.6700000000000002,4580.0,1.0,0.4221411
TOI-2136 b,2.19,6.3700000000000045,395.0,0.057000000000000384,0.0,3342.0,1.0,0.50033629
TOI-2141 b,3.147,20.100000000000023,728.0,0.1322000000000001,0.21,5635.0,1.0,0.23139134
TOI-2145 b,12.24020692,1805.26535176,1484.0,0.11169999999999991,0.214,6206.0,1.0,0.07512421
TOI-2152 A b,14.358704279999998,899.45439181,1802.0,0.050639999999999574,0.057,6630.0,3.0,0.063450898
TOI-2154 b,16.28664896,292.40213444,1580.0,0.051300000000000345,0.117,6280.0,1.0,0.057088316
TOI-2158 b,10.76062147,260.61929374,1188.0,0.07500000000000018,0.07,5673.0,1.0,0.084655407
TOI-216.01,10.1,177.98390792,497.0,0.20690000000000008,0.004599999999999993,5026.0,1.0,0.19583607
TOI-216.02,8.0,18.75187600999999,628.0,0.12929999999999975,0.16,5026.0,1.0,0.15209378
TOI-2180 b,11.321070510000002,875.61726129,348.0,0.8280000000000003,0.3683,5695.0,1.0,0.27154701
TOI-2184 b,11.39953337,206.58846455,1676.05,0.28786799999999957,0.08,5966.0,1.0,0.077866885
TOI-2193 A b,19.83989584,298.75870258,1763.0,0.033190000000000275,0.0,5966.0,2.0,0.047425414
TOI-2194 b,1.9892000000000003,4.610000000000014,590.88,0.06667199999999962,0.011999999999999997,4756.0,1.0,0.32889554
TOI-2196 b,3.51,26.0,1860.0,0.022339999999999804,0.0,5634.0,1.0,0.19138232
TOI-220 b,3.03,13.800000000000011,805.0,0.0891099999999998,0.032,5298.0,1.0,0.22646433
TOI-2202 b,10.95117414,287.31687993,652.07,0.09564000000000039,0.022,5169.0,1.0,0.10173554
TOI-2202 c,13.4,117.27868218,788.52,0.15543999999999958,0.0622,5144.0,1.0,0.12659734
TOI-2207 b,11.152935800000002,203.41018048,1259.0,0.08539999999999992,0.174,6101.0,1.0,0.081151609
TOI-2236 b,14.36991326,502.16888306,1688.0,0.05008999999999997,0.0,6248.0,1.0,0.063584566
TOI-2257 b,2.194,5.449999999999989,256.0,0.14499999999999957,0.496,3430.0,1.0,0.71601979
TOI-2260 b,1.62,3.259999999999991,2609.0,0.009699999999999598,0.24560000000000004,5534.0,1.0,0.27356897
TOI-2266 b,1.54,2.990000000000009,550.0,0.019999999999999574,0.17036,3200.0,1.0,0.35365165
TOI-2285 b,1.7700000000000005,19.5,358.0,0.1363000000000003,0.3,3491.0,1.0,0.74610595
TOI-2337 b,10.08808263,508.5254512,1272.46,0.8158862000000004,0.019000000000000003,4780.0,1.0,0.086173188
TOI-2338 b,11.2089807,1900.61387386,799.0,0.15800000000000036,0.6760000000000002,5581.0,1.0,0.098284324
TOI-2364 b,8.60849718,71.51139158000001,1091.0,0.04870999999999981,0.0,5306.0,1.0,0.10272673
TOI-237 b,1.4400000000000004,2.670000000000016,388.0,0.034099999999999575,0.0,3212.0,1.0,0.58515767
TOI-2373 b,10.42435205,2955.8041851,860.0,0.1120000000000001,0.112,5651.0,1.0,0.095251334
TOI-238 b,1.5589999999999997,3.3700000000000045,1378.0,0.02120000000000033,0.18,5059.0,1.0,0.28487692
TOI-238 c,2.18,6.699999999999989,696.0,0.07490000000000041,0.36,5059.0,1.0,0.26595683
TOI-2406 b,2.86,15.600000000000023,449.0,0.022669999999999746,0.16999999999999998,3100.0,1.0,0.2120112
TOI-2411 b,1.6799999999999997,3.4599999999999795,1355.0,0.01440000000000019,0.10800000000000001,4099.0,1.0,0.27259516
TOI-2416 b,9.86390302,953.485221,1080.0,0.08309999999999995,0.32000000000000006,5808.0,1.0,0.091921564
TOI-2421 b,10.36830715,105.83685953,1534.0,0.05429999999999957,0.0,5607.0,1.0,0.084911246
TOI-2427 b,1.7999999999999998,3.8899999999999864,1117.0,0.020199999999999996,0.066,4072.0,1.0,0.26943415
TOI-244 b,1.52,2.680000000000007,458.0,0.05590000000000028,0.1124,3433.0,1.0,0.44418259
TOI-2443 b,2.3630000000000004,4.800000000000011,519.0,0.10500000000000043,0.301,4375.0,1.0,0.30637945
TOI-2445 b,1.25,2.1000000000000227,1060.0,0.006400000000000183,0.118,3333.0,1.0,0.2954925
TOI-2459 b,2.9531,9.029999999999973,445.01,0.10593999999999948,0.042086,4195.0,1.0,0.34050308
TOI-2497 b,11.14172682,1531.93292174,1595.0,0.11660000000000004,0.195,7360.0,1.0,0.079654343
TOI-2498 b,6.06,34.620000000000005,1443.0,0.049100000000000144,0.089,5905.0,1.0,0.13151119
TOI-251 b,2.74,317.83,1041.19,0.05740999999999996,0.0,5875.0,1.0,0.22516987
TOI-2524 b,11.2089807,203.41018048,1100.0,0.0730000000000004,0.0,5831.0,1.0,0.082661304
TOI-2525 b,8.67575106,26.69758618999998,512.97,0.15109999999999957,0.16999999999999998,5096.0,1.0,0.16049293
TOI-2525 c,10.13291855,208.8132634,399.96,0.24899999999999967,0.157,5096.0,1.0,0.23219708
TOI-2545 b,2.75,8.0,1022.99,0.09032200000000046,0.12840000000000001,5846.29,1.0,0.22459961
TOI-2567 b,10.92875618,63.88350981000002,1352.0,0.0671999999999997,0.0,5611.0,1.0,0.081929078
TOI-257 b,7.16253867,43.86032017000002,1027.0,0.15280000000000005,0.0,6095.0,1.0,0.12004219
TOI-2570 b,13.641329509999998,260.61929374,1431.0,0.04145000000000021,0.0,5771.0,1.0,0.067331293
TOI-2583 A b,14.459585099999998,79.45710174999999,1456.0,0.05710000000000015,0.0,5936.0,2.0,0.06386964
TOI-2587 A b,12.07207221,69.28659273,1445.0,0.06350000000000033,0.0,5760.0,2.0,0.074804561
TOI-2589 b,12.10569916,1112.3994245,592.0,0.2999999999999998,0.522,5579.0,1.0,0.14819416
TOI-262 b,2.0699999999999994,4.939999999999998,584.0,0.16300000000000026,0.09,5310.0,1.0,0.31656581
TOI-2641 b,18.10250383,122.6817651,1387.0,0.060699999999999754,0.18,6100.0,1.0,0.052644392
TOI-2669 b,19.72780603,193.87532827,1226.0,0.5330566000000001,0.09,4800.0,1.0,0.047657316
TOI-269 b,2.7700000000000005,8.800000000000011,531.0,0.03450000000000042,0.425,3514.0,1.0,0.27671201
TOI-270 b,1.2800000000000002,1.4800000000000182,600.0,0.031970000000000276,0.0167,3506.0,1.0,0.36018559
TOI-270 c,2.33,6.199999999999989,489.0,0.045259999999999856,0.004400000000000001,3506.0,1.0,0.3605454
TOI-270 d,2.0,4.199999999999989,383.0,0.07209999999999983,0.006599999999999995,3506.0,1.0,0.5180918
TOI-277 b,2.65,7.509999999999991,587.92,0.026900000000000368,0.132,4031.0,1.0,0.24448543
TOI-2796 b,17.26183028,139.84449908,1205.0,0.05689999999999973,0.0,5764.0,1.0,0.056174088
TOI-2803 A b,18.113712810000003,309.88269682,1893.0,0.03185000000000038,0.0,6280.0,2.0,0.051367387
TOI-2818 b,15.277840689999998,225.65816897,1376.0,0.04929999999999968,0.0,5721.0,1.0,0.061191385
TOI-2842 b,12.84549188,117.59651058999998,1471.0,0.04750000000000032,0.0,5910.0,1.0,0.070794518
TOI-2977 b,13.15934334,533.95172376,1544.0,0.03385999999999978,0.0,5691.0,1.0,0.069074686
TOI-3023 b,16.43236571,197.05361234,1596.0,0.05050000000000043,0.0,5760.0,1.0,0.056592048
TOI-3082 b,3.6621,13.0,1032.78,0.164200000000001,0.24059999999999998,4263.0,1.0,0.19190592
TOI-3235 b,11.39953337,211.35589065,604.0,0.02709000000000028,0.028999999999999998,3388.8,1.0,0.12312205
TOI-332 b,3.2,57.19999999999999,1871.0,0.015900000000000247,0.0,5251.0,1.0,0.20228587
TOI-3331 A b,12.97999965,721.47048389,1488.0,0.03143999999999991,0.0,5609.0,2.0,0.070092099
TOI-3362 b,12.80065596,1598.3590588,688.0,0.15299999999999958,0.815,6532.0,1.0,0.072282522
TOI-3364 b,12.22899794,530.77343969,1264.0,0.0674999999999999,0.0,5706.0,1.0,0.075040222
TOI-3540 A b,23.53885947,375.03752026,1498.0,0.04288999999999987,0.0,5810.0,2.0,0.041121165
TOI-3629 b,8.29464572,82.63538582000001,690.0,0.04300000000000015,0.05,3870.0,1.0,0.12760873
TOI-3688 A b,13.08088048,311.47183886,1534.0,0.04560000000000031,0.0,5950.0,2.0,0.069468532
TOI-3693 b,12.59889431,324.18497514,801.0,0.0812999999999997,0.0,5321.0,1.0,0.086003123
TOI-3714 b,11.321070510000002,222.4798849,750.0,0.027000000000000135,0.03,3660.0,2.0,0.097229401
TOI-3757 b,12.0,85.30000000000001,759.0,0.038450000000000095,0.14,3913.0,1.0,0.091442969
TOI-3785 b,5.14,14.949999999999989,582.0,0.04300000000000015,0.11,3576.0,1.0,0.20215668
TOI-3807 b,18.49481816,330.54154328,1646.0,0.04209999999999958,0.0,5772.0,1.0,0.050777024
TOI-3819 b,13.13692538,352.78953177,1633.0,0.04610999999999965,0.0,5859.0,1.0,0.068955151
TOI-3884 b,6.43,32.59000000000003,441.0,0.03610000000000024,0.06,3180.0,1.0,0.25559292
TOI-3912 b,14.280241409999999,129.03833324,1512.0,0.046299999999999564,0.0,5725.0,1.0,0.064374738
TOI-3976 A b,12.27383387,55.619971229999976,1295.0,0.07430000000000003,0.0,5975.0,2.0,0.074563587
TOI-3984 A b,7.9,44.0,563.0,0.04100000000000037,0.23,3476.0,2.0,0.16836539
TOI-4010 b,3.02,11.0,1441.0,0.02289999999999992,0.03,4960.0,1.0,0.21030358
TOI-4010 c,5.93,20.310000000000002,907.0,0.05800000000000072,0.03,4960.0,1.0,0.14184258
TOI-4010 d,6.18,38.14999999999998,650.0,0.11300000000000043,0.07,4960.0,1.0,0.16324488
TOI-4010 e,13.3,692.0,174.0,1.5700000000000003,0.26,4960.0,1.0,0.20981189
TOI-4087 b,13.04725353,232.01473711,1458.0,0.04469000000000012,0.0,6060.0,1.0,0.069892308
TOI-411 b,1.362,13.70999999999998,1241.0,0.05726999999999993,0.126,6169.0,1.0,0.28744213
TOI-411 c,2.328,9.720000000000027,931.0,0.10170000000000101,0.16,6169.0,1.0,0.24690364
TOI-4127 b,12.07,743.71847238,556.0,0.30299999999999994,0.7484,6096.0,1.0,0.10368593
TOI-4137 b,13.57407563,457.67290608,1570.0,0.052220000000000155,0.0,6202.0,1.0,0.067152419
TOI-4145 A b,13.30506009,136.66621501,1074.0,0.04823000000000022,0.0,5281.0,2.0,0.07208073
TOI-4184 b,2.43,6.480000000000018,412.0,0.03360000000000074,0.1734,3238.0,1.0,0.45006606
TOI-4201 b,13.67495645,788.21444936,725.0,0.03999999999999915,0.041,3794.0,1.0,0.087496282
TOI-421 b,2.64,6.699999999999989,922.0,0.055399999999998784,0.13,5291.0,2.0,0.2300217
TOI-421 c,5.09,14.100000000000023,635.0,0.11699999999999999,0.19,5291.0,2.0,0.17762407
TOI-4308 b,2.4188999999999994,6.430000000000007,763.05,0.10987999999999953,0.05739999999999999,5243.0,1.0,0.25485625
TOI-431 b,1.2800000000000002,3.069999999999993,1862.0,0.01130000000000031,0.0,4850.0,1.0,0.28823903
TOI-431 c,1.4900000000000002,2.829999999999984,867.0,0.0519999999999996,0.0,4850.0,1.0,0.29297194
TOI-431 d,3.29,9.899999999999977,633.0,0.09799999999999986,0.0,4850.0,1.0,0.24062601
TOI-4329 b,16.81347105,143.02278315,2027.12,0.04403799999999958,0.068,6000.0,1.0,0.054828121
TOI-4342 b,2.3290000000000006,7.300000000000011,639.0,0.051899999999999835,0.0,3866.0,1.0,0.28836774
TOI-4342 c,2.349,4.800000000000011,514.0,0.08040000000000003,0.0,3866.0,1.0,0.33963825
TOI-4377 b,15.109705979999998,304.1617855,1162.08,0.05790000000000006,0.045,4974.0,1.0,0.060557857
TOI-4406 b,11.2089807,95.34852210000003,904.0,0.20099999999999962,0.15,6219.0,1.0,0.096636265
TOI-444 b,2.7700000000000005,8.100000000000023,609.0,0.133,0.015600000000000003,5225.0,1.0,0.27501344
TOI-4463 A b,13.26022417,252.35575516,1395.0,0.04035999999999973,0.0,5640.0,2.0,0.069184993
TOI-4479 b,2.82,8.350000000000023,861.0,0.01639999999999997,0.19,3400.0,1.0,0.23036116
TOI-451 b,1.8399999999999999,4.699999999999989,1474.0,0.02740000000000009,0.0,5490.0,2.0,0.26079353
TOI-451 c,2.93,3.6999999999999886,865.0,0.07950000000000035,0.0,5490.0,2.0,0.21854598
TOI-451 d,3.93,10.199999999999989,714.0,0.11679999999999957,0.0,5490.0,2.0,0.19987672
TOI-4515 b,12.17,637.0,705.0,0.11800000000000033,0.461,5433.0,1.0,0.095083692
TOI-4551 b,11.85910158,473.56432643,1655.0,0.09940000000000015,0.101,4896.0,1.0,0.076161645
TOI-4562 b,12.53,732.0,318.0,0.7679999999999998,0.7599999999999998,6096.0,1.0,0.24327995
TOI-4582 b,10.53644186,168.44905571,614.66,0.3569800000000001,0.51,5190.0,1.0,0.092839067
TOI-4600 b,6.8,959.84178914,347.0,0.3490000000000002,0.25,5170.0,1.0,0.3412045
TOI-4600 c,9.42,2946.26933289,191.0,1.1520000000000001,0.21,5170.0,1.0,0.32390108
TOI-4603 b,11.67975789,4096.80816623,1677.0,0.08879999999999999,0.325,6264.0,1.0,0.076269373
TOI-4641 b,8.18255591,1229.99593509,950.11,0.17300000000000004,0.074,6560.0,1.0,0.10892271
TOI-470 b,4.34,17.399999999999977,660.0,0.11899999999999977,0.038,5190.0,1.0,0.20313192
TOI-4791 b,12.441968579999998,734.18362017,1472.0,0.05550000000000033,0.0,6058.0,1.0,0.072789188
TOI-481 b,11.09691,486.2799,1370.0,0.09700000000000042,0.153,5735.0,1.0,0.082638
TOI-4860 b,8.7,86.69999999999999,694.0,0.018080000000000318,0.008000000000000007,3260.0,1.0,0.12125119
TOI-500 b,1.1659999999999995,1.420000000000016,1617.0,0.011890000000000178,0.063,4440.0,1.0,0.29181607
TOI-500 c,2.09,5.029999999999973,546.8000000000001,0.08176000000000005,0.072,4440.0,1.0,0.27567191
TOI-500 d,6.35,33.120000000000005,1169.8600000000001,0.05793940000000042,0.016,4440.0,1.0,0.24457751
TOI-500 e,3.99,15.050000000000011,884.17,0.04398400000000002,0.073,4440.0,1.0,0.46972008
TOI-5126 b,4.74,20.19999999999999,1442.0,0.0651900000000003,0.0,6150.0,1.0,0.15856141
TOI-5126 c,3.8600000000000003,14.199999999999989,971.0,0.14390000000000036,0.0,6150.0,1.0,0.19205525
TOI-5153 b,11.88151954,1036.12060682,906.0,0.15800000000000036,0.091,6300.0,1.0,0.083483332
TOI-5174 b,5.351,24.80000000000001,808.37,0.1557599999999999,0.17900000000000002,5643.77,1.0,0.15420619
TOI-519 b,11.54525012,147.15455244,687.0,0.015900000000000247,0.33,3322.0,1.0,0.094167266
TOI-5205 b,11.6,343.0,737.0,0.019899999999999807,0.020000000000000004,3430.0,1.0,0.097401838
TOI-5238 b,5.22,23.69999999999999,1042.0,0.14951200000000053,0.179,5631.0,1.0,0.14939572
TOI-5293 A b,11.9,170.4,675.0,0.03399999999999981,0.38,3586.0,2.0,0.10063969
TOI-530 b,9.30345398,127.1313628,565.0,0.0519999999999996,0.0,3659.0,1.0,0.14820347
TOI-532 b,5.82,61.5,867.0,0.029600000000000293,0.0,3927.0,1.0,0.14653403
TOI-5344 b,10.60369574,130.94530368,689.0,0.04040999999999961,0.054,3747.0,1.0,0.11007367
TOI-5398 b,10.3,58.69999999999999,947.0,0.09799999999999986,0.13,6000.0,1.0,0.092071678
TOI-5398 c,3.52,11.800000000000011,1242.0,0.057000000000000384,0.14,6000.0,1.0,0.19344871
TOI-540 b,0.9029999999999996,0.6739999999999782,611.0,0.012229999999999741,0.0,3216.0,1.0,0.35050419
TOI-544 b,2.018,2.8899999999999864,999.0,0.022499999999999964,0.0,4169.0,1.0,0.25911503
TOI-544 c,4.92,21.5,693.564,0.31808000000000014,0.32000000000000006,4169.0,1.0,0.43866497
TOI-5542 b,11.30986153,419.53349724,441.0,0.33199999999999985,0.018000000000000002,5700.0,1.0,0.087987532
TOI-558 b,12.17295304,1147.36054927,1061.0,0.12910000000000021,0.298,6466.0,1.0,0.077638483
TOI-559 b,12.22899794,1910.14872607,1180.0,0.07230000000000025,0.151,5925.0,1.0,0.075795054
TOI-561 b,1.3970000000000002,2.019999999999982,2319.0,0.010640000000000427,0.0,5342.0,1.0,0.28240928
TOI-561 c,2.865,5.930000000000007,802.0,0.08889999999999976,0.023,5342.0,1.0,0.23132588
TOI-561 d,2.615,13.329999999999984,600.0,0.15869999999999962,0.111,5342.0,1.0,0.27291757
TOI-561 e,2.517,12.399999999999977,415.99999999999994,0.33000000000000007,0.074,5342.0,1.0,0.43738613
TOI-564 b,11.43318,464.98529,1714.0,0.027339999999999698,0.072,5640.0,1.0,0.077668164
TOI-5678 b,4.91,20.0,513.0,0.24899999999999967,0.14,5485.0,1.0,0.24018819
TOI-5704 b,3.2274,10.5,949.07,0.17822599999999955,0.18519999999999998,4590.0,1.0,0.21059159
TOI-5803 b,3.2732,10.699999999999989,678.87,0.20313800000000004,0.10099999999999999,5134.0,1.0,0.21024328
TOI-615 b,18.97680433,138.25535705,1666.0,0.06780000000000008,0.39,6850.0,1.0,0.049497961
TOI-620 b,3.76,13.600000000000023,603.6,0.04825000000000035,0.22,3708.0,1.0,0.23368884
TOI-622 b,9.2362001,96.30200732,1388.0,0.0708000000000002,0.42,6400.0,1.0,0.094100308
TOI-628 b,11.88154,2011.8639,1586.0,0.04860000000000042,0.072,6250.0,1.0,0.075392804
TOI-640 b,19.2794468,181.16219199,1816.0,0.06608000000000036,0.012999999999999998,6460.0,1.0,0.047421996
TOI-672 b,5.31,50.89999999999998,699.5,0.0376000000000003,0.0,3810.0,1.0,0.17809463
TOI-674 b,5.25,23.600000000000023,635.0,0.025000000000000355,0.0,3514.0,1.0,0.17395572
TOI-677 b,13.11450742,392.20025424,1252.0,0.10409999999999986,0.45999999999999996,6295.0,1.0,0.073191265
TOI-700 b,0.9139999999999997,0.7040000000000077,416.99999999999994,0.06770000000000032,0.075,3459.0,1.0,0.52704018
TOI-700 c,2.6,7.269999999999982,356.0,0.0929000000000002,0.068,3459.0,1.0,0.55093562
TOI-700 d,1.0729999999999995,1.25,268.79999999999995,0.16329999999999956,0.042,3459.0,1.0,0.94117592
TOI-700 e,0.9530000000000003,0.8179999999999836,272.9,0.13400000000000034,0.059,3459.0,1.0,0.91203186
TOI-712 b,2.0490000000000004,4.850000000000023,650.0,0.0792799999999998,0.54,4622.0,1.0,0.28887835
TOI-712 c,2.7010000000000005,7.759999999999991,369.9,0.24469999999999992,0.089,4622.0,1.0,0.5111131
TOI-712 d,2.474,6.680000000000007,313.6,0.34050000000000047,0.073,4622.0,1.0,0.65669073
TOI-715 b,1.5499999999999998,3.019999999999982,234.0,0.08300000000000018,0.1706,3075.0,1.0,0.80676025
TOI-733 b,1.992,5.720000000000027,1055.8,0.061799999999999855,0.046,5585.0,1.0,0.26125275
TOI-763 b,2.2800000000000002,9.79000000000002,1038.0,0.05999999999999961,0.04,5450.0,1.0,0.2476747
TOI-763 c,2.6300000000000003,9.319999999999993,800.0,0.10109999999999975,0.04,5450.0,1.0,0.24334499
TOI-776 b,1.798,5.0,520.0,0.06529999999999969,0.052,3725.0,1.0,0.36934369
TOI-776 c,2.047,6.899999999999977,420.0,0.1001000000000003,0.089,3725.0,1.0,0.47504892
TOI-778 b,15.399999999999999,878.0,1561.0,0.05999999999999961,0.21,6643.0,1.0,0.059647418
TOI-784 b,1.9300000000000002,9.670000000000016,1256.0,0.038000000000000256,0.0,5558.0,1.0,0.26113582
TOI-813 b,6.71,36.39999999999998,610.0,0.42300000000000004,0.0,5907.0,1.0,0.16624278
TOI-824 b,2.926,18.466999999999985,1253.0,0.021770000000000067,0.18200000000000002,4600.0,1.0,0.21546541
TOI-833 b,1.2700000000000005,2.1499999999999773,1118.0,0.017100000000000115,0.14,3920.0,1.0,0.29319093
TOI-836 b,1.7039999999999997,4.529999999999973,871.0,0.04220000000000024,0.053,4552.0,1.0,0.28643901
TOI-837 b,9.16894621,120.45696625,995.3,0.08879999999999999,0.0,5995.0,1.0,0.1048012
TOI-849 b,3.6399999999999997,41.80000000000001,1932.0,0.015500000000000291,0.0,5257.0,1.0,0.1935372
TOI-858 B b,14.067270779999998,349.6112477,1529.0,0.04434999999999967,0.15,5842.0,2.0,0.065172644
TOI-892 b,11.99363,301.9385,1397.0,0.09199999999999964,0.125,6261.0,1.0,0.07710188
TOI-904 b,2.426,6.4599999999999795,429.43000000000006,0.05600000000000005,0.02219999999999999,3770.2,1.0,0.30893295
TOI-904 c,2.167,5.339999999999975,217.26,0.3120000000000003,0.128,3770.2,1.0,0.65860318
TOI-905 b,13.125739,211.99261,1192.0,0.046660000000000146,0.024,5570.0,1.0,0.071286988
TOI-908 b,3.186,16.137,1317.0,0.04165699999999983,0.132,5626.0,1.0,0.20464016
TOI-913 b,2.4528,6.589999999999975,712.01,0.09947999999999979,0.072,4969.0,1.0,0.26843716
TOI-942 b,3.8899999999999997,16.0,1120.0,0.048659999999999926,0.34,4969.0,1.0,0.18479103
TOI-942 c,4.67,37.0,703.4,0.08598000000000017,0.32000000000000006,4969.0,1.0,0.17631208
TOI-954 b,9.550068,55.302419999999984,1526.0,0.04962999999999962,0.14,5710.0,1.0,0.090618599
TOI-969 b,2.765,9.100000000000023,941.0,0.026360000000000383,0.030400000000000003,4435.0,1.0,0.22349116
TOI-969 c,12.399999999999999,3591.4609991,96.39999999999998,2.52,0.6280000000000001,4435.0,1.0,0.11271063
TRAPPIST-1 b,1.1160000000000005,1.3740000000000236,397.6,0.011540000000000106,0.006220000000000003,2566.0000000000005,1.0,0.56548578
TRAPPIST-1 c,1.0970000000000004,1.3079999999999927,339.70000000000005,0.015799999999999592,0.006540000000000004,2566.0000000000005,1.0,0.73055616
TRAPPIST-1 d,0.7880000000000003,0.3879999999999768,286.20000000000005,0.02226999999999979,0.008370000000000002,2566.0000000000005,1.0,0.90766241
TRAPPIST-1 e,0.9199999999999999,0.6920000000000073,249.70000000000005,0.02925000000000022,0.005099999999999993,2566.0000000000005,1.0,0.84549451
TRAPPIST-1 f,1.045,1.0389999999999873,217.70000000000005,0.03849000000000036,0.010069999999999996,2566.0000000000005,1.0,0.67711241
TRAPPIST-1 g,1.1290000000000004,1.3210000000000264,197.29999999999995,0.04682999999999993,0.0020799999999999985,2566.0000000000005,1.0,0.57566382
TRAPPIST-1 h,0.7549999999999999,0.32600000000002183,171.70000000000005,0.06189,0.0056699999999999945,2566.0000000000005,1.0,0.46227141
TYC 0434-04538-1 b,12.7,1938.763,667.086,0.6600000000000001,0.08,4679.0,1.0,0.079975992
TYC 1422-614-1 b,13.3,794.5,1211.1660000000002,0.6899999999999995,0.06,4806.0,1.0,0.089390081
TYC 1422-614-1 c,12.5,3178.0,774.366,1.37,0.048,4806.0,1.0,0.15133872
TYC 2187-512-1 b,12.5,104.88337431,624.16,1.2199999999999998,0.05,3734.0,1.0,0.10007037
TYC 3318-01333-1 b,13.1,1086.9786,1035.586,1.4139999999999997,0.098,4776.0,1.0,0.17930592
TYC 3667-1280-1 b,12.8,1716.282,1350.0,0.20999999999999996,0.036,5130.0,1.0,0.071607039
TYC 4282-00605-1 b,12.399999999999999,3426.2074,459.56600000000003,0.4219999999999997,0.28,4300.0,1.0,0.073881397
TYC 8998-760-1 b,12.1,6928.6592726,1467.966,146.0,0.44000000000000006,4573.0,1.0,0.072155412
TYC 8998-760-1 c,12.3299,1906.98,1240.0,320.0,0.18180000000000002,4573.0,1.0,0.071986154
Teegarden's Star b,1.0499999999999998,1.160000000000025,277.0,0.025900000000000922,0.03,3034.0,1.0,0.96836238
Teegarden's Star c,1.0200000000000005,1.0500000000000114,209.0,0.04549999999999965,0.04,3034.0,1.0,0.65900478
Teegarden's Star d,0.9539999999999997,0.8199999999999932,159.0,0.07910000000000039,0.07,3034.0,1.0,0.43941754
TrES-1 b,12.66617,266.9772,1140.0,0.03925000000000001,0.0,5230.0,2.0,0.073589565
TrES-2 b,15.244239999999998,473.5667,1466.0,0.035680000000000156,0.0,5850.0,2.0,0.060778902
TrES-3 b,14.974999999999998,607.03,1638.0,0.022820000000000285,0.0,5650.0,1.0,0.061395638
TrES-4 b,18.04649,247.9074,1778.0,0.050839999999999996,0.0,6200.0,2.0,0.051562375
TrES-5 b,13.383545999999999,568.9157,1480.0,0.024589999999999,0.0,5171.0,1.0,0.068355641
USco CTIO 108 b,12.3,4449.62,1669.366,670.0,0.3442,2700.0,1.0,0.072136625
USco1556 b,12.3,4767.45,2240.0,3500.0,0.22440000000000002,3410.0,1.0,0.072136605
USco1621 b,12.2,5085.28,2270.0,2880.0,0.22440000000000002,3460.0,1.0,0.072657983
V0391 Peg b,13.1,1017.056,2627.0,1.7000000000000002,0.0,29300.000000000004,1.0,0.16689287
V1298 Tau b,9.41,13.100000000000023,666.0,0.16850000000000076,0.007900000000000004,4970.0,3.0,0.11439136
V1298 Tau c,5.08,4.699999999999989,953.0,0.08239999999999892,0.009400000000000006,4970.0,3.0,0.14568271
V1298 Tau d,6.53,6.0,831.0,0.10810000000000031,0.0087,4970.0,3.0,0.13798499
V1298 Tau e,10.17,15.300000000000011,527.0,0.26890000000000036,0.012400000000000001,4970.0,3.0,0.17767821
V830 Tau b,14.0,222.481,861.04,0.057000000000000384,0.0,4250.0,1.0,0.067165707
VHS J125601.92-125723.9 b,13.67495645,5085.254512,1194.0,350.0,0.6800000000000002,2620.0,2.0,0.065654926
WASP-1 b,16.623,271.415,1812.0,0.03889000000000031,0.0,6110.0,2.0,0.055618114
WASP-10 b,12.106,1001.12,1370.0,0.03781000000000034,0.0473,4675.0,1.0,0.079821269
WASP-100 b,14.907969999999999,400.4658,2190.0,0.045740000000000336,0.0,6900.0,2.0,0.061137107
WASP-101 b,16.02887,162.0933,1560.0,0.05056999999999956,0.0,6380.0,1.0,0.057920481
WASP-103 b,17.127,473.547,2508.0,0.019849999999999923,0.0,6110.0,1.0,0.053716203
WASP-104 b,12.745000000000001,404.263,1516.0,0.029180000000000206,0.0,5475.0,2.0,0.071319152
WASP-105 b,10.76064,572.094,900.0,0.07500000000000018,0.0,5070.0,1.0,0.087499908
WASP-106 b,12.10569916,613.40882551,1140.0,0.09009999999999874,0.023,6002.0,1.0,0.080352335
WASP-107 b,10.53646,30.51152707,736.0,0.054999999999999716,0.09,4425.0,1.0,0.10670725
WASP-107 c,13.0,111.23994245,1088.766,0.7218999999999998,0.27,4425.0,1.0,0.10978777
WASP-11 b,12.44199,251.0857,992.0,0.04349999999999987,0.0,4800.0,3.0,0.073441199
WASP-110 b,13.19297028,154.78243421,1158.0,0.3154400000000006,0.0,5392.0,1.0,0.068723018
WASP-113 b,15.793481,150.96925,1496.0,0.058849999999999625,0.0,5890.0,1.0,0.058783721
WASP-114 b,15.008851,562.24127,2043.0,0.028509999999999813,0.011999999999999997,5940.0,2.0,0.060787856
WASP-117 b,11.88154,95.34899999999999,1001.0,0.09459000000000017,0.3,6040.0,1.0,0.079241946
WASP-118 b,16.14096,163.36462,1729.0,0.054529999999999745,0.0,6410.0,1.0,0.057224671
WASP-119 b,15.692599999999999,390.9309,1600.0,0.03629999999999978,0.058,5650.0,1.0,0.059171747
WASP-12 b,22.02564708,467.2101,2601.0,0.023399999999999643,0.0447,6265.0,3.0,0.043158281
WASP-120 b,15.58048317,1541.4755,1749.0,0.05140000000000011,0.057,6450.0,1.0,0.055968876
WASP-121 b,19.526044380000002,371.85923619,2409.0,0.02571000000000012,0.0,6628.0,1.0,0.047357482
WASP-123 b,15.13212395,285.72917,1500.0,0.042629999999999946,0.0,5740.0,2.0,0.062586936
WASP-124 b,13.899159999999998,190.698,1400.0,0.04490000000000016,0.017,6050.0,1.0,0.066233363
WASP-126 b,10.51358773,90.30000000000001,1480.0,0.04490000000000016,0.18,5800.0,1.0,0.08476727
WASP-126 c,9.38,64.19999999999999,1057.752,0.5759799999999995,0.05,5800.0,1.0,0.096215899
WASP-127 b,14.694999,52.34660100000002,1400.0,0.0484,0.0,5620.0,2.0,0.062868978
WASP-129 b,10.42437,317.83,1100.0,0.06280000000000019,0.096,5900.0,2.0,0.086640909
WASP-13 b,13.674979999999998,114.4188,1531.0,0.053620000000000445,0.0,5950.0,1.0,0.066780801
WASP-130 b,9.97601,390.9309,833.0,0.1012000000000004,0.0,5625.0,1.0,0.098437662
WASP-131 b,13.74221034,86.76715510999998,1460.0,0.06080000000000041,0.0,5990.0,1.0,0.066816891
WASP-132 b,10.09929161,136.0305582,682.0,0.06740000000000013,0.016299999999999995,4686.0,1.0,0.10490419
WASP-132 c,1.8410000000000006,6.259999999999991,1329.0,0.018329999999999735,0.0,4686.0,1.0,0.26387166
WASP-133 b,13.56289,368.6828,1790.0,0.03450000000000042,0.16999999999999998,5700.0,1.0,0.066760969
WASP-135 b,14.5717,603.877,1403.66,0.02430000000000021,0.0,5675.0,1.0,0.063348155
WASP-136 b,16.81347105,479.92089457,1630.0,0.0660999999999996,0.0,6250.0,1.0,0.059460104
WASP-138 b,12.21781,387.7526,1590.0,0.04940000000000033,0.0,6272.0,1.0,0.073528772
WASP-139 b,8.9672,37.186109999999985,910.0,0.06200000000000028,0.0,5310.0,2.0,0.10404129
WASP-14 b,15.468419999999998,2809.6172,1872.0,0.03699999999999992,0.09,6475.0,3.0,0.059304533
WASP-140 b,14.235405489999998,775.5052,1270.0,0.03229999999999933,0.047,5300.0,2.0,0.058701508
WASP-141 b,13.56289,854.9627,1540.0,0.04689999999999994,0.0,5900.0,1.0,0.067277888
WASP-142 b,17.14977,266.9772,2000.0,0.03469999999999995,0.0,6010.0,1.0,0.053881703
WASP-144 b,9.52765,139.8452,1260.0,0.03160000000000007,0.0,5200.0,1.0,0.091488053
WASP-145 A b,10.0881,282.8687,1200.0,0.026099999999999568,0.0,4900.0,2.0,0.089311137
WASP-147 b,12.498034999999998,87.40325000000001,1404.0,0.05489999999999995,0.0,5702.0,1.0,0.072797886
WASP-148 b,8.47398941,91.21675281,940.0,0.08215000000000039,0.208,5555.0,1.0,0.10931346
WASP-148 c,13.899999999999999,124.58873554000002,590.0,0.2043999999999997,0.1809,5555.0,1.0,0.12056839
WASP-15 b,15.80469,171.6282,1676.0,0.05165000000000042,0.0,6300.0,1.0,0.058540397
WASP-150 b,11.99363,2688.8418,1460.0,0.0693999999999999,0.37750000000000006,6218.0,1.0,0.07508595
WASP-151 b,13.30506009,100.43377661,1312.0,0.054999999999999716,0.0,5871.0,1.0,0.069597747
WASP-153 b,17.37395,123.9537,1700.0,0.04800000000000004,0.008999999999999994,5914.0,1.0,0.053702234
WASP-156 b,6.02802815,41.80000000000001,934.5,0.04579999999999984,0.0,4987.0,1.0,0.14237201
WASP-157 b,11.19,182.43442,1193.0,0.049900000000000055,0.0,5772.0,1.0,0.080622058
WASP-158 b,11.99363,886.7457,1590.0,0.0517000000000003,0.0,6350.0,1.0,0.074703752
WASP-159 b,15.468419999999998,174.8065,1850.0,0.05379999999999985,0.0,6120.0,1.0,0.059407897
WASP-16 b,13.674979999999998,394.1092,1389.0,0.04150000000000009,0.0,5700.0,1.0,0.067451909
WASP-160 B b,12.21781,88.35674,1119.0,0.04520000000000035,0.0,5298.0,2.0,0.077117409
WASP-161 b,12.811886999999999,791.3967,1557.0,0.06730000000000036,0.055999999999999994,6400.0,1.0,0.070675382
WASP-162 b,11.209,1652.716,910.0,0.0871000000000004,0.434,5300.0,1.0,0.084752996
WASP-163 b,13.473218,594.3421,1638.0,0.02660000000000018,0.30532000000000004,5500.0,1.0,0.067435408
WASP-164 b,12.643752,676.9779,1610.0,0.028179999999999872,0.0,5806.0,1.0,0.071393956
WASP-165 b,14.123339999999999,209.13214,1624.0,0.04823000000000022,0.0,5599.0,1.0,0.064712603
WASP-166 b,7.06167,32.10082999999997,1270.0,0.06409999999999982,0.0,6050.0,1.0,0.11771372
WASP-167 b,17.71022,2542.64,2329.0,0.0365000000000002,0.12672,7000.0,1.0,0.052117703
WASP-168 b,16.813500000000005,133.4886,1340.0,0.051899999999999835,0.0,6000.0,2.0,0.05645609
WASP-169 b,14.616536,178.30263,1604.0,0.06810000000000027,0.0,6110.0,1.0,0.0626477
WASP-17 b,20.96083,247.9074,1755.0,0.05149999999999988,0.0,6550.0,1.0,0.045125721
WASP-170 b,12.285064,508.528,1422.0,0.03369999999999962,0.24311999999999998,5600.0,1.0,0.073802519
WASP-171 b,10.98482,344.52772,1642.0,0.05039999999999978,0.0,5965.0,1.0,0.0802346
WASP-172 b,17.59813,149.3801,1740.0,0.0693999999999999,0.0,6900.0,1.0,0.052833875
WASP-173 A b,13.4508,1172.7927,1880.0,0.024799999999999933,0.0,5800.0,2.0,0.067174568
WASP-174 b,16.10730527,104.88337431,1528.0,0.055030000000000356,0.0,6399.0,1.0,0.057817199
WASP-175 b,13.540471999999998,314.6517,1571.0,0.044030000000000236,0.0,6229.0,1.0,0.066576873
WASP-176 b,16.869545,271.74465,1721.0,0.05349999999999966,0.0,5941.0,1.0,0.055032959
WASP-177 b,17.71022,161.45764,1142.0,0.03957000000000033,0.0326,5017.0,1.0,0.056179588
WASP-178 b,20.28829,527.5978,2470.0,0.05579999999999963,0.0,9360.0,1.0,0.046016687
WASP-18 b,13.89913607,3241.8497514,2429.0,0.020240000000000258,0.005099999999999993,6432.0,2.0,0.064870665
WASP-18 c,8.58,55.19999999999999,600.9300000000001,0.03500000000000014,0.015,6400.0,2.0,0.098883669
WASP-180 A b,13.899159999999998,286.047,1540.0,0.04800000000000004,0.0,6600.0,2.0,0.065898031
WASP-181 b,13.271456,95.03117000000003,1186.0,0.05426999999999982,0.0962,5839.0,1.0,0.070246573
WASP-182 b,9.52765,47.03883999999999,1479.0,0.045099999999999696,0.0,5638.0,1.0,0.091575149
WASP-183 b,16.47723,159.55066,1111.0,0.046319999999999695,0.013000000000000005,5313.0,1.0,0.059140655
WASP-184 b,14.907969999999999,181.1631,1480.0,0.06270000000000042,0.0,6000.0,1.0,0.062073733
WASP-185 b,14.01125,311.4734,1160.0,0.09039999999999981,0.24,5900.0,1.0,0.067512295
WASP-186 b,12.44199,1341.2426,1378.4,0.05999999999999961,0.33,6361.0,1.0,0.072564423
WASP-187 b,18.38276,254.264,1760.0,0.06529999999999969,0.0,6150.0,1.0,0.050673473
WASP-189 b,18.14733975,632.47852993,3353.0,0.050530000000000186,0.0,8000.0,1.0,0.05093671
WASP-19 b,15.860707689999998,366.77398168,2113.0,0.016519999999999868,0.012600000000000007,5616.0,1.0,0.057760215
WASP-190 b,12.890349999999998,317.83,1500.0,0.06630000000000003,0.0,6400.0,1.0,0.070166578
WASP-192 b,13.78707,731.009,1620.0,0.04079999999999995,0.0,5910.0,1.0,0.066106718
WASP-193 b,14.78464554,35.59678157999997,1250.0,0.06679999999999975,0.081,6080.0,2.0,0.058251798
WASP-2 b,12.116929,295.89973,1311.0,0.03143999999999991,0.005400000000000002,5180.0,2.0,0.075282548
WASP-20 b,15.468393369999998,98.84100000000001,1362.0,0.05998999999999999,0.0,5940.0,2.0,0.057504479
WASP-21 b,11.99,95.34499999999997,1333.0,0.0519999999999996,0.0,5800.0,1.0,0.075224591
WASP-22 b,13.78707,212.9461,1502.0,0.04699999999999971,0.020000000000000004,6000.0,1.0,0.066519172
WASP-23 b,10.783,280.95,1076.55,0.0376000000000003,0.062,5150.0,1.0,0.084581542
WASP-24 b,15.468419999999998,394.1092,1772.0,0.03650999999999982,0.0,6075.0,3.0,0.059423299
WASP-25 b,13.809464219999999,179.25522155,1217.0,0.0472999999999999,0.0,5697.0,1.0,0.077098555
WASP-26 b,13.56289,270.1555,1650.0,0.03999999999999915,0.0,6034.0,2.0,0.067022945
WASP-28 b,13.66374747,282.54945382,1456.0,0.04420000000000002,0.0,6084.0,1.0,0.067179582
WASP-29 b,8.63093,73.10090000000002,970.0,0.045700000000000074,0.03,4800.0,1.0,0.1055127
WASP-3 b,15.91678,772.3269,2020.0,0.031500000000000306,0.0,6400.0,3.0,0.057644351
WASP-31 b,17.363,151.916,1423.7,0.04659000000000013,0.0,6302.0,1.0,0.053946189
WASP-32 b,10.76064,835.8929,1388.0,0.03939999999999966,0.0,6140.0,1.0,0.082166304
WASP-33 b,17.855937,665.21819,2781.7,0.023900000000000254,0.0,7430.0,2.0,0.051641016
WASP-34 b,11.209,177.9848,1250.0,0.052400000000000446,0.04,5700.0,1.0,0.080971684
WASP-35 b,14.5717,225.6593,1338.29,0.04316999999999993,0.0,5990.0,1.0,0.063440399
WASP-36 b,14.874343,750.39663,1733.0,0.02676999999999996,0.0,5959.0,2.0,0.061641258
WASP-37 b,13.002,572.07,1232.5,0.04459999999999997,0.0,5800.0,1.0,0.070911003
WASP-38 b,13.78707,1093.3352,1250.0,0.07521999999999984,0.03,6180.0,1.0,0.067303364
WASP-39 b,14.336310999999998,89.31022999999999,1166.0,0.0482800000000001,0.0,5485.0,1.0,0.066706361
WASP-4 b,15.12091496,381.3940884,1653.0,0.02261000000000024,0.005299999999999999,5436.0,1.0,0.0619499
WASP-41 b,12.3299,270.1555,1244.0,0.0402199999999997,0.0,5545.0,1.0,0.074702869
WASP-41 c,13.1,1010.6994,241.0,1.0700000000000003,0.294,5545.0,1.0,0.36528976
WASP-42 b,12.576498,167.49641,1021.0,0.05609999999999982,0.062,5315.0,1.0,0.078418033
WASP-43 b,10.424,565.714,1426.7,0.014199999999999768,0.0,4400.0,1.0,0.084813323
WASP-44 b,12.3299,276.5121,1337.0,0.03453000000000017,0.0,5420.0,1.0,0.073998485
WASP-45 b,10.603714,306.38812,1153.0,0.03962999999999983,0.0,5150.0,2.0,0.085810718
WASP-46 b,13.159366,607.0553,1636.0,0.02334999999999976,0.0,5600.0,1.0,0.06870114
WASP-47 b,12.86,374.0,1275.0,0.0519999999999996,0.0006000000000000033,5565.0,1.0,0.073110827
WASP-47 c,12.7760342,447.0,247.0,1.3930000000000007,0.264,5565.0,1.0,0.36039861
WASP-47 d,3.6499999999999995,15.5,885.0,0.08500000000000085,0.0010000000000000009,5565.0,1.0,0.19705539
WASP-47 e,1.83,9.0,1992.0,0.01672999999999991,0.0,5565.0,1.0,0.26455436
WASP-48 b,16.813500000000005,254.264,2035.0,0.034440000000000026,0.0,5920.0,1.0,0.054797605
WASP-49 b,12.44199,117.59710000000001,1400.0,0.0378999999999996,0.0,5600.0,2.0,0.073152527
WASP-5 b,12.183999999999997,502.15,1706.0,0.026699999999999946,0.038,5700.0,1.0,0.073399944
WASP-50 b,13.069694000000002,466.828704,1394.84,0.029300000000000104,0.008999999999999994,5400.0,1.0,0.069809124
WASP-52 b,14.239999999999998,146.2,1315.0,0.02719999999999967,0.0,5000.0,1.0,0.065096042
WASP-53 b,12.038466,677.61356,1053.0,0.04100999999999999,0.03,4953.0,1.0,0.078751612
WASP-53 c,12.4588,5196.5205,1437.766,3.73,0.8369,4953.0,1.0,0.11856437
WASP-54 b,17.71022,187.5197,1759.0,0.049879999999999924,0.07,6100.0,2.0,0.052635495
WASP-55 b,14.72860064,186.2474465,1342.0,0.05579999999999963,0.0,6096.0,2.0,0.063026218
WASP-56 b,10.53646,143.0235,1216.0,0.05614000000000008,0.0,5600.0,2.0,0.085281235
WASP-57 b,11.769449999999999,204.68252,1338.0,0.03768999999999956,0.0,5600.0,1.0,0.076541144
WASP-58 b,16.02887,308.2951,1270.0,0.056199999999999584,0.0,5800.0,2.0,0.059203025
WASP-59 b,8.687,274.276,670.0,0.0697000000000001,0.1,4650.0,1.0,0.1292804
WASP-6 b,12.5428494,148.42586607,1167.0,0.0421699999999996,0.054,5438.0,1.0,0.080058261
WASP-60 b,9.86392,174.8065,1479.0,0.055480000000000196,0.0,5900.0,1.0,0.088907336
WASP-61 b,15.80469,851.7844,1624.4,0.05210000000000026,0.0,6250.0,1.0,0.058706461
WASP-62 b,14.79588,165.2716,1475.3,0.05710000000000015,0.0,6230.0,1.0,0.06273261
WASP-63 b,15.80469,117.59710000000001,1469.91,0.05740000000000034,0.0,5550.0,1.0,0.058866766
WASP-64 b,14.247,403.945,1689.0,0.02648000000000028,0.0,5400.0,2.0,0.064074378
WASP-65 b,12.464,492.62,1480.0,0.03340000000000032,0.0,5600.0,1.0,0.072354304
WASP-66 b,15.692599999999999,746.9005,1569.7,0.05459999999999976,0.0,6600.0,1.0,0.058727932
WASP-67 b,12.890349999999998,136.6669,1003.0,0.05179000000000045,0.0,5200.0,1.0,0.07483415
WASP-68 b,14.79588,343.2564,1490.0,0.06205999999999978,0.0,5910.0,2.0,0.062450515
WASP-69 b,11.21,82.57999999999998,971.0,0.04530000000000012,0.0,4792.0,1.0,0.077831461
WASP-7 b,14.907969999999999,305.1168,1487.0,0.06170000000000009,0.034,6400.0,1.0,0.061930023
WASP-70 A b,13.047,187.512,1387.0,0.048530000000000406,0.0,5763.0,2.0,0.070202469
WASP-71 b,13.22662,441.7837,2016.1,0.04600000000000026,0.0,6050.0,1.0,0.068026371
WASP-72 b,14.459609999999998,731.009,2210.0,0.0371100000000002,0.0,6250.0,1.0,0.062726337
WASP-73 b,15.91678,908.9938,1790.0,0.055119999999999614,0.0,6030.0,1.0,0.057773416
WASP-74 b,15.244239999999998,228.8376,1865.0,0.034430000000000405,0.0,5990.0,1.0,0.060045648
WASP-75 b,14.235,340.06,1710.0,0.037499999999999645,0.0,6100.0,2.0,0.064080469
WASP-76 b,20.78145022,284.13859586,2228.0,0.03300000000000036,0.0,6329.0,2.0,0.045586607
WASP-77 A b,13.559999999999999,529.31142902,1674.0,0.023233633000000253,0.01353,5617.0,2.0,0.065961751
WASP-78 b,21.63337,352.7913,2469.7,0.034879999999999356,0.0,6100.0,1.0,0.043382005
WASP-79 b,17.14974047,270.15414595,1716.2,0.051899999999999835,0.0,6600.0,1.0,0.054107863
WASP-8 b,12.66617,807.2882,1059.0,0.08009999999999984,0.31,5600.0,2.0,0.07771493
WASP-8 c,12.5,3003.37,1765.1999999999998,5.28,0.0,5690.0,2.0,0.10344184
WASP-80 b,11.197791,170.99254,825.0,0.034399999999999764,0.0020000000000000018,4143.0,1.0,0.092150701
WASP-81 b,16.017661,231.69807,1623.0,0.039080000000000226,0.066,5870.0,1.0,0.057844844
WASP-82 b,18.15858,371.8611,2190.0,0.04469999999999974,0.0,6480.0,1.0,0.051096828
WASP-83 b,11.65736,95.34899999999999,1120.0,0.05900000000000016,0.0,5510.0,1.0,0.079827062
WASP-84 b,10.72,220.0,732.0,0.07779999999999987,0.0,5280.0,1.0,0.094991063
WASP-84 c,1.9500000000000002,15.199999999999989,1329.0,0.023590000000000444,0.10800000000000001,5280.0,1.0,0.25871317
WASP-85 A b,13.899159999999998,402.05495,1452.0,0.0389999999999997,0.0,6112.0,2.0,0.066617385
WASP-87 b,15.524465,692.8694,2049.54,0.029460000000000264,0.0,6450.0,2.0,0.058838513
WASP-88 b,16.36514,133.4886,1772.0,0.06430999999999987,0.0,6430.0,1.0,0.05665537
WASP-89 b,11.65736,1875.197,1120.0,0.04269999999999996,0.193,5130.0,1.0,0.07986484
WASP-90 b,18.270670000000003,200.2329,1840.0,0.056199999999999584,0.0,6430.0,1.0,0.051251405
WASP-91 b,11.54527,425.8922,1160.0,0.03699999999999992,0.0,4920.0,1.0,0.079830325
WASP-92 b,16.376349,255.85315,1871.0,0.03479999999999972,0.0,6280.0,1.0,0.056475416
WASP-93 b,17.900773,467.2101,1942.0,0.04211000000000009,0.0,6700.0,1.0,0.051880876
WASP-94 A b,17.71022,158.915,1604.0,0.054999999999999716,0.0,6170.0,2.0,0.05292431
WASP-94 B b,14.099999999999998,196.411,1542.0,0.033500000000000085,0.0,6040.0,2.0,0.064413602
WASP-95 b,13.78707,457.6752,1570.0,0.03415999999999997,0.0,5830.0,1.0,0.066005251
WASP-96 b,13.45,152.55,1285.0,0.04530000000000012,0.0,5540.0,1.0,0.068671946
WASP-97 b,12.77826,432.2488,1555.0,0.033030000000000115,0.0,5640.0,1.0,0.070738395
WASP-98 b,12.823096,293.03926,1171.0,0.03762000000000043,0.0,5473.0,2.0,0.072970782
WASP-99 b,11.43318,772.3269,1480.0,0.07169999999999987,0.0,6150.0,1.0,0.078512157
WD 1856+534 b,10.4,4386.054,163.0,0.020400000000000418,0.0,4710.0,3.0,0.23898882
WISEP J121756.91+162640.2 A b,10.468,6992.0,449.99999999999994,8.0,0.1316,575.0,1.0,0.083043617
WTS-1 b,16.700000000000003,1274.44,1500.0,0.04699999999999971,0.1,6250.0,1.0,0.056701132
WTS-2 b,15.277867,355.9696,2000.0,0.01855000000000029,0.0,5000.0,1.0,0.060133659
Wendelstein-1 b,11.5609626,188.15536,2198.0,0.028200000000000003,0.011999999999999997,4251.0,1.0,0.083564921
Wendelstein-2 b,12.9934728,232.33373,2470.0,0.023399999999999643,0.057,4591.0,1.0,0.072702462
Wolf 1061 b,1.21,1.910000000000025,816.4,0.037499999999999645,0.15,3342.0,1.0,0.45821769
Wolf 1061 c,1.6600000000000001,3.410000000000025,553.0,0.08900000000000041,0.11,3342.0,1.0,0.80218752
Wolf 1061 d,2.69,7.699999999999989,487.0,0.46999999999999975,0.55,3342.0,1.0,0.28901176
Wolf 1069 b,1.08,1.259999999999991,250.10000000000002,0.0671999999999997,0.1092,3158.0,1.0,0.84859348
Wolf 327 b,1.2400000000000002,2.5299999999999727,996.0,0.009999999999999787,0.0,3542.0,1.0,0.29481881
Wolf 503 b,2.043,6.259999999999991,790.0,0.05705999999999989,0.41,4716.0,1.0,0.27110936
XO-1 b,12.77826,263.7989,1210.0,0.048799999999999955,0.0,5750.0,1.0,0.072851553
XO-2 N b,11.130537,199.91507,1328.0,0.03666000000000036,0.0,5290.0,2.0,0.080533274
XO-2 S b,10.9,82.63538582000001,911.52,0.1346999999999996,0.15,5325.0,2.0,0.10344658
XO-2 S c,13.599999999999998,438.60320166,1163.0,0.4737,0.149,5325.0,2.0,0.27925962
XO-3 b,14.795854519999999,4217.58296089,1890.0,0.04814999999999969,0.2791,6970.0,1.0,0.058078018
XO-4 b,14.01125,451.3186,1630.0,0.0552400000000004,0.0,6397.0,1.0,0.065191477
XO-5 b,12.78,378.2,1230.0,0.05149999999999988,0.0,5430.0,1.0,0.072993455
XO-6 b,23.20263,1398.452,1577.0,0.08150000000000013,0.0,6720.0,1.0,0.04243644
XO-7 b,15.389956999999999,225.34147,1743.0,0.04420999999999964,0.038,6250.0,1.0,0.059801296
YZ Cet b,0.9130000000000003,0.6999999999999886,471.2,0.016339999999999577,0.06,3151.0,1.0,0.44521766
YZ Cet c,1.0499999999999998,1.1399999999999864,410.3,0.021560000000000024,0.0,3151.0,1.0,0.53992253
YZ Cet d,1.0300000000000002,1.089999999999975,356.70000000000005,0.028509999999999813,0.07,3151.0,1.0,0.67449052
alf Ari b,13.4,572.07,1070.566,1.2000000000000002,0.25,4553.0,1.0,0.08385448
alf Tau b,12.7,2056.3601,1405.82,1.46,0.1,4055.0,2.0,0.074946393
bet Cnc b,12.6,2479.0,1729.3999999999999,1.7000000000000002,0.08,4092.1,2.0,0.074498323
bet Pic b,18.49485,3727.8093857,1612.0,10.018,0.106,8038.68,1.0,0.13324067
bet Pic c,12.5,3222.46221857,1250.0,2.68,0.314,8038.68,1.0,0.3893262
bet UMi b,12.7,1938.7,743.486,1.4000000000000004,0.19,4126.0,1.0,0.073957288
eps CrB b,12.7,2129.461,667.086,1.2999999999999998,0.11,4406.0,1.0,0.080493809
eps Eri b,14.099999999999998,209.76674862,774.462,3.53,0.07,5020.38,1.0,0.095233691
eps Ind A b,12.6,2425.03074541,275.0,20.9,0.244,4760.0,3.0,0.07020314
eps Tau b,12.7,2285.18624633,715.546,1.8780000000000001,0.076,4877.0,1.0,0.11554057
gam Cep b,12.7,2097.6674862,1521.8,2.13,0.15,4775.0,2.0,0.30991041
gam Lib b,13.7,357.87478628,1185.78,1.319,0.16,4879.0,1.0,0.088135675
gam Lib c,12.8,1662.56039702,862.166,2.318,0.065,4879.0,1.0,0.13606152
gam Psc b,13.599999999999998,425.89006538,953.966,1.3200000000000003,0.204,4742.0,1.0,0.096009398
gam1 Leo b,12.5,2790.43,1765.1999999999998,1.1899999999999995,0.144,4330.0,2.0,0.075749398
iot Dra b,12.399999999999999,3756.73177074,679.646,1.4530000000000003,0.7010000000000001,4504.0,1.0,0.10116896
iot Dra c,12.2,4958.1231492,861.646,19.4,0.455,4504.0,1.0,0.20939452
kap And b,15.916752589999998,5498.4314411,1791.0,55.0,0.28722000000000003,11327.0,1.0,0.095475919
kap CrB b,13.4,635.66,1087.766,2.5,0.04,4840.0,1.0,0.3618759
mu Leo b,13.3,762.8,1155.926,1.0999999999999996,0.09,4538.2,1.0,0.087369434
mu2 Sco b,12.3,4576.7290608,1994.2,242.4,0.56,21700.0,1.0,0.18896346
nu Oct A b,13.3,696.04421133,915.368,1.2400000000000002,0.195,4910.0,2.0,0.15360301
nu Oph b,12.0,7057.73298,925.366,1.7649999999999997,0.126,4887.0,1.0,0.11392792
nu Oph c,12.0,7838.32346,1041.966,5.829,0.179,4887.0,1.0,0.3373425
ome Ser b,14.0,233.92170755,1101.808,0.8380000000000001,0.18,4724.0,2.0,0.077664232
omi CrB b,13.7,355.96781584,1284.1460000000002,0.6989999999999998,0.105,4769.0,1.0,0.073300602
omi UMa b,13.0,1160.39151396,1197.688,3.691,0.149,5075.0,2.0,0.1751335
pi Men c,2.0189,3.6299999999999955,1169.8,0.06838999999999995,0.0,5998.0,1.0,0.25604224
pi Men d,3.72,13.379999999999995,921.8,0.5060000000000002,0.22,5998.0,1.0,0.34167998
psi1 Dra B b,13.5,486.2799,791.0,4.43,0.4000000000000001,6212.0,3.0,0.17352909
rho CrB b,13.7,347.995,614.0,0.22449999999999992,0.046,5817.0,1.0,0.094026291
rho CrB c,5.68,27.442000000000007,448.1,0.4206000000000003,0.048,5817.0,1.0,0.23342786
rho CrB e,1.75,3.7099999999999795,1167.4,0.10609999999999964,0.082,5817.0,1.0,0.27438905
tau Boo b,12.8,1891.0,1746.0,0.04900000000000038,0.010999999999999996,6466.27,2.0,0.070443317
tau Cet f,1.81,3.930000000000007,897.8,1.3339999999999996,0.16,5310.0,1.0,0.55463551
tau Cet g,1.1799999999999997,1.75,1216.8,0.133,0.06,5310.0,1.0,0.3389759
tau Cet h,1.1900000000000004,1.829999999999984,1191.4,0.24300000000000033,0.23,5310.0,1.0,0.43652644
tau Gem b,12.1,6547.0,759.34,1.17,0.031,4388.0,1.0,0.077629341
ups And b,14.0,218.531,1482.8,0.0592216600000004,0.0215,6156.77,2.0,0.065405814
ups And c,12.3,4443.24112986,1756.58,0.8277739999999998,0.25959999999999994,6156.77,2.0,0.23486382
ups And d,12.5,3257.74117175,1461.2,2.51329,0.2987000000000001,6156.77,2.0,0.3646909
ups Leo b,14.2,162.09248757,1020.166,1.1799999999999997,0.32000000000000006,4836.0,1.0,0.085146248
xi Aql b,13.4,616.90493799,1493.366,0.625,0.059,4841.0,1.0,0.0739352
