pl_name,Star's name,sy_snum,sy_pnum,discoverymethod,disc_year,pl_orb_period(in days),pl_orb_period(in E.years),pl_orb_semi_maj_axis(in AU),pl_orb_eccent,pl_rad(in Earth Radius),pl_bmass(in Earth Mass),pl_dens(in (Earth mass/Earth radius)),st_teff(in kelvin),st_rad(in solar radius),st_mass(in solar mass),sy_dist(in Parsec),pl_teff(in kelvin),st_lum(in Solar luminosity),pl_recei_flux(in Earth's received flux)
11 Com b,11 Com,2,1,Radial Velocity,2007.0,323.21,0.884391974,1.178,0.238,,4914.898486,,4874.0,13.76,2.09,93.1846,803.2182641,95.86692939,69.08412101
11 UMi b,11 UMi,1,1,Radial Velocity,2009.0,516.21997,1.13504936,1.53,0.08,,4684.8142,,4213.0,29.79,2.78,125.321,896.3806521,250.8399427,107.1553431
14 And b,14 And,1,1,Radial Velocity,2008.0,186.76,0.511378603,0.775,0.0,,1131.151301,,4888.0,11.55,1.78,75.4392,909.8772717,68.32483748,113.7562331
14 Her b,14 Her,1,2,Radial Velocity,2002.0,1765.0389,4.843273439,2.774,0.373,,2559.472162,,,,0.91,17.9323,0.0,0.0,0.0
16 Cyg B b,16 Cyg B,3,1,Radial Velocity,1996.0,798.5,2.058023144,1.66,0.68,,565.7374,,5750.0,1.13,1.08,21.1397,228.7517899,1.252328072,0.454466567
17 Sco b,17 Sco,1,1,Radial Velocity,2020.0,578.38,1.580782386,1.45,0.06,,1373.018718,,4157.0,25.92,1.22,124.953,847.4713021,180.0030825,85.61383235
18 Del b,18 Del,2,1,Radial Velocity,2008.0,982.85,2.688538829,2.476,0.024,,2926.246143,,4980.0,8.8,2.1,76.222,452.6961878,42.73390353,6.970618019
1RXS J160929.1-210524 b,1RXS J160929.1-210524,1,1,Imaging,2008.0,,6502.216817,330.0,,,3000.0,,4060.0,,0.85,139.135,0.0,0.0,0.0
24 Boo b,24 Boo,1,1,Radial Velocity,2018.0,30.33,0.083388842,0.194,0.032,,280.6424834,,4816.0,12.19,1.05,95.9863,1840.767529,71.72047781,1905.634972
24 Sex b,24 Sex,1,2,Radial Velocity,2010.0,452.8,1.240180401,1.333,0.09,,632.46,,5098.0,4.9,1.54,72.0691,471.2965656,14.55061449,8.188814547
24 Sex c,24 Sex,1,2,Radial Velocity,2010.0,883.0,2.417322765,2.08,0.29,,273.32,,5098.0,4.9,1.54,72.0691,377.2920744,14.55061449,3.363215258
2M0437 b,2MASS J04372171+2651014,1,1,Imaging,2021.0,,3108.841282,118.0,,,1271.313628,,3100.0,0.84,0.17,128.484,12.61164716,0.058464898,4.19886e-06
2MASS J01033563-5515561 AB b,2MASS J01033563-5515561 A,2,1,Imaging,2013.0,,1766.209143,84.0,,,4131.79,,,,0.19,,0.0,0.0,0.0
2MASS J01225093-2439505 b,2MASS J01225093-2439505,1,1,Imaging,2013.0,,592.8912211,52.0,,,7786.5,,3530.0,,0.4,33.8281,0.0,0.0,0.0
2MASS J02192210-3925225 b,2MASS J02192210-3925225,1,1,Imaging,2015.0,,5928.912211,156.0,,16.14096,4417.837,5.788595508,3064.0,0.281,0.108,,6.270340143,0.006243923,2.56571e-07
2MASS J0249-0557 c,2MASS J0249-0557 A,2,1,Imaging,2018.0,,401488.3993,1950.0,,,3686.809521,,,,0.046,66.0613,0.0,0.0,0.0
2MASS J03590986+2009361 b,2MASS J03590986+2009361,1,1,Imaging,2024.0,,0.0,572.0,,,5720.911326,,,,,117.435,0.0,0.0,0.0
2MASS J04414489+2301513 b,2MASS J04414489+2301513,1,1,Imaging,2010.0,,421.4636152,15.0,,,2383.6,,,,0.019,,0.0,0.0,0.0
2MASS J11011926-7732383 b,2MASS J11011926-7732383,1,1,Imaging,2024.0,,0.0,266.0,,,8899.195396,,,,,,0.0,0.0,0.0
2MASS J11550485-7919108 b,2MASS J11550485-7919108,1,1,Imaging,2024.0,,0.0,587.0,,,6356.56814,,,,,100.862,0.0,0.0,0.0
2MASS J12073346-3932539 b,2MASS J12073346-3932539,1,1,Imaging,2004.0,,2632.924546,55.0,,,1589.15,,,,0.024,64.308,0.0,0.0,0.0
2MASS J19383260+4603591 b,2MASS J19383260+4603591,2,3,Eclipse Timing Variations,2015.0,406.0,0.0,,0.33,,591.160837,,29564.0,0.203,0.48,396.332,,28.24455263,
2MASS J21252752-8138278 b,2MASS J21252752-8138278,1,1,Imaging,2024.0,,0.0,7493.0,,,3813.940884,,,,,34.1154,0.0,0.0,0.0
2MASS J22362452+4751425 b,2MASS J22362452+4751425,1,1,Imaging,2016.0,,4503.147048,230.0,,,3972.875,,4045.0,,0.6,69.5737,0.0,0.0,0.0
2MASS J22501512+2325342 b,2MASS J22501512+2325342,1,1,Imaging,2018.0,,0.0,518.0,,,9534.85221,,,,,57.2309,0.0,0.0,0.0
4 UMa b,4 UMa,1,1,Radial Velocity,2006.0,270.27,0.739335926,0.877,0.453,,2511.480072,,4415.0,18.11,1.234,73.4603,967.3900474,111.8020025,145.3618346
47 UMa b,47 UMa,1,3,Radial Velocity,1996.0,1078.0,2.955806566,2.1,0.032,,804.08,,5872.0,1.21334,1.06,13.7967,215.2182698,1.570359434,0.356090575
47 UMa c,47 UMa,1,3,Radial Velocity,2001.0,2391.0,6.634387262,3.6,0.098,,171.621,,5872.0,1.21334,1.06,13.7967,164.3756687,1.570359434,0.121169709
47 UMa d,47 UMa,1,3,Radial Velocity,2009.0,14002.0,38.37373315,11.6,0.16,,521.22,,5872.0,1.21334,1.06,13.7967,91.57138619,1.570359434,0.011670329
51 Eri b,51 Eri,3,1,Imaging,2015.0,9100.0,25.35309505,10.4,0.57,,3464.329636,,,,1.75,29.7575,0.0,0.0,0.0
51 Peg b,51 Peg,1,1,Radial Velocity,1995.0,4.230785,0.011920578,0.0527,0.013,,150.009,,5758.0,1.17561,1.03,15.4614,1311.322362,1.363022533,490.7742917
55 Cnc B b,55 Cnc B,2,7,Radial Velocity,2025.0,6.7994,0.018100574,0.044,0.0,,3.5,,3286.0,0.274,0.26,12.4773,395.3920937,0.007853463,4.056540899
55 Cnc B c,55 Cnc B,2,7,Radial Velocity,2025.0,33.747,0.091923882,0.13,0.0,,5.3,,3286.0,0.274,0.26,12.4773,230.0290273,0.007853463,0.464701963
55 Cnc b,55 Cnc,2,7,Radial Velocity,1996.0,14.651552,0.040233702,0.118,0.0029,,276.0,,5198.0,0.98,1.015,12.5855,722.3036142,0.629052803,45.17759288
55 Cnc c,55 Cnc,2,7,Radial Velocity,2004.0,44.3936,0.121846318,0.247,0.088,,56.6,,5198.0,0.98,1.015,12.5855,499.2433802,0.629052803,10.31081977
55 Cnc d,55 Cnc,2,7,Radial Velocity,2002.0,4799.0,13.15373292,5.6,0.0913,,1214.104515,,5198.0,0.98,1.015,12.5855,104.8496,0.629052803,0.020059082
55 Cnc e,55 Cnc,2,7,Radial Velocity,2004.0,0.7365474,0.002016725,0.01544,0.05,1.875,7.99,6.678740385,5172.0,0.943,0.905,12.5855,1948.956712,0.570883249,2394.70879
55 Cnc f,55 Cnc,2,7,Radial Velocity,2007.0,260.58,0.712899863,0.802,0.063,,48.5,,5198.0,0.98,1.015,12.5855,277.0598581,0.629052803,0.977998898
6 Lyn b,6 Lyn,1,1,Radial Velocity,2008.0,919.86,2.51370877,2.028,0.042,,597.8352336,,4941.0,4.94,1.32,54.6599,371.8397648,13.04977919,3.17297947
61 Vir b,61 Vir,1,3,Radial Velocity,2009.0,4.215,0.011588924,0.050201,0.12,,5.1,,5577.0,0.963,0.942,8.50332,1177.793308,0.804905699,319.3892286
61 Vir c,61 Vir,1,3,Radial Velocity,2009.0,38.021,0.104511346,0.2175,0.14,,18.2,,5577.0,0.963,0.942,8.50332,565.842594,0.804905699,17.01478554
61 Vir d,61 Vir,1,3,Radial Velocity,2009.0,123.01,0.338364645,0.476,0.35,,22.9,,5577.0,0.963,0.942,8.50332,382.4915017,0.804905699,3.552475543
7 CMa b,7 CMa,1,2,Radial Velocity,2011.0,735.1,2.013612539,1.758,0.06,,587.9855,,4826.0,4.87,1.34,19.8101,387.305658,11.54242451,3.734730782
7 CMa c,7 CMa,1,2,Radial Velocity,2019.0,996.0,2.729063529,2.153,0.08,,276.5121,,4826.0,4.87,1.34,19.8101,349.9784165,11.54242451,2.490055248
70 Vir b,70 Vir,1,1,Radial Velocity,1996.0,116.688,0.319524648,0.481,0.3988,,2357.02728,,5495.0,1.89,1.09,17.9011,525.2155059,2.92202714,12.62973077
75 Cet b,75 Cet,2,2,Radial Velocity,2012.0,696.62,1.908012509,1.912,0.093,,787.896621,,4809.0,10.38,1.92,82.9613,540.2826091,51.70156214,14.14255542
75 Cet c,75 Cet,2,2,Radial Velocity,2023.0,2051.62,5.620467345,3.929,0.023,,289.8595072,,4809.0,10.38,1.92,82.9613,376.8980739,51.70156214,3.349188626
8 UMi b,8 UMi,1,1,Radial Velocity,2015.0,93.31,0.255549179,0.462,0.062,,524.4168716,,4847.0,10.73,1.51,162.552,1126.324086,57.0139818,267.1144741
81 Cet b,81 Cet,1,1,Radial Velocity,2008.0,1005.57,2.751794812,2.104,0.037,,1051.058542,,4734.0,11.21,1.23,101.26,526.8896539,56.62576595,12.79153368
91 Aqr b,91 Aqr,3,1,Radial Velocity,2013.0,181.4,0.494974747,0.7,0.027,,1017.0,,4665.0,11.0,1.4,44.0304,891.6829228,51.41404965,104.9266319
AB Aur b,AB Aur,1,1,Imaging,2022.0,,587.3443124,93.9,0.4,,2860.455663,,9770.0,,2.4,162.127,0.0,0.0,0.0
AB Pic b,AB Pic,1,1,Imaging,2005.0,,0.0,260.0,,,4290.5,,,,,50.0475,0.0,0.0,0.0
AF Lep b,AF Lep,1,1,Imaging,2023.0,8905.0,24.4484047,8.996,0.015,,1147.360549,,,,1.218,26.8564,0.0,0.0,0.0
AT2021ueyL b,AT2021ueyL,1,1,Microlensing,2025.0,4168.69,11.47145535,4.01,,,425.8900654,,3680.0,,0.49,1040.0,0.0,0.0,0.0
AU Mic b,AU Mic,1,4,Transit,2020.0,8.46308,0.02315165,0.0649,0.00577,3.95677019,,0.0,3678.0,0.744,0.51,9.7221,600.464481,0.090882993,21.57710759
AU Mic c,AU Mic,1,4,Transit,2021.0,18.85969,0.051644557,0.1108,0.00338,2.52202066,,0.0,3678.0,0.744,0.51,9.7221,459.557429,0.090882993,7.402920745
AU Mic d,AU Mic,1,4,Transit Timing Variations,2023.0,12.73596,0.0,,0.00305,,1.053,,3678.0,0.744,0.51,9.7221,,0.090882993,
AU Mic e,AU Mic,1,4,Radial Velocity,2025.0,33.11,0.0,,,,21.1,,3665.0,0.82,0.6,9.7221,,0.10884625,
BD+03 2562 b,BD+03 2562,1,1,Radial Velocity,2017.0,481.9,1.388233764,1.3,0.2,,2034.112,,4095.0,32.35,1.14,1070.63,984.9877993,264.0304673,156.2310457
BD+05 4868 A b,BD+05 4868 A,2,1,Transit,2025.0,1.271869,0.003585469,0.0208,,,6.2,,4596.0,0.69,0.7,43.5687,1276.392891,0.190593511,440.536038
BD+14 4559 b,BD+14 4559,1,1,Radial Velocity,2009.0,268.94,0.984110497,0.78,0.29,,330.5432,,4864.0,0.86,0.49,49.352,246.2674249,0.37141635,0.610480522
BD+15 2375 b,BD+15 2375,1,1,Radial Velocity,2016.0,153.22,0.420650924,0.576,0.001,,337.21763,,4649.0,8.95,1.08,768.045,883.6317266,33.57175966,101.1880295
BD+15 2940 b,BD+15 2940,1,1,Radial Velocity,2013.0,137.48,0.3773,0.539,0.26,,352.78,,4796.0,14.7,1.1,426.42,1207.688519,102.5749271,353.0723326
BD+20 2457 b,BD+20 2457,1,2,Radial Velocity,2009.0,379.63,1.04345323,1.45,0.15,,6807.63,,4137.0,49.0,2.8,1539.71,1159.607561,630.9923494,300.1152673
BD+20 2457 c,BD+20 2457,1,2,Radial Velocity,2009.0,621.99,1.703001657,2.01,0.18,,3963.17,,4137.0,49.0,2.8,1539.71,984.911052,630.9923494,156.1823592
BD+20 274 b,BD+20 274,1,1,Radial Velocity,2012.0,578.2,1.657181342,1.3,0.21,,1334.886,,4296.0,17.3,0.8,1322.51,755.6612054,91.46167423,54.11933386
BD+20 594 b,BD+20 594,1,1,Transit,2016.0,41.6855,0.0,,0.0,2.57807,22.2481,7.154189033,5766.0,1.08,1.67,179.461,,1.156740425,
BD+37 3172 b,BD+37 3172,1,1,Radial Velocity,2023.0,1887.76,5.178020857,4.65,0.59,,3368.981114,,4500.0,50.24,3.75,454.251,713.2180592,928.6224238,42.94704238
BD+42 2315 b,BD+42 2315,1,1,Radial Velocity,2023.0,123.05,0.337793351,0.54,0.73,,174.8056239,,4500.0,17.85,1.38,610.715,1247.516282,117.2239485,402.002567
BD+45 564 b,BD+45 564,1,1,Radial Velocity,2021.0,307.88,0.84018443,0.83,0.12,,432.2466335,,5004.0,,0.81,53.622,0.0,0.0,0.0
BD+48 738 b,BD+48 738,1,1,Radial Velocity,2011.0,392.6,1.162476387,1.0,0.2,,289.2253,,4414.0,11.0,0.74,871.493,705.895072,41.21018229,41.21018229
BD+48 740 b,BD+48 740,1,1,Radial Velocity,2018.0,733.0,2.123049564,1.7,0.76,,540.311,,4534.0,10.33,1.09,666.589,538.9130427,40.45913152,13.99969949
BD+49 828 b,BD+49 828,1,1,Radial Velocity,2015.0,2590.0,6.981554645,4.2,0.35,,508.5,,4943.0,7.6,1.52,442.042,320.6152975,30.93709111,1.753803351
BD+55 362 b,BD+55 362,1,1,Radial Velocity,2021.0,265.59,0.722536785,0.78,0.27,,228.836453,,5012.0,,0.909,52.5697,0.0,0.0,0.0
BD+60 1417 b,BD+60 1417,1,1,Imaging,2021.0,,67755.80808,1662.0,,14.68376472,4767.426105,8.297042557,4993.0,0.797,1.0,44.9543,5.272137103,0.354203426,1.2823e-07
BD+63 1405 b,BD+63 1405,1,1,Radial Velocity,2021.0,1198.48,3.273073449,2.06,0.88,,1258.600492,,5000.0,,0.816,38.0473,0.0,0.0,0.0
BD-06 1339 b,BD-06 1339,1,2,Radial Velocity,2013.0,3.8728,0.010583191,0.0428,0.0,,8.5,,4324.0,,0.7,20.2695,0.0,0.0,0.0
BD-06 1339 c,BD-06 1339,1,2,Radial Velocity,2013.0,125.94,0.342913723,0.435,0.31,,53.0,,4324.0,,0.7,20.2695,0.0,0.0,0.0
BD-08 2823 b,BD-08 2823,1,2,Radial Velocity,2009.0,5.6,0.02078461,0.06,0.15,,12.7132,,4816.0,0.71,0.5,41.3342,798.8247387,0.243305799,67.58494421
BD-08 2823 c,BD-08 2823,1,2,Radial Velocity,2009.0,237.6,0.651849759,0.68,0.19,,104.0,,4746.0,,0.74,41.3342,0.0,0.0,0.0
BD-10 3166 b,BD-10 3166,1,1,Radial Velocity,2000.0,3.48777,0.006598289,0.04,0.02,,187.5197,,5393.0,0.91,1.47,84.4069,1240.316723,0.62848413,392.8025813
BD-11 4672 b,BD-11 4672,1,2,Radial Velocity,2014.0,1634.0,4.493425134,2.36,0.05,,206.5895,,4550.0,0.639,0.651,27.1665,114.1608787,0.157013557,0.028191173
BD-11 4672 c,BD-11 4672,1,2,Radial Velocity,2020.0,74.2,0.20365327,0.3,0.4,,15.37,,4550.0,0.639,0.651,27.1665,320.1936221,0.157013557,1.74459508
BD-13 2130 b,BD-13 2130,1,1,Radial Velocity,2007.0,714.29999,1.468906666,1.66,0.21,,3108.3774,,4545.0,19.17,2.12,925.214,744.7360527,140.6920721,51.05678332
BD-14 3065 b,BD-14 3065 A,3,1,Transit,2024.0,4.2889731,0.014149666,0.0656,0.066,21.59,3932.0,2.152817331,6935.0,2.35,1.41,589.423,2001.427927,11.4607077,2663.199848
BD-17 63 b,BD-17 63,1,1,Radial Velocity,2008.0,655.57,0.0,,0.5439,,1639.99458,,,,0.741,34.4603,,0.0,
BD-210397 b,BD-210397,1,2,Radial Velocity,2023.0,1891.0,5.17605325,2.63,0.1,,214.0,,4051.0,0.747,0.679,23.7324,104.1012989,0.134827979,0.019492544
BD-210397 c,BD-210397,1,2,Radial Velocity,2023.0,6240.0,17.25255705,5.9,0.43,,1525.576354,,,,0.69,23.7324,0.0,0.0,0.0
BEBOP-3 b,BEBOP-3,2,1,Radial Velocity,2025.0,547.0,1.667387577,1.444,0.247,,177.3482511,,6033.0,1.414,1.083,119.052,287.863043,2.376413277,1.13969222
BEBOP-4 AB b,BEBOP-4 A,2,1,Radial Velocity,2025.0,1823.5,5.643139136,3.634,0.428,,8358.887104,,,,1.507,234.294,0.0,0.0,0.0
Barnard b,Barnard's star,1,4,Radial Velocity,2024.0,3.1542,0.008609853,0.0229,0.03,,0.299,,3195.0,0.185,0.162,1.82655,437.8753164,0.003199755,6.101628924
Barnard c,Barnard's star,1,4,Radial Velocity,2025.0,4.1244,0.011268558,0.0274,0.08,,0.335,,3195.0,0.185,0.162,1.82655,400.3067598,0.003199755,4.26202145
Barnard d,Barnard's star,1,4,Radial Velocity,2025.0,2.3402,0.006404412,0.0188,0.04,,0.263,,3195.0,0.185,0.162,1.82655,483.2693818,0.003199755,9.053177976
Barnard e,Barnard's star,1,4,Radial Velocity,2025.0,6.7392,0.018476936,0.0381,0.04,,0.193,,3195.0,0.185,0.162,1.82655,339.4733745,0.003199755,2.204280229
CD Cet b,CD Cet,1,1,Radial Velocity,2020.0,2.2907,0.006271113,0.0185,,,3.95,,3130.0,0.175,0.161,8.60715,464.1827277,0.002637201,7.70548254
CD-35 2722 b,CD-35 2722,1,1,Imaging,2011.0,,0.0,67.0,,17.37392009,9375.938007,9.850830967,3689.0,,,22.3896,0.0,0.0,0.0
CFBDSIR J145829+101343 b,CFBDSIR J145829+101343,1,1,Imaging,2011.0,10037.5,28.93012929,2.6,,,3337.1,,580.5,,0.021,,0.0,0.0,0.0
CFHTWIR-Oph 98 b,CFHTWIR-Oph 98 A,1,1,Imaging,2021.0,8040000.0,23328.47374,200.0,,20.8487041,2479.061575,1.507307,2320.0,0.245,0.0147,,3.915322209,0.001560177,3.90044e-08
CHXR 73 b,CHXR 73,1,1,Imaging,2006.0,,5143.92846,210.0,,,3994.486,,,,0.35,190.374,0.0,0.0,0.0
CI Tau c,CI Tau,1,1,Radial Velocity,2024.0,25.2,0.06899384,0.17,0.58,,1144.182265,,,,,157.998,0.0,0.0,0.0
COCONUTS-2 b,COCONUTS-2 A,1,1,Imaging,2021.0,,0.0,,,12.44196858,2542.627256,7.273894473,3406.0,0.388,0.37,10.8864,,0.018177405,
CT Cha b,CT Cha,1,1,Imaging,2007.0,,0.0,440.0,,24.66,5403.0,1.985214093,,,,190.72,0.0,0.0,0.0
CoRoT-1 b,CoRoT-1,1,1,Transit,2008.0,1.5089557,0.0,,0.0,16.7,327.35,0.387270602,5950.0,1.11,0.95,787.909,,1.385490877,
CoRoT-10 b,CoRoT-10,1,1,Transit,2010.0,13.2406,0.036323165,0.1055,0.53,10.87,874.0,3.74950899,5075.0,0.79,0.89,338.386,669.6299057,0.371439614,33.37208181
CoRoT-11 b,CoRoT-11,1,1,Transit,2010.0,2.99433,0.008078447,0.0436,0.0,16.03,740.51,0.990562675,6440.0,1.37,1.27,655.037,1740.661745,2.896506142,1523.707044
CoRoT-12 b,CoRoT-12,1,1,Transit,2010.0,2.828042,0.007751418,0.04016,0.07,16.14,291.438,0.381933001,5675.0,1.116,1.078,1126.37,1442.489265,1.158995374,718.6117174
CoRoT-13 b,CoRoT-13,1,1,Transit,2010.0,4.03519,0.011031689,0.051,0.0,9.92,415.704,2.34639317,5945.0,1.01,1.09,1148.93,1275.671745,1.143246902,439.5412927
CoRoT-14 b,CoRoT-14,1,1,Transit,2010.0,1.51214,0.004173558,0.027,0.0,12.22,2415.4,7.293349794,6035.0,1.21,1.13,1744.6,1948.047562,1.742487568,2390.243578
CoRoT-16 b,CoRoT-16,1,1,Transit,2011.0,5.35227,0.014661606,0.0618,0.33,13.11,170.032,0.415790141,5650.0,1.19,1.098,732.409,1195.471342,1.29472509,339.0007147
CoRoT-17 b,CoRoT-17,1,1,Transit,2011.0,3.7681,0.009705876,0.0461,0.0,11.43,772.29,2.84966179,5740.0,1.59,1.04,1176.12,1625.441974,2.46224729,1158.590111
CoRoT-18 b,CoRoT-18,1,1,Transit,2011.0,1.9000693,0.005198418,0.0295,0.08,14.68,1102.82,1.920781949,5440.0,1.0,0.95,764.889,1527.212149,0.785751916,902.9036669
CoRoT-19 b,CoRoT-19,1,1,Transit,2011.0,3.89713,0.010717709,0.0518,0.047,14.46,352.78,0.642910733,6090.0,1.65,1.21,790.663,1657.318062,3.35990431,1252.181806
CoRoT-2 b,CoRoT-2,2,1,Transit,2008.0,1.7429935,0.004776788,0.02798,0.0143,16.432,1102.82,1.369572268,5625.0,0.906,0.96,213.283,1543.384908,0.73728662,941.7615
CoRoT-20 b,CoRoT-20,1,2,Transit,2011.0,9.24285,0.025287817,0.09,0.59,,1366.669,,,,1.14,844.061,0.0,0.0,0.0
CoRoT-20 c,CoRoT-20,1,2,Radial Velocity,2018.0,1675.0,4.625349679,2.9,0.6,,5403.11,,,,1.14,844.061,0.0,0.0,0.0
CoRoT-21 b,CoRoT-21,1,1,Transit,2012.0,2.72474,0.007497375,0.0417,0.0,14.5717,718.2958,1.279158207,6200.0,1.95,1.29,,2044.336799,5.041106014,2899.03675
CoRoT-22 b,CoRoT-22,1,1,Transit,2014.0,9.75598,0.026618458,0.092,0.077,4.88,12.2,0.578431537,5939.0,1.136,1.099,627.158,1006.282815,1.440455393,170.1861286
CoRoT-23 b,CoRoT-23,1,1,Transit,2011.0,3.6313,0.009849392,0.048,0.16,11.77,889.9,3.007207647,5900.0,1.61,1.14,1060.97,1647.615275,2.818056191,1223.114666
CoRoT-24 b,CoRoT-24,1,2,Transit,2014.0,5.1134,0.01389189,0.056,0.0,3.7,5.7,0.620042248,4950.0,0.86,0.91,591.555,935.3451306,0.398389192,127.03737
CoRoT-24 c,CoRoT-24,1,2,Transit,2014.0,11.759,0.032160176,0.098,0.0,5.0,28.0,1.23424,4950.0,0.86,0.91,591.555,707.0544588,0.398389192,41.48159021
CoRoT-25 b,CoRoT-25,1,1,Transit,2013.0,4.86069,0.013310014,0.0578,0.0,12.11,85.81,0.266230049,6040.0,1.19,1.09,1103.48,1321.47204,1.690952964,506.1460482
CoRoT-26 b,CoRoT-26,1,1,Transit,2013.0,4.20474,0.011554878,0.0526,0.0,14.12,165.26,0.323456034,5590.0,1.79,1.09,1045.18,1572.377896,2.807004724,1014.545795
CoRoT-27 b,CoRoT-27,1,1,Transit,2014.0,3.57532,0.010134814,0.0476,0.065,11.287,3302.11,12.65340941,5900.0,1.08,1.05,1010.28,1355.101705,1.268076363,559.6693222
CoRoT-28 b,CoRoT-28,1,1,Transit,2015.0,5.20851,0.014733817,0.0603,0.047,10.704595,153.82972,0.691004899,5150.0,1.78,1.01,766.183,1349.180491,1.999672024,549.9511904
CoRoT-29 b,CoRoT-29,1,1,Transit,2015.0,2.85057,0.007700077,0.0386,0.082,10.0881,270.1555,1.449897419,5260.0,0.9,0.97,806.507,1224.686203,0.556311254,373.373281
CoRoT-3 b,CoRoT-3,1,1,Transit,2008.0,4.2568,0.0,,0.0,11.32,6883.91,26.14854343,6740.0,1.56,1.37,768.771,,4.505869743,
CoRoT-30 b,CoRoT-30,1,1,Transit,2020.0,9.06005,0.024768553,0.0844,0.007,11.309881,921.707,3.510511325,5650.0,0.91,0.98,1032.23,894.5598442,0.757122976,106.2873386
CoRoT-31 b,CoRoT-31,1,1,Transit,2020.0,4.62941,0.012687949,0.0586,0.02,16.36514,266.9772,0.335634502,5700.0,2.15,1.25,2005.76,1664.779641,4.377903582,1274.884851
CoRoT-32 b,CoRoT-32,1,1,Transit,2018.0,6.71837,0.01820437,0.071,,6.38913,47.6745,1.007192704,5970.0,0.79,1.08,576.683,960.2187476,0.711281244,141.0992352
CoRoT-35 b,CoRoT-35,1,1,Transit,2022.0,3.22748,0.008841486,0.0429,0.0,18.83108758,349.6112477,0.288476729,6390.0,1.65,1.01,1123.21,1910.845891,4.072500732,2212.822541
CoRoT-36 b,CoRoT-36,1,1,Transit,2022.0,5.616531,0.014758049,0.066,0.0,15.80466279,216.1233168,0.301645965,6730.0,1.52,1.32,925.958,1557.31465,4.252431071,976.2238456
CoRoT-4 b,CoRoT-4,1,1,Transit,2008.0,9.20205,0.025068871,0.09,0.0,13.34,228.83,0.531125399,6190.0,1.17,1.16,726.412,1076.152462,1.803118086,222.6071711
CoRoT-5 b,CoRoT-5,1,1,Transit,2009.0,4.0378962,0.011003044,0.04947,0.09,15.558,148.42,0.217161446,6100.0,1.186,1.0,882.472,1440.166495,1.747344624,713.9943043
CoRoT-6 b,CoRoT-6,1,1,Transit,2009.0,8.886593,0.024398017,0.0855,0.1,13.068,940.74,2.322703808,6090.0,1.025,1.05,645.294,1016.734702,1.296602191,177.3676949
CoRoT-7 b,CoRoT-7,1,3,Transit,2009.0,0.85359163,0.0,,0.0,1.68135,4.07660518,4.725805748,5275.0,0.83,0.82,159.906,,0.478559443,
CoRoT-7 c,CoRoT-7,1,3,Radial Velocity,2009.0,3.698,0.010405355,0.046,0.0,,8.4,,5256.0,0.864273,0.899,159.906,1098.53372,0.511461759,241.7116063
CoRoT-7 d,CoRoT-7,1,3,Radial Velocity,2022.0,8.966,0.0,,,,17.142,,5250.0,,0.915,159.906,,0.0,
CoRoT-8 b,CoRoT-8,1,1,Transit,2010.0,6.21229,0.016856581,0.063,0.0,6.39,69.92,1.476557772,5080.0,0.77,0.88,322.037,856.3479822,0.354263288,89.25756822
CoRoT-9 b,CoRoT-9,2,1,Transit,2009.0,95.272656,0.260234872,0.4021,0.133,11.948794,266.9772,0.8622904,5625.0,0.96,0.96,412.98,419.0854522,0.827794284,5.119815101
DE CVn b,DE CVn,2,1,Eclipse Timing Variations,2018.0,4098.1,19.30708368,5.75,0.0,,3823.273302,,,,0.51,30.5225,0.0,0.0,0.0
DENIS-P J082303.1-491201 b,DENIS-P J082303.1-491201,1,1,Astrometry,2013.0,246.36,0.788720483,0.36,0.345,,9057.77,,,,0.075,,0.0,0.0,0.0
DH Tau b,DH Tau,1,1,Imaging,2004.0,,10435.51628,330.0,,,3496.0,,,0.27,0.33,134.846,0.0,0.0,0.0
DMPP-1 b,DMPP-1,1,4,Radial Velocity,2019.0,18.57,0.050819264,0.1462,0.083,,24.27,,6196.0,1.26,1.21,62.5388,877.0704395,2.09931001,98.21590693
DMPP-1 c,DMPP-1,1,4,Radial Velocity,2019.0,6.584,0.018041111,0.0733,0.057,,9.6,,6196.0,1.26,1.21,62.5388,1238.671579,2.09931001,390.7226855
DMPP-1 d,DMPP-1,1,4,Radial Velocity,2019.0,2.882,0.007880903,0.0422,0.07,,3.35,,6196.0,1.26,1.21,62.5388,1632.495282,2.09931001,1178.831344
DMPP-1 e,DMPP-1,1,4,Radial Velocity,2019.0,5.516,0.015100064,0.0651,0.07,,4.13,,6196.0,1.26,1.21,62.5388,1314.370085,2.09931001,495.352774
DMPP-2 b,DMPP-2,1,1,Radial Velocity,2019.0,5.2072,0.014258403,0.0664,0.078,,138.89171,,6500.0,1.78,1.44,137.94,1622.746932,5.074383441,1150.925261
DMPP-3 A b,DMPP-3 A,2,1,Radial Velocity,2019.0,6.6732,0.018261118,0.0662,0.14,,2.58,,5138.0,0.91,0.87,45.23,918.5383218,0.517784487,118.1498176
DMPP-4 b,DMPP-4,1,1,Radial Velocity,2023.0,3.4982,0.009562257,0.04853,0.063,,12.2,,6400.0,1.38,1.25,25.3284,1645.605954,2.866605427,1217.15906
DP Leo b,DP Leo,2,1,Eclipse Timing Variations,2009.0,10220.0,28.21638077,8.19,0.39,,1922.79,,,,0.69,305.684,0.0,0.0,0.0
DS Tuc A b,DS Tuc A,2,1,Transit,2019.0,8.138268,0.0,,0.0,5.7,,0.0,5428.0,0.964,1.01,44.0622,,0.723774493,
EPIC 201170410.02,EPIC 201170410,1,1,Transit,2020.0,6.7987,0.012170185,0.0349,0.0,1.047,,0.0,3648.0,0.282,0.287,,500.0093769,0.012635935,10.37424574
EPIC 201238110 b,EPIC 201238110,1,1,Transit,2019.0,28.1656,0.0,,,1.87,,0.0,,,0.41,159.259,,0.0,
EPIC 201427007 b,EPIC 201427007,1,1,Transit,2021.0,0.72091,0.001973744,,,1.5,,0.0,5633.0,0.94,,706.391,,0.798186838,
EPIC 201497682 b,EPIC 201497682,1,1,Transit,2019.0,2.13174,0.0,,,0.692,,0.0,,,0.78,253.026,,0.0,
EPIC 201595106 b,EPIC 201595106,1,2,Transit,2021.0,0.87724,0.002405898,0.0177,0.0,1.565,7.67,11.02564327,5679.0,0.98,0.958,232.1,2037.55693,0.896250634,2860.770004
EPIC 201615463 c,K2-166,1,2,Transit,2019.0,3.80464,0.0,,,1.22,,0.0,,,1.073,476.882,,0.0,
EPIC 201754305 d,K2-16,1,3,Transit,2019.0,2.71578,0.0,,,1.03,,0.0,,,0.67,334.967,,0.0,
EPIC 201757695.02,EPIC 201757695,1,1,Transit,2020.0,2.0478,0.005972695,0.0296,0.0,0.90819,,0.0,4520.0,0.655,0.727,,1025.238031,0.160666817,183.3761148
EPIC 201833600 c,K2-50,1,2,Transit,2019.0,3.96151,0.0,,,1.0,,0.0,,,0.611,257.443,,0.0,
EPIC 201841433 b,EPIC 201841433,1,1,Transit,2019.0,4.1698,0.007311641,0.035,,1.04,,0.0,5053.0,0.628461,0.802,436.488,1032.442612,0.231016876,188.5852051
EPIC 205950854 c,K2-168,1,2,Transit,2019.0,8.050722,0.0,,,1.31,,0.0,5502.7,0.83,0.877,243.935,,0.566694999,
EPIC 206024342 b,EPIC 206024342,1,3,Transit,2019.0,4.50756,0.0,,,1.7,,0.0,,,0.928,369.888,,0.0,
EPIC 206024342 c,EPIC 206024342,1,3,Transit,2021.0,0.911724,0.002496164,,,1.4,,0.0,5724.0,1.1,,369.888,,1.16539653,
EPIC 206024342 d,EPIC 206024342,1,3,Transit,2021.0,14.647531,0.040102754,,,2.6,,0.0,5724.0,1.1,,369.888,,1.16539653,
EPIC 206032309 b,EPIC 206032309,1,1,Transit,2019.0,2.87814,0.0,,,1.01,,0.0,,,0.221,161.365,,0.0,
EPIC 206042996 b,EPIC 206042996,1,2,Transit,2019.0,5.2986,0.014506776,,,1.7,,0.0,4114.0,0.5,,451.769,,0.064252053,
EPIC 206042996 c,EPIC 206042996,1,2,Transit,2021.0,0.354884,0.000971619,,,1.2,,0.0,4114.0,0.5,,451.769,,0.064252053,
EPIC 206215704 b,EPIC 206215704,1,1,Transit,2019.0,2.255436,0.006175047,,,1.0,,0.0,3297.0,0.25,,109.888,,0.006625912,
EPIC 206317286 b,EPIC 206317286,1,2,Transit,2019.0,1.58252,0.0,,,0.96,,0.0,,,0.711,314.35,,0.0,
EPIC 206317286 c,EPIC 206317286,1,2,Transit,2022.0,17.515472,0.0,,,2.094,,0.0,4752.0,0.758,0.832,314.35,,0.262865741,
EPIC 211822797 b,EPIC 211822797,1,1,Transit,2016.0,21.1701963,0.052463349,0.1195,,1.92,,0.0,4057.0,0.58,0.62,186.197,430.9694946,0.081764704,5.725719355
EPIC 211945201 b,EPIC 211945201,1,1,Transit,2018.0,19.49221,0.053333094,0.1493,,5.76,,0.0,6069.0,1.39,1.17,181.69,892.906763,2.35173293,105.5038687
EPIC 212297394 b,EPIC 212297394,1,2,Transit,2019.0,2.289363,0.0,,,1.48,,0.0,5171.0,0.8,0.83,418.395,,0.410551814,
EPIC 212297394 c,EPIC 212297394,1,2,Transit,2021.0,5.213965,0.0,,,2.27,,0.0,5171.0,0.8,0.83,418.395,,0.410551814,
EPIC 212424622 b,EPIC 212424622,1,1,Transit,2019.0,18.0983,0.0,,,2.17,,0.0,,,1.106,611.804,,0.0,
EPIC 212499991 b,EPIC 212499991,1,1,Transit,2019.0,34.885,0.0,,,1.6,,0.0,,,0.912,283.29,,0.0,
EPIC 212587672 b,EPIC 212587672,1,2,Transit,2019.0,15.28078,0.0,,,1.26,,0.0,6004.0,0.98,0.99,320.07,,1.119707883,
EPIC 212587672 c,EPIC 212587672,1,2,Transit,2021.0,23.228555,0.0,,,2.32,,0.0,6004.0,0.98,0.99,320.07,,1.119707883,
EPIC 212624936 b,EPIC 212624936,1,2,Transit,2021.0,0.578657,0.001584277,,,1.2,,0.0,5765.0,0.93,,561.929,,0.857142429,
EPIC 212624936 c,EPIC 212624936,1,2,Transit,2021.0,11.811437,0.032337952,,,2.3,,0.0,5765.0,0.93,,561.929,,0.857142429,
EPIC 212737443 b,EPIC 212737443,1,2,Transit,2019.0,13.603,0.036932998,0.098,0.2,2.586,,0.0,4684.0,0.673,0.69,336.25,591.8652734,0.19560841,20.36738968
EPIC 212737443 c,EPIC 212737443,1,2,Transit,2019.0,65.55,0.178366176,0.28,0.2,2.69,,0.0,4684.0,0.673,0.69,336.25,350.1522178,0.19560841,2.495005236
EPIC 220492298 b,EPIC 220492298,1,1,Transit,2021.0,0.762406,0.002087354,,,0.99,,0.0,5620.0,0.89,,624.512,,0.708949214,
EPIC 220554210 c,K2-282,1,2,Transit,2019.0,0.70531,0.001931034,,,1.6,,0.0,5499.0,1.0,,496.289,,0.820398256,
EPIC 220674823 b,EPIC 220674823,1,2,Transit,2016.0,0.5713127,0.001576368,0.01314,0.0,1.676,7.8,9.129020003,5578.0,0.99,0.913,244.59,2334.586142,0.851283624,4930.415822
EPIC 220674823 c,EPIC 220674823,1,2,Transit,2016.0,13.33989,0.036784444,0.1073,0.17,2.84,7.32,1.760790392,5578.0,0.99,0.913,244.59,816.9730395,0.851283624,73.93921492
EPIC 228836835 b,EPIC 228836835,1,1,Transit,2021.0,0.728113,0.001993465,,,1.1,,0.0,3782.0,0.32,,150.124,,0.018796453,
EPIC 229004835 b,EPIC 229004835,1,1,Transit,2023.0,16.141132,0.044174199,0.1237,0.23,2.332,10.4,4.51855216,5868.0,0.999,0.97,121.971,804.0804038,1.061649714,69.38120652
EPIC 246851721 b,EPIC 246851721,2,1,Transit,2018.0,6.180235,0.016936531,0.07229,,11.780659,953.49,3.21335706,6202.0,1.586,1.317,372.632,1400.734159,3.339052623,638.9499111
EPIC 248847494 b,EPIC 248847494,1,1,Transit,2018.0,3650.0,10.0623059,4.5,0.0,12.44199,4131.79,11.82007671,4898.0,2.7,0.9,551.886,182.9388247,3.764371714,0.185894899
EPIC 249893012 b,EPIC 249893012,1,3,Transit,2020.0,3.5951,0.009943794,0.047,0.06,1.95,8.75,6.502132538,5430.0,1.71,1.05,321.296,1579.284723,2.28076946,1032.48957
EPIC 249893012 c,EPIC 249893012,1,3,Transit,2020.0,15.624,0.045742551,0.13,0.07,3.67,14.67,1.635247598,5430.0,1.71,1.05,321.296,949.5933995,2.28076946,134.9567728
EPIC 249893012 d,EPIC 249893012,1,3,Transit,2020.0,35.747,0.100702296,0.22,0.15,3.94,10.18,0.917087368,5430.0,1.71,1.05,321.296,729.9582528,2.28076946,47.12333596
FU Tau b,FU Tau,1,1,Imaging,2008.0,,101192.8851,800.0,,,5085.28,,2838.0,,0.05,,0.0,0.0,0.0
G 192-15 b,G 192-15,1,2,Radial Velocity,2025.0,2.27476,0.006225023,0.01723,0.0,,1.03,,,,0.132,9.53114,0.0,0.0,0.0
G 192-15 c,G 192-15,1,2,Radial Velocity,2025.0,1219.0,3.336980981,1.137,0.676,,14.3,,,,0.132,9.53114,0.0,0.0,0.0
G 196-3 b,G 196-3,1,1,Imaging,2024.0,,0.0,350.0,,,8263.538582,,,,,21.7912,0.0,0.0,0.0
G 261-6 b,G 261-6,1,1,Radial Velocity,2025.0,5.4536,0.01490778,0.02971,0.0,,1.37,,,,0.118,10.6267,0.0,0.0,0.0
G 264-012 b,G 264-012,1,2,Radial Velocity,2021.0,2.30538,0.006313036,0.02279,,,2.5,,3326.0,0.305,0.297,16.009,586.6937755,0.010213592,19.66481467
G 264-012 c,G 264-012,1,2,Radial Velocity,2021.0,8.0518,0.022072968,0.0525,,,3.75,,3326.0,0.305,0.297,16.009,386.5484992,0.010213592,3.705611635
G 268-110 b,G 268-110,1,1,Radial Velocity,2025.0,1.43263,0.003926266,0.01283,0.0,,1.52,,,,0.137,,0.0,0.0,0.0
G 9-40 b,G 9-40,1,1,Transit,2019.0,5.7459982,0.015729186,0.0418,0.0,1.9,4.0,3.213296399,3395.0,0.3026,0.2952,27.9276,440.4509775,0.010914072,6.246464099
GJ 1002 b,GJ 1002,1,2,Radial Velocity,2022.0,10.3465,0.028202245,0.0457,,,1.08,,3024.0,0.137,0.12,4.84867,252.461669,0.00140818,0.674257415
GJ 1002 c,GJ 1002,1,2,Radial Velocity,2022.0,21.202,0.057875389,0.0738,,,1.36,,3024.0,0.137,0.12,4.84867,198.6668328,0.00140818,0.258550515
GJ 1061 b,GJ 1061,1,3,Radial Velocity,2020.0,3.204,0.00878493,0.021,0.31,,1.37,,2953.0,0.156,0.12,3.67278,388.0856437,0.001660324,3.764906933
GJ 1061 c,GJ 1061,1,3,Radial Velocity,2020.0,6.689,0.01890216,0.035,0.29,,1.74,,2953.0,0.156,0.12,3.67278,300.609847,0.001660324,1.355366496
GJ 1061 d,GJ 1061,1,3,Radial Velocity,2020.0,13.031,0.036224301,0.054,0.53,,1.64,,2953.0,0.156,0.12,3.67278,242.0139193,0.001660324,0.569384073
GJ 1132 b,GJ 1132,1,2,Transit,2015.0,1.62892911,0.004460563,0.0157,0.0118,1.19151465,1.83704819,5.983757549,3229.0,0.2211,0.1945,12.613,584.2841008,0.004768036,19.3437295
GJ 1132 c,GJ 1132,1,2,Radial Velocity,2018.0,8.929,0.024410189,0.0476,0.27,,2.64,,3270.0,0.2105,0.181,12.613,331.5750204,0.004545536,2.006185816
GJ 1148 b,GJ 1148,1,2,Radial Velocity,2010.0,41.38,0.11530669,0.166,0.38,,96.7,,3287.0,0.358519,0.344045,11.0143,232.9234568,0.013462106,0.488536305
GJ 1148 c,GJ 1148,1,2,Radial Velocity,2017.0,532.58,1.484857005,0.912,0.342,,68.06,,3287.0,0.358519,0.344045,11.0143,99.37333194,0.013462106,0.016185396
GJ 1151 c,GJ 1151,1,1,Radial Velocity,2023.0,389.7,1.066893028,0.5714,,,10.62,,3280.0,0.1781,0.1639,8.03625,88.29724721,0.00329392,0.010088639
GJ 1214 b,GJ 1214,1,1,Transit,2009.0,1.580404531,0.004327819,0.01505,0.0062,2.733,8.41,2.270014857,3101.0,0.2162,0.182,14.6427,566.7256114,0.003878004,17.12124312
GJ 1252 b,GJ 1252,1,1,Transit,2020.0,0.5182331,0.0,,0.0,1.193,1.32,4.283553535,3458.0,0.391,0.381,20.373,,0.019612968,
GJ 1265 b,GJ 1265,1,1,Radial Velocity,2018.0,3.6511,0.009936879,0.026,0.04,,7.4,,3236.0,0.192,0.178,10.2525,424.0176472,0.003626823,5.365122755
GJ 1289 b,GJ 1289,1,1,Radial Velocity,2024.0,111.74,0.306151223,0.27,0.0,,6.27,,3296.0,,0.21,8.35147,0.0,0.0,0.0
GJ 143 b,GJ 143,1,2,Transit,2019.0,35.61253,0.098082548,0.1915,0.188,2.61,22.7,7.034867695,4640.0,0.695,0.73,16.32,426.2235798,0.20087754,5.477644269
GJ 15 A b,GJ 15 A,2,2,Radial Velocity,2014.0,11.4407,0.031340574,0.072,0.094,,3.03,,3607.0,0.38,0.38,3.56228,399.5610733,0.021930151,4.230353109
GJ 15 A c,GJ 15 A,2,2,Radial Velocity,2018.0,7600.0,20.35629994,5.4,0.27,,36.0,,3607.0,0.38,0.38,3.56228,46.13733864,0.021930151,0.000752063
GJ 160.2 b,GJ 160.2,1,1,Radial Velocity,2014.0,5.2354,0.014688899,0.053,0.06,,10.2,,4347.0,,0.69,25.8557,0.0,0.0,0.0
GJ 163 b,GJ 163,1,3,Radial Velocity,2013.0,8.63182,0.023632635,0.0607,0.073,,10.6,,,,,15.1285,0.0,0.0,0.0
GJ 163 c,GJ 163,1,3,Radial Velocity,2013.0,25.63058,0.070172704,0.1254,0.099,,6.8,,,,,15.1285,0.0,0.0,0.0
GJ 163 d,GJ 163,1,3,Radial Velocity,2013.0,603.95116,1.653528159,1.0304,0.373,,29.4,,,,,15.1285,0.0,0.0,0.0
GJ 179 b,GJ 179,1,1,Radial Velocity,2009.0,2288.0,6.261688454,2.41,0.21,,260.61,,3370.0,0.38,0.357,12.356,64.52450128,0.016710008,0.002877018
GJ 180 b,GJ 180,1,3,Radial Velocity,2014.0,17.133,0.042554698,0.092,0.07,,6.49,,,,0.43,11.9407,0.0,0.0,0.0
GJ 180 c,GJ 180,1,3,Radial Velocity,2014.0,24.329,0.07065621,0.129,0.09,,6.4,,3371.0,,0.43,11.9407,0.0,0.0,0.0
GJ 180 d,GJ 180,1,3,Radial Velocity,2020.0,106.3,0.261941006,0.309,0.14,,7.56,,,,0.43,11.9407,0.0,0.0,0.0
GJ 2030 b,GJ 2030,1,2,Radial Velocity,2022.0,2.38129,0.006398568,0.034,0.239,,4.76742611,,,,0.96,37.0788,0.0,0.0,0.0
GJ 2030 c,GJ 2030,1,2,Radial Velocity,2022.0,25533.11353,70.03486125,16.761,0.041,,4069.157095,,,,0.96,37.0788,0.0,0.0,0.0
GJ 2056 b,GJ 2056,1,1,Radial Velocity,2020.0,69.971,0.191198204,0.283,0.72,,16.2,,,,0.62,28.4434,0.0,0.0,0.0
GJ 2126 b,GJ 2126,1,1,Radial Velocity,2025.0,272.7,0.742046028,0.71,0.85,,413.1769291,,4159.0,0.728,0.65,38.129,203.0658598,0.142268348,0.282222473
GJ 229 A c,GJ 229,3,2,Radial Velocity,2020.0,121.93268,0.333532336,0.384,0.366,,8.58136699,,,,0.509,5.75624,0.0,0.0,0.0
GJ 229 b,GJ 229,3,2,Radial Velocity,2014.0,579.47495,1.586301908,1.086,0.404,,14.93793513,,,,0.509,5.75624,0.0,0.0,0.0
GJ 238 b,GJ 238,1,1,Transit,2024.0,1.7446999,0.004777081,0.02123,,0.566,,0.0,3485.0,0.4314,0.4193,15.2142,757.4942392,0.024629821,54.64636429
GJ 251 b,GJ 251,1,2,Radial Velocity,2020.0,14.237,0.038822457,0.0808,0.0,,3.85,,3342.0,0.36,0.35,5.58057,340.1445323,0.014505097,2.221763932
GJ 251 c,GJ 251,1,2,Radial Velocity,2025.0,53.647,0.14667297,0.196,0.0,,3.88,,3342.0,0.36,0.35,5.58057,218.3942193,0.014505097,0.377579573
GJ 27.1 b,GJ 27.1,1,1,Radial Velocity,2014.0,15.819,0.044090409,0.101,0.08,,13.0,,3542.0,,0.53,23.6062,0.0,0.0,0.0
GJ 273 b,GJ 273,1,2,Radial Velocity,2017.0,18.6498,0.051060577,0.091101,0.1,,2.89,,3382.0,0.293,0.29,5.921535,292.4538345,0.010076727,1.214152436
GJ 273 c,GJ 273,1,2,Radial Velocity,2017.0,4.7234,0.012931564,0.036467,0.17,,1.18,,3382.0,0.293,0.29,5.921535,462.2414358,0.010076727,7.577386321
GJ 3021 b,GJ 3021,2,1,Radial Velocity,2000.0,133.71,0.361553746,0.49,0.511,,1071.04,,5540.0,0.9,0.9,17.5559,362.0299148,0.684563797,2.85116117
GJ 3082 b,GJ 3082,1,1,Radial Velocity,2020.0,11.949,0.032388565,0.079,0.22,,8.2,,,,0.47,16.6186,0.0,0.0,0.0
GJ 3090 b,GJ 3090,1,2,Transit,2022.0,2.85310198,0.007797348,0.0316,0.25,2.18,4.52,2.403923001,3707.0,0.516,0.519,22.4751,722.2962734,0.045110703,45.17575632
GJ 3090 c,GJ 3090,1,2,Radial Velocity,2026.0,15.9407,0.043697748,0.0997,0.0,,10.0,,3707.0,0.516,0.519,22.4751,406.6411607,0.045110703,4.538259033
GJ 3138 b,GJ 3138,1,3,Radial Velocity,2017.0,1.22003,0.003350625,0.0197,0.19,,1.78,,3717.0,0.5,0.681,28.4712,902.933838,0.04281541,110.3234033
GJ 3138 c,GJ 3138,1,3,Radial Velocity,2017.0,5.974,0.016490686,0.057,0.11,,4.18,,3717.0,0.5,0.681,28.4712,530.8253002,0.04281541,13.17802696
GJ 3138 d,GJ 3138,1,3,Radial Velocity,2017.0,257.8,0.706658485,0.698,0.32,,10.5,,3717.0,0.5,0.681,28.4712,151.6915296,0.04281541,0.08787984
GJ 317 b,GJ 317,1,2,Radial Velocity,2007.0,695.69,1.914698365,1.138,0.0826,,536.494351,,3496.0,0.403,0.402,15.1968,100.3146344,0.021766351,0.016807422
GJ 317 c,GJ 317,1,2,Radial Velocity,2018.0,6500.0,17.84566673,5.04,0.217,,454.494622,,3496.0,0.403,0.402,15.1968,47.66725658,0.021766351,0.000856889
GJ 3222 b,GJ 3222,2,1,Radial Velocity,2022.0,10.66669,0.029098264,0.091,0.929,,11.44182265,,,,0.89,18.23817,0.0,0.0,0.0
GJ 328 b,GJ 328,1,2,Radial Velocity,2013.0,3771.0,10.33489466,4.11,0.227,,797.7493016,,3897.0,0.63,0.65,20.5266,73.56838938,0.082128251,0.004861933
GJ 328 c,GJ 328,1,2,Radial Velocity,2023.0,241.8,0.660528219,0.657,,,21.4,,3897.0,0.63,0.65,20.5266,184.0049365,0.082128251,0.190266283
GJ 3293 b,GJ 3293,1,4,Radial Velocity,2015.0,30.5987,0.083782565,0.14339,0.06,,23.54,,3466.0,0.404,0.42,20.1903,280.5248166,0.021133275,1.027848447
GJ 3293 c,GJ 3293,1,4,Radial Velocity,2015.0,122.6196,0.335728465,0.36175,0.11,,21.09,,3466.0,0.404,0.42,20.1903,176.614538,0.021133275,0.161491524
GJ 3293 d,GJ 3293,1,4,Radial Velocity,2017.0,48.1345,0.131788174,0.19394,0.12,,7.6,,3466.0,0.404,0.42,20.1903,241.2109527,0.021133275,0.561865067
GJ 3293 e,GJ 3293,1,4,Radial Velocity,2017.0,13.2543,0.036285355,0.08208,0.21,,3.28,,3466.0,0.404,0.42,20.1903,370.7763678,0.021133275,3.1368382
GJ 3323 b,GJ 3323,1,2,Radial Velocity,2017.0,5.3636,0.014682024,0.03282,0.23,,2.02,,3159.0,0.119,0.164,5.37484,290.0449423,0.001265267,1.174640912
GJ 3323 c,GJ 3323,1,2,Radial Velocity,2017.0,40.54,0.110968237,0.1264,0.17,,2.31,,3159.0,0.119,0.164,5.37484,147.7954446,0.001265267,0.079193243
GJ 3341 b,GJ 3341,1,1,Radial Velocity,2015.0,14.207,0.038728982,0.089,0.31,,6.6,,3526.0,0.439,0.47,23.619,377.5991808,0.026726871,3.374178929
GJ 338 B b,GJ 338 B,2,1,Radial Velocity,2020.0,24.422,0.066887125,0.142,0.109,,10.6,,4014.0,0.58,0.64,6.33256,391.1638134,0.078352942,3.885783689
GJ 341 b,GJ 341,1,1,Transit,2025.0,7.57686,0.0,,0.0,0.88,4.0,32.34175432,3770.0,0.5066,0.48,10.454,,0.046514207,
GJ 3470 b,GJ 3470,1,1,Radial Velocity,2012.0,3.3366496,0.009110624,0.0355,,4.57,13.9,0.802449663,3600.0,0.547,0.539,29.4214,681.3864077,0.045089405,35.77814333
GJ 3473 b,GJ 3473,2,2,Transit,2020.0,1.1980035,0.003338371,0.01589,0.0,1.264,1.86,5.074851299,3347.0,0.364,0.36,27.3644,772.4243111,0.014918167,59.08369836
GJ 3473 c,GJ 3473,2,2,Radial Velocity,2020.0,15.509,0.043212054,0.0876,0.0,,7.41,,3347.0,0.364,0.36,27.3644,328.9772226,0.014918167,1.944049211
GJ 3512 b,GJ 3512,1,2,Radial Velocity,2019.0,203.109,0.55930809,0.3376,0.4279,,146.5188956,,3141.0,0.139,0.123,9.48637,97.1819471,0.001687296,0.014804247
GJ 3512 c,GJ 3512,1,2,Radial Velocity,2020.0,2354.0,6.493712338,1.731,0.089,,143.9762684,,3141.0,0.139,0.123,9.48637,42.91788198,0.001687296,0.000563115
GJ 357 b,GJ 357,1,3,Transit,2019.0,3.9306,0.011679942,0.036,,1.2,,0.0,3505.0,0.337,0.342,9.44181,517.0865018,0.015378067,11.86579222
GJ 357 c,GJ 357,1,3,Radial Velocity,2019.0,9.1247,0.025762126,0.061,,,3.4,,3505.0,0.337,0.342,9.44181,397.2368541,0.015378067,4.132777942
GJ 357 d,GJ 357,1,3,Radial Velocity,2019.0,55.661,0.157555003,0.204,,,6.1,,3505.0,0.337,0.342,9.44181,217.2197791,0.015378067,0.369522941
GJ 3634 b,GJ 3634,1,1,Radial Velocity,2010.0,2.64561,0.007247973,0.0287,0.08,,8.4,,,0.43,0.45,20.3779,0.0,0.0,0.0
GJ 367 b,GJ 367,1,3,Transit,2021.0,0.3219225,0.000885042,0.00709,0.06,0.699,0.633,10.21230511,3522.0,0.458,0.455,9.41263,1364.930227,0.028958643,576.0839054
GJ 367 c,GJ 367,1,3,Radial Velocity,2023.0,11.5301,0.0,,0.09,,4.13,,3522.0,0.458,0.455,9.41263,,0.028958643,
GJ 367 d,GJ 367,1,3,Radial Velocity,2023.0,34.369,0.0,,0.14,,6.03,,3522.0,0.458,0.455,9.41263,,0.028958643,
GJ 3779 b,GJ 3779,1,1,Radial Velocity,2018.0,3.0232,0.008068228,0.026,0.07,,8.0,,3324.0,0.281,0.27,13.743,526.9130802,0.008648615,12.79380875
GJ 3929 b,GJ 3929,1,2,Transit,2022.0,2.616235,0.007150372,0.0252,0.0,1.09,1.75,7.445779206,3384.0,0.32,0.313,15.8095,581.4555922,0.012047896,18.97187011
GJ 3929 c,GJ 3929,1,2,Radial Velocity,2022.0,15.04,0.041205516,0.081,0.0,,5.71,,3384.0,0.32,0.313,15.8095,324.3204341,0.012047896,1.83628965
GJ 393 b,GJ 393,1,1,Radial Velocity,2021.0,7.02679,0.019236545,0.05402,,,1.71,,3579.0,0.426,0.426,7.03149,484.6192784,0.026715041,9.154754069
GJ 3942 b,GJ 3942,1,1,Radial Velocity,2017.0,6.905,0.018887962,0.0608,0.121,,7.14,,3867.0,0.61,0.63,16.9287,590.6072564,0.074652818,20.19477644
GJ 3988 b,GJ 3988,1,1,Radial Velocity,2023.0,6.9442,0.018990558,0.0405,0.0,,3.69,,3273.0,0.19734,0.1842,9.9105,348.3674217,0.004009628,2.444522689
GJ 3998 b,GJ 3998,1,3,Radial Velocity,2016.0,2.65033,0.007205767,0.03,0.0,,2.5,,3726.0,0.5,0.52,18.1459,733.4638335,0.043231595,48.03510578
GJ 3998 c,GJ 3998,1,3,Radial Velocity,2016.0,13.727,0.037442263,0.09,0.0,,6.82,,3726.0,0.5,0.52,18.1459,423.4655417,0.043231595,5.337233976
GJ 3998 d,GJ 3998,1,3,Radial Velocity,2025.0,41.78,0.113943888,0.189,0.0,,6.07,,3726.0,0.5,0.52,18.1459,292.2189859,0.043231595,1.210257137
GJ 411 b,GJ 411,1,2,Radial Velocity,2019.0,12.9394,0.035418489,0.07879,0.063,,2.69,,3719.0,0.3685,0.3899,5.675773,387.8116514,0.023306097,3.754285939
GJ 414 A b,GJ 414 A,2,2,Radial Velocity,2021.0,50.8,0.138962464,0.2324,0.45,2.63,7.6,2.301960916,4120.0,0.68,0.65,11.8893,339.8169903,0.1195354,2.213218502
GJ 414 A c,GJ 414 A,2,2,Radial Velocity,2021.0,749.83,2.05463828,1.4,0.105,8.4,53.83,0.500423989,4120.0,0.68,0.65,11.8893,138.4519679,0.1195354,0.060987449
GJ 422 b,GJ 422,1,1,Radial Velocity,2014.0,20.129,0.062510136,0.111,0.11,,11.07,,,,0.35,12.6631,0.0,0.0,0.0
GJ 4274 b,GJ 4274,1,2,Radial Velocity,2026.0,1.6339,0.004460678,0.0153,,,2.97,,3228.0,0.19,0.18,7.23556,548.4993152,0.003516666,15.02271037
GJ 4274 c,GJ 4274,1,2,Radial Velocity,2026.0,69.57,0.189074588,0.186,,,8.39,,3228.0,0.19,0.18,7.23556,157.3132607,0.003516666,0.101649505
GJ 4276 b,GJ 4276,1,1,Radial Velocity,2019.0,13.352,0.03685172,0.082,0.37,,16.57,,3387.0,0.407,0.406,21.3362,363.8454545,0.019558676,2.908785859
GJ 433 b,GJ 433,1,3,Radial Velocity,2011.0,7.3705,0.022282654,0.062,0.04,,6.043,,,,0.48,9.06456,0.0,0.0,0.0
GJ 433 c,GJ 433,1,3,Radial Velocity,2014.0,5094.105,15.26914681,4.819,0.12,,32.422,,,,0.48,9.06456,0.0,0.0,0.0
GJ 433 d,GJ 433,1,3,Radial Velocity,2020.0,36.059,0.108395034,0.178,0.07,,5.223,,,,0.48,9.06456,0.0,0.0,0.0
GJ 436 b,GJ 436,1,1,Radial Velocity,2004.0,2.64388312,0.007240867,0.0291,0.13827,4.17,22.1,1.67932869,,0.455,0.47,9.75321,0.0,0.0,0.0
GJ 463 b,GJ 463,1,1,Radial Velocity,2022.0,3459.0,9.513578881,3.53,0.146,,524.0990431,,3563.0,0.483,0.486,18.3554,63.54970131,0.033732412,0.002707061
GJ 480 b,GJ 480,1,1,Radial Velocity,2020.0,9.567,0.026433649,0.068,0.1,,13.2,,,,0.45,14.2358,0.0,0.0,0.0
GJ 486 b,GJ 486,1,1,Radial Velocity,2021.0,1.46712127,0.004017343,0.01714,0.00086,1.289,2.77,7.126439718,3317.0,0.3243,0.312,8.07426,695.7048255,0.011422617,38.88158837
GJ 504 b,GJ 504,1,1,Imaging,2013.0,,259.7490513,43.5,,,1271.3,,6234.0,,1.22,17.5299,0.0,0.0,0.0
GJ 508.2 b,GJ 508.2,1,1,Radial Velocity,2025.0,5300.0,14.53502316,4.85,0.27,,587.982553,,3720.0,0.53,0.54,16.6374,59.29546566,0.048262893,0.002051776
GJ 514 b,GJ 514,1,1,Radial Velocity,2022.0,140.43,0.383869484,0.422,0.45,,5.2,,3728.0,0.5,0.51,7.61778,195.6663569,0.043324491,0.243281212
GJ 536 b,GJ 536,1,2,Radial Velocity,2016.0,8.70874,0.023760071,0.0668,0.0,,6.37,,3641.0,0.529,0.528,10.4092,494.0509768,0.044124918,9.888512909
GJ 536 c,GJ 536,1,2,Radial Velocity,2025.0,32.761,0.089484552,0.1617,0.0,,5.89,,3641.0,0.529,0.528,10.4092,317.5447842,0.044124918,1.687578058
GJ 581 b,GJ 581,1,3,Radial Velocity,2005.0,5.3686,0.014673994,0.0399,0.0342,,20.5,,3500.0,0.302,0.295,6.2981,464.2977153,0.012279365,7.7131206
GJ 581 c,GJ 581,1,3,Radial Velocity,2007.0,12.9211,0.03542221,0.0718,0.032,,6.81,,3500.0,0.302,0.295,6.2981,346.1152798,0.012279365,2.381919198
GJ 581 e,GJ 581,1,3,Radial Velocity,2009.0,3.1481,0.008621709,0.02799,0.012,,2.48,,3500.0,0.302,0.295,6.2981,554.3468004,0.012279365,15.67364898
GJ 625 b,GJ 625,1,1,Radial Velocity,2017.0,14.628,0.040048783,0.078361,0.13,,2.82,,3499.0,0.31,0.3,6.47249,335.572438,0.012923764,2.104694511
GJ 649 b,GJ 649,1,1,Radial Velocity,2009.0,600.1,1.641995992,1.112,0.083,,81.99972901,,3734.0,0.5,0.51,10.3796,120.7308896,0.043604079,0.03526286
GJ 667 C b,GJ 667 C,3,5,Radial Velocity,2012.0,7.203,0.019720739,,0.2,,,,,,,7.24396,,0.0,
GJ 667 C c,GJ 667 C,3,5,Radial Velocity,2013.0,28.14,0.076932182,0.125,0.02,,3.8,,3350.0,,0.33,7.24396,0.0,0.0,0.0
GJ 667 C e,GJ 667 C,3,5,Radial Velocity,2013.0,62.24,0.171124596,0.213,0.02,,2.7,,3350.0,,0.33,7.24396,0.0,0.0,0.0
GJ 667 C f,GJ 667 C,3,5,Radial Velocity,2013.0,39.026,0.107258058,0.156,0.03,,2.7,,3350.0,,0.33,7.24396,0.0,0.0,0.0
GJ 667 C g,GJ 667 C,3,5,Radial Velocity,2013.0,256.2,0.708111336,0.549,0.08,,4.6,,3350.0,,0.33,7.24396,0.0,0.0,0.0
GJ 674 b,GJ 674,1,1,Radial Velocity,2007.0,4.6938,0.013018558,0.039,0.2,,11.09,,3600.0,,0.35,4.54896,0.0,0.0,0.0
GJ 676 A b,GJ 676 A,2,4,Radial Velocity,2010.0,1051.44521,2.888431364,1.735,0.319,,1840.862133,,,,0.626,16.0272,0.0,0.0,0.0
GJ 676 A c,GJ 676 A,2,4,Radial Velocity,2016.0,13921.42302,38.3366563,9.726,0.295,,4288.140867,,,,0.626,16.0272,0.0,0.0,0.0
GJ 676 A d,GJ 676 A,2,4,Radial Velocity,2012.0,3.60076,0.009734412,0.039,0.192,,3.81394088,,,,0.626,16.0272,0.0,0.0,0.0
GJ 676 A e,GJ 676 A,2,4,Radial Velocity,2012.0,35.47358,0.097326408,0.181,0.152,,6.67439655,,,,0.626,16.0272,0.0,0.0,0.0
GJ 680 b,GJ 680,2,1,Radial Velocity,2022.0,17281.66514,47.80199356,10.138,0.381,,7977.493016,,,,0.456,9.67315,0.0,0.0,0.0
GJ 682 b,GJ 682,1,2,Radial Velocity,2014.0,17.478,0.043546484,0.08,0.08,,4.4,,3028.0,,0.27,5.00671,0.0,0.0,0.0
GJ 682 c,GJ 682,1,2,Radial Velocity,2014.0,57.32,0.142097723,0.176,0.1,,8.7,,3028.0,,0.27,5.00671,0.0,0.0,0.0
GJ 685 b,GJ 685,1,1,Radial Velocity,2019.0,24.16,0.066438154,0.1344,0.0,,9.0,,3816.0,0.54,0.55,14.3155,368.8222307,0.055476727,3.071229681
GJ 687 b,GJ 687,1,2,Radial Velocity,2014.0,38.142,0.104052234,0.163,0.17,,17.2,,,,0.4,4.54939,0.0,0.0,0.0
GJ 687 c,GJ 687,1,2,Radial Velocity,2020.0,727.562,1.988194611,1.165,0.4,,16.0,,,,0.4,4.54939,0.0,0.0,0.0
GJ 720 A b,GJ 720 A,2,1,Radial Velocity,2021.0,19.466,0.054372965,0.119,0.12,,13.64,,3837.0,0.56,0.57,15.5575,401.3505021,0.060986414,4.306646031
GJ 724 b,GJ 724,1,1,Radial Velocity,2023.0,5.101284,0.013967474,0.04685,0.577,,10.75,,3799.0,0.52226,0.5271,16.9658,611.6026476,0.050973042,23.22316258
GJ 740 b,GJ 740,1,1,Radial Velocity,2021.0,2.37756,0.006484597,0.029,0.24,,2.96,,3913.0,0.56,0.58,11.1017,829.117995,0.065963744,78.43489144
GJ 806 b,GJ 806,1,2,Transit,2023.0,0.9263237,0.002594197,0.01406,,1.331,1.9,4.439877967,3600.0,0.4144,0.413,12.0445,942.3911357,0.025878515,130.9087588
GJ 806 c,GJ 806,1,2,Radial Velocity,2023.0,6.64064,0.018611334,0.0523,,,5.8,,3600.0,0.4144,0.413,12.0445,488.6219902,0.025878515,9.46097661
GJ 832 b,GJ 832,1,1,Radial Velocity,2008.0,3853.0,10.6095345,3.7,0.05,,314.6501229,,,,0.45,4.96435,0.0,0.0,0.0
GJ 849 b,GJ 849,1,2,Radial Velocity,2006.0,1925.31,5.267756849,2.32,0.029,,283.8207675,,3467.0,0.45,0.45,8.80058,73.625386,0.026250057,0.004877017
GJ 849 c,GJ 849,1,2,Radial Velocity,2014.0,5990.0,16.41729271,4.95,0.092,,314.6501229,,3467.0,0.45,0.45,8.80058,50.40446131,0.026250057,0.001071322
GJ 86 b,GJ 86,2,1,Radial Velocity,1999.0,15.76491,0.037830977,0.11,0.04,,1404.8086,,5182.0,0.77,0.93,10.7836,661.0859196,0.383584399,31.70118996
GJ 876 b,GJ 876,1,4,Radial Velocity,1998.0,61.1166,0.168078468,0.208317,0.0324,,723.2235,,,0.3,0.32,4.67517,0.0,0.0,0.0
GJ 876 c,GJ 876,1,4,Radial Velocity,2000.0,30.0881,0.082467389,0.12959,0.25591,,226.9846,,,0.3,0.32,4.67517,0.0,0.0,0.0
GJ 876 d,GJ 876,1,4,Radial Velocity,2005.0,1.93778,0.005305524,0.02080665,0.207,,6.83,,,0.3,0.32,4.67517,0.0,0.0,0.0
GJ 876 e,GJ 876,1,4,Radial Velocity,2010.0,124.26,0.341687881,0.3343,0.055,,14.6,,,0.3,0.32,4.67517,0.0,0.0,0.0
GJ 887 b,GJ 887,1,4,Radial Velocity,2020.0,9.2619,0.025370467,0.0683,0.14,,3.9,,3688.0,0.468,0.495,3.28679,465.4949413,0.036353414,7.792984246
GJ 887 c,GJ 887,1,4,Radial Velocity,2020.0,21.784,0.059824001,0.121,0.17,,6.5,,3688.0,0.468,0.495,3.28679,349.7297942,0.036353414,2.48298711
GJ 887 d,GJ 887,1,4,Radial Velocity,2026.0,50.77,0.138739841,0.212,,,6.1,,3688.0,0.468,0.495,3.28679,264.2149497,0.036353414,0.808860232
GJ 887 e,GJ 887,1,4,Radial Velocity,2026.0,4.4249,0.012103235,0.0417,,,1.46,,3688.0,0.468,0.495,3.28679,595.7407256,0.036353414,20.90610348
GJ 896 A b,GJ 896 A,2,1,Astrometry,2022.0,284.39,0.774774542,0.63965,0.35,,718.2921998,,,,0.43599,6.26022,0.0,0.0,0.0
GJ 900 b,GJ 900 A,3,1,Imaging,2024.0,,1264911.064,12000.0,,,3496.112477,,,,1.08,20.8065,0.0,0.0,0.0
GJ 9066 c,GJ 9066,1,1,Radial Velocity,2020.0,771.36,2.131465849,0.88,0.46,,66.74396547,,3154.0,0.164,0.15,4.471,65.65287599,0.002387945,0.003083607
GJ 9404 b,GJ 9404,1,1,Radial Velocity,2023.0,13.4586,0.03677661,0.0943,0.49,,11.9,,,,0.62,23.8839,0.0,0.0,0.0
GJ 96 b,GJ 96,1,1,Radial Velocity,2018.0,73.94,0.202658049,0.291,0.44,,19.66,,3785.0,,0.6,11.9315,0.0,0.0,0.0
GJ 9689 b,GJ 9689,1,1,Radial Velocity,2020.0,18.27,0.050044872,0.1139,0.29,,9.65,,3836.0,0.57,0.59,30.6203,413.7763296,0.063118106,4.865265077
GJ 9714 b,GJ 9714,1,1,Radial Velocity,2022.0,19240.75467,52.82333069,12.319,0.155,,2988.540511,,,,0.67,20.5121,0.0,0.0,0.0
GJ 9773 b,GJ 9773,1,1,Radial Velocity,2025.0,2965.0,8.343645085,2.921,0.218,,172.580825,,3528.0,0.362,0.358,15.9211,59.88644896,0.01821467,0.002134805
GJ 9827 b,GJ 9827,1,3,Transit,2017.0,1.208974,0.00329987,0.0189,,1.44,4.28,7.897832004,4236.0,0.58,0.62,29.661,1131.489491,0.097178377,272.0483113
GJ 9827 c,GJ 9827,1,3,Transit,2017.0,3.648103,0.009970107,0.0395,,1.13,1.86,7.102793893,4236.0,0.58,0.62,29.661,782.6775539,0.097178377,62.28385021
GJ 9827 d,GJ 9827,1,3,Transit,2017.0,6.20183,0.015495941,0.053,,1.98,3.02,2.143694882,4236.0,0.58,0.62,29.661,675.6837774,0.097178377,34.59536393
GPX-1 b,GPX-1,1,1,Transit,2021.0,1.744579,0.004794247,0.0338,0.0,16.47720163,6261.219618,7.711878305,7000.0,1.56,1.68,655.013,2293.049699,5.242412696,4588.786016
GQ Lup b,GQ Lup,1,1,Imaging,2004.0,,1195.228609,100.0,,33.6,6356.0,0.923246469,,,0.7,151.169,0.0,0.0,0.0
GSC 06214-00210 b,GSC 06214-00210,1,1,Imaging,2010.0,,6033.977866,320.0,,,5000.0,,4200.0,,0.9,108.5,0.0,0.0,0.0
GU Psc b,GU Psc,1,1,Imaging,2014.0,,156892.9081,2000.0,,14.179,3591.3,6.941710166,,,0.325,47.5501,0.0,0.0,0.0
Gaia-1 b,Gaia-1,1,1,Transit,2022.0,3.052524,0.008357314,0.04047,,13.77583728,533.9517238,1.125381001,5470.0,0.952,0.949,363.66,1279.236012,0.727969279,444.4742884
Gaia-2 b,Gaia-2,1,1,Transit,2022.0,3.6915224,0.010091955,0.0467,,14.81827249,259.6658085,0.439717385,5720.0,1.064,1.0,209.229,1316.497022,1.087319611,498.5669204
Gaia-4 b,Gaia-4,1,1,Astrometry,2025.0,571.3,0.0,,0.338,,3750.375203,,4034.0,0.624,0.644,73.4829,,0.092512966,
Gaia-5 b,Gaia-5,1,1,Astrometry,2025.0,358.62,0.0,,0.6423,,6633.078854,,3447.0,0.345,0.339,41.1813,,0.015076245,
Gaia22dkvL b,Gaia22dkvL,1,1,Microlensing,2024.0,,1.548065422,1.4,,,187.8365885,,,,1.145,1270.0,0.0,0.0,0.0
Gl 378 b,Gl 378,1,1,Radial Velocity,2019.0,3.822,0.010464748,0.039435,0.109,,13.02,,3879.0,0.56,0.56,14.9545,704.8299485,0.06370082,40.96201687
Gl 410 b,Gl 410,1,1,Radial Velocity,2025.0,6.02,0.016499107,0.0531,,,8.4,,3842.0,0.543,0.55,11.9324,592.4087894,0.057639334,20.44230714
Gl 49 b,Gl 49,2,1,Radial Velocity,2019.0,13.8508,0.037937548,0.0905,0.363,,5.63,,3805.0,0.511,0.515,9.8528,435.965678,0.049107779,5.995882814
Gl 686 b,Gl 686,1,1,Radial Velocity,2018.0,15.53,0.04205884,0.091,0.05,,6.624,,3656.0,0.427,0.426,8.15728,381.8659252,0.029226065,3.529291772
Gl 725 A b,Gl 725 A,2,1,Radial Velocity,2025.0,11.2201,0.030867851,0.068,0.0,,2.78,,3433.0,0.351,0.33,3.5214,376.08359,0.015353214,3.320331696
Gliese 12 b,Gliese 12,1,1,Transit,2024.0,12.761408,0.035139539,0.0668,0.5,0.958,3.87,24.25303182,3296.0,0.2617,0.2414,12.21,314.5663852,0.007251805,1.62514899
HAT-P-1 b,HAT-P-1,2,1,Transit,2006.0,4.46529976,0.01222339,0.05561,,14.784671,166.86075,0.284492483,5980.0,1.174,1.151,158.979,1324.86084,1.581360111,511.3579233
HAT-P-11 b,HAT-P-11,1,2,Transit,2008.0,4.888,0.013388146,0.05258,0.251,,23.51930212,,,,0.811,37.7647,0.0,0.0,0.0
HAT-P-11 c,HAT-P-11,1,2,Radial Velocity,2018.0,3361.0,9.218608212,4.1,0.652,,851.7801308,,,,0.811,37.7647,0.0,0.0,0.0
HAT-P-12 b,HAT-P-12,1,1,Transit,2009.0,3.2130598,0.008789109,0.0384,0.0,10.749,67.059,0.297511997,4650.0,0.701,0.733,142.751,957.9830573,0.206128336,139.7897244
HAT-P-13 b,HAT-P-13,1,2,Transit,2009.0,2.91625,0.007984257,,0.0133,14.258,270.462,0.514140745,,,,246.81,,0.0,
HAT-P-13 c,HAT-P-13,1,2,Radial Velocity,2009.0,446.27,1.221820671,,0.6616,,4538.421,,,,,246.81,,0.0,
HAT-P-14 b,HAT-P-14,2,1,Transit,2010.0,4.62767,0.0,,0.11,15.91678,1093.3352,1.493961098,6600.0,1.82,2.65,222.663,,5.639081458,
HAT-P-15 b,HAT-P-15,1,1,Transit,2010.0,10.8635,0.0,,0.19,11.88154,616.5902,2.02548958,5568.0,1.07,1.0,192.516,,0.987311764,
HAT-P-16 b,HAT-P-16,3,1,Transit,2010.0,,0.0,,,14.68376472,,0.0,,,,226.637,,0.0,
HAT-P-17 b,HAT-P-17,1,2,Transit,2010.0,10.33852,0.0,,0.35,11.76945,184.3414,0.62302572,5246.0,0.87,0.99,92.3831,,0.514329578,
HAT-P-17 c,HAT-P-17,1,2,Radial Velocity,2010.0,5584.0,13.81618459,5.6,0.39,,1080.6,,5336.96,0.838682,0.92,92.3831,99.58870247,0.511988594,0.016326167
HAT-P-18 b,HAT-P-18,1,1,Transit,2010.0,5.508023,0.015061643,0.0559,0.084,11.153,62.61,0.248668169,4803.0,0.749,0.77,161.4,847.7329624,0.267857513,85.71961586
HAT-P-19 b,HAT-P-19,1,1,Transit,2010.0,4.00878322,0.010978888,0.04599,,11.29865255,88.03846874,0.336313359,4962.0,0.773,0.807,202.078,980.9034922,0.3249944,153.6558355
HAT-P-2 b,HAT-P-2,1,2,Transit,2007.0,5.6335158,0.015423302,0.06814,0.5172,,2739.6946,,6380.0,1.39,1.33,127.774,1389.435826,2.87211725,618.5828952
HAT-P-2 c,HAT-P-2,1,2,Radial Velocity,2023.0,8500.0,0.0,,0.37,,3400.763955,,,,1.33,127.774,,0.0,
HAT-P-20 b,HAT-P-20,1,1,Transit,2010.0,2.875317,0.007888599,0.0361,0.015,9.718,2302.899,13.82597623,4595.0,0.694,0.756,71.0374,971.4559858,0.192641945,147.8211069
HAT-P-21 b,HAT-P-21,1,1,Transit,2010.0,4.12448,0.0,,0.23,12.44199,1547.8321,4.427982585,5588.0,1.21,1.24,277.278,,1.280814337,
HAT-P-22 b,HAT-P-22,2,1,Transit,2010.0,3.21222,0.0,,0.02,12.89035,785.0401,2.019525361,5302.0,1.11,1.13,81.7647,,0.873563945,
HAT-P-23 b,HAT-P-23,1,1,Transit,2010.0,1.212884,0.003324243,0.0232,0.106,15.334,664.237,1.015098733,5905.0,1.203,1.13,364.813,2050.313172,1.578704011,2933.085633
HAT-P-24 b,HAT-P-24,2,1,Transit,2010.0,3.35524,0.0,,0.07,14.5717,238.3725,0.424499405,6373.0,1.38,1.37,415.344,,2.818536717,
HAT-P-25 b,HAT-P-25,1,1,Transit,2010.0,3.65281514,0.009999738,0.0466,0.023,12.722215,180.84527,0.483916646,5519.0,0.919,1.012,300.384,1181.780093,0.703011532,323.7357162
HAT-P-26 b,HAT-P-26,1,1,Transit,2010.0,4.23452,0.0,,0.12,7.06167,22.2481,0.348114626,5079.0,0.87,1.12,141.837,,0.451898819,
HAT-P-27 b,HAT-P-27,2,1,Transit,2011.0,3.039577,0.008358768,0.04,0.0,11.43,197.05,0.727091968,5316.0,0.864673,0.916,199.173,1191.769877,0.535714665,334.8216656
HAT-P-28 b,HAT-P-28,1,1,Transit,2011.0,3.257215,0.008930436,0.0434,0.051,13.585,198.953,0.437243299,5680.0,1.103,1.025,401.319,1380.710749,1.136146193,603.190869
HAT-P-29 b,HAT-P-29,2,1,Transit,2011.0,5.72319,0.0,,0.09,13.11453,279.6904,0.683236354,6087.0,1.3,1.45,313.576,,2.081563968,
HAT-P-3 b,HAT-P-3,2,1,Transit,2007.0,2.8997,0.0,,0.0,10.53646,206.5895,0.973140786,5185.0,0.87,1.06,134.554,,0.490821296,
HAT-P-30 b,HAT-P-30,2,1,Transit,2011.0,2.8106,0.0,,0.04,16.14096,263.7989,0.345649948,6304.0,1.31,1.55,213.985,,2.431628692,
HAT-P-31 b,HAT-P-31,1,1,Transit,2011.0,5.00542,0.0,,0.25,12.21781,721.4741,2.179677507,6065.0,1.39,1.31,344.05,,2.345539069,
HAT-P-32 b,HAT-P-32,2,1,Transit,2011.0,2.1500082,0.005884643,0.03397,0.159,22.19382,216.1244,0.108932939,6001.0,1.367,1.132,289.205,1835.572697,2.174309614,1884.214287
HAT-P-33 b,HAT-P-33,2,1,Transit,2011.0,3.47447,0.0,,0.0,20.73665,292.4036,0.180683511,6446.0,1.79,1.82,396.11,,4.963146751,
HAT-P-34 b,HAT-P-34,1,1,Transit,2011.0,5.452654,0.014943357,0.06774,0.432,13.417173,1058.3739,2.414391322,6442.0,1.53,1.392,249.325,1476.23439,3.617059006,788.2522316
HAT-P-35 b,HAT-P-35,3,1,Transit,2011.0,3.646706,0.009990175,0.04978,0.02,14.930388,335.62848,0.555644632,6096.0,1.435,1.236,506.965,1578.174208,2.55137024,1029.588542
HAT-P-36 b,HAT-P-36,1,1,Transit,2011.0,1.32734683,0.003686438,0.0241,,14.313893,587.413406,1.103626585,5620.0,1.041,1.03,294.419,1781.002945,0.969921466,1669.946224
HAT-P-37 b,HAT-P-37,1,1,Transit,2011.0,2.797436,0.007655102,0.0379,0.058,13.204,371.528,0.889255585,5500.0,0.877,0.929,390.594,1275.71705,0.631451203,439.6037361
HAT-P-38 b,HAT-P-38,1,1,Transit,2012.0,4.640382,0.012706785,0.0523,0.067,9.247,84.857,0.591339241,5330.0,0.923,0.886,255.206,1079.664182,0.616881986,225.527087
HAT-P-39 b,HAT-P-39,2,1,Transit,2012.0,3.54387,0.009691547,0.0509,0.0,17.609,190.372,0.192110274,6430.0,1.625,1.404,697.004,1751.823077,4.049864308,1563.165307
HAT-P-4 b,HAT-P-4,2,1,Transit,2007.0,3.056536,0.008369002,0.04438,0.0,14.28,213.255,0.403521054,5860.0,1.596,1.248,320.451,1694.462216,2.694921307,1368.269015
HAT-P-40 b,HAT-P-40,1,1,Transit,2012.0,4.45724,0.0,,0.0,17.03768,152.5584,0.169963769,6080.0,1.94,1.03,464.469,,4.614319125,
HAT-P-41 b,HAT-P-41,2,1,Transit,2012.0,2.69405,0.0,,0.0,22.97845,378.2177,0.171763649,6390.0,2.05,2.56,348.185,,6.286385427,
HAT-P-42 b,HAT-P-42,1,1,Transit,2012.0,4.641878,0.012703668,0.0575,0.0,14.348,331.801,0.618949456,5743.0,1.53,1.178,405.238,1428.440279,2.284693661,691.0226574
HAT-P-43 b,HAT-P-43,1,1,Transit,2012.0,3.3326414,0.009218406,0.0444,,13.63,,0.0,5693.0,1.08,1.03,528.825,1353.857812,1.09926423,557.6171931
HAT-P-44 b,HAT-P-44,1,2,Transit,2014.0,4.301219,0.011762144,0.0507,0.044,13.922,111.871,0.228435834,5295.0,0.949,0.942,347.85,1104.603893,0.635164377,247.0985597
HAT-P-44 c,HAT-P-44,1,2,Radial Velocity,2014.0,872.2,2.389327608,1.752,0.494,,1271.3,,5295.0,0.949,0.942,347.85,187.9072334,0.635164377,0.206927366
HAT-P-45 b,HAT-P-45,1,1,Transit,2014.0,3.128992,0.008564357,0.0452,0.049,15.984,283.492,0.382504011,6330.0,1.319,1.259,298.64,1648.801481,2.506076252,1226.640816
HAT-P-46 b,HAT-P-46,1,1,Transit,2014.0,4.463129,0.012231542,0.0577,0.123,14.392,156.684,0.289609496,6120.0,1.396,1.284,290.736,1451.502216,2.452823933,736.7408466
HAT-P-49 b,HAT-P-49,1,1,Transit,2014.0,2.69155,0.0,,0.0,17.82231,699.226,0.680576873,6820.0,2.06,2.22,350.351,,8.236861989,
HAT-P-5 b,HAT-P-5,1,1,Transit,2007.0,2.78849,0.0,,0.0,13.56289,311.4734,0.687885007,5960.0,1.12,1.04,303.336,,1.420073863,
HAT-P-50 b,HAT-P-50,1,1,Transit,2015.0,3.1220109,0.008545414,0.0453,0.115,14.437192,429.0705,0.785655325,6280.0,1.698,1.273,515.458,1853.919465,4.023498064,1960.683042
HAT-P-51 b,HAT-P-51,1,1,Transit,2015.0,4.21802091,0.011548952,0.05042,,13.50682174,97.57332095,0.218184141,5453.0,0.995,0.961,440.089,1168.038334,0.785376681,308.9387034
HAT-P-52 b,HAT-P-52,1,1,Transit,2015.0,2.7535953,0.007538475,0.03694,0.047,11.309881,259.98494,0.990206298,5131.0,0.893,0.887,361.155,1216.440237,0.495907671,363.4185106
HAT-P-53 b,HAT-P-53,1,1,Transit,2015.0,1.9616241,0.005370496,0.03159,0.134,14.773462,471.65972,0.80599723,5956.0,1.209,1.093,666.802,1776.660738,1.650293572,1653.719914
HAT-P-54 b,HAT-P-54,1,1,Transit,2015.0,3.799847,0.010401392,0.04117,0.074,10.581296,241.5508,1.12342346,4390.0,0.617,0.645,143.651,819.4607321,0.126858116,74.84391985
HAT-P-55 b,HAT-P-55,1,1,Transit,2015.0,3.5852313,0.009819593,0.04628,,14.84069045,189.4257306,0.319321566,5804.0,1.105,1.028,511.388,1367.48744,1.243151393,580.4132531
HAT-P-56 b,HAT-P-56,1,1,Transit,2015.0,2.79083,0.0,,,16.92559,734.1873,0.834309171,6566.0,1.47,1.42,320.639,,3.603529096,
HAT-P-57 b,HAT-P-57,3,1,Transit,2015.0,2.4653,0.0,,0.0,19.50366,448.1403,0.332826001,6330.0,1.85,2.77,279.86,,4.930013935,
HAT-P-58 b,HAT-P-58,1,1,Transit,2021.0,4.0138379,0.010991159,0.04994,0.073,14.93036229,118.2321674,0.19573848,6078.0,1.53,1.031,515.59,1622.159748,2.866259417,1149.260337
HAT-P-59 b,HAT-P-59,1,1,Transit,2021.0,4.1419771,0.011350377,0.05064,0.03,12.58768533,489.4557468,1.352157862,5678.0,1.1038,1.008,265.471,1278.218836,1.136193191,443.0622903
HAT-P-6 b,HAT-P-6,1,1,Transit,2007.0,3.85298,0.0,,0.0,16.58932,419.5356,0.506331171,6570.0,1.62,1.79,275.358,,4.387138623,
HAT-P-60 b,HAT-P-60,1,1,Transit,2021.0,4.7947813,0.013128111,0.06277,0.25,18.28184752,182.4335056,0.164511384,6212.0,2.197,1.435,233.22,1772.074148,6.448753135,1636.709091
HAT-P-61 b,HAT-P-61,1,1,Transit,2021.0,1.90231289,0.005211742,0.0301,0.113,10.07687365,335.9446262,1.809013708,5587.0,0.938,1.004,338.84,1503.863163,0.769148526,848.9404379
HAT-P-62 b,HAT-P-62,1,1,Transit,2021.0,2.6453235,0.00724302,0.03772,0.101,12.02723629,241.8674177,0.766004704,5629.0,1.17,1.023,348.815,1511.645015,1.233066696,866.6489196
HAT-P-63 b,HAT-P-63,1,1,Transit,2021.0,3.377728,0.009251714,0.04294,0.069,12.5428494,195.1466419,0.544909096,5400.0,0.9661,0.925,403.458,1235.052046,0.712047643,386.1757274
HAT-P-64 b,HAT-P-64,1,1,Transit,2021.0,4.007232,0.010974459,0.05387,0.101,19.08889413,184.3404761,0.146025935,6457.0,1.735,1.298,651.897,1766.926632,4.694744414,1617.774564
HAT-P-65 b,HAT-P-65,1,1,Transit,2016.0,2.60544751,0.007135501,0.04042,,18.05766791,176.0769375,0.164766566,5872.0,1.666,1.297,738.519,1817.761369,2.960629293,1812.138609
HAT-P-66 b,HAT-P-66,1,1,Transit,2016.0,2.972086,0.00813497,0.04363,0.09,17.82231,248.86089,0.242223496,6002.0,1.881,1.255,935.456,1900.243523,4.119565434,2164.11821
HAT-P-67 b,HAT-P-67,2,1,Transit,2017.0,4.8101069,0.0,,,23.9872187,143.0227832,0.057097506,6640.0,2.62,1.73,371.686,,11.97194602,
HAT-P-68 b,HAT-P-68,1,1,Transit,2020.0,2.29840551,0.00629561,0.02996,0.041,12.016048,230.10892,0.730802609,4508.0,0.6701,0.6785,202.152,1028.002783,0.166381377,185.3621667
HAT-P-69 b,HAT-P-69,1,1,Transit,2019.0,4.7869491,0.013073156,0.06555,0.0,18.786284,1137.8314,0.945598692,7394.0,1.926,1.648,341.263,1932.558807,9.947643218,2315.126939
HAT-P-7 b,HAT-P-7,2,1,Transit,2008.0,2.20474,0.0,,0.0,16.92559,584.8072,0.664557954,6389.0,2.0,1.56,341.079,,5.979727506,
HAT-P-70 b,HAT-P-70,1,1,Transit,2019.0,2.74432452,0.007504109,0.04739,0.0,20.96083,2154.8874,1.289290414,8450.0,1.858,1.89,330.739,2551.218691,15.79094443,7031.284775
HAT-P-8 b,HAT-P-8,3,1,Transit,2008.0,3.07634,0.0,,0.0,15.6926,406.8224,0.580058429,6200.0,1.57,1.27,211.553,,3.267803343,
HAT-P-9 b,HAT-P-9,1,1,Transit,2008.0,3.92281072,0.010740869,0.05287,0.084,15.614137,238.05467,0.344567528,6350.0,1.338,1.281,455.203,1540.311669,2.611541779,934.2828077
HATS-1 b,HATS-1,1,1,Transit,2012.0,3.446459,0.009421846,0.0444,0.12,14.594,589.55,1.04507923,5870.0,1.038,0.986,283.971,1368.537718,1.147722675,582.198419
HATS-10 b,HATS-10,1,1,Transit,2015.0,3.312846,0.009070285,0.04491,0.501,10.861521,167.17858,0.718886441,5880.0,1.105,1.101,534.889,1406.366187,1.309554901,649.2883346
HATS-11 b,HATS-11,1,1,Transit,2016.0,3.619188,0.009898881,0.0507,,18.03,,0.0,6563.0,1.54,1.33,944.603,1744.095508,3.947670613,1535.765793
HATS-12 b,HATS-12,1,1,Transit,2016.0,3.142702,0.008598623,0.0441,,7.76,,0.0,6357.0,1.17,1.16,746.138,1578.837111,2.005720527,1031.319526
HATS-13 b,HATS-13,1,1,Transit,2015.0,3.0440499,0.008331438,0.04057,0.181,13.585308,172.58169,0.379260706,5523.0,0.887,0.962,421.855,1245.219256,0.656806228,399.0499375
HATS-14 b,HATS-14,1,1,Transit,2015.0,2.7667641,0.007577546,0.03815,0.142,11.646151,340.39593,1.187377206,5346.0,0.933,0.967,513.011,1274.776309,0.63792402,438.3084775
HATS-15 b,HATS-15,1,1,Transit,2016.0,1.74748753,0.004785479,0.02712,0.126,12.385945,689.6911,1.999948346,5311.0,0.922,0.871,1139.55,1493.167051,0.606815824,825.0447923
HATS-16 b,HATS-16,1,1,Transit,2016.0,2.686502,0.007355596,0.03744,0.0,14.5717,1039.3041,1.850817405,5738.0,1.238,0.97,757.044,1590.978918,1.490641867,1063.412191
HATS-17 b,HATS-17,1,1,Transit,2016.0,16.254611,0.044481591,0.1308,0.029,8.709393,425.25654,3.546818265,5846.0,1.091,1.131,400.331,814.1019461,1.247310549,72.90530098
HATS-18 b,HATS-18,1,1,Transit,2016.0,0.83784,0.002253899,0.0174,,14.896761,629.144485,1.048640055,5600.0,1.02,1.037,624.368,2067.402168,0.917999197,3032.101986
HATS-2 b,HATS-2,1,1,Transit,2013.0,1.35413379,0.00370941,0.02317,,12.57647635,435.4249176,1.206112843,,0.876,0.904,341.925,0.0,0.0,0.0
HATS-22 b,HATS-22,1,1,Transit,2017.0,4.7228124,0.012929544,0.05025,0.079,10.682177,870.8542,3.93656784,4803.0,0.689,0.759,229.518,857.5622265,0.22666196,89.76489106
HATS-23 b,HATS-23,1,1,Transit,2017.0,2.1605156,0.005913444,0.03397,0.114,20.84874,467.2101,0.284069352,5780.0,1.199,1.121,639.004,1655.774291,1.439592482,1247.522755
HATS-24 b,HATS-24,1,1,Transit,2017.0,1.3484978,0.003549552,0.0238,0.0,15.636555,718.2958,1.035217716,6125.0,1.12,1.07,494.182,2025.993765,1.583982093,2796.381069
HATS-25 b,HATS-25,1,1,Transit,2016.0,4.2986432,0.011766844,0.05163,0.176,14.12334,194.82979,0.381061189,5715.0,1.107,0.994,471.158,1275.999374,1.172870412,439.9930135
HATS-26 b,HATS-26,1,1,Transit,2016.0,3.3023881,0.009040145,0.04735,0.245,19.61575,206.5895,0.150815191,6071.0,2.04,1.299,861.843,1921.439894,5.072138645,2262.30497
HATS-27 b,HATS-27,1,1,Transit,2016.0,4.637038,0.012696488,0.0611,0.581,16.8135,168.4499,0.195275596,6438.0,1.74,1.415,816.988,1656.595472,4.666510377,1249.999431
HATS-28 b,HATS-28,1,1,Transit,2016.0,3.1810781,0.008711139,0.04131,0.202,13.383546,213.58176,0.490910331,5498.0,0.922,0.929,535.383,1252.431774,0.696900272,408.3760312
HATS-29 b,HATS-29,1,1,Transit,2016.0,4.6058749,0.012610617,0.05475,0.158,14.022459,207.54299,0.414750704,5670.0,1.073,1.032,353.891,1210.325927,1.06763187,356.1666754
HATS-3 b,HATS-3,1,1,Transit,2013.0,3.547851,0.00971403,0.0485,0.0,15.48,340.382,0.505597963,6351.0,1.404,1.209,411.211,1647.654982,2.877348834,1223.232579
HATS-30 b,HATS-30,2,1,Transit,2016.0,3.1743516,0.008690056,0.04354,0.096,13.170575,224.38798,0.541174071,5943.0,1.061,1.093,342.14,1414.590341,1.25992165,664.6097212
HATS-31 b,HATS-31,1,1,Transit,2016.0,3.37796,0.00925522,0.0478,0.233,18.38276,279.6904,0.248083001,6050.0,1.87,1.275,773.974,1824.625366,4.203340397,1839.665095
HATS-32 b,HATS-32,1,1,Transit,2016.0,2.8126548,0.007699954,0.04024,0.471,14.000041,292.4036,0.587146385,5700.0,1.097,1.099,745.116,1435.028948,1.139731438,703.8604838
HATS-33 b,HATS-33,1,1,Transit,2016.0,2.5495551,0.006981952,0.03727,0.08,13.78707,378.85336,0.796538552,5659.0,1.022,1.062,248.46,1428.883838,0.961059813,691.8813622
HATS-34 b,HATS-34,1,1,Transit,2016.0,2.1061607,0.00576454,0.03166,0.108,16.02887,299.07803,0.40015421,5380.0,0.98,0.955,508.842,1443.28247,0.72189013,720.1936419
HATS-35 b,HATS-35,1,1,Transit,2016.0,1.8209993,0.004985727,0.03199,0.306,16.409976,388.38826,0.484277013,6300.0,1.433,1.317,514.555,2033.143363,2.902314213,2836.063486
HATS-36 b,HATS-36,1,1,Transit,2018.0,4.175186,0.011403973,0.0523,,12.92,,0.0,5950.0,1.1,1.1,856.436,1315.751708,1.360639527,497.4388555
HATS-37 A b,HATS-37 A,2,1,Transit,2020.0,4.3315366,0.011860592,0.04913,0.0,6.792654,31.46517,0.553175837,5326.0,0.877,0.843,211.896,1085.023277,0.555256543,230.0383039
HATS-38 b,HATS-38,1,1,Transit,2020.0,4.375021,0.011979359,0.05036,0.0,6.882326,23.51942,0.397532359,5732.0,1.105,0.89,343.525,1294.660621,1.182603426,466.3024422
HATS-39 b,HATS-39,1,1,Transit,2018.0,4.5776348,0.012537309,0.06007,0.275,17.59813,200.2329,0.202435871,6572.0,1.621,1.379,878.521,1646.158788,4.397907581,1218.79548
HATS-4 b,HATS-4,1,1,Transit,2014.0,2.516729,0.006884079,0.0362,0.013,11.433,420.471,1.550268905,5403.0,0.925,1.001,416.459,1316.931019,0.654203986,499.2246769
HATS-40 b,HATS-40,1,1,Transit,2018.0,3.2642736,0.008940516,0.04997,0.312,17.71022,505.3497,0.501270033,6460.0,2.26,1.561,1342.29,2094.804709,7.980623088,3196.083385
HATS-41 b,HATS-41,1,1,Transit,2018.0,4.193649,0.011508985,0.0583,0.38,14.90797,3082.951,5.1269926,6424.0,1.71,1.496,737.668,1677.570532,4.467907773,1314.519674
HATS-42 b,HATS-42,1,1,Transit,2018.0,2.292102,0.006279843,0.03689,0.229,15.6926,597.5204,0.851960817,6060.0,1.48,1.273,800.377,1850.804867,2.650353342,1947.540362
HATS-43 b,HATS-43,1,1,Transit,2018.0,4.3888497,0.012015863,0.04944,0.173,13.22662,82.95363,0.197533321,5099.0,0.812,0.837,362.273,996.4035683,0.399891301,163.6006528
HATS-44 b,HATS-44,1,1,Transit,2018.0,2.7439004,0.007516429,0.03649,0.279,11.960003,177.9848,0.573245492,5080.0,0.847,0.86,446.035,1180.130309,0.428658579,321.9317371
HATS-45 b,HATS-45,1,1,Transit,2018.0,4.1876244,0.011471021,0.05511,0.24,14.414774,222.481,0.409280462,6450.0,1.315,1.272,772.11,1519.213686,2.685222108,884.1366468
HATS-46 b,HATS-46,1,1,Transit,2018.0,4.7423729,0.012984126,0.05367,0.559,10.121727,54.98459,0.292165365,5495.0,0.853,0.917,453.808,1056.301492,0.595194212,206.6310149
HATS-47 b,HATS-47,1,1,Transit,2020.0,3.9228038,0.010743834,0.04269,0.088,12.520453,117.27927,0.329240101,4512.0,0.6564,0.674,300.67,853.1036074,0.160215068,87.91258474
HATS-48 A b,HATS-48 A,2,1,Transit,2020.0,3.1316666,0.008576367,0.03769,0.162,8.9672,77.23269,0.59017688,4546.0,0.7152,0.7279,263.609,954.8641631,0.196002941,137.9781483
HATS-49 b,HATS-49,1,1,Transit,2020.0,4.1480467,0.011359273,0.04515,0.071,8.574885,112.19399,0.980474446,4405.0,0.6977,0.7133,324.413,834.9546266,0.164441317,80.66691303
HATS-5 b,HATS-5,1,1,Transit,2014.0,4.763387,0.013042505,0.0542,0.019,10.223,75.323,0.38845805,5304.0,0.871,0.936,246.384,1025.237371,0.538691622,183.3756425
HATS-50 b,HATS-50,1,1,Transit,2017.0,3.8297015,0.010488163,0.05046,0.516,12.66617,123.9537,0.336105141,5990.0,1.117,1.168,756.742,1358.911783,1.441131084,565.9903067
HATS-51 b,HATS-51,1,1,Transit,2017.0,3.3488702,0.009170884,0.04639,0.33,15.80469,244.09344,0.34068245,5758.0,1.44,1.187,389.57,1546.864237,2.045038443,950.2824994
HATS-52 b,HATS-52,1,1,Transit,2017.0,1.36665436,0.003745688,0.02498,0.246,15.490838,711.9392,1.055285008,6010.0,1.046,1.111,555.134,1875.234463,1.280710904,2052.420004
HATS-53 b,HATS-53,1,1,Transit,2017.0,3.8537768,0.010553906,0.04753,0.33,15.02006,189.10885,0.307502358,5644.0,1.101,0.964,585.77,1309.809802,1.103602075,488.5138484
HATS-54 b,HATS-54,1,1,Transit,2019.0,2.5441765,0.006945571,0.037,0.0,11.37711541,239.3247905,0.895452999,5621.0,1.23,1.05,748.585,1562.704122,1.355047172,989.8080143
HATS-55 b,HATS-55,1,1,Transit,2019.0,4.2042001,0.011514946,0.05412,0.092,14.022459,292.72143,0.584969982,6214.0,1.126,1.1955,609.838,1366.699479,1.696100674,579.0766467
HATS-56 b,HATS-56,1,1,Transit,2019.0,4.324799,0.01184444,0.06043,0.019,18.920792,191.33366,0.15564137,6536.0,2.201,1.573,564.409,1901.985695,7.931916052,2172.065516
HATS-57 b,HATS-57,1,1,Transit,2019.0,2.350621,0.006445019,0.03493,0.028,12.767051,1000.21101,2.648326035,5587.0,0.96,1.026,279.485,1412.298421,0.805651095,660.3129736
HATS-58 A b,HATS-58 A,2,1,Transit,2019.0,4.2180896,0.011550272,0.05798,0.168,12.273855,327.3649,0.975530262,7175.0,1.433,1.461,403.591,1719.956146,4.882810304,1452.490934
HATS-59 b,HATS-59,1,2,Transit,2018.0,5.416081,0.014831202,0.06112,0.129,12.621334,256.17098,0.702046291,5670.0,1.036,1.038,642.884,1125.596522,0.995271565,266.4249575
HATS-59 c,HATS-59,1,2,Radial Velocity,2018.0,1422.0,3.889133132,2.504,0.083,,4036.441,,5670.0,1.036,1.038,642.884,175.8560253,0.995271565,0.158735092
HATS-6 b,HATS-6,1,1,Transit,2015.0,3.3252725,0.009102204,0.03623,0.0,11.186582,101.38777,0.399066193,3724.0,0.57,0.574,169.318,712.2368043,0.056063247,42.71118122
HATS-60 b,HATS-60,1,1,Transit,2018.0,3.560829,0.009753295,0.04708,0.191,12.923977,210.40346,0.537051516,5688.0,1.46,1.097,486.474,1527.317286,2.001860971,903.1523246
HATS-61 b,HATS-61,1,1,Transit,2018.0,7.817953,0.021438473,0.07908,0.092,13.394755,1080.622,2.477542313,5542.0,1.664,1.076,679.761,1225.804837,2.343487167,374.7393148
HATS-62 b,HATS-62,1,1,Transit,2018.0,3.2768837,0.008973371,0.04163,0.298,11.825495,56.89157,0.189557744,5416.0,0.933,0.896,523.067,1236.311049,0.671997659,387.7527963
HATS-63 b,HATS-63,1,1,Transit,2018.0,3.0566527,0.008372127,0.04026,0.136,13.529263,305.1168,0.678883576,5627.0,1.07,0.931,623.232,1398.760621,1.029828878,635.3565695
HATS-64 b,HATS-64,1,1,Transit,2018.0,4.908897,0.013441136,0.06562,0.151,18.819911,305.1168,0.252211581,6554.0,2.113,1.564,1080.15,1793.285972,7.391193842,1716.493409
HATS-65 b,HATS-65,2,1,Transit,2018.0,3.105161,0.00850583,0.04497,0.062,16.824709,260.93843,0.301888771,6277.0,1.31,1.257,493.32,1633.570234,2.390236951,1181.93932
HATS-66 b,HATS-66,1,1,Transit,2018.0,3.1414391,0.008616301,0.04714,0.064,15.815899,1694.0339,2.359348237,6626.0,1.841,1.411,1477.98,1996.618153,5.861424201,2637.691482
HATS-67 b,HATS-67,1,1,Transit,2018.0,1.6091788,0.004407252,0.03032,0.057,18.887165,460.8535,0.376889611,6594.0,1.441,1.435,960.109,2191.935717,3.522196513,3831.379656
HATS-68 b,HATS-68,1,1,Transit,2018.0,3.5862202,0.009824552,0.05071,0.036,13.809488,410.0007,0.857834416,6147.0,1.748,1.351,603.955,1740.197741,3.914042698,1522.083009
HATS-69 b,HATS-69,1,1,Transit,2018.0,2.2252577,0.006092254,0.03211,0.519,10.592505,183.38791,0.850210114,5137.0,0.8785,0.892,414.537,1295.602491,0.482182722,467.6608702
HATS-7 b,HATS-7,1,1,Transit,2015.0,3.185315,0.008721427,0.04012,0.17,6.310667,38.1396,0.836184168,4985.0,0.815,0.849,240.707,1083.365456,0.368015167,228.6356082
HATS-70 b,HATS-70,1,1,Transit,2019.0,1.8882378,0.005188105,0.03632,0.18,15.513256,4100.007,6.051002317,7930.0,1.881,1.78,1458.83,2751.73206,12.55336598,9516.308458
HATS-71 b,HATS-71,1,1,Transit,2020.0,3.7955202,0.010394771,0.03745,0.0,11.478016,117.5971,0.428496948,3405.0,0.4783,0.4861,140.225,586.7496974,0.027590469,19.67231331
HATS-72 b,HATS-72,1,1,Transit,2020.0,7.3279474,0.02006368,0.066517,0.013,8.0973816,39.855882,0.413628261,4656.1,0.7214,0.7311,127.589,739.3592658,0.219447846,49.59821137
HATS-74 A b,HATS-74 A,2,1,Transit,2021.0,1.73185606,0.004748125,0.02384,0.044,11.56766808,464.0294742,1.651808551,3776.9,0.5758,0.601,299.389,895.0136722,0.060530619,106.5031895
HATS-75 b,HATS-75,1,1,Transit,2021.0,2.7886556,0.007637792,0.032742,0.064,9.90873894,156.0537478,0.883833875,3790.4,0.5848,0.6017,194.964,772.4094916,0.063335142,59.07916425
HATS-76 b,HATS-76,1,1,Transit,2021.0,1.9416423,0.005326028,0.02658,0.062,12.09449018,835.570882,2.602388897,4016.0,0.6259,0.662,385.689,939.680404,0.091427021,129.4090403
HATS-77 b,HATS-77,1,1,Transit,2021.0,3.0876262,0.008464446,0.03607,0.045,13.05846252,436.6962312,1.080574966,4071.0,0.6428,0.655,436.176,828.6620382,0.101823025,78.26249896
HATS-8 b,HATS-8,1,1,Transit,2015.0,3.583893,0.009811259,0.04667,0.376,9.785457,43.86054,0.257918346,5679.0,1.086,1.056,794.637,1320.928649,1.100618923,505.3140496
HATS-9 b,HATS-9,1,1,Transit,2015.0,1.915291,0.00525455,0.0312,,13.85,,0.0,5599.0,1.56,1.1,638.7,1909.004483,2.145758871,2204.305218
HD 100546 b,HD 100546,1,1,Imaging,2014.0,,249.0624085,53.0,,77.3421,2701.54146,0.032174763,10500.0,,2.4,109.677,0.0,0.0,0.0
HD 100655 b,HD 100655,2,1,Radial Velocity,2011.0,157.57001,0.371360703,0.68,0.09,,511.7063,,4891.0,10.06,2.28,137.178,907.0968847,51.96087582,112.3721363
HD 100777 b,HD 100777,1,1,Radial Velocity,2007.0,383.0,1.050139321,1.06,0.38,,390.9289406,,,,1.08,49.5336,0.0,0.0,0.0
HD 101581 b,HIP 56998,1,2,Transit,2025.0,4.46569,0.012209002,0.046,,0.956,,0.0,4675.0,0.63,0.653,12.7781,834.2274051,0.170097296,80.38624573
HD 101581 c,HIP 56998,1,2,Transit,2025.0,6.20401,0.016973654,0.0573,,0.99,,0.0,4675.0,0.63,0.653,12.7781,747.4567317,0.170097296,51.80696678
HD 10180 c,HD 10180,1,6,Radial Velocity,2010.0,5.75969,0.015770205,0.06412,0.073,,13.221728,,5911.0,1.109,1.06,38.9607,1185.335944,1.347090519,327.6496831
HD 10180 d,HD 10180,1,6,Radial Velocity,2010.0,16.357,0.044787607,0.12859,0.131,,12.013974,,5911.0,1.109,1.06,38.9607,837.0176441,1.347090519,81.4671244
HD 10180 e,HD 10180,1,6,Radial Velocity,2010.0,49.748,0.136191936,0.2699,0.051,,25.585315,,5911.0,1.109,1.06,38.9607,577.7457624,1.347090519,18.49230341
HD 10180 f,HD 10180,1,6,Radial Velocity,2010.0,122.744,0.336112988,0.4929,0.119,,22.947326,,5911.0,1.109,1.06,38.9607,427.5223286,1.347090519,5.544713917
HD 10180 g,HD 10180,1,6,Radial Velocity,2010.0,604.67,1.655705254,1.427,0.263,,23.265156,,5911.0,1.109,1.06,38.9607,251.2616599,1.347090519,0.661528918
HD 10180 h,HD 10180,1,6,Radial Velocity,2010.0,2205.0,6.038301909,3.381,0.095,,65.663678,,5911.0,1.109,1.06,38.9607,163.2358803,1.347090519,0.117843719
HD 101930 b,HD 101930,2,1,Radial Velocity,2005.0,70.46,0.217642875,0.3,0.11,,79.4575,,5108.0,0.86,0.57,30.0274,417.014317,0.45174183,5.019353666
HD 102117 b,HD 102117,1,1,Radial Velocity,2005.0,20.8133,0.05642661,0.15,0.12,,54.0311,,5655.0,1.23,1.06,39.5792,780.8201532,1.388131182,61.69471918
HD 102195 b,HD 102195,1,1,Radial Velocity,2006.0,4.11377,0.012824729,0.05,0.0,,130.3103,,5301.0,0.82,0.76,29.3386,1035.121208,0.476374791,190.5499166
HD 102272 b,HD 102272,1,1,Radial Velocity,2008.0,127.58,0.302462309,0.51,0.05,,1570.0802,,4790.0,10.3,1.45,347.097,1037.959759,50.10791742,192.6486637
HD 102329 b,HD 102329,1,2,Radial Velocity,2011.0,778.09998,1.359143605,1.81,0.21,,2593.4928,,4745.0,9.82,3.21,217.107,532.9226169,43.8588957,13.38753265
HD 102329 c,HD 102329,1,2,Radial Velocity,2018.0,1123.0,0.0,,0.209,,483.1016,,,,1.3,217.107,,0.0,
HD 102365 b,HD 102365,2,1,Radial Velocity,2010.0,122.1,0.338397608,0.46,0.34,,16.0,,5630.0,,0.85,9.2894,0.0,0.0,0.0
HD 102843 b,HD 102843,1,1,Radial Velocity,2019.0,3090.942,8.436644208,4.074,0.11,,113.9,,5436.0,,0.95,62.758,0.0,0.0,0.0
HD 102888 b,HD 102888,1,1,Radial Velocity,2025.0,252.06,0.69163389,1.05,0.11,,1808.443636,,4990.0,8.6,2.42,126.484,688.5993372,41.14233489,37.31731056
HD 102956 b,HD 102956,2,1,Radial Velocity,2010.0,6.4947,0.01779329,0.0807,0.037,,305.1168,,4985.0,4.55,1.66,121.89,1804.868529,11.47026083,1761.271163
HD 103197 b,HD 103197,1,1,Radial Velocity,2009.0,47.84,0.139754249,0.25,0.0,,28.6047,,5250.0,0.88,0.8,57.1463,474.9436809,0.527827979,8.445247672
HD 103720 b,HD 103720,1,1,Radial Velocity,2014.0,4.5557,0.012471933,0.0498,0.086,,197.046,,5017.0,0.73,0.794,45.5352,926.1947999,0.302908858,122.1386988
HD 103774 b,HD 103774,2,1,Radial Velocity,2013.0,5.8881,0.016029,0.07,0.09,,116.0,,6489.0,,1.335,56.4089,0.0,0.0,0.0
HD 103891 b,HD 103891,1,1,Radial Velocity,2022.0,1919.0,5.22656847,3.27,0.31,,457.6729061,,6072.0,2.22,1.28,55.5213,241.2380739,6.010669524,0.562117809
HD 103949 b,HD 103949,1,1,Radial Velocity,2019.0,120.878,0.331475487,0.439,0.19,,11.2,,4792.0,,0.77,26.4997,0.0,0.0,0.0
HD 104067 b,HD 104067,1,2,Radial Velocity,2009.0,55.851,0.152698643,0.2674,0.123,,62.1,,4952.0,0.78,0.82,20.3632,407.8107921,0.32824763,4.59069874
HD 104067 c,HD 104067,1,2,Radial Velocity,2024.0,13.8992,0.038003323,0.1058,0.29,,13.2,,4952.0,0.78,0.82,20.3632,648.3306928,0.32824763,29.32447624
HD 10442 b,HD 10442,1,1,Radial Velocity,2014.0,1032.3,2.835524468,2.01,0.132,,472.61321,,4912.0,1.97,1.01,135.374,234.4795226,2.02700927,0.501722549
HD 104985 b,HD 104985,1,1,Radial Velocity,2003.0,199.68,0.547367676,0.715,0.047,,1766.808115,,4738.0,11.12,1.22,100.576,900.9608251,55.90873295,109.3622826
HD 105618 b,HD 105618,1,2,Radial Velocity,2022.0,10.02245,0.027315012,0.091,0.455,,25.42627256,,,,1.01,70.0837,0.0,0.0,0.0
HD 105618 c,HD 105618,1,2,Radial Velocity,2022.0,77114.07158,212.5235538,35.731,0.126,,8419.59233,,,,1.01,70.0837,0.0,0.0,0.0
HD 105779 b,HD 105779,1,1,Radial Velocity,2022.0,2412.0,6.586884483,3.38,0.0,,203.4101805,,5792.0,0.94,0.89,55.2411,147.2806216,0.892194969,0.078095565
HD 106252 b,HD 106252,1,1,Radial Velocity,2002.0,1535.0,4.22184358,2.655,0.48,,3178.28407,,,,1.05,38.185,0.0,0.0,0.0
HD 106270 b,HD 106270,1,1,Radial Velocity,2011.0,1888.0,5.177406923,3.34,0.185,,3219.6179,,5509.0,2.66,1.39,93.808,237.0564825,5.847149698,0.524144797
HD 106315 b,HD 106315,1,2,Transit,2017.0,9.55237,0.026151617,0.0907,0.093,2.44,12.6,4.779172045,6327.0,1.296,1.091,109.353,1153.209391,2.414855735,293.5463041
HD 106315 c,HD 106315,1,2,Transit,2017.0,21.05704,0.057633428,0.1536,0.22,4.35,15.2,1.017483595,6327.0,1.296,1.091,109.353,886.168291,2.414855735,102.3549286
HD 10647 b,HD 10647,1,1,Radial Velocity,2006.0,989.2,2.714882802,2.015,0.15,,298.75,,6218.0,1.1,1.11,17.3357,221.5241168,1.622848921,0.399694332
HD 106515 A b,HD 106515 A,2,1,Radial Velocity,2012.0,3626.0,10.05129496,4.48,0.571,,6006.956892,,,,0.89,34.0915,0.0,0.0,0.0
HD 106906 b,HD 106906,1,1,Imaging,2013.0,,13530.829,650.0,,,3496.0,,6516.0,,1.5,103.029,0.0,0.0,0.0
HD 10697 b,HD 10697,1,1,Radial Velocity,1999.0,1075.3799,2.952098834,2.051,0.104,,1825.288541,,,,0.99,33.1205,0.0,0.0,0.0
HD 107148 b,HD 107148,2,2,Radial Velocity,2005.0,48.056,0.131831565,0.269,0.05,,66.741,,5797.0,,1.12,49.4156,0.0,0.0,0.0
HD 107148 c,HD 107148,2,2,Radial Velocity,2021.0,18.3267,0.050201623,0.1407,0.34,,19.89605828,,5752.92,1.169193,1.105215,49.4156,799.6424994,1.343431732,67.86211758
HD 108147 b,HD 108147,1,1,Radial Velocity,2002.0,10.8985,0.029493094,0.102,0.53,,82.95,,6255.73,1.20664,1.22,38.92,1037.476451,2.000586208,192.2901008
HD 108202 b,HD 108202,1,1,Radial Velocity,2023.0,2990.0,8.273451517,3.7,0.52,,953.485221,,,,0.74,38.6846,0.0,0.0,0.0
HD 108236 b,HD 108236,1,5,Transit,2020.0,3.795963,0.01033251,0.04527,0.045,1.615,,0.0,5660.0,0.877,0.869,64.5978,1201.219737,0.708198107,345.5682013
HD 108236 c,HD 108236,1,5,Transit,2020.0,6.203449,0.01656066,0.062,0.034,2.071,,0.0,5660.0,0.877,0.869,64.5978,1026.435967,0.708198107,184.2346792
HD 108236 e,HD 108236,1,5,Transit,2020.0,19.590025,0.054217924,0.1367,0.058,3.083,,0.0,5660.0,0.877,0.869,64.5978,691.2632187,0.708198107,37.89812574
HD 108236 f,HD 108236,1,5,Transit,2021.0,29.54115,0.079071216,0.1758,0.051,2.017,,0.0,5660.0,0.877,0.869,64.5978,609.5625415,0.708198107,22.91485007
HD 108341 b,HD 108341,2,1,Radial Velocity,2014.0,1129.0,3.080570883,2.0,0.85,,1112.4,,5122.0,0.79,0.843,48.9102,155.2206867,0.385391675,0.096347919
HD 108863 b,HD 108863,1,1,Radial Velocity,2011.0,437.7,1.202713912,1.32,0.032,,767.24162,,4878.0,5.74,1.59,164.742,490.4810752,16.73712342,9.605787088
HD 108874 b,HD 108874,1,2,Radial Velocity,2002.0,394.48123,1.011238664,1.04,0.13,,451.3186,,5600.0,1.05,1.1,59.5175,271.3172993,0.972793267,0.899402059
HD 108874 c,HD 108874,1,2,Radial Velocity,2005.0,1624.0,4.448521597,2.659,0.239,,314.64,,5551.0,,0.95,59.5175,0.0,0.0,0.0
HD 109246 b,HD 109246,1,1,Radial Velocity,2010.0,68.27,0.17305346,0.33,0.12,,273.3338,,5844.0,1.07,1.2,67.8349,507.4071758,1.198114252,11.00196742
HD 109271 b,HD 109271,1,2,Radial Velocity,2013.0,7.8543,0.021700378,0.079,0.25,,17.162,,5783.0,,1.047,55.8716,0.0,0.0,0.0
HD 109271 c,HD 109271,1,2,Radial Velocity,2013.0,30.93,0.084802912,0.196,0.15,,24.154,,5783.0,,1.047,55.8716,0.0,0.0,0.0
HD 109286 b,HD 109286,1,1,Radial Velocity,2021.0,520.1,1.427005205,1.259,0.338,,950.3069369,,5694.0,1.089,0.98,55.4156,255.3465628,1.118447133,0.70560882
HD 109749 b,HD 109749,2,1,Radial Velocity,2005.0,5.239891,0.014347408,0.0615,0.0,,85.8141,,5824.0,1.22,1.13,63.0821,1250.763509,1.536367022,406.2045138
HD 10975 b,HD 10975,1,1,Radial Velocity,2021.0,283.8,0.77978675,0.95,0.442,,143.0227832,,4840.0,11.16,1.41,116.506,799.8842306,61.3196526,67.94421341
HD 109833 b,HD 109833,1,2,Transit,2022.0,9.188526,0.0,,0.18,2.888,,0.0,5881.0,1.0,1.08,79.5561,,1.073234358,
HD 109833 c,HD 109833,1,2,Transit,2022.0,13.900148,0.0,,0.3,2.59,,0.0,5881.0,1.0,1.08,79.5561,,1.073234358,
HD 109988 b,HD 109988,1,1,Radial Velocity,2022.0,17132.15854,47.21294429,12.518,0.056,,6935.333669,,,,0.88,42.5279,0.0,0.0,0.0
HD 110014 b,HD 110014,1,1,Radial Velocity,2009.0,835.477,2.12515589,2.14,0.462,,3524.59,,4445.0,20.9,2.17,100.758,669.8067199,152.9922682,33.40734305
HD 110067 b,HD 110067,3,6,Transit,2023.0,9.113678,0.024998177,0.0793,,2.2,5.69,2.944393313,5266.0,0.788,0.798,32.1585,800.4216895,0.428416022,68.1270101
HD 110067 c,HD 110067,3,6,Transit,2023.0,13.673694,0.037490556,0.1039,,2.388,6.3,2.549113547,5266.0,0.788,0.798,32.1585,699.2744629,0.428416022,39.68575153
HD 110067 d,HD 110067,3,6,Transit,2023.0,20.519617,0.056268355,0.1362,,2.852,8.52,2.023683683,5266.0,0.788,0.798,32.1585,610.7547993,0.428416022,23.09465553
HD 110067 e,HD 110067,3,6,Transit,2023.0,30.793091,0.084422048,0.1785,,1.94,3.9,2.943140643,5266.0,0.788,0.798,32.1585,533.502344,0.428416022,13.44588099
HD 110067 f,HD 110067,3,6,Transit,2023.0,41.05854,0.112611653,0.2163,,2.601,5.04,1.57819651,5266.0,0.788,0.798,32.1585,484.6488454,0.428416022,9.156988424
HD 110067 g,HD 110067,3,6,Transit,2023.0,54.76992,0.150210083,0.2621,,2.607,8.4,2.612208218,5266.0,0.788,0.798,32.1585,440.2728771,0.428416022,6.236366962
HD 110082 b,HD 110082,2,1,Transit,2021.0,10.18271,0.034532258,0.113,0.2,3.2,,0.0,6200.0,1.19,1.21,105.096,970.1467365,1.877372841,147.0258314
HD 110113 b,HD 110113,1,2,Transit,2021.0,2.541,0.006557744,0.035,0.093,2.05,4.55,2.910056441,5732.0,0.968,0.997,106.307,1453.52102,0.907538988,740.8481535
HD 110113 c,HD 110113,1,2,Radial Velocity,2021.0,6.744,0.017758889,0.068,0.045,,10.5,,5732.0,0.968,0.997,106.307,1042.799664,0.907538988,196.2670822
HD 110537 b,HD 110537,1,1,Radial Velocity,2022.0,24469.67342,67.65821112,16.714,0.401,,8612.832001,,,,1.02,45.0858,0.0,0.0,0.0
HD 11112 b,HD 11112,1,1,Radial Velocity,2022.0,17244.90764,47.31428497,13.38,0.285,,2598.565056,,,,1.07,44.3804,0.0,0.0,0.0
HD 111232 b,HD 111232,1,2,Radial Velocity,2003.0,1169.13202,3.213037535,2.148,0.214,,2531.503262,,,,0.96,28.9571,0.0,0.0,0.0
HD 111232 c,HD 111232,1,2,Radial Velocity,2022.0,26472.44623,73.12199513,17.25,0.558,,5740.934516,,,,0.96,28.9571,0.0,0.0,0.0
HD 111591 b,HD 111591,1,1,Radial Velocity,2017.0,1056.4,2.837978807,2.5,0.26,,1398.452,,4884.0,8.03,1.94,114.166,422.0606877,32.91725119,5.266760191
HD 111998 b,HD 111998,1,1,Radial Velocity,2016.0,810.0,2.230930459,1.91,0.13,,1525.576354,,,,1.4,33.2237,0.0,0.0,0.0
HD 112300 b,HD 112300,1,1,Radial Velocity,2023.0,466.63,1.296323648,1.33,0.36,,5031.223683,,3657.0,65.8,1.4,62.07324,1240.290923,694.7706737,392.7698986
HD 112570 b,HD 112570,1,1,Radial Velocity,2023.0,2615.0,7.182042824,3.9,0.2,,1086.973152,,4750.0,9.85,1.15,101.166,363.9912133,44.31357105,2.913449773
HD 112640 b,HD 112640,1,1,Radial Velocity,2020.0,613.2,1.652103037,1.7,0.24,,1589.15,,4155.0,39.0,1.8,323.335,959.6002436,406.7271621,140.7360423
HD 113337 b,HD 113337,3,2,Radial Velocity,2013.0,317.58639,0.870095229,1.022,0.28,,1035.802778,,,,1.41,36.18,0.0,0.0,0.0
HD 113337 c,HD 113337,3,2,Radial Velocity,2020.0,5429.93477,14.94970552,6.805,0.164,,6299.676855,,,,1.41,36.18,0.0,0.0,0.0
HD 11343 c,HIP 8541,2,2,Radial Velocity,2022.0,228.53731,0.625622822,0.923,0.169,,255.5340392,,,,2.009,155.121,0.0,0.0,0.0
HD 113538 b,HD 113538,1,2,Radial Velocity,2010.0,663.2,1.805321668,1.24,0.14,,114.41,,4462.0,0.53,0.585,16.2817,140.659198,0.099898704,0.064970541
HD 113538 c,HD 113538,1,2,Radial Velocity,2010.0,1818.0,4.983182658,2.44,0.2,,295.57,,4462.0,0.53,0.585,16.2817,100.2730133,0.099898704,0.016779546
HD 113996 b,HD 113996,2,1,Radial Velocity,2017.0,610.2,1.658008832,1.6,0.28,,2002.329,,4181.0,25.11,1.49,116.334,798.6472695,172.8637562,67.52490476
HD 114082 b,HD 114082,1,1,Radial Velocity,2022.0,109.75,0.301193217,0.5109,0.395,11.2089807,2542.627256,9.948003579,6651.0,1.49,1.47,95.3906,547.6758732,3.897715877,14.93270112
HD 114386 b,HD 114386,1,1,Radial Velocity,2003.0,937.70001,2.937605885,1.73,0.23,,362.3262,,4836.0,0.76,0.6,27.9243,154.5544505,0.283440694,0.094704365
HD 114729 b,HD 114729,2,1,Radial Velocity,2002.0,1121.79,3.071657513,2.067,0.079,,262.20975,,5844.0,1.473,0.936,37.8063,237.8772017,2.270576678,0.531441199
HD 114783 b,HD 114783,1,2,Radial Velocity,2001.0,493.7,1.352734194,1.16,0.144,,349.6,,5135.0,,0.853,21.0628,0.0,0.0,0.0
HD 114783 c,HD 114783,1,2,Radial Velocity,2018.0,4352.0,11.78511302,5.0,0.05,,603.8739733,,,,0.9,21.0628,0.0,0.0,0.0
HD 11505 b,HD 11505,1,1,Radial Velocity,2022.0,32669.22247,89.76817829,20.247,0.144,,2510.526587,,,,1.03,38.9679,0.0,0.0,0.0
HD 11506 b,HD 11506,1,3,Radial Velocity,2007.0,1617.7,4.43648289,2.885,0.379,,1525.576354,,6123.0,,1.22,51.261,0.0,0.0,0.0
HD 11506 c,HD 11506,1,3,Radial Velocity,2008.0,223.92,0.612916978,0.771,0.228,,127.1313628,,6123.0,,1.22,51.261,0.0,0.0,0.0
HD 11506 d,HD 11506,1,3,Radial Velocity,2022.0,26500.0,70.2954421,18.2,0.29,,4068.20361,,6123.0,,1.22,51.261,0.0,0.0,0.0
HD 115404 A b,HD 115404 A,1,2,Radial Velocity,2022.0,10.49488,0.028653981,0.088,0.232,,30.82935548,,,,0.83,10.9816,0.0,0.0,0.0
HD 115404 A c,HD 115404 A,1,2,Radial Velocity,2022.0,15319.22517,42.04920521,11.364,0.211,,3279.671332,,,,0.83,10.9816,0.0,0.0,0.0
HD 115954 b,HD 115954,1,1,Radial Velocity,2021.0,3700.0,10.29233712,5.0,0.487,,2634.797494,,5957.0,1.213,1.18,87.6437,141.4765553,1.662347643,0.066493906
HD 116029 b,HD 116029,2,2,Radial Velocity,2011.0,670.0,2.32641329,1.65,0.0,,444.962,,4819.0,4.89,0.83,123.245,400.0192234,11.570051,4.249789166
HD 116029 c,HD 116029,2,2,Radial Velocity,2018.0,907.0,0.0,,0.038,,403.6441,,,,1.33,123.245,,0.0,
HD 117207 b,HD 117207,1,1,Radial Velocity,2004.0,2621.75,7.181725014,3.787,0.157,,612.14058,,5732.0,1.074,1.053,32.3547,147.1879134,1.117179967,0.077899116
HD 11755 b,HD 11755,1,1,Radial Velocity,2015.0,433.70001,1.341138095,1.09,0.19,,1789.3829,,4312.0,20.58,0.72,235.045,903.440732,131.3698184,110.5713479
HD 117618 b,HD 117618,1,1,Radial Velocity,2004.0,25.8,0.073586967,0.18,0.15,,55.30242,,5990.0,,1.077,37.7781,0.0,0.0,0.0
HD 118203 b,HD 118203,1,2,Radial Velocity,2005.0,6.1349779,0.016893998,0.0713,0.3136,12.778238,680.152791,1.796160598,5742.0,2.04,1.27,92.2589,1480.96565,4.0588494,798.4061577
HD 118203 c,HD 118203,1,2,Radial Velocity,2024.0,5103.0,13.96489276,6.28,0.26,,3747.196919,,5742.0,2.04,1.27,92.2589,157.8010645,4.0588494,0.102916178
HD 11964 b,HD 11964,2,2,Radial Velocity,2005.0,1945.0,5.888571162,3.16,0.041,,198.0,,5303.0,2.00971,0.91,33.5369,203.9183278,2.865781966,0.286991464
HD 11964 c,HD 11964,2,2,Radial Velocity,2008.0,37.91,0.114876852,0.229,0.3,,25.0,,5303.0,2.00971,0.91,33.5369,757.4989956,2.865781966,54.64773681
HD 11977 b,HD 11977,1,1,Radial Velocity,2005.0,711.0,1.940078398,1.93,0.4,,2080.0,,4970.0,10.09,1.91,67.9331,547.9422591,55.73111569,14.961775
HD 120084 b,HD 120084,1,1,Radial Velocity,2013.0,2142.0,5.877549132,4.21,0.483,,2034.101805,,4879.0,10.37,2.16,103.044,369.2245986,54.67271425,3.084653904
HD 121504 b,HD 121504,1,1,Radial Velocity,2003.0,63.33,0.148940704,0.33,0.03,,479.9233,,6027.0,1.07,1.62,41.6592,523.2962096,1.355383428,12.44612881
HD 12235 b,HD 12235,1,2,Radial Velocity,2022.0,4.36305,0.011964493,0.054,0.376,,10.48833743,,,,1.1,31.7627,0.0,0.0,0.0
HD 12235 c,HD 12235,1,2,Radial Velocity,2022.0,36336.70679,99.79907023,22.21,0.174,,3135.695063,,,,1.1,31.7627,0.0,0.0,0.0
HD 122562 c,HD 122562,1,1,Radial Velocity,2022.0,84.96276,0.232221892,0.406,0.228,,73.10053361,,,,1.241,53.2528,0.0,0.0,0.0
HD 124330 b,HD 124330,1,1,Radial Velocity,2021.0,270.66,0.74370167,0.86,0.34,,238.3713053,,5873.0,,1.15,60.1977,0.0,0.0,0.0
HD 12484 b,HD 12484,1,1,Radial Velocity,2016.0,58.83,0.161054917,0.297,0.07,,947.1334,,5920.0,,1.01,48.3367,0.0,0.0,0.0
HD 125271 b,HD 125271,1,1,Radial Velocity,2022.0,14901.99295,41.07992224,10.817,0.165,,3465.60095,,,,0.75,39.3466,0.0,0.0,0.0
HD 125390 b,HD 125390,1,1,Radial Velocity,2019.0,1757.39151,4.845308592,3.496,0.597,,8646.203984,,,,1.82,153.647,0.0,0.0,0.0
HD 125595 b,HD 125595,1,1,Radial Velocity,2009.0,9.6737,0.042018059,0.08,0.0,,6.3566,,4691.0,0.74,0.29,28.1989,687.9355898,0.237911273,37.17363644
HD 125612 b,HD 125612,2,3,Radial Velocity,2007.0,557.69994,1.529055591,1.349,0.446,,945.2216824,,,,1.05,57.6207,0.0,0.0,0.0
HD 125612 c,HD 125612,2,3,Radial Velocity,2009.0,4.15466,0.011239853,0.051,0.149,,15.57359194,,,,1.05,57.6207,0.0,0.0,0.0
HD 125612 d,HD 125612,2,3,Radial Velocity,2009.0,2822.72698,7.75456131,3.982,0.115,,2281.372305,,,,1.05,57.6207,0.0,0.0,0.0
HD 12648 b,HD 12648,1,1,Radial Velocity,2015.0,133.60001,0.484789537,0.54,0.04,,622.9468,,4835.0,11.02,0.67,182.192,1053.178233,59.5441298,204.197976
HD 126525 b,HD 126525,1,1,Radial Velocity,2018.0,960.41,2.62886033,1.837,0.035,,75.32571,,5638.0,0.979,0.897,37.6506,198.4601512,0.868871435,0.257476269
HD 12661 b,HD 12661,1,2,Radial Velocity,2000.0,262.70862,0.702794422,0.84,0.38,,772.3269,,5645.0,1.2,1.2,37.8478,325.3317167,1.311922339,1.859300367
HD 12661 c,HD 12661,1,2,Radial Velocity,2002.0,1708.0,4.675217217,2.8145,0.031,,575.884,,5748.0,1.11,1.02,37.8478,174.056041,1.206709816,0.152335225
HD 126614 b,HD 126614,3,1,Radial Velocity,2009.0,1257.25303,3.442298809,2.249,0.548,,107.74383,,,,0.96,73.0961,0.0,0.0,0.0
HD 127506 b,HD 127506,1,1,Radial Velocity,2022.0,65.78395,0.179953963,0.287,0.24,,27.333243,,,,0.73,22.5279,0.0,0.0,0.0
HD 128311 b,HD 128311,1,2,Radial Velocity,2002.0,453.019,1.240305744,1.084,0.303,,562.24127,,,0.76,0.828,16.3292,0.0,0.0,0.0
HD 128311 c,HD 128311,1,2,Radial Velocity,2005.0,921.538,2.522369486,1.74,0.159,,1204.25787,,,0.76,0.828,16.3292,0.0,0.0,0.0
HD 128356 b,HD 128356,1,1,Radial Velocity,2016.0,298.2,1.006519517,0.87,0.57,,282.8687,,4875.0,0.85,0.65,26.1548,232.3463932,0.3661223,0.483712907
HD 128717 b,HD 128717,1,1,Astrometry,2025.0,3420.0,9.702000619,4.85,0.85,,6293.002459,,6210.0,1.248,1.212,73.636,151.8936094,2.078190817,0.088349062
HD 129445 b,HD 129445,1,1,Radial Velocity,2009.0,1840.0,4.963401408,2.9,0.7,,508.507,,,,0.99,67.4386,0.0,0.0,0.0
HD 130322 b,HD 130322,1,1,Radial Velocity,1999.0,10.70871,0.029330447,0.0925,0.029,,365.49,,5387.0,0.85,0.92,31.8766,787.4029738,0.545903154,63.80168346
HD 131496 b,HD 131496,1,1,Radial Velocity,2011.0,896.0,2.461737191,2.01,0.181,,572.094,,4846.0,4.44,1.34,131.849,347.2868545,9.754149988,2.414333801
HD 13167 b,HD 13167,1,1,Radial Velocity,2018.0,2613.0,7.145109698,4.1,0.563,,1052.0173,,5671.0,2.39,1.35,148.934,208.7748345,5.300590343,0.315323637
HD 13189 b,HD 13189,1,1,Radial Velocity,2005.0,471.60001,0.933772351,1.25,0.27,,3480.2385,,4175.0,38.41,2.24,497.823,1115.925253,402.1651036,257.3856663
HD 132406 b,HD 132406,1,1,Radial Velocity,2007.0,908.0,0.0,,0.25,,1887.900738,,,,0.973,70.7832,,0.0,
HD 132563 b,HD 132563,3,1,Radial Velocity,2011.0,1544.0,3.822283631,2.62,0.22,,473.547,,6289.0,1.29577,1.231,105.155,213.2585186,2.356525103,0.343296589
HD 133131 A b,HD 133131 A,2,3,Radial Velocity,2016.0,649.0,1.772890592,1.44,0.33,,451.3186,,5799.0,,0.95,51.4736,0.0,0.0,0.0
HD 133131 A c,HD 133131 A,2,3,Radial Velocity,2016.0,3568.0,9.761301089,4.49,0.49,,133.4886,,5799.0,,0.95,51.4736,0.0,0.0,0.0
HD 133131 B b,HD 133131 B,2,3,Radial Velocity,2016.0,5769.0,15.81507295,6.15,0.61,,794.575,,5805.0,,0.93,51.2993,0.0,0.0,0.0
HD 134060 b,HD 134060,1,2,Radial Velocity,2019.0,3.2696,0.008940615,0.0444,0.45,,10.1,,5966.0,,1.095,24.0125,0.0,0.0,0.0
HD 134060 c,HD 134060,1,2,Radial Velocity,2019.0,1291.5646,3.537142369,2.3928,0.11,,29.29,,5966.0,,1.095,24.0125,0.0,0.0,0.0
HD 134606 b,HD 134606,1,5,Radial Velocity,2024.0,12.089,0.033077424,0.1046,0.092,,9.09,,5576.0,1.158,1.046,26.7909,894.5872026,1.163049045,106.3003416
HD 134606 c,HD 134606,1,5,Radial Velocity,2024.0,58.883,0.161225711,0.3007,0.055,,11.31,,5576.0,1.158,1.046,26.7909,527.6206801,1.163049045,12.86267134
HD 134606 d,HD 134606,1,5,Radial Velocity,2024.0,966.5,2.64406703,1.941,0.092,,44.8,,5576.0,1.158,1.046,26.7909,207.6709529,1.163049045,0.308707342
HD 134606 e,HD 134606,1,5,Radial Velocity,2024.0,4.3203,0.011829056,0.0527,0.2,,2.34,,5576.0,1.158,1.046,26.7909,1260.326929,1.163049045,418.7711925
HD 134606 f,HD 134606,1,5,Radial Velocity,2024.0,26.915,0.073676067,0.1784,0.081,,5.63,,5576.0,1.158,1.046,26.7909,685.000831,1.163049045,36.54334761
HD 134987 b,HD 134987,1,2,Radial Velocity,1999.0,258.17999,0.695074228,0.81,0.23,,511.7063,,5736.0,1.22,1.1,26.1804,339.4360986,1.445593151,2.203312225
HD 134987 c,HD 134987,1,2,Radial Velocity,2009.0,5000.0,13.31820354,5.8,0.12,,260.0,,5585.0,1.25,1.1,26.1804,125.0188978,1.363962989,0.040545868
HD 135344 A b,HD 135344 A,2,1,Imaging,2025.0,,0.0,16.5,0.5,16.25302201,3178.28407,4.078889495,9540.0,1.5,,141.595,138.6958641,16.72113938,0.061418326
HD 135625 b,HD 135625,1,1,Radial Velocity,2023.0,4055.0,11.09138179,5.4,0.16,,731.0053361,,,,1.28,56.518,0.0,0.0,0.0
HD 135694 b,HD 135694,1,1,Transit,2023.0,15.92347557,0.043598693,0.124695,,2.857,,0.0,5712.0,1.08,1.02,73.8713,810.563485,1.114012736,71.64602114
HD 135872 b,HD 135872,1,1,Radial Velocity,2022.0,2422.32597,6.642040726,4.172,0.164,,1744.560126,,,,1.646,82.4251,0.0,0.0,0.0
HD 136118 b,HD 136118,1,1,Radial Velocity,2022.0,1187.59765,3.267785725,2.327,0.344,,4164.187789,,,,1.18,51.4359,0.0,0.0,0.0
HD 136352 b,HD 136352,1,3,Radial Velocity,2019.0,11.57797,0.032088981,0.0964,0.0,1.664,4.72,5.644605981,5664.0,1.058,0.87,14.682,904.7717671,1.033603959,111.2244063
HD 136352 c,HD 136352,1,3,Radial Velocity,2019.0,27.59221,0.076544093,0.1721,0.0,2.916,11.24,2.497786714,5664.0,1.058,0.87,14.682,677.1534913,1.033603959,34.89734793
HD 136352 d,HD 136352,1,3,Radial Velocity,2019.0,107.245,0.297046041,0.425,0.0,2.562,8.82,2.889899952,5664.0,1.058,0.87,14.682,430.9065465,1.033603959,5.722374859
HD 136418 b,HD 136418,1,1,Radial Velocity,2009.0,464.29999,1.204352748,1.29,0.25,,680.1562,,4989.0,3.78,1.48,105.168,411.7902194,7.941955794,4.772523162
HD 136925 b,HD 136925,1,1,Radial Velocity,2021.0,4540.0,12.42070403,5.13,0.103,,266.9758619,,5773.19,1.193078,0.875104,47.874,134.246529,1.418701173,0.05390837
HD 13724 c,HD 13724,1,1,Radial Velocity,2022.0,142.22895,0.389444011,0.534,0.651,,50.85254512,,,,1.004,43.465,0.0,0.0,0.0
HD 137388 b,HD 137388,1,1,Radial Velocity,2011.0,330.0,1.018194047,0.89,0.36,,63.566,,5181.0,0.88,0.68,40.4841,248.4113321,0.500621576,0.63201815
HD 137496 b,HD 137496,1,2,Transit,2021.0,1.62116,0.004427967,0.02732,0.0,1.31,4.04,9.901912334,5799.0,1.59,1.04,155.317,2133.156909,2.565054125,3436.648728
HD 137496 c,HD 137496,1,2,Radial Velocity,2021.0,479.9,1.315359272,1.2163,0.477,,2434.565598,,5799.0,1.59,1.04,155.317,319.7001177,2.565054125,1.733864362
HD 13808 b,HD 13808,1,2,Radial Velocity,2021.0,14.1815,0.038853889,0.10519,0.071,,11.2,,5035.0,0.781,0.771,28.2305,661.5295414,0.351714131,31.786368
HD 13808 c,HD 13808,1,2,Radial Velocity,2021.0,53.753,0.146995537,0.2554,0.156,,9.96,,5035.0,0.781,0.771,28.2305,424.5472421,0.351714131,5.391977005
HD 13908 b,HD 13908,1,2,Radial Velocity,2013.0,19.382,0.053209138,0.154,0.02,,274.91,,6255.0,1.67,1.29,79.5515,993.1999015,3.830293455,161.5067235
HD 13908 c,HD 13908,1,2,Radial Velocity,2013.0,931.0,2.546532374,2.03,0.12,,1630.4,,6255.0,1.67,1.29,79.5515,273.5577413,3.830293455,0.929479836
HD 13931 b,HD 13931,1,1,Radial Velocity,2009.0,4218.0,10.25036116,5.15,0.02,,699.226,,5867.0,1.25,1.3,47.3963,139.3730996,1.661017579,0.062626735
HD 139357 b,HD 139357,1,1,Radial Velocity,2008.0,1124.79139,3.087706548,2.949,0.099,,6315.568276,,,,2.69,112.09,0.0,0.0,0.0
HD 1397 b,HD 1397,1,1,Transit,2018.0,11.53533,0.031576642,0.1097,0.251,11.500434,131.89945,0.477806324,5521.0,2.336,1.324,79.5702,1228.463709,4.548901317,378.0012711
HD 14067 b,HD 14067,1,1,Radial Velocity,2014.0,2744.0,7.544061544,5.15,0.65,,4862.774627,,4815.0,12.4,2.4,142.024,360.2591319,74.15123457,2.795786014
HD 140901 b,HD 140901,1,2,Radial Velocity,2022.0,9.02378,0.02490639,0.085,0.472,,15.57359194,,,,0.99,15.2528,0.0,0.0,0.0
HD 140901 c,HD 140901,1,2,Radial Velocity,2022.0,14386.0,39.37042276,11.8,0.77,,572.0911326,,,,1.06,15.2528,0.0,0.0,0.0
HD 141004 b,HD 141004,1,1,Radial Velocity,2021.0,15.5083,0.042471042,0.1238,0.16,,13.63483866,,5885.38,1.389372,1.051904,11.8148,950.6812674,2.077901568,135.57627
HD 141399 b,HD 141399,1,4,Radial Velocity,2014.0,94.44,0.258452214,0.415,0.04,,143.34133,,5600.0,,1.07,37.0169,0.0,0.0,0.0
HD 141399 c,HD 141399,1,4,Radial Velocity,2014.0,201.99,0.55288772,0.689,0.048,,422.7139,,5600.0,,1.07,37.0169,0.0,0.0,0.0
HD 141399 d,HD 141399,1,4,Radial Velocity,2014.0,1069.8,2.920972985,2.09,0.074,,375.0394,,5600.0,,1.07,37.0169,0.0,0.0,0.0
HD 141399 e,HD 141399,1,4,Radial Velocity,2014.0,5000.0,10.80844253,5.0,0.26,,209.7678,,5600.0,,1.07,37.0169,0.0,0.0,0.0
HD 141937 b,HD 141937,1,1,Radial Velocity,2002.0,653.21997,1.759639246,1.5,0.41,,3079.7727,,5870.0,1.03,1.09,33.3622,234.5430469,1.130099556,0.502266469
HD 142 A d,HD 142,2,3,Radial Velocity,2022.0,108.45299,0.296670817,0.474,0.13,,82.63538582,,,,1.21,26.1853,0.0,0.0,0.0
HD 142 b,HD 142,2,3,Radial Velocity,2001.0,351.43394,0.962787928,1.039,0.158,,396.9676803,,,,1.21,26.1853,0.0,0.0,0.0
HD 142 c,HD 142,2,3,Radial Velocity,2012.0,10159.64279,27.93683665,9.811,0.277,,3464.647465,,,,1.21,26.1853,0.0,0.0,0.0
HD 142022 A b,HD 142022 A,2,1,Radial Velocity,2005.0,1928.0,5.286645334,2.93,0.53,,1411.1652,,5421.0,1.04,0.9,34.2802,155.7305242,0.838058157,0.097620026
HD 142245 b,HD 142245,3,1,Radial Velocity,2011.0,1299.0,2.477611292,2.78,0.0,,975.7381,,4922.0,4.63,3.5,97.2305,306.2817963,11.28803298,1.460591193
HD 142415 b,HD 142415,1,1,Radial Velocity,2003.0,386.29999,1.055035102,1.06,0.5,,530.7761,,5940.0,1.04,1.07,35.5318,283.7015187,1.208098398,1.075203274
HD 143105 b,HD 143105,1,1,Radial Velocity,2016.0,2.1974,0.00600441,0.0379,0.07,,384.5743,,6380.0,,1.51,46.7789,0.0,0.0,0.0
HD 143361 b,HD 143361,1,1,Radial Velocity,2008.0,1039.15,2.848963541,1.988,0.197,,1122.57556,,5507.0,0.916,0.968,68.5146,180.2461935,0.692374562,0.175189609
HD 143811 AB b,HD 143811 A,2,1,Imaging,2025.0,117000.0,435.2350462,63.0,0.19,15.69257298,1938.753283,2.764341374,6791.0,,1.32,136.608,0.0,0.0,0.0
HD 144899 b,HD 144899,1,1,Radial Velocity,2022.0,40.43914,0.110533534,0.242,0.821,,20.34101805,,,,1.16,115.665,0.0,0.0,0.0
HD 145377 b,HD 145377,1,1,Radial Velocity,2008.0,103.95,0.275567596,0.45,0.31,,1913.3366,,6014.0,1.05,1.2,53.4884,442.9587603,1.293963849,6.389944934
HD 145457 b,HD 145457,1,1,Radial Velocity,2010.0,176.13,0.482564819,0.762,0.111,,888.0125692,,4757.0,9.9,1.9,135.292,826.7700612,45.02905625,77.55019642
HD 145675 c,14 Her,1,2,Radial Velocity,2021.0,15732.45889,43.16306287,11.924,0.393,,1597.087745,,,,0.91,17.9323,0.0,0.0,0.0
HD 145934 b,HD 145934,1,1,Radial Velocity,2015.0,2751.53433,7.537730459,4.89,0.078,,658.5404593,,,,2.058,227.881,0.0,0.0,0.0
HD 1461 b,HD 1461,1,2,Radial Velocity,2010.0,5.77152,0.01580643,0.0634,0.172,,6.44,,5765.0,,1.02,23.4534,0.0,0.0,0.0
HD 1461 c,HD 1461,1,2,Radial Velocity,2015.0,13.5052,0.036964061,0.1117,0.305,,5.59,,5765.0,,1.02,23.4534,0.0,0.0,0.0
HD 147018 b,HD 147018,1,2,Radial Velocity,2009.0,44.236,0.121202511,0.2388,0.4686,,674.0,,5441.0,,0.927,40.4256,0.0,0.0,0.0
HD 147018 c,HD 147018,1,2,Radial Velocity,2009.0,1008.0,2.767516431,1.922,0.133,,2080.0,,5441.0,,0.927,40.4256,0.0,0.0,0.0
HD 147379 b,HD 147379,2,1,Radial Velocity,2017.0,86.58,0.0,,0.063,,21.6,,4090.0,,0.58,10.7643,,0.0,
HD 147513 b,HD 147513,2,1,Radial Velocity,2003.0,528.4,1.439459358,1.32,0.26,,385.0,,5883.0,,1.11,12.9032,0.0,0.0,0.0
HD 14787 b,HD 14787,1,1,Radial Velocity,2018.0,676.6,1.853554514,1.7,0.155,,356.28743,,4946.0,5.01,1.43,119.137,409.411458,13.4766438,4.663198548
HD 147873 b,HD 147873,2,2,Radial Velocity,2016.0,116.596,0.321045222,0.522,0.207,,1633.6462,,5972.0,2.29,1.38,109.055,603.1339389,5.984667283,21.96337137
HD 147873 c,HD 147873,2,2,Radial Velocity,2016.0,491.54,1.35010896,1.36,0.23,,731.009,,5972.0,2.29,1.38,109.055,373.6625426,5.984667283,3.235654889
HD 148156 b,HD 148156,1,1,Radial Velocity,2009.0,1027.0,3.471916016,2.45,0.52,,270.144,,6308.0,1.21,1.22,57.1289,213.7532892,2.079827562,0.346493555
HD 148164 b,HD 148164,1,2,Radial Velocity,2018.0,328.55,0.899562179,0.993,0.587,,390.9309,,6032.0,1.34,1.21,77.1971,337.8707427,2.132773707,2.162949009
HD 148164 c,HD 148164,1,2,Radial Velocity,2018.0,5062.0,13.86500366,6.15,0.125,,1640.0028,,6032.0,1.34,1.21,77.1971,135.7649465,2.132773707,0.05638902
HD 149026 b,HD 149026,1,1,Radial Velocity,2005.0,2.87589,0.0,,0.0,8.29466,120.7754,1.16609603,6179.0,1.41,1.42,75.8643,,2.600164689,
HD 149143 b,HD 149143,1,1,Radial Velocity,2005.0,4.07182,0.01113841,0.053,0.0167,,422.7139,,5856.0,1.44,1.2,73.2801,1471.823924,2.187857874,778.8742878
HD 149806 b,HD 149806,1,1,Radial Velocity,2022.0,16521.52778,45.30030876,12.404,0.357,,4003.684443,,,,0.93,20.2727,0.0,0.0,0.0
HD 150010 b,HD 150010,1,1,Radial Velocity,2022.0,562.0,1.452848661,1.4,0.2,,762.7881768,,4153.0,16.2,1.3,144.49,681.1878595,70.04346199,35.7364602
HD 1502 b,HD 1502,1,1,Radial Velocity,2011.0,428.5,1.173309547,1.262,0.031,,874.0325,,4947.0,4.67,1.46,190.953,458.8620614,11.71901884,7.358216176
HD 150706 b,HD 150706,1,1,Radial Velocity,2012.0,5894.0,16.03316541,6.7,0.38,,861.28,,5961.0,0.96,1.17,28.2697,108.79998,1.044019964,0.023257295
HD 151450 b,HD 151450,1,2,Radial Velocity,2022.0,21.89288,0.059941492,0.16,0.496,,38.45723725,,,,1.14,43.6002,0.0,0.0,0.0
HD 151450 c,HD 151450,1,2,Radial Velocity,2022.0,18144.76236,49.75158474,14.131,0.138,,1636.180639,,,,1.14,43.6002,0.0,0.0,0.0
HD 152079 b,HD 152079,1,1,Radial Velocity,2009.0,2918.92,7.999682165,4.187,0.532,,845.74563,,5907.0,1.128,1.147,87.8888,147.8364478,1.389875606,0.079281163
HD 152581 b,HD 152581,1,1,Radial Velocity,2011.0,686.5,1.87581695,1.66,0.04,,594.02427,,5027.0,5.14,1.3,165.76,426.5283271,15.13741191,5.493327011
HD 152843 b,HD 152843,1,2,Transit,2021.0,11.62071,0.031682126,0.1049,0.046,3.05,9.82,1.907056538,6310.0,1.43,1.15,107.898,1123.365579,2.908568939,264.3190018
HD 152843 c,HD 152843,1,2,Transit,2021.0,19.502104,0.05320144,0.1482,0.074,5.94,9.67,0.254225282,6310.0,1.43,1.15,107.898,945.1152151,2.908568939,132.4289558
HD 15337 b,HD 15337,1,2,Transit,2019.0,4.7559804,0.0,,0.058,1.77,6.519,6.477579932,5131.0,0.855,0.829,44.8155,,0.45460074,
HD 15337 c,HD 15337,1,2,Transit,2019.0,17.180546,0.0,,0.096,2.526,6.792,2.321930613,5131.0,0.855,0.829,44.8155,,0.45460074,
HD 153557 b,HD 153557,1,3,Radial Velocity,2022.0,7.29903,0.019950318,0.068,0.065,,20.34101805,,,,0.79,17.9412,0.0,0.0,0.0
HD 153557 c,HD 153557,1,3,Radial Velocity,2022.0,15.27018,0.041607433,0.111,0.511,,17.48056238,,,,0.79,17.9412,0.0,0.0,0.0
HD 153557 d,HD 153557,1,3,Radial Velocity,2022.0,40654.64809,111.7627368,21.449,0.152,,8725.661086,,,,0.79,17.9412,0.0,0.0,0.0
HD 153950 b,HD 153950,1,1,Radial Velocity,2008.0,499.39999,1.29526893,1.28,0.34,,937.5985,,6124.0,1.28,1.25,48.4549,295.2885863,2.067523799,1.261916381
HD 154088 b,HD 154088,1,1,Radial Velocity,2021.0,18.56,0.051420524,0.134,0.344,,6.6,,5374.0,,0.91,18.2692,0.0,0.0,0.0
HD 154345 b,HD 154345,1,1,Radial Velocity,2006.0,3341.55884,10.25165469,4.21,0.04,,260.6206,,5468.0,0.85,0.71,18.284,118.470003,0.579484368,0.032694713
HD 154391 b,HD 154391,1,1,Radial Velocity,2023.0,5163.0,14.16195038,7.46,0.2,,2892.238504,,4909.0,8.56,2.07,100.947,253.5548834,38.17767774,0.686012221
HD 154672 b,HD 154672,1,1,Radial Velocity,2008.0,163.94,0.42784442,0.6,0.61,,1706.7471,,5743.0,1.32,1.18,63.0484,410.7349275,1.700563986,4.72378885
HD 154857 b,HD 154857,1,2,Radial Velocity,2004.0,408.60001,1.046541681,1.29,0.46,,778.6835,,5589.0,2.3,1.96,63.4482,359.8443193,4.631076557,2.782931649
HD 154857 c,HD 154857,1,2,Radial Velocity,2014.0,3452.0,9.467506344,5.36,0.06,,819.97,,5605.0,1.76,1.718,63.4482,154.8677664,2.742948498,0.09547465
HD 155193 b,HD 155193,1,1,Radial Velocity,2021.0,352.65,0.959825264,1.04,0.21,,238.3713053,,6239.0,,1.221,57.7995,0.0,0.0,0.0
HD 155358 b,HD 155358,1,2,Radial Velocity,2007.0,194.3,0.46629623,0.63,0.17,,314.6517,,5905.0,1.38,1.15,43.6197,421.4059362,2.077435891,5.234154425
HD 155358 c,HD 155358,1,2,Radial Velocity,2007.0,391.9,1.074005101,1.02,0.16,,261.0,,5900.0,,0.92,43.6197,0.0,0.0,0.0
HD 155918 b,HD 155918,1,2,Radial Velocity,2022.0,1.87567,0.005119921,0.03,0.194,,7.62788177,,,,1.03,27.561,0.0,0.0,0.0
HD 155918 c,HD 155918,1,2,Radial Velocity,2022.0,17202.19446,47.16314588,13.183,0.071,,1878.048057,,,,1.03,27.561,0.0,0.0,0.0
HD 156098 b,HD 156098,1,2,Radial Velocity,2022.0,21.85849,0.060086907,0.167,0.109,,15.89142035,,,,1.29,48.249,0.0,0.0,0.0
HD 156098 c,HD 156098,1,2,Radial Velocity,2022.0,7841.5839,21.49246981,8.415,0.391,,1661.606912,,,,1.29,48.249,0.0,0.0,0.0
HD 156279 b,HD 156279,1,2,Radial Velocity,2011.0,133.40355,0.36685264,0.502,0.647,,2997.757535,,,,0.94,36.1945,0.0,0.0,0.0
HD 156279 c,HD 156279,1,2,Radial Velocity,2018.0,4818.25358,13.25317029,5.486,0.261,,3098.826968,,,,0.94,36.1945,0.0,0.0,0.0
HD 156411 b,HD 156411,1,1,Radial Velocity,2009.0,842.2,2.305588341,1.88,0.22,,235.18,,5900.0,2.16,1.25,56.8655,304.9379253,5.072305454,1.435124902
HD 156668 b,HD 156668,1,2,Radial Velocity,2010.0,4.6455,0.012724665,0.05,0.0,,4.15,,4850.0,0.72,0.772,24.3323,887.4307297,0.257348592,102.939437
HD 156668 c,HD 156668,1,2,Radial Velocity,2021.0,811.3,2.220079157,1.57,0.089,,31.49679513,,4903.69,0.774528,0.785167,24.3323,166.0746023,0.311211849,0.126257394
HD 156846 b,HD 156846,2,1,Radial Velocity,2007.0,359.51001,1.008991461,1.12,0.85,,3391.2461,,6090.0,1.9,1.38,47.7332,382.4692819,4.455189921,3.551650129
HD 158038 b,HD 158038,1,1,Radial Velocity,2011.0,521.0,1.611258467,1.5,0.29,,486.2799,,4860.0,4.5,1.3,94.8625,405.8900221,10.13584486,4.504819938
HD 158259 b,HD 158259,1,5,Radial Velocity,2020.0,2.178,0.0,,,,2.22,,,1.21,1.08,27.0498,,0.0,
HD 158259 c,HD 158259,1,5,Radial Velocity,2020.0,3.432,0.0,,,,5.6,,,1.21,1.08,27.0498,,0.0,
HD 158259 d,HD 158259,1,5,Radial Velocity,2020.0,5.1980814,0.0,,,,5.41,,,1.21,1.08,27.0498,,0.0,
HD 158259 e,HD 158259,1,5,Radial Velocity,2020.0,7.951,0.0,,,,6.08,,,1.21,1.08,27.0498,,0.0,
HD 158259 f,HD 158259,1,5,Radial Velocity,2020.0,12.028,0.0,,,,6.14,,,1.21,1.08,27.0498,,0.0,
HD 158996 b,HD 158996,1,1,Radial Velocity,2018.0,820.2,2.268259244,2.1,0.13,,4449.62,,4069.0,50.3,1.8,283.659,960.226116,622.2667268,141.1035662
HD 15906 b,HD 15906,1,2,Transit,2023.0,10.924709,0.030377373,0.09,0.11,2.24,,0.0,4757.0,0.762,0.79,45.5621,667.422527,0.26676718,32.93421979
HD 15906 c,HD 15906,1,2,Transit,2023.0,21.583298,0.059568289,0.141,0.04,2.93,,0.0,4757.0,0.762,0.79,45.5621,533.2275249,0.26676718,13.41819729
HD 159243 b,HD 159243,1,2,Radial Velocity,2013.0,12.62,0.034396382,0.11,0.02,,359.13,,6123.0,1.12,1.125,73.3055,942.081351,1.581914231,130.7367133
HD 159243 c,HD 159243,1,2,Radial Velocity,2013.0,248.4,0.674619234,0.8,0.075,,603.9,,6123.0,1.12,1.125,73.3055,349.3331145,1.581914231,2.471740986
HD 159868 b,HD 159868,1,2,Radial Velocity,2006.0,1184.1,3.239354641,2.32,0.024,,704.94694,,5534.0,2.13,1.19,55.8503,255.6798146,3.817734091,0.709299586
HD 159868 c,HD 159868,1,2,Radial Velocity,2012.0,351.0,0.961050182,1.032,0.184,,244.09344,,5534.0,2.13,1.19,55.8503,383.3545185,3.817734091,3.584646065
HD 1605 b,HD 1605,1,2,Radial Velocity,2015.0,577.2,1.580255877,1.492,0.095,,296.85322,,4915.0,3.49,1.33,88.8047,362.4626846,6.377269825,2.864818723
HD 1605 c,HD 1605,1,2,Radial Velocity,2015.0,2149.0,5.883370262,3.584,0.099,,1150.5446,,4915.0,3.49,1.33,88.8047,233.8641832,6.377269825,0.496476607
HD 160691 b,HD 160691,1,4,Radial Velocity,2000.0,645.0,0.0,,,,1366.66215,,5773.0,1.33,1.13,15.5981,,1.762785063,
HD 160691 c,HD 160691,1,4,Radial Velocity,2004.0,3947.0,0.0,,,,1398.444991,,5773.0,1.33,1.13,15.5981,,1.762785063,
HD 160691 d,HD 160691,1,4,Radial Velocity,2004.0,9.6392,0.0,,,,,,5773.0,1.33,1.13,15.5981,,1.762785063,
HD 160691 e,HD 160691,1,4,Radial Velocity,2006.0,307.9,0.0,,,,2224.798849,,5773.0,1.33,1.13,15.5981,,1.762785063,
HD 161178 b,HD 161178,1,1,Radial Velocity,2021.0,279.3,0.761159121,0.85,0.044,,181.162192,,4786.0,10.95,1.06,107.188,828.2887632,56.442841,78.12157923
HD 16141 b,HD 16141,2,1,Radial Velocity,2000.0,75.523,0.205018127,0.36,0.25,,82.6358,,5757.0,1.48,1.11,37.7861,562.8430599,2.158729362,16.65686236
HD 16175 b,HD 16175,1,1,Radial Velocity,2009.0,990.0,2.417742191,2.12,0.6,,1620.933,,5981.0,1.72,1.63,59.859,259.7655616,3.396580824,0.75573621
HD 162020 b,HD 162020,1,1,Radial Velocity,2002.0,8.4282,0.034914862,0.08,0.28,,3127.4472,,4723.0,0.75,0.42,30.8248,697.2926098,0.251121652,39.23775807
HD 163607 b,HD 163607,1,2,Radial Velocity,2010.0,75.2203,0.205804016,0.362,0.7441,,249.051588,,5522.0,1.76,1.12,67.7855,587.0970924,2.584049298,19.718944
HD 163607 c,HD 163607,1,2,Radial Velocity,2010.0,1272.0,3.4913054,2.39,0.08,,699.54383,,5522.0,1.76,1.12,67.7855,228.4889828,2.584049298,0.452381663
HD 16417 b,HD 16417,2,1,Radial Velocity,2008.0,17.24,0.047819104,0.14,0.2,,22.1,,,,1.2,25.3936,0.0,0.0,0.0
HD 164509 b,HD 164509,2,1,Radial Velocity,2010.0,280.17,0.766778395,0.87,0.238,,140.79869,,5859.0,1.11,1.12,53.1119,319.1073737,1.302656166,1.721041308
HD 164595 b,HD 164595,2,1,Radial Velocity,2015.0,40.0,0.110859817,0.23,0.088,,16.14,,5790.0,,0.99,28.254,0.0,0.0,0.0
HD 164604 b,HD 164604,1,2,Radial Velocity,2009.0,653.9,1.811424756,1.362,0.479,,4195.334972,,4663.0,0.78,0.77,39.3633,170.151445,0.258071899,0.139119018
HD 164604 c,HD 164604,1,2,Radial Velocity,2026.0,5387.0,14.92443824,5.556,0.196,,3019.369867,,4663.0,0.78,0.77,39.3633,84.24479482,0.258071899,0.008360192
HD 164922 b,HD 164922,1,4,Radial Velocity,2005.0,1207.0,3.298945443,2.16,0.08,,116.0,,5390.0,0.946,0.926,22.0016,171.9962335,0.677683924,0.145251184
HD 164922 c,HD 164922,1,4,Radial Velocity,2016.0,75.74,0.206931247,0.341,0.12,,13.0,,5390.0,0.946,0.926,22.0016,432.881098,0.677683924,5.827985003
HD 164922 d,HD 164922,1,4,Radial Velocity,2020.0,12.458,0.034351867,0.103,0.12,,4.0,,5390.0,0.946,0.926,22.0016,787.6389774,0.677683924,63.87820946
HD 164922 e,HD 164922,1,4,Radial Velocity,2021.0,41.763,0.114329337,0.2292,0.086,,10.52012027,,5393.43,1.001813,0.921146,22.0016,543.7040274,0.761944541,14.50421188
HD 165131 b,HD 165131,1,1,Radial Velocity,2023.0,2342.6,6.469220594,3.54,0.6708,,5943.391211,,5870.0,,1.06,57.4263,0.0,0.0,0.0
HD 165155 b,HD 165155,1,1,Radial Velocity,2016.0,434.5,1.189371642,1.13,0.2,,918.5287,,5426.0,0.95,1.02,63.3574,239.8909415,0.701869254,0.549666579
HD 1666 b,HD 1666,1,1,Radial Velocity,2015.0,270.0,0.744125437,0.94,0.63,,2040.0,,6317.0,1.93,1.5,117.908,436.4525982,5.321670433,6.022714388
HD 166724 b,HD 166724,1,1,Radial Velocity,2012.0,5144.0,14.02027139,5.42,0.734,,1121.89,,5127.0,,0.81,45.1342,0.0,0.0,0.0
HD 167042 b,HD 167042,1,1,Radial Velocity,2007.0,417.67,1.142963459,1.22,0.01,,444.0062846,,4919.0,4.63,1.39,49.6633,462.06054,11.26053753,7.565531797
HD 167677 b,HD 167677,1,1,Radial Velocity,2023.0,1820.0,4.980514127,2.877,0.182,,905.81096,,5474.0,,0.96,54.3258,0.0,0.0,0.0
HD 167768 b,HD 167768,1,1,Radial Velocity,2022.0,20.6532,0.05657386,0.1512,0.149,,270.154146,,4851.0,9.7,1.08,107.214,1873.495804,46.74750288,2044.818825
HD 168009 b,HD 168009,1,1,Radial Velocity,2021.0,15.1479,0.041443827,0.1192,0.12,,9.53485221,,5778.33,1.209505,0.986073,23.3032,887.5228143,1.463236578,102.9821698
HD 168443 b,HD 168443,1,2,Radial Velocity,1998.0,58.11187,0.159390062,0.292,0.53,,2424.395089,,,,0.98,39.6245,0.0,0.0,0.0
HD 168443 c,HD 168443,1,2,Radial Velocity,2000.0,1753.1096,4.839751605,2.842,0.21,,5500.338412,,,,0.98,39.6245,0.0,0.0,0.0
HD 168746 b,HD 168746,1,1,Radial Velocity,2002.0,6.404,0.01790421,0.07,0.11,,85.8141,,5570.0,1.09,1.07,41.5681,1059.817052,1.026038428,209.3955975
HD 168863 b,HD 168863,1,1,Radial Velocity,2022.0,14773.93272,40.57236026,10.961,0.187,,2154.876599,,,,0.8,39.8979,0.0,0.0,0.0
HD 1690 b,HD 1690,1,1,Radial Velocity,2010.0,533.0,1.162925492,1.36,0.64,,2793.7257,,4374.0,21.66,1.86,752.615,841.6858562,154.0713434,83.29981802
HD 16905 b,HD 16905,1,1,Radial Velocity,2022.0,10256.0,28.31486826,8.8,0.68,,3591.460999,,,,0.85,39.7401,0.0,0.0,0.0
HD 169142 b,HD 169142,1,1,Imaging,2023.0,,166.8124825,37.2,,,953.485221,,,,1.85,113.6,0.0,0.0,0.0
HD 169830 b,HD 169830,1,2,Radial Velocity,2000.0,225.67372,0.618584768,0.765,0.294,,804.4236981,,,,1.17,37.6048,0.0,0.0,0.0
HD 169830 c,HD 169830,1,2,Radial Velocity,2003.0,1818.82339,4.98511004,3.075,0.246,,2437.426053,,,,1.17,37.6048,0.0,0.0,0.0
HD 170469 b,HD 170469,2,1,Radial Velocity,2007.0,1145.0,3.196507185,2.24,0.11,,209.7678,,5842.0,1.24,1.1,60.178,209.5848396,1.606865146,0.320245764
HD 17092 b,HD 17092,1,1,Radial Velocity,2007.0,359.89999,0.577962168,1.31,0.17,,3219.6179,,4326.0,13.58,6.73,228.422,671.6023867,57.94759955,33.76702963
HD 171028 b,HD 171028,1,1,Radial Velocity,2007.0,550.0,1.226069761,1.32,0.59,,832.7146,,5671.0,2.47,1.53,111.659,374.0525648,5.661380512,3.249185326
HD 171238 b,HD 171238,1,1,Radial Velocity,2009.0,1515.0,4.16571616,2.518,0.358,,2796.889982,,,,0.92,44.8113,0.0,0.0,0.0
HD 17156 b,HD 17156,1,1,Radial Velocity,2007.0,21.2164294,0.058160572,0.1632,0.6772,12.26262489,1036.120607,3.096075763,6046.0,1.517,1.285,78.0863,888.8169633,2.758884905,103.5841422
HD 173416 b,HD 173416,1,1,Radial Velocity,2008.0,322.03,0.881145933,1.158,0.208,,585.1220973,,4683.0,13.5,2.0,132.184,770.9891049,78.64190371,58.64579788
HD 174205 b,HD 174205,1,1,Radial Velocity,2022.0,582.0,1.652103037,1.7,0.4,,1334.879309,,4308.0,26.6,1.8,234.027,821.6815413,218.6532323,75.65855788
HD 175167 b,HD 175167,1,1,Radial Velocity,2009.0,1175.0,0.0,,0.51,,4703.860424,,,,1.09,71.0863,,0.0,
HD 175541 b,HD 175541,1,1,Radial Velocity,2007.0,298.43,0.816581475,0.975,0.11,,190.06234,,5013.0,4.19,1.39,129.603,501.0878667,9.947380128,10.46404221
HD 175607 b,HD 175607,1,1,Radial Velocity,2015.0,29.01,0.0,,0.11,,8.98,,5392.0,0.7,0.71,40.3303,,0.37160835,
HD 17674 b,HD 17674,1,1,Radial Velocity,2017.0,623.8,1.709304668,1.42,0.13,,276.5121,,5904.0,1.18,0.98,44.4264,259.5103353,1.517886365,0.752770465
HD 176986 b,HD 176986,1,3,Radial Velocity,2017.0,6.49164,0.017783498,0.062956,,,5.36,,4931.0,0.782,0.789,27.7843,837.975448,0.324372006,81.84065807
HD 176986 c,HD 176986,1,3,Radial Velocity,2017.0,16.8124,0.046057695,0.11873,,,9.75,,4931.0,0.782,0.789,27.7843,610.1963757,0.324372006,23.01030793
HD 176986 d,HD 176986,1,3,Radial Velocity,2026.0,61.376,0.168134159,0.28149,,,6.76,,4931.0,0.782,0.789,27.7843,396.2947985,0.324372006,4.093713302
HD 177565 b,HD 177565,1,1,Radial Velocity,2017.0,44.505,0.122012032,0.246,0.0593,,15.1,,,,1.0,16.9179,0.0,0.0,0.0
HD 177830 b,HD 177830,2,2,Radial Velocity,1999.0,410.10001,0.933539753,1.14,0.1,,537.1327,,4901.0,3.26,1.7,62.7674,399.6249137,5.501281397,4.2330574
HD 177830 c,HD 177830,2,2,Radial Velocity,2010.0,110.9,0.303672651,0.5137,0.3,,47.6725,,4949.0,2.62,1.47,62.7674,538.9206131,3.69455595,14.00048615
HD 178911 B b,HD 178911 B,3,1,Radial Velocity,2001.0,71.484,0.178035879,0.34,0.11,,2552.1749,,5588.0,1.08,1.24,40.9727,480.2200574,1.02038238,8.8268372
HD 179079 b,HD 179079,1,1,Radial Velocity,2008.0,14.479,0.039616454,0.1214,0.049,,25.74423,,5646.0,1.63,1.14,69.7116,997.5549116,2.422303485,164.3581259
HD 179949 b,HD 179949,1,1,Radial Velocity,2000.0,3.092514,0.008476429,0.0443,0.022,,291.12,,6168.0,,1.21,27.4573,0.0,0.0,0.0
HD 180053 b,HD 180053,1,1,Radial Velocity,2018.0,213.72,0.585089545,0.843,0.081,,697.31902,,5131.0,4.06,1.75,137.043,542.9536072,10.25061626,14.42430266
HD 18015 b,HD 18015,1,1,Radial Velocity,2018.0,2278.0,6.236965092,3.87,0.148,,1010.6994,,5603.0,3.13,1.49,123.801,242.9678369,8.662854397,0.578414385
HD 180314 b,HD 180314,1,1,Radial Velocity,2010.0,394.73,1.080603,1.448,0.247,,7216.929638,,4917.0,9.2,2.6,122.362,597.6147661,44.38807772,21.17040733
HD 180617 b,HD 180617,2,1,Radial Velocity,2018.0,105.911,0.288747677,0.343,0.101,,12.214,,3534.0,0.481,0.484,5.91059,201.7917943,0.032377714,0.275206029
HD 180902 b,HD 180902,2,1,Radial Velocity,2009.0,510.9,1.395026627,1.4,0.107,,535.54355,,4961.0,4.16,1.41,104.577,412.3474879,9.404883481,4.798409939
HD 181234 b,HD 181234,1,1,Radial Velocity,2019.0,7593.40512,20.87642882,7.427,0.726,,2980.912629,,,,0.94,47.7458,0.0,0.0,0.0
HD 181342 b,HD 181342,1,1,Radial Velocity,2009.0,564.1,1.545152122,1.592,0.022,,807.2882,,4945.0,4.71,1.69,120.391,410.1254278,11.90136701,4.695812215
HD 18143 b,HD 18143,1,2,Radial Velocity,2022.0,10.2851,0.028314868,0.088,0.224,,10.80616584,,,,0.85,22.5243,0.0,0.0,0.0
HD 18143 c,HD 18143,1,2,Radial Velocity,2022.0,28982.41764,79.60922779,17.53,0.194,,3177.648413,,,,0.85,22.5243,0.0,0.0,0.0
HD 181433 b,HD 181433,1,3,Radial Velocity,2008.0,9.3743,0.028507866,0.08,0.4,,6.3566,,4918.0,0.79,0.63,26.8762,745.1926371,0.327565482,51.1821065
HD 181433 c,HD 181433,1,3,Radial Velocity,2008.0,962.0,2.643758009,1.76,0.28,,203.0,,4962.0,,0.78,26.8762,0.0,0.0,0.0
HD 181433 d,HD 181433,1,3,Radial Velocity,2008.0,2172.0,5.883484054,3.0,0.48,,171.0,,4962.0,,0.78,26.8762,0.0,0.0,0.0
HD 181720 b,HD 181720,1,1,Radial Velocity,2009.0,956.0,2.479356517,1.85,0.26,,127.132,,5736.0,1.5,1.03,60.2046,249.0464678,2.185289297,0.638506734
HD 183263 b,HD 183263,1,2,Radial Velocity,2004.0,624.87404,1.713469392,1.46,0.383,,1103.182401,,,,1.06,54.1955,0.0,0.0,0.0
HD 183263 c,HD 183263,1,2,Radial Velocity,2008.0,4667.97841,12.81981723,5.585,0.051,,2958.982469,,,,1.06,54.1955,0.0,0.0,0.0
HD 183579 b,HD 183579,1,1,Transit,2021.0,17.471291,0.048163442,0.1322,0.061,3.49,20.4,2.644268098,5784.0,0.96,0.996,57.2651,751.5530677,0.925434004,52.95202131
HD 184010 b,HD 184010,1,3,Radial Velocity,2022.0,286.6,0.784377082,0.94,0.0,,98.52680617,,4971.0,4.86,1.35,60.7993,545.0162479,12.94009429,14.6447423
HD 184010 c,HD 184010,1,3,Radial Velocity,2022.0,484.3,1.326071252,1.334,0.0,,95.3485221,,4971.0,4.86,1.35,60.7993,457.5045964,12.94009429,7.271529693
HD 184010 d,HD 184010,1,3,Radial Velocity,2022.0,836.4,2.289733609,1.92,0.0,,143.0227832,,4971.0,4.86,1.35,60.7993,381.3491318,12.94009429,3.510225232
HD 18438 b,HD 18438,1,1,Radial Velocity,2023.0,803.0,2.243468782,2.1,0.1,,6674.396547,,3860.0,88.475,1.84,224.146,1208.090368,1559.122401,353.5424945
HD 185269 b,HD 185269,3,1,Radial Velocity,2006.0,6.83776,0.018739777,0.077,0.229,,321.0083,,5923.0,2.0,1.3,51.9917,1455.535648,4.416891915,744.9640606
HD 185283 b,HD 185283,1,1,Radial Velocity,2023.0,4060.0,11.0304125,4.6,0.07,,413.1769291,,,,0.8,31.395,0.0,0.0,0.0
HD 18599 b,HD 18599,2,1,Transit,2022.0,4.1374354,0.011320261,0.048,0.34,2.6,24.1,7.55524579,5145.0,0.767,0.863,38.5653,991.6854036,0.369846995,160.5238693
HD 187085 b,HD 187085,1,1,Radial Velocity,2006.0,1019.74,2.790859766,2.1,0.251,,265.70588,,6117.0,1.27,1.189,45.8993,229.3729353,2.026054922,0.459422885
HD 187123 b,HD 187123,1,2,Radial Velocity,1998.0,3.0965828,0.008621796,0.0426,0.0103,,166.218,,5790.0,1.15043,1.04,45.9548,1450.82604,1.334518202,735.3689754
HD 187123 c,HD 187123,1,2,Radial Velocity,2008.0,3810.0,10.60343599,4.89,0.252,,632.46,,5790.0,1.15043,1.04,45.9548,135.4146688,1.334518202,0.055809327
HD 18742 b,HD 18742,1,1,Radial Velocity,2011.0,766.0,2.105414588,1.82,0.04,,1080.622,,4940.0,5.13,1.36,162.685,399.9092192,14.06152346,4.24511637
HD 188015 b,HD 188015,2,1,Radial Velocity,2004.0,461.2,1.263819908,1.203,0.137,,476.72,,5746.0,,1.09,50.6706,0.0,0.0,0.0
HD 188641 b,HD 188641,1,1,Radial Velocity,2022.0,14583.81038,40.32218683,12.027,0.034,,9333.031172,,,,1.07,64.3399,0.0,0.0,0.0
HD 189567 b,HD 189567,1,2,Radial Velocity,2021.0,14.288,0.040592465,0.111,0.189,,8.5,,5726.0,,0.83,17.9055,0.0,0.0,0.0
HD 189567 c,HD 189567,1,2,Radial Velocity,2021.0,33.688,0.09597548,0.197,0.16,,7.0,,5726.0,,0.83,17.9055,0.0,0.0,0.0
HD 189733 b,HD 189733,2,1,Radial Velocity,2005.0,2.21857567,0.0,,0.0,12.66617,359.1479,0.973843102,5052.0,0.75,0.79,19.7638,,0.328749987,
HD 190007 b,HD 190007,1,1,Radial Velocity,2020.0,11.724128,0.0,,0.136,,15.5,,4610.0,,0.77,12.7141,,0.0,
HD 190228 b,HD 190228,1,1,Radial Velocity,2022.0,1143.59858,3.137366208,2.406,0.559,,1598.676887,,,,1.415,62.7146,0.0,0.0,0.0
HD 190360 b,HD 190360,2,2,Radial Velocity,2003.0,2854.0,7.701882887,3.9,0.34,,572.0911326,,,,1.0,16.0069,0.0,0.0,0.0
HD 190360 c,HD 190360,2,2,Radial Velocity,2005.0,17.111,0.047566736,0.1304,0.237,,19.069,,5549.0,1.16804,0.98,16.0069,800.7856196,1.160550867,68.25099666
HD 190647 b,HD 190647,1,1,Radial Velocity,2007.0,1176.45,3.223001464,2.231,0.224,,630.89255,,5656.0,1.376,1.069,54.4738,214.1806889,1.738458473,0.349273133
HD 190984 b,HD 190984,1,1,Radial Velocity,2009.0,4885.0,13.52145223,5.5,0.57,,985.2,,5988.0,1.53,0.91,148.187,152.28518,2.70022453,0.089263621
HD 191806 b,HD 191806,1,1,Radial Velocity,2016.0,1603.38923,4.406261024,2.749,0.213,,2966.610351,,,,1.07,65.6668,0.0,0.0,0.0
HD 191939 b,HD 191939,1,6,Transit,2020.0,8.8803256,0.025330372,0.0804,0.031,3.41,10.0,1.389595701,5348.0,0.94,0.81,53.6089,881.73642,0.648501749,100.3226635
HD 191939 c,HD 191939,1,6,Transit,2020.0,28.579743,0.08148143,0.1752,0.034,3.195,8.0,1.351540295,5348.0,0.94,0.81,53.6089,597.3099552,0.648501749,21.12724886
HD 191939 d,HD 191939,1,6,Transit,2020.0,38.353037,0.109380094,0.2132,0.031,2.995,2.8,0.574273994,5348.0,0.94,0.81,53.6089,541.4685091,0.648501749,14.26713435
HD 191939 e,HD 191939,1,6,Radial Velocity,2022.0,101.12,0.288502183,0.407,0.031,,112.2,,5348.0,0.94,0.81,53.6089,391.8948889,0.648501749,3.914914963
HD 191939 f,HD 191939,1,6,Radial Velocity,2022.0,2898.0,7.939960739,3.71,,,915.3458122,,5348.0,0.94,0.81,53.6089,129.8015412,0.648501749,0.047115449
HD 191939 g,HD 191939,1,6,Radial Velocity,2022.0,284.0,0.813001851,0.812,0.03,,13.5,,5348.0,0.94,0.81,53.6089,277.4525939,0.648501749,0.983556002
HD 192263 b,HD 192263,1,1,Radial Velocity,1999.0,24.3556,0.071509694,0.15,0.05,,177.9848,,4976.0,0.74,0.66,19.6359,532.9200754,0.301213738,13.38727726
HD 192310 b,HD 192310,1,2,Radial Velocity,2011.0,74.72,0.20238577,0.32,0.13,,16.9,,5166.0,,0.8,8.79687,0.0,0.0,0.0
HD 192310 c,HD 192310,1,2,Radial Velocity,2011.0,525.8,1.433105021,1.18,0.32,,24.0,,5166.0,,0.8,8.79687,0.0,0.0,0.0
HD 192699 b,HD 192699,1,1,Radial Velocity,2007.0,340.94,0.932954263,1.063,0.082,,666.17168,,5041.0,4.41,1.38,71.8627,495.08622,11.2676622,9.971656039
HD 194490 b,HD 194490,1,1,Radial Velocity,2022.0,13092.18348,35.99729561,11.116,0.251,,3561.902957,,,,1.06,80.2349,0.0,0.0,0.0
HD 195019 b,HD 195019,2,1,Radial Velocity,1998.0,18.20132,0.047621094,0.14,0.01,,1264.9634,,5751.0,1.48,1.21,37.6681,901.6161578,2.149744028,109.6808178
HD 196050 b,HD 196050,3,1,Radial Velocity,2002.0,1392.0,3.827956117,2.65,0.2,,1493.793513,,,,1.27,50.6742,0.0,0.0,0.0
HD 196067 b,HD 196067,2,2,Radial Velocity,2012.0,3413.7,9.490790046,4.71,0.56292,,3623.24384,,6072.0,1.71,1.16,39.9346,176.4131047,3.566228138,0.160756043
HD 196067 c,HD 196067,2,2,Radial Velocity,2025.0,4.601088,0.0,,0.235,,10.4,,6072.0,1.71,1.16,39.9346,,3.566228138,
HD 19615 b,HD 19615,1,1,Radial Velocity,2022.0,402.0,1.1,1.1,0.2,,2701.54146,,4263.0,32.3,1.1,265.155,1113.862877,309.1407279,255.4882049
HD 196885 A b,HD 196885 A,2,1,Radial Velocity,2007.0,1333.0,3.224909519,2.37,0.48,,819.97,,6254.0,1.31,1.28,34.1692,224.1975335,2.355396085,0.419340933
HD 197037 b,HD 197037,2,1,Radial Velocity,2012.0,1035.7,2.826793141,2.07,0.22,,251.0,,6150.0,,1.11,33.1944,0.0,0.0,0.0
HD 199509 b,HD 199509,1,1,Radial Velocity,2022.0,99.62167,0.27264512,0.426,0.373,,43.22466335,,,,1.04,24.3056,0.0,0.0,0.0
HD 19994 b,HD 19994,3,1,Radial Velocity,2003.0,466.2,1.275996379,1.305,0.063,,435.41,,6188.0,,1.365,22.5242,0.0,0.0,0.0
HD 20003 b,HD 20003,1,2,Radial Velocity,2019.0,11.8482,0.032496337,0.0974,0.36,,11.66,,5494.0,,0.875,41.8316,0.0,0.0,0.0
HD 20003 c,HD 20003,1,2,Radial Velocity,2019.0,33.9239,0.093048248,0.1964,0.1,,14.44,,5494.0,,0.875,41.8316,0.0,0.0,0.0
HD 200964 b,HD 200964,1,2,Radial Velocity,2010.0,606.3,1.660596479,1.565,0.087,,508.21017,,4982.0,4.92,1.39,72.5922,425.9323067,13.37934795,5.462686339
HD 200964 c,HD 200964,1,2,Radial Velocity,2010.0,852.5,2.327430423,1.96,0.243,,385.84562,,4982.0,4.92,1.39,72.5922,380.6008181,13.37934795,3.482754047
HD 202206 c,HD 202206,2,1,Radial Velocity,2004.0,1260.0,3.61687646,2.41,0.22,,5689.157,,5766.0,1.04,1.07,45.9665,182.6393131,1.072642698,0.18468048
HD 202696 b,HD 202696,1,2,Radial Velocity,2019.0,517.8,1.417982767,1.566,0.011,,634.38868,,5040.0,6.43,1.91,188.546,492.4380724,23.9350281,9.760013675
HD 202696 c,HD 202696,1,2,Radial Velocity,2019.0,946.6,2.593365043,2.342,0.028,,592.43512,,5040.0,6.43,1.91,188.546,402.6744333,23.9350281,4.363752997
HD 202772 A b,HD 202772 A,2,1,Transit,2019.0,3.308958,0.009062379,0.05208,0.038,17.317905,323.23311,0.342910972,6272.0,2.591,1.72,161.498,2133.122256,9.320707401,3436.425425
HD 203030 b,HD 203030,1,1,Imaging,2006.0,,0.0,,,14.4595851,3496.112477,6.371908055,,,,39.2503,,0.0,
HD 20329 b,HD 20329,1,1,Transit,2022.0,0.926118,0.002545584,0.018,0.0,1.72,7.42,8.034709208,5596.0,1.13,0.9,63.6796,2137.923463,1.12345986,3467.468704
HD 203387 b,HD 203387,1,2,Radial Velocity,2022.0,512.5352,1.40421762,1.771,0.732,,1106.042856,,,,2.817,61.7477,0.0,0.0,0.0
HD 203387 c,HD 203387,1,2,Radial Velocity,2022.0,2481.07227,6.795680198,5.067,0.202,,2378.945626,,,,2.817,61.7477,0.0,0.0,0.0
HD 2039 b,HD 2039,1,1,Radial Velocity,2002.0,1120.0,2.942262831,2.2,0.71,,1999.1507,,5945.0,1.19,1.23,85.6922,210.8266354,1.58705219,0.327903345
HD 204313 b,HD 204313,1,3,Radial Velocity,2010.0,2041.11539,5.600741683,3.185,0.1,,1466.778098,,,,1.03,47.7945,0.0,0.0,0.0
HD 204313 c,HD 204313,1,3,Radial Velocity,2015.0,34.95875,0.095500374,0.211,0.059,,17.16273398,,,,1.03,47.7945,0.0,0.0,0.0
HD 204313 e,HD 204313,1,3,Radial Velocity,2022.0,7325.64666,20.06446584,7.457,0.253,,4868.17771,,,,1.03,47.7945,0.0,0.0,0.0
HD 204941 b,HD 204941,2,1,Radial Velocity,2011.0,1733.0,5.346828741,2.55,0.37,,73.1009,,5026.0,0.78,0.58,28.7165,134.0328258,0.348312445,0.053565928
HD 205158 b,HD 205158,1,1,Radial Velocity,2022.0,25.33798,0.069140244,0.177,0.145,,124.5887355,,,,1.16,86.6159,0.0,0.0,0.0
HD 205739 b,HD 205739,1,1,Radial Velocity,2008.0,279.8,0.767860097,0.896,0.27,,435.41,,6176.0,1.33,1.22,92.5087,362.8194675,2.308991218,2.876115098
HD 206255 b,HD 206255,1,1,Radial Velocity,2019.0,96.045,0.262668029,0.461,0.23,,34.2,,5635.0,,1.42,75.2363,0.0,0.0,0.0
HD 206610 b,HD 206610,1,1,Radial Velocity,2009.0,673.2,1.84356317,1.74,0.1,,647.10188,,4842.0,6.12,1.55,147.192,437.862095,18.47106067,6.100892015
HD 206893 b,HD 206893,1,2,Imaging,2021.0,9350.0,25.88927472,9.6,0.14,14.01122587,8899.195396,17.82682243,,,1.32,40.7583,0.0,0.0,0.0
HD 206893 c,HD 206893,1,2,Imaging,2022.0,2090.0,5.772648216,3.53,0.41,16.36511182,4036.420769,5.074474794,,,1.32,40.7583,0.0,0.0,0.0
HD 207496 b,HD 207496,1,1,Transit,2023.0,6.441008,0.017637254,0.0629,0.231,2.25,6.1,2.950759945,4819.0,0.769,0.8,23.606,812.4679762,0.286134506,72.32175291
HD 20781 b,HD 20781,2,5,Radial Velocity,2019.0,5.3135,0.014542346,0.0529,0.1,,1.93,,5256.0,,0.7,35.9715,0.0,0.0,0.0
HD 20781 c,HD 20781,2,5,Radial Velocity,2019.0,13.8905,0.038023453,0.1004,0.09,,5.33,,5256.0,,0.7,35.9715,0.0,0.0,0.0
HD 20781 d,HD 20781,2,5,Radial Velocity,2019.0,29.158,0.079889808,0.1647,0.11,,10.61,,5256.0,,0.7,35.9715,0.0,0.0,0.0
HD 20781 e,HD 20781,2,5,Radial Velocity,2019.0,85.5073,0.234244066,0.3374,0.06,,14.03,,5256.0,,0.7,35.9715,0.0,0.0,0.0
HD 20782 b,HD 20782,2,5,Radial Velocity,2006.0,597.0643,1.563632112,1.3649,0.95,,472.83,,5782.13,1.12681,1.04,35.9864,253.3227884,1.273334898,0.683503864
HD 207832 b,HD 207832,3,2,Radial Velocity,2012.0,160.07,0.437775824,0.586,0.197,,177.9848,,5726.0,0.89,1.05,58.9291,340.258527,0.763968123,2.224743804
HD 207832 c,HD 207832,3,2,Radial Velocity,2012.0,1155.7,3.165752394,2.112,0.27,,232.0159,,5710.0,0.901,0.94,58.9291,179.8303649,0.774254726,0.173578542
HD 207897 b,HD 207897,1,1,Transit,2021.0,16.20166,0.044173328,0.117,0.0,2.34302132,14.8,6.339931901,5106.0,0.7827,0.8208,28.2938,636.7911589,0.373597326,27.29179095
HD 20794 b,HD 20794,1,4,Radial Velocity,2011.0,18.314,0.050140582,0.1257,0.064,,2.15,,5368.0,0.93,0.79,6.00278,704.0407894,0.644326177,40.77887312
HD 20794 d,HD 20794,1,4,Radial Velocity,2011.0,89.68,0.245554824,0.3625,0.077,,2.98,,5368.0,0.93,0.79,6.00278,414.5829663,0.644326177,4.903314545
HD 20794 e,HD 20794,1,4,Radial Velocity,2017.0,147.02,0.402746153,0.509,0.29,,4.77,,,,0.813,6.00278,0.0,0.0,0.0
HD 20794 f,HD 20794,1,4,Radial Velocity,2025.0,647.6,1.772811505,1.3541,0.45,,5.82,,5368.0,0.93,0.79,6.00278,214.5063193,0.644326177,0.351402057
HD 208487 b,HD 208487,1,1,Radial Velocity,2004.0,129.36,0.359803086,0.53,0.37,,146.2010672,,6134.0,1.16,1.15,45.147,437.5687619,1.709152895,6.084559969
HD 208527 b,HD 208527,1,1,Radial Velocity,2012.0,875.5,2.40585224,2.1,0.08,,3146.4,,4035.0,51.1,1.6,312.202,959.7449163,621.020314,140.8209329
HD 20868 b,HD 20868,1,1,Radial Velocity,2008.0,380.85001,1.482699375,0.95,0.75,,397.2875,,4802.0,0.76,0.39,47.7223,207.0992985,0.275553326,0.305322245
HD 208897 b,HD 208897,1,1,Radial Velocity,2017.0,,0.0,,,,,,,,,,,0.0,
HD 209458 b,HD 209458,1,1,Radial Velocity,1999.0,3.52474859,0.0,,0.0,15.58051,232.0159,0.338005945,6091.0,1.19,1.23,48.3016,,1.748792052,
HD 210193 b,HD 210193,1,1,Radial Velocity,2019.0,649.918,1.778073802,1.487,0.24,,153.1,,5790.0,,1.04,42.2029,0.0,0.0,0.0
HD 210277 b,HD 210277,1,1,Radial Velocity,1998.0,442.19,1.195245118,1.13,0.48,,410.0007,,5538.0,1.07,1.01,21.2985,259.846635,0.966204845,0.75668012
HD 210702 b,HD 210702,1,1,Radial Velocity,2007.0,355.5,0.971865905,1.079,0.071,,481.5100366,,4912.0,4.54,1.33,54.1963,485.8330337,10.76551941,9.24681351
HD 211403 b,HD 211403,1,1,Radial Velocity,2021.0,223.8,0.6144,0.768,0.084,,1760.769375,,6273.0,1.206,1.2,83.0919,379.0354325,2.020624506,3.425809234
HD 211810 b,HD 211810,1,1,Radial Velocity,2018.0,1558.0,4.265043782,2.656,0.68,,212.9461,,5652.0,1.13,1.03,64.6353,177.7619551,1.169109931,0.165729267
HD 211970 b,HD 211970,1,1,Radial Velocity,2019.0,25.201,0.069237143,0.143,0.15,,13.0,,4127.0,,0.61,13.1277,0.0,0.0,0.0
HD 212301 b,HD 212301,2,1,Radial Velocity,2005.0,2.24571,0.00417365,0.03,0.0,,162.0933,,6239.0,1.16,1.55,54.2304,1870.659878,1.829219283,2032.46587
HD 212771 b,HD 212771,1,1,Radial Velocity,2009.0,380.7,1.039341199,1.19,0.076,,759.6137,,5003.0,5.27,1.56,111.155,507.6610088,15.61108513,11.0239991
HD 213240 b,HD 213240,2,1,Radial Velocity,2001.0,882.70001,2.073685448,1.89,0.42,,1773.4914,,5979.0,1.51,1.57,40.8707,257.6900226,2.614315262,0.731870682
HD 213472 b,HD 213472,1,1,Radial Velocity,2021.0,17000.0,45.78329425,13.0,0.53,,1112.399425,,5729.54,1.433902,1.048132,64.4527,91.75279304,1.987960789,0.011763082
HD 213519 b,HD 213519,1,1,Radial Velocity,2022.0,11.12214,0.030398919,0.099,0.413,,9.2170238,,,,1.05,41.0014,0.0,0.0,0.0
HD 213885 b,HD 213885,1,2,Transit,2019.0,1.008035,0.002761572,0.02012,0.0,1.745,8.83,9.156426393,5978.0,1.1011,1.068,48.0883,2132.390713,1.389207176,3431.713833
HD 213885 c,HD 213885,1,2,Radial Velocity,2019.0,4.78503,0.01309827,0.056798,0.0,,19.95,,5978.0,1.1011,1.068,48.0883,1269.153784,1.389207176,430.6266777
HD 21411 b,HD 21411,1,1,Radial Velocity,2019.0,84.288,0.230870186,0.362,0.4,,65.9,,5605.0,,0.89,29.1328,0.0,0.0,0.0
HD 214823 b,HD 214823,2,1,Radial Velocity,2016.0,1854.84424,5.11904139,3.08,0.161,,5914.786654,,,,1.115,101.368,0.0,0.0,0.0
HD 215152 b,HD 215152,1,4,Radial Velocity,2018.0,5.75999,0.015769502,0.057638,0.0,,1.819,,4935.0,0.73,0.77,21.5974,846.8482889,0.283585616,85.36235596
HD 215152 c,HD 215152,1,4,Radial Velocity,2018.0,7.28243,0.019937781,0.067393,0.0,,1.72,,4935.0,0.73,0.77,21.5974,783.163919,0.283585616,62.43881029
HD 215152 d,HD 215152,1,4,Radial Velocity,2018.0,10.86499,0.029744359,0.08799,0.0,,2.801,,4935.0,0.73,0.77,21.5974,685.3989059,0.283585616,36.62836749
HD 215152 e,HD 215152,1,4,Radial Velocity,2018.0,25.1967,0.068984965,0.15417,0.0,,2.877,,4935.0,0.73,0.77,21.5974,517.7977149,0.283585616,11.931209
HD 21520 b,HD 21520,1,1,Transit,2024.0,25.1292,0.068682792,0.1726,0.0,2.697,17.7,4.97143798,5871.0,1.044,1.09,79.208,696.2310899,1.161820857,38.99936952
HD 215497 b,HD 215497,1,2,Radial Velocity,2009.0,3.93404,0.013658959,0.05,0.16,,6.3566,,5110.0,0.85,0.67,40.5468,1015.913752,0.441988838,176.7955353
HD 215497 c,HD 215497,1,2,Radial Velocity,2009.0,566.0,1.563194541,1.31,0.47,,111.2399425,,,,0.92,40.5468,0.0,0.0,0.0
HD 216435 b,HD 216435,1,1,Radial Velocity,2002.0,1311.0,3.592429647,2.56,0.07,,400.4,,5999.0,,1.3,32.9834,0.0,0.0,0.0
HD 216437 b,HD 216437,1,1,Radial Velocity,2002.0,1359.0,3.730093942,2.57,0.31,,1334.879309,,,,1.22,26.6902,0.0,0.0,0.0
HD 216520 b,HD 216520,1,2,Radial Velocity,2020.0,35.45,0.097295075,0.198,0.09,,10.26,,5103.0,0.76,0.82,19.552,482.0712682,0.351414201,8.963733319
HD 216520 c,HD 216520,1,2,Radial Velocity,2020.0,154.43,0.423685848,0.528,0.12,,9.44,,5103.0,0.76,0.82,19.552,295.2071567,0.351414201,1.260524998
HD 216536 b,HD 216536,1,1,Radial Velocity,2015.0,148.60001,0.529361367,0.61,0.38,,333.7215,,4639.0,9.83,0.81,376.233,897.9407739,40.15081597,107.9032947
HD 216770 b,HD 216770,1,1,Radial Velocity,2003.0,118.45,0.362677729,0.46,0.37,,181.1631,,5399.0,0.93,0.74,36.6625,370.1581914,0.659339443,3.115970903
HD 21693 b,HD 21693,1,2,Radial Velocity,2019.0,22.6786,0.062051102,0.1455,0.12,,8.23,,5430.0,,0.8,33.255,0.0,0.0,0.0
HD 21693 c,HD 21693,1,2,Radial Velocity,2019.0,53.7357,0.147027234,0.2586,0.07,,17.37,,5430.0,,0.8,33.255,0.0,0.0,0.0
HD 217107 b,HD 217107,1,2,Radial Velocity,1998.0,7.12682,0.022627417,0.08,0.13,,413.179,,5622.0,1.11,1.0,20.0619,1009.761518,1.104330769,172.5516826
HD 217107 c,HD 217107,1,2,Radial Velocity,2005.0,4270.0,12.39522489,5.32,0.517,,826.32,,5575.0,1.19931,0.98,20.0619,127.6339652,1.246614708,0.044046254
HD 21749 c,GJ 143,1,2,Transit,2019.0,7.78993,0.021444493,0.0695,,0.892,3.7,28.7249155,4640.0,0.695,0.73,16.32,707.5049116,0.20087754,41.58740025
HD 217786 b,HD 217786,2,2,Radial Velocity,2011.0,1301.36009,3.582879923,2.446,0.311,,4402.559094,,,,1.14,55.4847,0.0,0.0,0.0
HD 217786 c,HD 217786,2,2,Radial Velocity,2022.0,2.52221,0.006937819,0.038,0.399,,7.31005336,,,,1.14,55.4847,0.0,0.0,0.0
HD 217958 b,HD 217958,1,1,Radial Velocity,2022.0,2560.19774,7.010085031,3.758,0.156,,166.5420853,,,,1.08,61.7957,0.0,0.0,0.0
HD 218566 b,HD 218566,1,1,Radial Velocity,2010.0,225.7,0.657456222,0.69,0.3,,63.566,,4730.0,0.85,0.76,28.8274,253.1381121,0.324468293,0.681512903
HD 219077 b,HD 219077,1,1,Radial Velocity,2012.0,5478.68861,15.0743006,5.935,0.768,,3057.509275,,,,0.92,29.1864,0.0,0.0,0.0
HD 219134 b,HD 219134,1,6,Radial Velocity,2015.0,3.092926,0.008478776,0.03876,0.0,1.602,4.74,6.352466819,4699.0,0.778,0.81,6.53127,1015.114048,0.264771249,176.2395143
HD 219134 c,HD 219134,1,6,Radial Velocity,2015.0,6.76458,0.018540748,0.0653,0.062,1.511,4.36,6.963774431,4699.0,0.778,0.81,6.53127,782.078112,0.264771249,62.09325998
HD 219134 d,HD 219134,1,6,Radial Velocity,2015.0,46.859,0.128197634,0.237,0.138,1.61,16.17,21.34931724,4699.0,0.778,0.81,6.53127,410.5183259,0.264771249,4.713832344
HD 219134 f,HD 219134,1,6,Radial Velocity,2015.0,22.717,0.062176172,0.1463,0.148,1.31,7.3,17.89206932,4699.0,0.778,0.81,6.53127,522.4979118,0.264771249,12.37035525
HD 219134 g,HD 219134,1,6,Radial Velocity,2015.0,94.2,0.25802251,0.3753,0.0,,10.80622,,4913.0,0.77,0.794,6.53127,339.323801,0.309926247,2.200397932
HD 219134 h,HD 219134,1,6,Radial Velocity,2015.0,2247.0,6.155032243,3.11,0.06,,108.0622,,4913.0,0.77,0.794,6.53127,117.8754628,0.309926247,0.032043325
HD 219139 b,HD 219139,1,1,Radial Velocity,2021.0,275.5,0.754250058,0.94,0.11,,247.9061575,,4831.0,11.22,1.46,104.935,804.787121,61.52104641,69.62544863
HD 219415 b,HD 219415,1,1,Radial Velocity,2012.0,2093.3,5.724334022,3.2,0.4,,317.83,,4820.0,2.9,1.0,165.184,221.2496165,4.072621023,0.397716897
HD 219666 b,HD 219666,1,1,Transit,2018.0,6.034468,0.0,,0.05,4.898,17.6,0.825292549,5540.0,1.059,1.02,94.1719,,0.947809002,
HD 219828 b,HD 219828,1,2,Radial Velocity,2007.0,3.83483,0.010635978,0.049,0.091,,19.06970442,,,,1.04,73.114,0.0,0.0,0.0
HD 219828 c,HD 219828,1,2,Radial Velocity,2016.0,4789.87297,13.19357829,5.657,0.811,,5102.417246,,,,1.04,73.114,0.0,0.0,0.0
HD 220074 b,HD 220074,1,1,Radial Velocity,2012.0,672.09998,1.364484585,1.6,0.14,,5288.6912,,3787.0,54.92,2.2,324.54,1069.823311,556.585807,217.4163309
HD 220197 b,HD 220197,1,1,Radial Velocity,2018.0,1728.0,4.725900866,2.729,0.187,,63.566,,5683.0,0.98,0.91,64.411,164.2103038,0.898778398,0.120682849
HD 220689 b,HD 220689,1,1,Radial Velocity,2012.0,2266.4,6.208757082,3.396,0.054,,355.33394,,5921.0,1.068,1.016,46.8778,160.1062646,1.257802923,0.109062949
HD 220773 b,HD 220773,1,1,Radial Velocity,2011.0,3724.7,10.19439434,4.94,0.51,,460.8,,5940.0,,1.16,50.5103,0.0,0.0,0.0
HD 220842 b,HD 220842,2,1,Radial Velocity,2016.0,218.47,0.59883663,0.74,0.404,,1010.6994,,5960.0,,1.13,64.6498,0.0,0.0,0.0
HD 221287 b,HD 221287,1,1,Radial Velocity,2007.0,456.1,1.25,1.25,0.08,,982.05,,6304.0,,1.25,55.9231,0.0,0.0,0.0
HD 221416 b,HD 221416,1,1,Transit,2019.0,14.2767,0.039088251,0.1228,0.115,9.17,60.5,0.432313668,5080.0,2.943,1.212,95.5483,1199.143447,5.175177182,343.185152
HD 221420 b,HD 221420,1,1,Radial Velocity,2019.0,10090.0,27.82091369,10.15,0.14,,7278.27052,,5847.0,1.947,1.351,31.1415,123.4794047,3.975155558,0.038585314
HD 221585 b,HD 221585,1,1,Radial Velocity,2016.0,1173.0,3.210077176,2.306,0.123,,511.7063,,5620.0,,1.19,55.8535,0.0,0.0,0.0
HD 222076 b,HD 222076,1,1,Radial Velocity,2016.0,871.0,2.393231695,1.83,0.08,,495.8148,,4806.0,4.1,1.07,91.1538,346.8659173,8.046233458,2.402649663
HD 222155 b,HD 222155,1,1,Radial Velocity,2011.0,3999.0,10.59380546,5.14,0.16,,673.7996,,5701.0,1.85,1.21,50.6078,164.917531,3.243676025,0.122775365
HD 222237 b,HD 222237,1,1,Radial Velocity,2024.0,14892.0,40.71259989,10.8,0.56,,1649.529432,,4751.0,0.71,0.76,11.4469,58.73727652,0.230434059,0.001975601
HD 222582 b,HD 222582,2,1,Radial Velocity,1999.0,572.38,1.465710457,1.34,0.73,,2660.2371,,5790.0,1.13,1.12,42.1586,256.3757034,1.287540776,0.717053228
HD 224018 b,HD 224018,1,3,Radial Velocity,2025.0,10.6413,0.029184395,0.0952,0.06,0.91,4.1,29.97859525,5784.0,1.147,1.013,105.48,968.0616096,1.321082145,145.7658959
HD 224018 c,HD 224018,1,3,Transit,2025.0,36.57669,0.100434952,0.217,0.02,2.42,10.4,4.043326761,5784.0,1.147,1.013,105.48,641.1971819,1.321082145,28.05500531
HD 224018 d,HD 224018,1,3,Transit,2025.0,138.0731,0.383362017,0.53,0.04,2.4,4.2,1.674045139,5784.0,1.147,1.013,105.48,410.2830138,1.321082145,4.703033624
HD 224538 b,HD 224538,1,1,Radial Velocity,2016.0,1202.05199,3.300219797,2.375,0.476,,2075.737326,,,,1.23,79.0608,0.0,0.0,0.0
HD 224693 b,HD 224693,1,1,Radial Velocity,2006.0,26.6904,0.072931375,0.191,0.104,,222.481,,5894.0,1.93,1.31,93.5015,903.4072697,4.033155754,110.5549671
HD 22496 b,HD 22496,1,1,Radial Velocity,2021.0,5.09071,0.013926026,0.051,,,5.57,,4385.0,0.674,0.684,13.5956,768.6452302,0.150691249,57.93588983
HD 22532 b,HD 22532,1,1,Radial Velocity,2022.0,872.6,2.09016502,1.9,0.03,,673.7962228,,5038.0,5.69,1.57,161.183,420.3867067,18.71315589,5.183699691
HD 22781 b,HD 22781,1,1,Radial Velocity,2011.0,528.07,1.455712638,1.167,0.8191,,4338.2,,5027.0,,0.75,32.6034,0.0,0.0,0.0
HD 22946 d,HD 22946,1,3,Transit,2023.0,47.42489,0.153531002,0.2958,,2.607,26.57,8.262663375,6169.0,1.117,1.098,62.7792,578.0344874,1.621269741,18.5292968
HD 23079 b,HD 23079,1,2,Radial Velocity,2001.0,735.74,0.0,,0.07348,,845.4235626,,5994.0,1.08,1.16,33.4591,,1.350841254,
HD 23079 c,HD 23079,1,2,Radial Velocity,2025.0,5.748913,0.0,,0.097,,8.26,,5994.0,1.08,1.16,33.4591,,1.350841254,
HD 23127 b,HD 23127,1,1,Radial Velocity,2006.0,1211.17,3.319625193,2.37,0.406,,485.32641,,5843.0,1.49,1.208,93.8555,223.3913363,2.321699095,0.413341718
HD 231701 b,HD 231701,1,1,Radial Velocity,2007.0,141.63,0.388134192,0.567,0.13,,359.1479,,6101.0,1.53,1.21,108.877,483.2442438,2.909891605,9.051294461
HD 233604 b,HD 233604,1,1,Radial Velocity,2013.0,192.0,0.527151289,0.747,0.05,,2089.644,,4791.0,10.9,1.5,847.058,882.4509958,56.16264195,100.6482726
HD 233832 b,HD 233832,2,1,Radial Velocity,2018.0,2058.0,5.641044664,2.827,0.359,,565.7374,,4981.0,0.68,0.71,58.742,117.7930243,0.255372332,0.031953779
HD 23472 b,HD 23472,1,5,Transit,2019.0,17.667087,0.048391802,0.1162,0.072,2.0,8.32,5.7304,4684.0,0.71,0.67,39.0341,558.2830923,0.217707852,16.12359337
HD 23472 c,HD 23472,1,5,Transit,2019.0,29.79749,0.081584442,0.1646,0.063,1.87,3.41,2.873301226,4684.0,0.71,0.67,39.0341,469.0753637,0.217707852,8.035528232
HD 23472 d,HD 23472,1,5,Transit,2022.0,3.97664,0.010885847,0.04298,0.07,0.75,0.55,7.183407407,4684.0,0.71,0.67,39.0341,917.9612186,0.217707852,117.8531706
HD 23472 e,HD 23472,1,5,Transit,2022.0,7.90754,0.021663368,0.068,0.07,0.818,0.72,7.248100129,4684.0,0.71,0.67,39.0341,729.798696,0.217707852,47.08214794
HD 23472 f,HD 23472,1,5,Transit,2022.0,12.1621839,0.033316157,0.0906,0.07,1.137,0.77,2.886429337,4684.0,0.71,0.67,39.0341,632.2567004,0.217707852,26.52269784
HD 235088 b,HD 235088,1,1,Transit,2023.0,7.4341325,0.020358848,0.0706,0.0,1.982,4.15,2.936897199,5075.0,0.772,0.849,41.1706,809.1961817,0.354706083,71.16381711
HD 23596 b,HD 23596,2,1,Radial Velocity,2003.0,1535.11912,4.215994586,2.694,0.282,,3786.607641,,,,1.1,52.0018,0.0,0.0,0.0
HD 238090 b,HD 238090,1,1,Radial Velocity,2020.0,13.671,0.03742484,0.0932,0.3,,6.89,,3933.0,0.57,0.578,15.2354,468.9914191,0.069748576,8.0297777
HD 238914 b,HD 238914,1,1,Radial Velocity,2018.0,4100.0,11.22415398,5.7,0.56,,1906.98,,4769.0,12.73,1.47,519.452,343.6493882,75.20659858,2.314761421
HD 240210 b,HD 240210,1,1,Radial Velocity,2009.0,501.75,1.379685365,1.16,0.15,,1655.82,,4297.0,,0.82,372.405,0.0,0.0,0.0
HD 240237 b,HD 240237,1,1,Radial Velocity,2011.0,745.70001,0.89887601,1.92,0.4,,5050.3187,,3926.0,71.23,8.76,933.377,1153.035375,1081.476084,293.3691634
HD 24040 b,HD 24040,1,2,Radial Velocity,2006.0,3668.0,10.35824466,4.92,0.04,,1226.8238,,5802.0,1.3,1.11,46.6224,143.8064376,1.718254352,0.070983473
HD 24040 c,HD 24040,1,2,Radial Velocity,2021.0,515.4,1.410724775,1.3,0.11,,63.88350981,,5776.49,1.387296,1.10394,46.6224,287.732153,1.922579121,1.137620781
HD 24064 b,HD 24064,1,1,Radial Velocity,2015.0,535.59998,1.154706545,1.29,0.35,,4096.8287,,4052.0,40.0,1.61,300.247,1087.967835,386.9791616,232.5456172
HD 24085 b,HD 24085,1,1,Radial Velocity,2019.0,2.0455,0.005675949,0.034,0.22,,11.8,,6034.0,,1.22,54.9004,0.0,0.0,0.0
HD 25015 b,HD 25015,1,1,Radial Velocity,2019.0,6134.427,16.840784,6.248,0.341,,2884.92845,,,,0.86,37.433,0.0,0.0,0.0
HD 25171 b,HD 25171,2,1,Radial Velocity,2010.0,1802.29,4.936826243,2.971,0.042,,290.81445,,6125.0,1.23,1.076,55.6146,190.0285268,1.910400596,0.216430838
HD 25463 b,HD 25463,1,2,Transit,2023.0,7.0491423,0.018732327,0.076,0.0,2.54535814,8.7,2.906860287,6353.0,1.4182,1.251,45.6181,1323.281614,2.939545815,508.924137
HD 25463 c,HD 25463,1,2,Transit,2023.0,3.04405,0.008336369,0.0443,0.0,1.36354953,4.3,9.345602399,6353.0,1.4182,1.251,45.6181,1733.234046,2.939545815,1497.865373
HD 25723 b,HD 25723,1,1,Radial Velocity,2020.0,457.01,1.249141026,1.49,0.04,,794.5710175,,4766.0,13.76,2.12,114.816,698.3636069,87.64817341,39.47938084
HD 25912 b,HD 25912,1,2,Radial Velocity,2022.0,41.83156,0.114554241,0.242,0.05,,38.13940884,,,,1.08,49.1661,0.0,0.0,0.0
HD 25912 c,HD 25912,1,2,Radial Velocity,2022.0,26308.65619,72.55585399,17.848,0.051,,5252.750082,,,,1.08,49.1661,0.0,0.0,0.0
HD 260655 b,HD 260655,1,2,Transit,2022.0,2.76953,0.007581163,0.02933,0.039,1.24,2.14,6.184439092,3803.0,0.439,0.439,10.0055,709.437323,0.036167975,42.04361651
HD 260655 c,HD 260655,1,2,Transit,2022.0,5.70588,0.015619639,0.04749,0.038,1.533,3.09,4.725890054,3803.0,0.439,0.439,10.0055,557.5309476,0.036167975,16.03687902
HD 26161 b,HD 26161,1,1,Radial Velocity,2021.0,10942.29013,30.27150547,10.087,0.922,,9045.396463,,,,1.12,40.9128,0.0,0.0,0.0
HD 2638 b,HD 2638,3,1,Radial Velocity,2005.0,3.4442,0.009116846,0.04,0.0,,133.4886,,5186.0,0.94,0.77,54.9621,1212.210167,0.573423658,358.3897863
HD 2685 b,HD 2685,1,1,Transit,2019.0,4.12688,0.01132021,0.0568,0.091,16.14096,371.8611,0.487241492,6801.0,1.56,1.43,196.852,1718.590413,4.671218111,1447.883019
HD 27442 b,HD 27442,2,1,Radial Velocity,2000.0,428.1,1.292009688,1.271,0.06,,495.8,,4846.0,,1.23,18.2704,0.0,0.0,0.0
HD 27631 b,HD 27631,1,1,Radial Velocity,2012.0,2198.14,6.008049728,3.242,0.141,,474.83802,,5737.0,0.923,0.944,50.2862,147.6014669,0.828004413,0.078778305
HD 27894 b,HD 27894,1,3,Radial Velocity,2005.0,18.01939,0.049104638,0.125,0.047,,196.7357839,,,,0.81,43.8214,0.0,0.0,0.0
HD 27894 c,HD 27894,1,3,Radial Velocity,2017.0,36.07,0.098503756,0.198,0.015,,51.48846,,,,0.8,43.8214,0.0,0.0,0.0
HD 27894 d,HD 27894,1,3,Radial Velocity,2017.0,5019.54244,13.7958259,5.362,0.343,,2063.659847,,,,0.81,43.8214,0.0,0.0,0.0
HD 27969 b,HD 27969,1,1,Radial Velocity,2021.0,654.5,1.795182396,1.552,0.182,,1525.576354,,5966.0,1.27,1.16,67.9328,260.2260261,1.833286279,0.761108994
HD 28109 b,HD 28109,1,3,Transit,2022.0,22.891054,0.0,,0.0071,2.69,6.2,1.755037693,6189.0,1.425,1.227,139.611,,2.673015699,
HD 28109 c,HD 28109,1,3,Transit,2022.0,55.99712,0.0,,0.0039,4.13,9.2,0.719596879,6189.0,1.425,1.227,139.611,,2.673015699,
HD 28109 d,HD 28109,1,3,Transit,2022.0,84.2899,0.0,,0.0054,3.11,5.8,1.062425352,6189.0,1.425,1.227,139.611,,2.673015699,
HD 28185 b,HD 28185,1,2,Radial Velocity,2001.0,385.92,1.065372126,1.034,0.063,,1859.296181,,5602.0,1.048,0.974,39.3809,271.9411658,0.970476075,0.907702968
HD 28185 c,HD 28185,1,2,Radial Velocity,2022.0,9090.0,25.11012705,8.5,0.15,,1906.970442,,5602.0,1.048,0.974,39.3809,94.84747234,0.970476075,0.013432195
HD 28192 b,HD 28192,1,1,Radial Velocity,2022.0,14.23283,0.039004178,0.118,0.104,,99.7981198,,,,1.08,49.8063,0.0,0.0,0.0
HD 28254 b,HD 28254,2,1,Radial Velocity,2010.0,1333.0,3.656392285,2.45,0.95,,1207.747947,,,,1.1,55.2884,0.0,0.0,0.0
HD 284149 AB b,HD 284149 A,2,1,Imaging,2017.0,,0.0,431.16,,,8352.530536,,6035.0,1.36,,117.807,16.34327075,2.201287485,1.18413e-05
HD 28471 b,HD 28471,1,3,Radial Velocity,2025.0,3.1649,0.008694826,0.042,0.195,,3.72,,5766.0,1.08,0.98,43.6455,1409.85143,1.156740425,655.74854
HD 28471 c,HD 28471,1,3,Radial Velocity,2025.0,6.1245,0.016740059,0.065,0.088,,5.72,,5766.0,1.08,0.98,43.6455,1133.290677,1.156740425,273.7847159
HD 28471 d,HD 28471,1,3,Radial Velocity,2025.0,11.681,0.031943828,0.1,0.093,,4.91,,5766.0,1.08,0.98,43.6455,913.6881542,1.156740425,115.6740425
HD 285507 b,HD 285507,1,1,Radial Velocity,2013.0,6.0881,0.016230053,0.06,0.09,,311.4734,,4503.0,0.69,0.82,45.0293,736.3127923,0.175628835,48.78578736
HD 285968 b,HD 285968,1,1,Radial Velocity,2008.0,8.7836,0.023978991,0.066,0.0,,8.4,,,,0.5,9.47045,0.0,0.0,0.0
HD 28678 b,HD 28678,1,1,Radial Velocity,2011.0,380.2,1.036280427,1.18,0.149,,490.09386,,4972.0,6.48,1.53,189.908,561.8095248,23.02312872,16.53485257
HD 29021 b,HD 29021,1,1,Radial Velocity,2017.0,1365.0,3.746630763,2.294,0.453,,1420.692979,,,,0.86,30.9939,0.0,0.0,0.0
HD 290327 b,HD 290327,1,1,Radial Velocity,2009.0,2443.0,6.931089982,3.43,0.08,,772.3269,,5505.0,0.95,0.84,56.433,139.6958629,0.743646184,0.063208883
HD 29399 b,HD 29399,1,1,Radial Velocity,2022.0,892.7,2.446129945,1.913,0.05,,498.990599,,4845.0,4.5,1.17,44.1518,358.3059597,10.0112891,2.735647041
HD 2952 b,HD 2952,1,1,Radial Velocity,2013.0,312.08,0.854206902,1.117,0.269,,284.7742527,,4853.0,10.9,1.91,110.103,730.9849447,59.12675043,47.38901315
HD 29985 b,HD 29985,1,1,Radial Velocity,2022.0,20608.14049,56.5770415,13.39,0.261,,1739.474872,,,,0.75,31.2707,0.0,0.0,0.0
HD 30177 b,HD 30177,1,2,Radial Velocity,2002.0,2514.53422,6.911369874,3.604,0.207,,2670.712104,,,,0.98,55.5867,0.0,0.0,0.0
HD 30177 c,HD 30177,1,2,Radial Velocity,2016.0,12085.45186,33.1879941,10.258,0.039,,1954.644703,,,,0.98,55.5867,0.0,0.0,0.0
HD 30562 b,HD 30562,1,1,Radial Velocity,2009.0,1157.0,3.382320632,2.34,0.76,,387.7526,,5882.0,1.61,1.12,26.1597,235.2564331,2.783823411,0.508405181
HD 30669 b,HD 30669,1,1,Radial Velocity,2014.0,1684.0,4.599752947,2.69,0.18,,149.37,,5400.0,0.91,0.92,58.0844,151.4432059,0.631753525,0.087305804
HD 30856 b,HD 30856,2,1,Radial Velocity,2011.0,847.0,2.326294328,1.85,0.061,,491.68301,,4895.0,4.4,1.17,131.199,364.0027367,9.972544605,2.913818731
HD 31253 b,HD 31253,1,1,Radial Velocity,2010.0,466.0,1.084754242,1.26,0.3,,197.0546,,6130.0,1.75,1.7,58.1438,348.3418908,3.87978666,2.44380616
HD 31527 b,HD 31527,1,3,Radial Velocity,2019.0,16.5535,0.045322169,0.1254,0.1,,10.47,,5898.0,,0.96,38.4473,0.0,0.0,0.0
HD 31527 c,HD 31527,1,3,Radial Velocity,2019.0,51.2053,0.140255898,0.2663,0.04,,14.16,,5898.0,,0.96,38.4473,0.0,0.0,0.0
HD 31527 d,HD 31527,1,3,Radial Velocity,2019.0,271.6737,0.743756959,0.8098,0.24,,11.82,,5898.0,,0.96,38.4473,0.0,0.0,0.0
HD 3167 b,HD 3167,1,4,Transit,2016.0,0.959641,0.002630854,0.01796,0.0,1.67,4.97,5.879746119,5261.0,0.88,0.837,47.2899,1775.693277,0.532265603,1650.120793
HD 3167 c,HD 3167,1,4,Transit,2016.0,29.8454,0.081809119,0.1776,0.06,3.0,11.13,2.271344444,5261.0,0.88,0.837,47.2899,564.676398,0.532265603,16.87494937
HD 3167 d,HD 3167,1,4,Radial Velocity,2017.0,8.4112,0.023036902,0.0763,0.12,,4.33,,5261.0,0.88,0.837,47.2899,861.5070733,0.532265603,91.4280223
HD 3167 e,HD 3167,1,4,Radial Velocity,2022.0,96.63,0.264681633,0.3885,0.15,,8.41,,5261.0,0.88,0.837,47.2899,381.7909283,0.532265603,3.526520032
HD 32518 b,HD 32518,1,1,Radial Velocity,2009.0,157.35,0.43066586,0.594,0.028,,905.4931315,,4580.0,10.22,1.13,122.115,916.0289137,41.23381837,116.8639775
HD 32963 b,HD 32963,1,1,Radial Velocity,2015.0,2372.0,6.494827811,3.41,0.07,,222.481,,5727.0,,0.94,38.0786,0.0,0.0,0.0
HD 330075 b,HD 330075,1,1,Radial Velocity,2004.0,3.38773,0.011669199,0.04,0.0,,152.5584,,5000.0,0.84,0.47,45.2989,1104.81899,0.395665733,247.2910831
HD 331093 b,HD 331093,1,1,Radial Velocity,2021.0,621.62,1.702648993,1.44,0.59,,476.7426105,,5544.0,,1.03,50.1928,0.0,0.0,0.0
HD 33142 b,HD 33142,1,3,Radial Velocity,2011.0,330.0,0.90278561,1.074,0.049,,400.4637928,,5025.4,4.17,1.52,121.375,477.4721013,9.950490779,8.626526065
HD 33142 c,HD 33142,1,3,Radial Velocity,2018.0,810.2,2.217166707,1.955,0.081,,282.8672822,,5025.4,4.17,1.52,121.375,353.8969018,9.950490779,2.603460412
HD 33142 d,HD 33142,1,3,Radial Velocity,2022.0,89.9,0.246482368,0.452,0.191,,63.5656814,,5025.4,4.17,1.52,121.375,736.0052702,9.950490779,48.70433657
HD 332231 b,HD 332231,1,1,Transit,2020.0,18.712024,0.051172685,0.145,0.0,9.07303305,74.1,0.546653746,6128.0,1.266,1.1642,80.6665,873.0981881,2.027833474,96.44867891
HD 33283 b,HD 33283,2,1,Radial Velocity,2006.0,18.1991,0.049849691,0.1508,0.399,,104.56607,,5935.0,1.97,1.38,89.8623,1034.343154,4.320213358,189.9776505
HD 33564 b,HD 33564,1,1,Radial Velocity,2005.0,388.0,1.031891467,1.1,0.34,,2892.1,,6250.0,,1.25,20.9531,0.0,0.0,0.0
HD 33844 b,HD 33844,1,2,Radial Velocity,2015.0,551.40002,1.492007693,1.6,0.15,,638.8383,,4861.0,5.39,1.84,105.779,430.2010747,14.55358091,5.684992543
HD 33844 c,HD 33844,1,2,Radial Velocity,2015.0,916.0,2.51282374,2.24,0.13,,556.2025,,4861.0,5.29,1.78,105.779,360.1976927,14.01856883,2.793879311
HD 34445 b,HD 34445,1,6,Radial Velocity,2009.0,1049.0,2.789350519,2.07,0.27,,260.6206,,5879.0,1.38,1.14,46.0907,231.4564615,2.04108863,0.476344519
HD 34445 c,HD 34445,1,6,Radial Velocity,2017.0,214.67,0.58828192,0.7181,0.036,,53.5,,5836.0,1.38,1.07,46.0907,390.0981059,1.982025126,3.84360989
HD 34445 d,HD 34445,1,6,Radial Velocity,2017.0,117.87,0.323201286,0.4817,0.027,,30.7,,5836.0,1.38,1.07,46.0907,476.2971489,1.982025126,8.541927146
HD 34445 e,HD 34445,1,6,Radial Velocity,2017.0,49.175,0.134651009,0.2687,0.09,,16.8,,5836.0,1.38,1.07,46.0907,637.7235747,1.982025126,27.45198942
HD 34445 f,HD 34445,1,6,Radial Velocity,2017.0,676.8,1.852921413,1.543,0.031,,37.9,,5836.0,1.38,1.07,46.0907,266.1235707,1.982025126,0.832486699
HD 34445 g,HD 34445,1,6,Radial Velocity,2017.0,5700.0,15.50578596,6.36,0.032,,120.6,,5836.0,1.38,1.07,46.0907,131.0803967,1.982025126,0.04899987
HD 35759 b,HD 35759,1,1,Radial Velocity,2016.0,82.467,0.226243172,0.389,0.389,,1195.0408,,6060.0,,1.15,71.2423,0.0,0.0,0.0
HD 35843 b,HD 35843,1,2,Radial Velocity,2025.0,9.8991,0.026925271,0.088,0.0,,5.84,,5666.0,0.897,0.94,69.6026,872.2539287,0.744013844,96.07616791
HD 35843 c,HD 35843,1,2,Transit,2025.0,46.9622,0.128927656,0.25,0.153,2.54,11.32,3.806246195,5666.0,0.897,0.94,69.6026,517.5046613,0.744013844,11.90422151
HD 360 b,HD 360,1,1,Radial Velocity,2021.0,273.1,0.746269618,0.98,0.139,,238.3713053,,4770.0,10.86,1.69,111.542,765.6525485,54.78012471,57.03886372
HD 36384 b,HD 36384,1,1,Radial Velocity,2023.0,490.0,1.388233764,1.3,0.2,,2097.667486,,3940.0,38.4,1.14,209.309,1032.527522,318.8138545,188.6472512
HD 3651 b,HD 3651,1,1,Radial Velocity,2003.0,62.25,0.179250194,0.295,0.645,,72.46524,,5221.0,,0.799,11.1336,0.0,0.0,0.0
HD 37124 b,HD 37124,1,3,Radial Velocity,2002.0,154.378,0.422827378,0.53364,0.054,,214.53525,,,,0.85,31.6634,0.0,0.0,0.0
HD 37124 c,HD 37124,1,3,Radial Velocity,2002.0,885.5,2.425407425,1.71,0.125,,207.22516,,,,0.85,31.6634,0.0,0.0,0.0
HD 37124 d,HD 37124,1,3,Radial Velocity,2005.0,1862.0,5.100986288,2.807,0.16,,221.20968,,,,0.85,31.6634,0.0,0.0,0.0
HD 37605 b,HD 37605,1,2,Radial Velocity,2004.0,55.01292,0.150368105,0.277,0.6745,,854.9627,,5329.0,0.91,0.94,46.7864,465.7340714,0.599177526,7.809009972
HD 37605 c,HD 37605,1,2,Radial Velocity,2012.0,2720.0,7.460079858,3.74,0.03,,1013.8777,,5329.0,0.91,0.94,46.7864,126.7482856,0.599177526,0.042836335
HD 3765 b,HD 3765,1,1,Radial Velocity,2021.0,1211.0,3.316201534,2.108,0.298,,54.98431441,,5049.8,0.83061,0.851785,17.926,152.8441887,0.402513891,0.090581532
HD 38283 b,HD 38283,1,1,Radial Velocity,2010.0,363.20001,0.880116117,1.02,0.41,,127.132,,5981.0,1.49,1.37,38.0615,348.560628,2.548928167,2.449950179
HD 38529 b,HD 38529,2,2,Radial Velocity,2000.0,14.3099,0.03939433,0.115,0.256,,206.5884646,,,,0.98,42.3538,0.0,0.0,0.0
HD 38529 c,HD 38529,2,2,Radial Velocity,2000.0,2127.60566,5.853067151,3.226,0.357,,3299.058865,,,,0.98,42.3538,0.0,0.0,0.0
HD 38801 b,HD 38801,1,1,Radial Velocity,2009.0,685.25,1.882019612,1.623,0.017,,3082.31534,,5338.0,2.029,1.207,91.4349,287.7874239,2.998943073,1.138495143
HD 39091 b,HD 39091,1,3,Radial Velocity,2001.0,2088.8,5.74273633,3.28,0.642,,4481.380539,,5998.0,1.17,1.07,18.2702,172.7324564,1.589598408,0.147754165
HD 39194 b,HD 39194,1,3,Radial Velocity,2021.0,5.6368,0.016189918,0.056,0.207,,4.0,,5205.0,,0.67,26.4131,0.0,0.0,0.0
HD 39194 c,HD 39194,1,3,Radial Velocity,2021.0,14.03,0.040384846,0.103,0.154,,6.3,,5205.0,,0.67,26.4131,0.0,0.0,0.0
HD 39194 d,HD 39194,1,3,Radial Velocity,2021.0,33.91,0.09721207,0.185,0.333,,4.0,,5205.0,,0.67,26.4131,0.0,0.0,0.0
HD 39855 b,HD 39855,1,1,Radial Velocity,2019.0,3.2498,0.008900536,0.041,0.14,,8.5,,5576.0,,0.87,23.2599,0.0,0.0,0.0
HD 40307 b,HD 40307,1,5,Radial Velocity,2009.0,4.3123,0.011537811,0.0468,0.2,,4.0,,4956.0,,0.77,12.9363,0.0,0.0,0.0
HD 40307 c,HD 40307,1,5,Radial Velocity,2009.0,9.6184,0.025738001,0.0799,0.06,,6.6,,4956.0,,0.77,12.9363,0.0,0.0,0.0
HD 40307 d,HD 40307,1,5,Radial Velocity,2009.0,20.432,0.05471531,0.1321,0.07,,9.5,,4956.0,,0.77,12.9363,0.0,0.0,0.0
HD 40307 f,HD 40307,1,5,Radial Velocity,2013.0,51.76,0.139894315,0.247,0.02,,5.2,,4956.0,,0.77,12.9363,0.0,0.0,0.0
HD 40307 g,HD 40307,1,5,Radial Velocity,2013.0,197.8,0.529640898,0.6,0.29,,7.1,,4956.0,,0.77,12.9363,0.0,0.0,0.0
HD 40956 b,HD 40956,1,1,Radial Velocity,2017.0,578.6,1.171324037,1.4,0.24,,858.141,,4869.0,8.56,2.0,116.593,580.5292648,36.94847154,18.85126099
HD 40979 b,HD 40979,3,1,Radial Velocity,2002.0,264.14999,0.650795269,0.85,0.25,,1484.2661,,6165.0,1.21,1.45,34.0883,354.672717,1.897548628,2.626364883
HD 41004 A b,HD 41004 A,2,2,Radial Velocity,2004.0,963.0,2.636550308,,0.74,,807.25,,,,,36.69117,,0.0,
HD 41004 B b,HD 41004 B,2,2,Radial Velocity,2003.0,1.3283,0.0,,0.081,,5838.29,,,,0.4,41.5504,,0.0,
HD 4113 b,HD 4113,3,1,Radial Velocity,2007.0,526.5239,1.442396595,1.28,0.899,,541.2617771,,,,1.008,41.8727,0.0,0.0,0.0
HD 42012 b,HD 42012,1,1,Radial Velocity,2017.0,857.5,2.368839633,1.67,0.2,,508.528,,5405.0,0.82,0.83,36.7984,182.623166,0.514873273,0.184615179
HD 4203 b,HD 4203,1,2,Radial Velocity,2001.0,431.88,1.131940988,1.17,0.52,,708.7609,,5596.0,1.42,1.25,81.3795,297.2627052,1.774097002,1.296001901
HD 4203 c,HD 4203,1,2,Radial Velocity,2014.0,6700.0,18.41448636,6.95,0.24,,689.66,,5582.0,1.49795,0.99,81.3795,124.9561302,1.954536627,0.040464502
HD 4208 b,HD 4208,1,1,Radial Velocity,2001.0,832.97,2.280164487,1.662,0.042,,257.4423,,5717.0,0.846,0.883,34.1937,196.6750832,0.685967192,0.248336929
HD 42618 b,HD 42618,1,1,Radial Velocity,2016.0,149.61,0.409290464,0.554,0.19,,14.4,,5727.0,0.999,1.015,24.3358,370.8228808,0.963229021,3.138412533
HD 4308 b,HD 4308,1,1,Radial Velocity,2005.0,15.56,0.043105272,0.12,0.0,,15.8915,,5686.0,1.02,0.93,22.0158,799.3330992,0.975702943,67.75714881
HD 4313 b,HD 4313,1,1,Radial Velocity,2009.0,356.21,0.974779161,1.157,0.147,,612.45841,,4943.0,5.14,1.63,136.308,502.3622178,14.15071974,10.57089629
HD 43197 b,HD 43197,1,2,Radial Velocity,2010.0,308.92072,0.845409768,0.882,0.742,,175.7591091,,,,0.96,62.4112,0.0,0.0,0.0
HD 43197 c,HD 43197,1,2,Radial Velocity,2022.0,9295.9735,25.47130461,8.54,0.149,,2500.673906,,,,0.96,62.4112,0.0,0.0,0.0
HD 43691 b,HD 43691,3,1,Radial Velocity,2007.0,36.9987,0.101059808,0.238,0.0796,,810.4665,,6093.0,1.6,1.32,85.6009,761.7529934,3.165588997,55.88568952
HD 44219 b,HD 44219,1,1,Radial Velocity,2010.0,472.0,1.291115797,1.26,0.41,,184.3404761,,,,1.2,52.9051,0.0,0.0,0.0
HD 45184 b,HD 45184,1,2,Radial Velocity,2019.0,5.8854,0.016103126,0.0644,0.07,,12.19,,5869.0,,1.03,21.9532,0.0,0.0,0.0
HD 45184 c,HD 45184,1,2,Radial Velocity,2019.0,13.1354,0.035947643,0.11,0.07,,8.81,,5869.0,,1.03,21.9532,0.0,0.0,0.0
HD 45350 b,HD 45350,1,1,Radial Velocity,2004.0,963.6,2.687440175,1.92,0.778,,568.89,,5566.0,1.26442,0.98,46.8733,217.7959224,1.376719207,0.373458986
HD 45364 b,HD 45364,1,2,Radial Velocity,2008.0,225.79,0.618280423,0.6793,0.067,,60.16491745,,5466.0,0.89,0.82,34.354,301.6791543,0.634378379,1.37475448
HD 45364 c,HD 45364,1,2,Radial Velocity,2008.0,345.43,0.946025581,0.902,0.019,,174.4877954,,5466.0,0.89,0.82,34.354,261.801928,0.634378379,0.779713938
HD 45652 b,HD 45652,1,1,Radial Velocity,2008.0,44.073,0.120289745,0.237,0.607,,137.62039,,5294.0,0.94,0.92,34.8541,508.3761518,0.622703498,11.0862486
HD 457 b,HD 457,1,1,Radial Velocity,2022.0,20324.58153,56.18488493,15.369,0.565,,8445.336431,,,,1.15,55.0375,0.0,0.0,0.0
HD 46375 b,HD 46375,2,1,Radial Velocity,2000.0,3.023573,0.0082781,0.0398,0.063,,71.8,,5285.0,,0.92,29.5529,0.0,0.0,0.0
HD 47186 b,HD 47186,1,2,Radial Velocity,2008.0,4.0845,0.011410887,0.05,0.04,,22.2481,,5657.0,1.08,0.96,37.4574,1267.723476,1.071721827,428.6887309
HD 47186 c,HD 47186,1,2,Radial Velocity,2008.0,1353.6,3.705954825,2.395,0.249,,111.42,,,,,37.4574,0.0,0.0,0.0
HD 4732 b,HD 4732,2,2,Radial Velocity,2012.0,371.74,1.017497879,1.129,0.266,,631.2072163,,4898.0,5.03,1.39,54.7841,498.5024315,13.06474517,10.24974497
HD 4732 c,HD 4732,2,2,Radial Velocity,2012.0,3184.2,8.711547704,4.725,0.187,,1069.49259,,4898.0,5.03,1.39,54.7841,243.6763302,13.06474517,0.585190568
HD 47366 b,HD 47366,1,2,Radial Velocity,2016.0,360.08,0.985647484,1.207,0.071,,661.7187434,,4866.0,7.3,1.81,84.3552,577.02068,26.8055047,18.39964519
HD 47366 c,HD 47366,1,2,Radial Velocity,2016.0,677.53,1.855185952,1.84,0.161,,483.7348355,,4866.0,7.3,1.81,84.3552,467.343387,26.8055047,7.917504932
HD 47536 b,HD 47536,1,1,Radial Velocity,2002.0,712.13,1.850232547,1.93,0.2,,2330.0,,4380.0,23.47,2.1,122.536,736.4842766,181.8915279,48.83125129
HD 4760 b,HD 4760,1,1,Radial Velocity,2021.0,434.0,1.187852805,1.14,0.23,,4417.837,,4076.0,42.4,1.05,537.873,1198.605197,445.2031869,342.5693959
HD 48265 b,HD 48265,1,1,Radial Velocity,2008.0,778.51,2.132990919,1.814,0.211,,484.69075,,5733.0,1.901,1.312,90.5446,282.986578,3.502529895,1.06440593
HD 48948 b,HD 48948,1,3,Radial Velocity,2024.0,7.34013,0.020100615,0.0652,0.055,,4.88,,4593.0,0.679,0.686,16.9043,714.6921522,0.184083634,43.30319979
HD 48948 c,HD 48948,1,3,Radial Velocity,2024.0,38.06,0.10404563,0.1951,0.55,,7.27,,4593.0,0.679,0.686,16.9043,413.1561069,0.184083634,4.836159786
HD 48948 d,HD 48948,1,3,Radial Velocity,2024.0,151.92,0.413365179,0.4894,0.055,,10.59,,4593.0,0.679,0.686,16.9043,260.8620054,0.184083634,0.768576763
HD 4917 b,HD 4917,1,1,Radial Velocity,2018.0,400.5,1.097284687,1.167,0.066,,513.29545,,4802.0,5.01,1.32,204.277,479.7523042,11.9744045,8.79249667
HD 49674 b,HD 49674,1,1,Radial Velocity,2002.0,4.94737,0.014481324,0.06,0.09,,31.783,,5602.0,1.02,1.03,43.0399,1113.727758,0.919311328,255.3642577
HD 50499 b,HD 50499,1,2,Radial Velocity,2005.0,2447.1,6.703979744,3.833,0.266,,519.96988,,6102.0,1.351,1.253,46.2845,174.6795027,2.270331952,0.154529615
HD 50499 c,HD 50499,1,2,Radial Velocity,2019.0,8619.9,23.66868656,9.02,0.0,,931.2419,,6099.0,1.42,1.31,46.2845,116.6839212,2.503231828,0.030767202
HD 50554 b,HD 50554,1,1,Radial Velocity,2002.0,1293.0,3.539290587,2.353,0.501,,1574.464,,5987.0,1.02,1.04,31.1664,190.0683738,1.199298322,0.216612429
HD 51608 b,HD 51608,1,2,Radial Velocity,2019.0,14.0726,0.038529994,0.1059,0.09,,12.77,,5358.0,,0.8,35.0553,0.0,0.0,0.0
HD 51608 c,HD 51608,1,2,Radial Velocity,2019.0,95.9446,0.2628279,0.3809,0.14,,14.31,,5358.0,,0.8,35.0553,0.0,0.0,0.0
HD 52265 b,HD 52265,1,1,Radial Velocity,2000.0,119.27,0.341736819,0.52,0.27,,384.5743,,6136.0,,1.204,29.9803,0.0,0.0,0.0
HD 5278 b,HD 5278,1,2,Transit,2021.0,14.339156,0.039272406,0.1202,0.08,2.45,7.8,2.922455779,6203.0,1.194,1.126,57.5846,942.6776041,1.893675796,131.0680062
HD 5278 c,HD 5278,1,2,Radial Velocity,2021.0,40.87,0.111911882,0.2416,0.07,,18.4,,6203.0,1.194,1.126,57.5846,664.9162673,1.893675796,32.44230989
HD 5319 b,HD 5319,1,2,Radial Velocity,2007.0,637.1,1.745611596,1.57,0.092,,494.54348,,4871.0,4.06,1.27,121.405,377.6963595,8.325578795,3.377653777
HD 5319 c,HD 5319,1,2,Radial Velocity,2014.0,872.2,2.379217267,1.93,0.183,,334.67499,,4871.0,4.06,1.27,121.405,340.6543746,8.325578795,2.235114713
HD 55696 b,HD 55696,1,1,Radial Velocity,2018.0,1827.0,4.992819029,3.18,0.705,,1230.0021,,6012.0,1.52,1.29,77.9693,200.4189048,2.708026522,0.267792663
HD 5583 b,HD 5583,1,1,Radial Velocity,2016.0,139.35,0.383930945,0.53,0.076,,1837.0574,,4830.0,9.09,1.01,219.216,964.5008532,40.34652537,143.6330558
HD 5608 b,HD 5608,2,1,Radial Velocity,2012.0,768.7,2.108553823,1.79,0.11,,371.2235794,,4807.0,5.43,1.29,58.1105,403.700233,14.12492003,4.40838926
HD 564 b,HD 564,1,1,Radial Velocity,2014.0,492.3,1.340942561,1.2,0.096,,104.88,,5902.0,1.01,0.961,51.1659,261.0842945,1.110527758,0.771199832
HD 56414 b,HD 56414,1,1,Transit,2022.0,29.04992,0.079711746,0.229,0.68,3.71,,0.0,8500.0,1.751,1.89,272.217,1133.328307,14.3594513,273.8210808
HD 56957 b,HD 56957,1,1,Radial Velocity,2022.0,5859.08992,16.05064427,6.426,0.273,,1880.908513,,,,1.03,61.4925,0.0,0.0,0.0
HD 5891 b,HD 5891,1,1,Radial Velocity,2011.0,177.11,0.368545664,0.64,0.07,,2425.0429,,4673.0,10.64,1.93,283.502,918.7303991,48.43465716,118.2486747
HD 59686 A b,HD 59686 A,2,1,Radial Velocity,2016.0,299.36,0.821046847,1.086,0.05,,2199.3836,,4658.0,13.2,1.9,89.2721,783.0383198,73.59285461,62.39876564
HD 60292 b,HD 60292,1,1,Radial Velocity,2020.0,495.4,1.409004655,1.5,0.27,,2065.895,,4348.0,27.0,1.7,315.211,889.4822103,233.7628642,103.8946063
HD 60532 b,HD 60532,1,2,Radial Velocity,2008.0,201.9,0.551684088,0.77,0.26,,336.8998,,6245.0,2.57,1.5,25.9716,550.129736,9.01334236,15.20212913
HD 60532 c,HD 60532,1,2,Radial Velocity,2008.0,600.1,1.652472894,1.6,0.03,,797.7533,,6245.0,2.57,1.5,25.9716,381.6370162,9.01334236,3.520836859
HD 6061 b,HD 6061,2,1,Transit,2023.0,5.2549,0.014503165,0.06,0.0,2.42763557,10.0,3.851244776,5934.0,1.0072,1.0269,67.6203,1172.306719,1.128525696,313.4793599
HD 62364 b,HD 62364,1,2,Radial Velocity,2022.0,5138.0,14.17901279,6.15,0.607,,5965.639199,,6255.0,1.401,1.157,53.112,143.9528616,2.695723699,0.071273017
HD 62364 c,HD 62364,1,2,Radial Velocity,2022.0,74839.94555,206.180382,36.984,0.773,,7923.462187,,,,1.19,53.112,0.0,0.0,0.0
HD 62509 b,HD 62509,1,1,Radial Velocity,2006.0,589.64,1.614346338,1.64,0.02,,731.0,,4892.63,,,,0.0,0.0,0.0
HD 62549 b,HD 62549,1,1,Radial Velocity,2022.0,14306.88519,39.21260615,11.842,0.15,,2707.580199,,,,1.08,49.3305,0.0,0.0,0.0
HD 63433 b,HD 63433,1,3,Transit,2020.0,7.1079475,0.0,,,2.14,21.755,12.23120841,5553.0,0.934,0.956,22.4035,,0.744207935,
HD 63433 c,HD 63433,1,3,Transit,2020.0,20.5438281,0.0,,,2.692,15.539,4.388837478,5553.0,0.934,0.956,22.4035,,0.744207935,
HD 63433 d,HD 63433,1,3,Transit,2023.0,4.209075,0.011337946,0.0503,0.16,1.073,,0.0,5688.0,0.912,0.99,22.4035,1167.843083,0.781120215,308.7321856
HD 63454 b,HD 63454,1,1,Radial Velocity,2005.0,2.81805,0.012344268,0.04,0.0,,79.4575,,4812.0,0.77,0.42,37.6894,1018.010985,0.285215928,178.2599549
HD 63765 b,HD 63765,1,1,Radial Velocity,2009.0,358.0,1.130407687,0.94,0.24,,168.4499,,5449.0,0.83,0.65,32.5376,246.8899467,0.544895556,0.616676728
HD 63935 b,HD 63935,1,2,Transit,2021.0,9.058807,0.024655548,0.083,0.0,2.91575244,10.5,2.333936064,5513.0,0.9598,0.9406,48.9739,903.9632975,0.763489926,110.8273953
HD 63935 c,HD 63935,1,2,Radial Velocity,2021.0,21.4027,0.058707027,0.148,0.0,3.06451296,11.1,2.125152942,5513.0,0.9598,0.9406,48.9739,676.953731,0.763489926,34.85618727
HD 64114 b,HD 64114,1,1,Radial Velocity,2019.0,45.791,0.125181704,0.246,0.12,,17.8,,5676.0,,0.95,31.5262,0.0,0.0,0.0
HD 64121 b,HD 64121,1,1,Radial Velocity,2022.0,623.0,1.448916963,1.51,0.11,,813.6407219,,5078.0,5.44,1.64,129.966,464.7454551,17.65462249,7.742915878
HD 6434 b,HD 6434,1,1,Radial Velocity,2003.0,21.998,0.049945425,0.14,0.17,,155.7367,,5769.0,1.12,1.1,42.358,786.7867021,1.246602665,63.60217681
HD 65216 b,HD 65216,3,2,Radial Velocity,2003.0,577.6,1.587304431,1.301,0.27,,411.58985,,5612.0,,0.874,35.1205,0.0,0.0,0.0
HD 65216 c,HD 65216,3,2,Radial Velocity,2013.0,5370.0,14.74843881,5.75,0.17,,645.1949,,5612.0,,0.874,35.1205,0.0,0.0,0.0
HD 66141 b,HD 66141,1,1,Radial Velocity,2012.0,480.5,1.253359123,1.2,0.07,,1906.9,,4323.0,21.4,1.1,68.1509,880.2640747,143.5021272,99.65425498
HD 66428 b,HD 66428,1,2,Radial Velocity,2005.0,2269.81726,6.224421312,3.395,0.471,,3478.949743,,,,1.01,53.2817,0.0,0.0,0.0
HD 66428 c,HD 66428,1,2,Radial Velocity,2021.0,10478.84437,28.71344332,9.408,0.207,,560.64931,,,,1.01,53.2817,0.0,0.0,0.0
HD 67087 b,HD 67087,1,2,Radial Velocity,2015.0,352.2,0.962423412,1.08,0.17,,973.0,,6330.0,1.55,1.36,76.5217,365.653016,3.460732938,2.967020694
HD 67087 c,HD 67087,1,2,Radial Velocity,2015.0,2374.0,6.502966291,3.86,0.76,,1540.0,,6330.0,1.55,1.36,76.5217,193.4137678,3.460732938,0.232270191
HD 68402 b,HD 68402,1,1,Radial Velocity,2016.0,1103.0,3.041415319,2.18,0.03,,975.7381,,5950.0,1.02,1.12,78.4293,196.2457605,1.169925094,0.246175636
HD 6860 b,HD 6860,1,1,Radial Velocity,2023.0,663.87,1.832923686,2.03,0.28,,8981.830782,,3802.0,86.4,2.49,61.12469,1196.00348,1399.477063,339.6047134
HD 68988 b,HD 68988,1,2,Radial Velocity,2001.0,6.27711,0.016369751,0.07,0.12,,626.1251,,5932.0,1.19,1.28,60.8447,1179.334712,1.573215955,321.0644806
HD 68988 c,HD 68988,1,2,Radial Velocity,2021.0,16000.0,44.30565571,13.2,0.45,,4767.426105,,5883.41,1.255733,1.171665,60.8447,87.49883709,1.695121851,0.009728661
HD 69123 b,HD 69123,1,1,Radial Velocity,2022.0,1193.3,3.016810458,2.482,0.19,,966.1983573,,4842.0,7.72,1.68,75.116,411.7598768,29.39162453,4.771116671
HD 69830 b,HD 69830,1,3,Radial Velocity,2006.0,8.667,0.023716755,0.0785,0.1,,10.2,,5385.0,,0.86,12.5591,0.0,0.0,0.0
HD 69830 c,HD 69830,1,3,Radial Velocity,2006.0,31.56,0.086500813,0.186,0.13,,11.8,,5385.0,,0.86,12.5591,0.0,0.0,0.0
HD 69830 d,HD 69830,1,3,Radial Velocity,2006.0,197.0,0.539214545,0.63,0.07,,18.1,,5385.0,,0.86,12.5591,0.0,0.0,0.0
HD 70573 b,HD 70573,1,1,Radial Velocity,2007.0,851.8,2.334903852,1.76,0.4,,1900.0,,5737.0,,1.0,59.182,0.0,0.0,0.0
HD 70642 b,HD 70642,1,1,Radial Velocity,2003.0,2124.54,5.82110177,3.318,0.175,,633.43519,,5732.0,0.984,1.078,29.276,150.514042,0.937788221,0.085182819
HD 7199 b,HD 7199,1,1,Radial Velocity,2011.0,615.0,1.807436299,1.36,0.19,,85.8141,,5371.0,0.97,0.77,36.1531,218.7172536,0.702512293,0.379818497
HD 72490 b,HD 72490,1,1,Radial Velocity,2018.0,858.0,2.343387391,1.88,0.124,,561.92344,,4934.0,4.96,1.21,126.339,386.4315148,13.0812662,3.70112783
HD 72659 b,HD 72659,1,2,Radial Velocity,2002.0,3549.0,9.729200593,4.607,0.2393,,906.1287884,,5929.0,1.36,1.033,51.8949,155.3292614,2.050659093,0.096617778
HD 72659 c,HD 72659,1,2,Radial Velocity,2022.0,35500.0,98.08611405,21.5,0.114,,6165.871096,,5929.0,1.36,1.033,51.8949,71.90236133,2.050659093,0.004436255
HD 72892 b,HD 72892,1,1,Radial Velocity,2016.0,39.44603,0.108328214,0.228,0.419,,1737.885729,,,,1.01,69.7311,0.0,0.0,0.0
HD 73256 c,HD 73256,1,1,Radial Velocity,2023.0,2690.0,7.407563702,3.8,0.16,,5085.254512,,,,1.0,36.708,0.0,0.0,0.0
HD 73267 b,HD 73267,1,2,Radial Velocity,2008.0,1257.99159,3.450830505,2.229,0.261,,1321.530516,,,,0.93,50.4093,0.0,0.0,0.0
HD 73267 c,HD 73267,1,2,Radial Velocity,2022.0,17071.78045,46.86496324,12.688,0.089,,1630.777556,,,,0.93,50.4093,0.0,0.0,0.0
HD 73344 b,HD 73344,1,3,Transit,2024.0,15.611,0.043282897,0.131,0.03,2.884,10.48,2.407282803,6252.6,1.22,1.2,35.26,920.0605136,2.041042728,118.934953
HD 73344 c,HD 73344,1,3,Radial Velocity,2025.0,65.94,0.180776353,0.3388,0.124,,118.5499958,,6148.0,1.22,1.19,35.26,562.5401854,1.907853164,16.62103803
HD 73344 d,HD 73344,1,3,Radial Velocity,2025.0,5823.0,15.89786202,6.7,0.18,,810.4624379,,6148.0,1.22,1.19,35.26,126.4992211,1.907853164,0.042500627
HD 73526 b,HD 73526,1,2,Radial Velocity,2002.0,188.3,0.490814754,0.65,0.19,,978.9164,,5601.0,1.53,1.14,97.2396,414.3488028,2.066973945,4.892246024
HD 73526 c,HD 73526,1,2,Radial Velocity,2005.0,379.1,1.038094427,1.03,0.28,,715.09,,,,1.014,97.2396,0.0,0.0,0.0
HD 73534 b,HD 73534,1,1,Radial Velocity,2008.0,1750.0,4.800403988,2.99,0.126,,353.42696,,4917.0,2.58,1.16,83.3321,220.2348007,3.490841216,0.390470041
HD 73583 b,HD 73583,1,2,Transit,2022.0,6.398042,0.017373766,0.0604,0.09,2.79,10.2,2.587850364,4511.0,0.65,0.73,31.5666,713.5468853,0.156966824,43.02629935
HD 73583 c,HD 73583,1,2,Transit,2022.0,18.87974,0.0512296,0.1242,0.08,2.39,9.7,3.914980744,4511.0,0.65,0.73,31.5666,497.5997874,0.156966824,10.17570903
HD 74156 b,HD 74156,1,2,Radial Velocity,2003.0,51.63564,0.141266994,0.28,0.636,,532.3625817,,,,1.1,57.603,0.0,0.0,0.0
HD 74156 c,HD 74156,1,2,Radial Velocity,2003.0,2448.48726,6.725448397,3.678,0.377,,2753.983147,,,,1.1,57.603,0.0,0.0,0.0
HD 7449 b,HD 7449,2,1,Radial Velocity,2011.0,1270.55195,3.480847222,2.438,0.752,,2597.929399,,,,1.196,38.662,0.0,0.0,0.0
HD 74698 b,HD 74698,1,2,Radial Velocity,2023.0,15.017,0.041292415,0.121,0.1,,23.0,,5783.0,1.333,1.039,52.0648,925.522669,1.783047521,121.7845449
HD 74698 c,HD 74698,1,2,Radial Velocity,2023.0,3449.0,9.365069331,4.5,0.2,,126.0,,5783.0,1.333,1.039,52.0648,151.7656509,1.783047521,0.088051729
HD 75289 b,HD 75289,2,1,Radial Velocity,1999.0,3.50927,0.00984374,0.05,0.03,,155.7367,,6117.0,1.23,1.29,29.1158,1462.909677,1.900439265,760.1757061
HD 75302 b,HD 75302,1,1,Radial Velocity,2023.0,4356.0,11.85116028,5.3,0.39,,1716.273398,,,,1.06,30.3288,0.0,0.0,0.0
HD 75784 b,HD 75784,1,2,Radial Velocity,2014.0,341.2,0.933972897,1.032,0.097,,317.83,,4867.0,3.4,1.26,85.4321,425.963547,5.819599113,5.464289174
HD 75784 c,HD 75784,1,2,Radial Velocity,2018.0,7900.0,21.68870674,8.4,0.489,,1792.5612,,4867.0,3.4,1.26,85.4321,149.3044116,5.819599113,0.082477312
HD 75898 b,HD 75898,1,2,Radial Velocity,2007.0,422.82,1.158757994,1.2025,0.105,,810.4624379,,6122.0,,1.295,78.0505,0.0,0.0,0.0
HD 75898 c,HD 75898,1,2,Radial Velocity,2024.0,6717.0,17.65353868,7.39,0.08,,2698.363175,,6122.0,,1.295,78.0505,0.0,0.0,0.0
HD 76700 b,HD 76700,1,1,Radial Velocity,2002.0,3.97097,0.011236664,0.05,0.09,,66.7443,,5644.0,1.37,0.99,60.8831,1424.537103,1.708751877,683.5007508
HD 76920 b,HD 76920,1,1,Radial Velocity,2017.0,415.891,1.139559815,1.091,0.8782,,994.8029139,,4664.0,8.33,1.0,184.031,621.41273,29.45872999,24.7493911
HD 77338 b,HD 77338,1,1,Radial Velocity,2012.0,5.7361,0.012556442,0.06,0.09,,19.0698,,5341.0,0.97,1.37,45.935,1035.48616,0.686947631,190.8187865
HD 77946 b,HD 77946,1,1,Transit,2024.0,6.527363,0.018025312,0.073,0.211,2.89646124,10.9,2.471581485,6007.0,1.3174,1.1973,99.451,1230.457195,2.027475878,380.4608517
HD 79181 b,HD 79181,1,1,Radial Velocity,2021.0,273.1,0.754672942,0.9,0.259,,203.4101805,,4862.0,11.06,1.28,103.335,821.8314216,61.32815816,75.71377551
HD 7924 b,HD 7924,1,3,Radial Velocity,2008.0,5.39792,0.018229309,0.06,0.06,,6.3566,,5131.0,0.78,0.65,16.9922,892.0417262,0.378344229,105.0956192
HD 7924 c,HD 7924,1,3,Radial Velocity,2015.0,15.299,0.041865658,0.1134,0.098,,7.86,,5075.0,0.7821,0.832,16.9922,642.6464915,0.364047965,28.30951956
HD 7924 d,HD 7924,1,3,Radial Velocity,2015.0,24.451,0.066966258,0.1551,0.21,,6.44,,5075.0,0.7821,0.832,16.9922,549.5064181,0.364047965,15.13334777
HD 79498 b,HD 79498,2,1,Radial Velocity,2011.0,1807.0,4.950083426,2.98,0.575,,425.8922,,5748.0,1.05,1.08,48.9489,164.5185055,1.079780514,0.121591428
HD 80606 b,HD 80606,2,1,Radial Velocity,2001.0,111.436765,0.304766209,0.4603,0.93183,11.56766808,1323.46927,4.711161637,5565.0,1.05,1.05,66.4711,405.2759284,0.948700485,4.477619374
HD 80653 b,HD 80653,1,2,Transit,2020.0,0.719573,0.001970668,0.01661,0.0,1.613,5.72,7.510079346,5959.0,1.22,1.18,109.86,2462.521115,1.68384865,6103.286937
HD 80869 b,HD 80869,1,1,Radial Velocity,2021.0,1752.92067,4.809127292,2.905,0.924,,1609.800881,,,,1.06,85.3951,0.0,0.0,0.0
HD 80883 b,HD 80883,1,1,Radial Velocity,2022.0,6383.78352,17.51092526,6.462,0.203,,1748.056239,,,,0.88,34.6011,0.0,0.0,0.0
HD 80913 b,HD 80913,1,1,Radial Velocity,2022.0,10839.83341,29.7901803,9.95,0.313,,7505.200003,,,,1.11,61.3603,0.0,0.0,0.0
HD 81040 b,HD 81040,1,1,Radial Velocity,2005.0,1002.7,2.728328481,1.946,0.525,,2301.077667,,,,0.99,34.4341,0.0,0.0,0.0
HD 81688 b,HD 81688,1,1,Radial Velocity,2007.0,183.93,0.504278695,0.648,0.04,,525.6881852,,4797.0,11.13,1.07,85.7183,958.6085016,58.85170543,140.1551436
HD 81817 b,HD 81817,1,2,Radial Velocity,2020.0,1021.20159,2.803330674,3.233,0.097,,7668.563804,,,,4.3,269.126,0.0,0.0,0.0
HD 81817 c,HD 81817,1,2,Radial Velocity,2022.0,622.97802,1.709622434,2.325,0.095,,7185.782454,,,,4.3,269.126,0.0,0.0,0.0
HD 82886 b,HD 82886,1,1,Radial Velocity,2011.0,705.0,1.248605863,1.58,0.07,,740.5439,,4953.0,5.26,2.53,127.061,435.7567621,14.93945141,5.984398099
HD 82943 b,HD 82943,1,2,Radial Velocity,2003.0,441.47,1.238221323,1.18306,0.162,,534.25,,5935.0,1.1826,1.08,27.5902,286.1196953,1.556856171,1.11233333
HD 82943 c,HD 82943,1,2,Radial Velocity,2003.0,220.078,0.616830402,0.74345,0.3663,,622.603,,5935.0,1.1826,1.08,27.5902,360.9318905,1.556856171,2.816728324
HD 8326 b,HD 8326,1,1,Radial Velocity,2019.0,158.991,0.435056659,0.533,0.2,,66.6,,4914.0,,0.8,30.6862,0.0,0.0,0.0
HD 83443 b,HD 83443,1,2,Radial Velocity,2002.0,2.985628,0.008180673,0.0406,0.012,,127.7670196,,5442.0,0.94,1.0,40.8991,1262.614946,0.695311972,421.8204589
HD 83443 c,HD 83443,1,2,Radial Velocity,2022.0,8241.0,22.627417,8.0,0.76,,476.7426105,,5442.0,0.94,1.0,40.8991,89.94746941,0.695311972,0.01086425
HD 8535 b,HD 8535,2,1,Radial Velocity,2010.0,1313.0,3.607529613,2.45,0.15,,216.1244,,6136.0,1.19,1.13,55.4401,206.1993387,1.80104754,0.300049569
HD 85390 b,HD 85390,1,1,Radial Velocity,2009.0,799.52,1.847869099,1.373,0.5,,31.46517,,5186.0,,0.758,33.5225,0.0,0.0,0.0
HD 85426 c,TOI-1774,1,2,Radial Velocity,2026.0,35.73,0.0,,0.06,,10.3,,5746.0,1.1303,0.991,53.974,,1.24951016,
HD 8574 b,HD 8574,1,1,Radial Velocity,2002.0,227.0,0.572358305,0.76,0.3,,645.1949,,6064.0,1.38,1.34,44.8264,394.0065288,2.310387325,3.999978055
HD 86065 b,HD 86065,1,1,Radial Velocity,2022.0,25775.78859,70.75807054,15.947,0.219,,2877.300569,,,,0.81,40.3661,0.0,0.0,0.0
HD 86081 b,HD 86081,2,1,Radial Velocity,2006.0,2.1378431,0.005850884,0.0346,0.0119,,470.3884,,5939.0,1.46,1.21,103.936,1860.215173,2.379298127,1987.452075
HD 86226 b,HD 86226,1,2,Radial Velocity,2009.0,1628.0,4.468449751,2.73,0.059,,143.0235,,5863.0,1.053,1.019,45.683,175.5756298,1.17550957,0.157725123
HD 86226 c,HD 86226,1,2,Transit,2020.0,3.98442,0.010745015,0.049,0.075,2.16,7.25,3.963951681,5863.0,1.053,1.019,45.683,1310.531664,1.17550957,489.5916576
HD 86264 b,HD 86264,1,1,Radial Velocity,2009.0,1488.79123,4.091532967,2.763,0.821,,3117.261016,,,,1.26,67.8107,0.0,0.0,0.0
HD 86728 b,HD 86728,1,1,Radial Velocity,2025.0,31.1515,0.085286447,0.1916,0.067,,9.43,,5610.0,1.237,0.967,14.9202,687.3238867,1.359817714,37.04159549
HD 8673 b,HD 8673,2,1,Radial Velocity,2009.0,1644.69097,4.524073887,2.97,0.73,,4210.590736,,,,1.28,37.8619,0.0,0.0,0.0
HD 86950 b,HD 86950,1,1,Radial Velocity,2016.0,1270.0,3.481763852,2.72,0.17,,1144.188,,4805.0,8.8,1.66,209.839,416.736706,37.03639969,5.006001256
HD 87646 b,HD 87646,3,1,Radial Velocity,2016.0,13.481,0.037815494,0.117,0.05,,3941.092,,5770.0,1.55,1.12,73.58352,1012.651965,2.389221966,174.5359023
HD 87816 b,HD 87816,1,2,Radial Velocity,2025.0,484.17,1.325742731,1.618,0.78,,2142.163463,,4989.0,9.0,2.41,133.233,567.357733,45.02242514,17.19775866
HD 87816 c,HD 87816,1,2,Radial Velocity,2025.0,7596.0,20.79928526,10.14,0.19,,3877.506565,,4989.0,9.0,2.41,133.233,226.6351459,45.02242514,0.437877848
HD 87883 b,HD 87883,1,1,Radial Velocity,2009.0,3006.0,8.184026591,3.77,0.72,,2005.497248,,,,0.8,18.2912,0.0,0.0,0.0
HD 88072 b,HD 88072,1,1,Radial Velocity,2022.0,18538.79293,50.78917484,13.895,0.156,,2511.797901,,,,1.04,35.9098,0.0,0.0,0.0
HD 88133 b,HD 88133,1,1,Radial Velocity,2004.0,3.414884,0.009339379,0.0479,0.031,,90.422635,,5392.0,2.2,1.26,73.6123,1761.996112,3.670580438,1599.79273
HD 88986 b,HD 88986,1,1,Radial Velocity,2023.0,146.05,0.395081764,0.58,0.24,2.49,17.2,6.13877908,5861.0,1.543,1.25,33.2673,460.9482455,2.520627021,7.492945961
HD 89307 b,HD 89307,1,1,Radial Velocity,2009.0,2166.0,5.247105164,3.27,0.2,,670.6213,,5955.0,1.1,1.27,32.0104,166.5389072,1.365218873,0.127675268
HD 89345 b,HD 89345,1,1,Transit,2018.0,11.8143,0.032357065,0.1066,0.22,7.39794,34.9613,0.475780631,5576.0,1.747,1.157,132.345,1088.433986,2.647077888,232.9444196
HD 89744 b,HD 89744,2,1,Radial Velocity,1999.0,256.78,0.643869023,0.917,0.677,,2653.8805,,6291.0,,1.86,38.6364,0.0,0.0,0.0
HD 89839 b,HD 89839,1,1,Radial Velocity,2023.0,3441.0,9.443969744,4.761,0.187,,1592.320319,,6314.0,,1.21,57.3063,0.0,0.0,0.0
HD 90156 b,HD 90156,1,1,Radial Velocity,2009.0,49.77,0.136386181,0.25,0.31,,17.98,,5599.0,,0.84,21.9496,0.0,0.0,0.0
HD 9174 b,HD 9174,1,1,Radial Velocity,2016.0,1179.0,3.215254901,2.2,0.12,,352.7913,,5577.0,1.67,1.03,81.4893,234.2928408,2.420613049,0.500126663
HD 92788 b,HD 92788,1,2,Radial Velocity,2000.0,325.803,0.890858404,0.97,0.35,,1195.0408,,5744.0,1.14,1.15,34.6538,300.2565349,1.269279534,1.349005776
HD 92788 c,HD 92788,1,2,Radial Velocity,2019.0,11611.2975,31.72743978,10.5,0.46,,1166.4361,,5744.0,1.14,1.15,34.6538,91.26067696,1.269279534,0.01151274
HD 93083 b,HD 93083,1,1,Radial Velocity,2005.0,143.58,0.393757237,0.477,0.14,,117.59,,4995.0,,0.7,28.5159,0.0,0.0,0.0
HD 93351 b,HD 93351,1,2,Radial Velocity,2022.0,2.45946,0.006753644,0.035,0.549,,3.49611248,,,,0.94,56.163,0.0,0.0,0.0
HD 93351 c,HD 93351,1,2,Radial Velocity,2022.0,14010.2941,38.42218276,11.154,0.109,,4154.017279,,,,0.94,56.163,0.0,0.0,0.0
HD 93385 b,HD 93385,1,3,Radial Velocity,2021.0,7.3426,0.020382902,0.0756,0.295,,4.2,,5977.0,,1.04,43.3475,0.0,0.0,0.0
HD 93385 c,HD 93385,1,3,Radial Velocity,2021.0,13.18,0.036754487,0.112,0.2,,7.1,,5977.0,,1.04,43.3475,0.0,0.0,0.0
HD 93385 d,HD 93385,1,3,Radial Velocity,2021.0,45.85,0.127383854,0.2565,0.09,,8.7,,5977.0,,1.04,43.3475,0.0,0.0,0.0
HD 93963 A b,HD 93963 A,2,2,Transit,2022.0,1.0376109,0.002841334,0.02061,0.0,1.46954368,2.8,4.86140868,5908.0,1.0311,1.0844,82.3432,2014.945773,1.162126408,2735.882155
HD 93963 A c,HD 93963 A,2,2,Transit,2022.0,3.6451389,0.009866107,0.04726,0.0,3.11976057,18.4,3.338917031,5908.0,1.0311,1.0844,82.3432,1330.624452,1.162126408,520.3145081
HD 9446 b,HD 9446,1,2,Radial Velocity,2009.0,30.052,0.082166106,0.189,0.2,,222.472,,5793.0,1.0,1.0,50.3503,642.5162338,1.010424723,28.28657437
HD 9446 c,HD 9446,1,2,Radial Velocity,2009.0,192.9,0.528891543,0.654,0.06,,578.426,,5793.0,1.0,1.0,50.3503,345.403022,1.010424723,2.362372983
HD 94771 b,HD 94771,1,1,Radial Velocity,2023.0,2164.0,5.926226455,3.48,0.39,,169.0,,5631.0,1.903,1.2,57.7807,200.7829256,3.266702132,0.269743537
HD 94834 b,HD 94834,1,1,Radial Velocity,2018.0,1576.0,4.30491276,2.74,0.14,,400.4658,,4798.0,4.2,1.11,98.1609,286.4317036,8.387439592,1.11719319
HD 94890 b,HD 94890,1,2,Radial Velocity,2025.0,824.61,2.257776217,2.07,0.22,,676.9745069,,4867.0,10.71,1.74,61.7012,533.8046929,57.7449722,13.47638736
HD 94890 c,HD 94890,1,2,Radial Velocity,2025.0,2492.19,6.83057431,4.33,0.05,,2831.851106,,4867.0,10.71,1.74,61.7012,369.0826346,57.7449722,3.079912539
HD 95086 b,HD 95086,1,1,Imaging,2013.0,,328.6418006,55.7,,,1589.0,,,,1.6,86.2279,0.0,0.0,0.0
HD 95089 b,HD 95089,1,2,Radial Velocity,2009.0,464.4,1.278050463,1.36,0.119,,400.4658,,4918.0,5.08,1.54,136.957,458.3132415,13.54476181,7.323076237
HD 95089 c,HD 95089,1,2,Radial Velocity,2018.0,1785.0,4.896728102,3.33,0.284,,1096.5135,,4918.0,5.08,1.54,136.957,292.8935058,13.54476181,1.221470282
HD 95127 b,HD 95127,1,1,Radial Velocity,2015.0,482.0,0.752859773,1.28,0.11,,3378.5329,,4218.0,41.01,3.7,676.579,1151.219014,477.6345015,291.5249643
HD 95338 b,HD 95338,1,1,Radial Velocity,2020.0,55.082694,0.0,,,4.27174254,,0.0,5097.0,0.868,0.848,36.9941,,0.456234197,
HD 95544 b,HD 95544,1,1,Radial Velocity,2021.0,2041.54152,5.605387993,3.166,0.049,,1913.644839,,,,1.01,87.8049,0.0,0.0,0.0
HD 95735 c,GJ 411,1,2,Radial Velocity,2021.0,2946.0,8.073175211,2.94,0.132,,13.6,,3719.0,0.3685,0.3899,5.675773,63.48669774,0.023306097,0.002696341
HD 95872 b,HD 95872,1,1,Radial Velocity,2015.0,4375.0,13.96888762,5.15,0.06,,1188.6842,,5312.0,0.84,0.7,72.2195,103.4440638,0.504058204,0.019004928
HD 96063 b,HD 96063,1,1,Radial Velocity,2011.0,362.5,0.999135027,1.11,0.17,,403.6441,,5020.0,4.75,1.37,140.065,500.726425,12.85558777,10.43388343
HD 96127 b,HD 96127,1,1,Radial Velocity,2011.0,647.29999,0.511592131,1.42,0.3,,6661.7168,,3943.0,51.1,10.94,587.659,1140.524276,566.2898252,280.8420081
HD 96167 b,HD 96167,2,1,Radial Velocity,2009.0,498.04,1.364125969,1.332,0.685,,227.88411,,5733.0,1.94,1.27,85.3006,333.6123911,3.647716494,2.055950373
HD 96700 b,HD 96700,1,3,Radial Velocity,2021.0,8.1245,0.022958131,0.0777,0.138,,8.9,,5845.0,,0.89,25.4111,0.0,0.0,0.0
HD 96700 c,HD 96700,1,3,Radial Velocity,2021.0,19.88,0.056122068,0.141,0.293,,3.5,,5845.0,,0.89,25.4111,0.0,0.0,0.0
HD 96700 d,HD 96700,1,3,Radial Velocity,2021.0,103.5,0.29265354,0.424,0.27,,12.7,,5845.0,,0.89,25.4111,0.0,0.0,0.0
HD 96992 b,HD 96992,1,1,Radial Velocity,2021.0,514.0,1.409278775,1.24,0.41,,362.3262,,4725.0,7.43,0.96,396.082,557.6951347,24.68736448,16.05577815
HD 97037 b,HD 97037,1,1,Radial Velocity,2022.0,6449.08337,17.70014133,6.925,0.357,,6707.76853,,,,1.06,32.413,0.0,0.0,0.0
HD 97048 b,HD 97048,1,1,Disk Kinematics,2019.0,,956.7740939,130.0,,,794.575,,10000.0,2.25,2.4,183.857,63.43530926,45.42081119,0.002687622
HD 97658 b,HD 97658,1,1,Radial Velocity,2010.0,9.4897116,0.0,,0.05,2.12,8.3,4.799788584,5212.0,0.728,0.85,21.5618,,0.35088939,
HD 98219 b,HD 98219,1,1,Radial Velocity,2011.0,433.8,1.191094615,1.26,0.079,,624.21812,,4925.0,4.6,1.41,113.704,453.7444821,11.16941565,7.035409201
HD 98649 b,HD 98649,1,1,Radial Velocity,2012.0,5384.0,14.81070152,5.97,0.852,,3082.935548,,,,0.97,42.1727,0.0,0.0,0.0
HD 98736 b,HD 98736,2,1,Radial Velocity,2018.0,968.8,2.6532303,1.864,0.226,,740.5439,,5271.0,0.93,0.92,32.4459,179.5242062,0.599001365,0.172399498
HD 99109 b,HD 99109,1,1,Radial Velocity,2005.0,439.29999,1.341459829,1.11,0.09,,139.8452,,5282.0,0.98,0.76,54.7901,239.310318,0.670711247,0.544364294
HD 99283 b,HD 99283,1,1,Radial Velocity,2021.0,310.4,0.846017408,1.08,0.2,,308.2935548,,4886.0,11.21,1.76,111.093,759.0246318,64.2561833,55.08932039
HD 99492 b,HD 99492,2,2,Radial Velocity,2004.0,17.0503,0.0,,0.034,,25.5,,4929.0,,0.85,18.2038,,0.0,
HD 99492 c,HD 99492,2,2,Radial Velocity,2023.0,95.233,0.0,,0.063,,17.9,,4929.0,,0.85,18.2038,,0.0,
HD 99706 b,HD 99706,1,2,Radial Velocity,2011.0,841.0,2.305798527,1.98,0.25,,390.9309,,4862.0,5.52,1.46,146.6,391.4383543,15.27663926,3.89670423
HD 99706 c,HD 99706,1,2,Radial Velocity,2018.0,1278.0,0.0,,0.411,,1808.4527,,,,1.72,146.6,,0.0,
HIP 105854 b,HIP 105854,1,1,Radial Velocity,2014.0,184.2,0.503057793,0.81,0.02,,2606.1,,4780.0,,2.1,78.6381,0.0,0.0,0.0
HIP 107772 b,HIP 107772,1,1,Radial Velocity,2020.0,55.199,0.150917338,0.243,0.18,,12.9,,,,0.63,23.6434,0.0,0.0,0.0
HIP 107773 b,HIP 107773,1,1,Radial Velocity,2015.0,144.3,0.392727273,0.72,0.09,,629.3034,,4945.0,11.6,2.42,105.18,957.0629872,72.18899774,139.2534679
HIP 109384 b,HIP 109384,1,1,Radial Velocity,2016.0,499.48,1.367326656,1.134,0.549,,495.8148,,5180.0,,0.78,58.9582,0.0,0.0,0.0
HIP 109600 b,HIP 109600,2,1,Radial Velocity,2016.0,232.08,0.635985809,0.706,0.163,,851.7844,,5530.0,,0.87,66.3361,0.0,0.0,0.0
HIP 111909 b,HIP 111909,1,2,Radial Velocity,2025.0,487.08,1.340466337,1.32,,,384.5723725,,4891.0,4.53,1.28,88.077,436.8891677,10.53602774,6.046847875
HIP 111909 c,HIP 111909,1,2,Radial Velocity,2025.0,893.63,2.443961468,1.97,,,257.4410097,,4891.0,4.53,1.28,88.077,357.6227425,10.53602774,2.714841335
HIP 113103 b,HIP 113103,1,2,Transit,2023.0,7.610303,0.02077241,0.06899,0.17,1.829,,0.0,4930.0,0.742,0.761,46.2122,779.5918281,0.291800034,61.30742108
HIP 113103 c,HIP 113103,1,2,Transit,2023.0,14.245648,0.038885477,0.10479,0.17,2.4,,0.0,4930.0,0.742,0.761,46.2122,632.5581132,0.291800034,26.57331018
HIP 114933 b,HIP 114933,1,1,Radial Velocity,2021.0,1481.6,4.059477232,2.84,0.21,,616.5871096,,4823.0,5.27,1.39,101.766,316.7924905,13.48280111,1.671642669
HIP 116454 b,HIP 116454,2,1,Transit,2014.0,9.1004157,0.024919698,0.0792,0.215,2.469,9.7,3.551076786,5048.0,0.758,0.8,62.4491,753.0136293,0.334738485,53.36484877
HIP 12961 b,HIP 12961,1,1,Radial Velocity,2010.0,57.435,0.150482316,0.25,0.17,,114.4188,,3901.0,0.65,0.69,23.371,303.3011821,0.08778501,1.404560165
HIP 14810 b,HIP 14810,1,3,Radial Velocity,2005.0,6.673892,0.018270615,0.0696,0.14399,,1239.537,,5544.0,1.07,1.01,50.48,1048.146454,0.970398891,200.3234599
HIP 14810 c,HIP 14810,1,3,Radial Velocity,2006.0,147.747,0.404760226,0.549,0.1566,,416.3573,,5544.0,1.07,1.01,50.48,373.1989531,0.970398891,3.219627312
HIP 14810 d,HIP 14810,1,3,Radial Velocity,2009.0,981.8,2.688697281,1.94,0.185,,187.5197,,5544.0,1.07,1.01,50.48,198.5298087,0.970398891,0.257837945
HIP 18606 b,HIP 18606,1,1,Radial Velocity,2025.0,674.94,1.857146349,1.61,,,244.7278734,,4860.0,4.83,1.21,47.0288,405.8900221,11.67694376,4.504819938
HIP 19976 b,HIP 19976,2,1,Radial Velocity,2022.0,50.65905,0.138288602,0.234,0.304,,21.61233168,,,,0.67,40.2707,0.0,0.0,0.0
HIP 21152 b,HIP 21152,2,1,Imaging,2022.0,22000.0,59.23922446,17.0,0.36,,7627.881768,,6655.0,,1.4,43.4073,0.0,0.0,0.0
HIP 29442 c,TOI-469,1,3,Radial Velocity,2023.0,3.5379559,0.010117121,0.04518,,1.551,4.5,6.645516172,5289.0,0.98,0.901,68.192,1187.749812,0.674273776,330.3268046
HIP 29442 d,TOI-469,1,3,Radial Velocity,2023.0,6.429575,0.018393323,0.0673,,1.538,5.14,7.784768665,5289.0,0.98,0.901,68.192,973.1741207,0.674273776,148.869641
HIP 34222 b,HIP 34222,1,1,Radial Velocity,2021.0,159.986,0.438280158,0.492,0.305,,263.7975778,,,,0.62,22.8386,0.0,0.0,0.0
HIP 35173 b,HIP 35173,1,1,Radial Velocity,2019.0,41.516,0.113730266,0.217,0.16,,12.7,,4881.0,,0.79,33.1562,0.0,0.0,0.0
HIP 35965 b,HIP 35965,1,1,Radial Velocity,2022.0,26125.56497,71.77388221,15.898,0.138,,2589.983689,,,,0.78,50.1677,0.0,0.0,0.0
HIP 38594 b,HIP 38594,2,2,Radial Velocity,2020.0,60.722,0.165842192,0.256,0.17,,8.1,,,,0.61,17.7886,0.0,0.0,0.0
HIP 38594 c,HIP 38594,2,2,Radial Velocity,2020.0,3477.768,9.503138837,3.805,0.16,,48.4,,,,0.61,17.7886,0.0,0.0,0.0
HIP 39017 b,HIP 39017,1,1,Imaging,2024.0,31000.0,84.26876255,22.1,0.55,,7500.750405,,,,1.52,66.3217,0.0,0.0,0.0
HIP 41378 b,HIP 41378,1,6,Transit,2016.0,15.57208,0.0,,,2.595,6.89,2.172494743,6320.0,1.273,1.16,106.289,,2.31960999,
HIP 41378 c,HIP 41378,1,6,Transit,2016.0,31.70603,0.0,,,2.727,4.4,1.195498021,6320.0,1.273,1.16,106.289,,2.31960999,
HIP 41378 d,HIP 41378,1,6,Transit,2016.0,278.3618,0.0,,,3.54,4.6,0.571346596,6320.0,1.273,1.16,106.289,,2.31960999,
HIP 41378 e,HIP 41378,1,6,Transit,2016.0,369.0,0.0,,,4.92,12.0,0.555184761,6320.0,1.273,1.16,106.289,,2.31960999,
HIP 41378 f,HIP 41378,1,6,Transit,2016.0,542.07975,0.0,,,9.2,12.0,0.084912057,6320.0,1.273,1.16,106.289,,2.31960999,
HIP 41378 g,HIP 41378,1,6,Radial Velocity,2025.0,62.06,0.0,,,,7.0,,6320.0,1.273,1.16,106.289,,2.31960999,
HIP 4845 b,HIP 4845,1,1,Radial Velocity,2020.0,34.15,0.093771995,0.176,0.25,,14.4,,,,0.62,21.0974,0.0,0.0,0.0
HIP 48714 b,HIP 48714,1,1,Radial Velocity,2020.0,17.818,0.049216762,0.112,0.5,,22.9,,,,0.58,10.5298,0.0,0.0,0.0
HIP 5158 b,HIP 5158,1,2,Radial Velocity,2009.0,345.72,0.950687336,0.89,0.52,,451.0,,4962.0,,0.78,51.6026,0.0,0.0,0.0
HIP 5158 c,HIP 5158,1,2,Radial Velocity,2011.0,9017.76,24.19294769,7.7,0.14,,4780.1632,,4813.0,0.754089,0.78,51.6026,72.62619319,0.273777976,0.004617608
HIP 54373 b,HIP 54373,1,2,Radial Velocity,2019.0,7.76,0.020944664,0.063,0.2,,8.62,,4021.0,,0.57,18.7168,0.0,0.0,0.0
HIP 54373 c,HIP 54373,1,2,Radial Velocity,2019.0,15.144,0.041258683,0.099,0.2,,12.44,,4021.0,,0.57,18.7168,0.0,0.0,0.0
HIP 54515 b,HIP 54515,1,1,Imaging,2026.0,33000.0,89.59849623,24.8,0.42,,5625.562804,,8100.0,,1.9,82.8101,0.0,0.0,0.0
HIP 54597 b,HIP 54597,1,1,Radial Velocity,2023.0,3274.0,8.94427191,4.0,0.03,,762.7881768,,,,0.8,39.7429,0.0,0.0,0.0
HIP 55507 b,HIP 55507,1,1,Radial Velocity,2022.0,5138.43727,14.12623845,5.062,0.362,,2585.534091,,,,0.65,25.4893,0.0,0.0,0.0
HIP 56640 b,HIP 56640,1,1,Radial Velocity,2021.0,2675.57603,7.336654551,4.55,0.118,,2151.698315,,,,1.75,122.324,0.0,0.0,0.0
HIP 57274 b,HIP 57274,1,3,Radial Velocity,2011.0,8.1352,0.034391258,0.07,0.19,,6.3566,,4510.0,0.78,0.29,25.8618,725.915888,0.225831866,46.0881359
HIP 57274 c,HIP 57274,1,3,Radial Velocity,2011.0,32.03,0.087895891,0.178,0.05,,130.0,,4640.0,0.68,0.73,25.8618,437.2943986,0.192300139,6.06931381
HIP 57274 d,HIP 57274,1,3,Radial Velocity,2011.0,431.7,1.188011462,1.01,0.27,,167.4,,4640.0,0.68,0.73,25.8618,183.5790967,0.192300139,0.188511066
HIP 5763 b,HIP 5763,1,1,Radial Velocity,2021.0,30.014,0.082605152,0.17,0.054,,162.0924876,,,,0.72,31.9043,0.0,0.0,0.0
HIP 63242 b,HIP 63242,1,1,Radial Velocity,2013.0,124.6,0.342225456,0.565,0.23,,2917.56,,4830.0,,1.54,156.456,0.0,0.0,0.0
HIP 65 A b,HIP 65 A,2,1,Transit,2020.0,0.9809734,0.002691758,0.01782,0.0,22.75427,1021.18779,0.477604589,4590.0,0.7242,0.781,61.7856,1410.910854,0.208861135,657.7217955
HIP 65407 b,HIP 65407,1,2,Radial Velocity,2016.0,28.125,0.077217978,0.177,0.14,,136.03124,,5460.0,,0.93,61.7804,0.0,0.0,0.0
HIP 65407 c,HIP 65407,1,2,Radial Velocity,2016.0,67.3,0.184199798,0.316,0.12,,249.17872,,5460.0,,0.93,61.7804,0.0,0.0,0.0
HIP 65426 b,HIP 65426,1,1,Imaging,2017.0,,630.3092859,92.0,,16.8135,2860.47,3.316000685,8840.0,1.77,1.96,108.875,59.12300005,17.16506462,0.002028009
HIP 65891 b,HIP 65891,1,1,Radial Velocity,2015.0,1079.55726,2.959647093,2.794,0.128,,1871.37366,,,,2.49,150.292,0.0,0.0,0.0
HIP 66074 b,HIP 66074,1,1,Astrometry,2023.0,310.9,0.850600455,0.799,0.948,,1589.142035,,4300.0,0.69,0.705,35.4438,192.6775387,0.146036647,0.228753788
HIP 67522 b,HIP 67522,1,2,Transit,2020.0,6.9594731,0.018521343,0.0748,0.064,9.9872018,,0.0,5675.0,1.38,1.22,127.28,1175.346961,1.772194916,316.7439224
HIP 67522 c,HIP 67522,1,2,Transit,2024.0,14.334892,0.038959882,0.1228,0.077,7.93595834,,0.0,5675.0,1.38,1.22,127.28,917.3133295,1.772194916,117.5208036
HIP 67537 b,HIP 67537,1,1,Radial Velocity,2017.0,2523.64713,6.925352848,4.807,0.586,,4309.117542,,,,2.316,116.046,0.0,0.0,0.0
HIP 67851 b,HIP 67851,1,2,Radial Velocity,2015.0,89.23,0.240585224,0.42,0.13,,365.5026681,,4840.0,5.45,1.28,64.1181,840.6794786,14.62393679,82.90213598
HIP 67851 c,HIP 67851,1,2,Radial Velocity,2015.0,3128.41,8.578514905,4.55,0.3,,1579.607183,,4840.0,5.45,1.28,64.1181,255.4167609,14.62393679,0.706385064
HIP 70849 b,HIP 70849,2,1,Radial Velocity,2009.0,3649.0,9.885591613,3.99,0.65,,1430.227832,,,,0.65,24.0572,0.0,0.0,0.0
HIP 71135 b,HIP 71135,1,1,Radial Velocity,2019.0,87.19,0.238668576,0.335,0.21,,18.8,,4146.0,,0.66,32.3311,0.0,0.0,0.0
HIP 74890 b,HIP 74890,1,1,Radial Velocity,2016.0,822.3,2.307035716,2.1,0.07,,762.792,,4850.0,5.77,1.74,78.6562,387.6425809,16.52754814,3.747743341
HIP 75092 b,HIP 75092,1,1,Radial Velocity,2021.0,926.4,2.537593594,2.02,0.42,,568.9128485,,4891.0,4.53,1.28,81.6696,353.1689854,10.53602774,2.582106592
HIP 77900 b,HIP 77900,1,1,Imaging,2024.0,,0.0,3319.0,,,6674.396547,,,,,150.862,0.0,0.0,0.0
HIP 78530 b,HIP 78530,1,1,Imaging,2010.0,,12731.4414,740.0,,,7300.0,,10500.0,,2.5,136.759,0.0,0.0,0.0
HIP 79098 AB b,HIP 79098 AB,2,1,Imaging,2019.0,,3309.123751,345.0,,,6515.515,,,,3.75,145.798,0.0,0.0,0.0
HIP 79431 b,HIP 79431,1,1,Radial Velocity,2009.0,111.7,0.308571429,0.36,0.29,,667.415,,3191.0,,0.49,14.5324,0.0,0.0,0.0
HIP 81208 C b,HIP 81208 C,3,1,Imaging,2023.0,104100.0,300.9932996,23.04,,,4703.860424,,,,0.135,147.533,0.0,0.0,0.0
HIP 8152 b,HIP 8152,1,2,Transit,2023.0,10.751014,0.029294434,0.093,0.0,2.53625843,8.9,3.005807023,5618.0,0.9603,0.9373,101.694,870.4727971,0.824196275,95.29382294
HIP 8152 c,HIP 8152,1,2,Transit,2023.0,19.60562,0.053528231,0.139,0.2,2.52442508,10.7,3.664780078,5618.0,0.9603,0.9373,101.694,712.015221,0.824196275,42.65805469
HIP 8541 b,HIP 8541,2,2,Radial Velocity,2016.0,1852.14387,5.080408181,3.729,0.36,,2451.728332,,,,2.009,155.121,0.0,0.0,0.0
HIP 86221 b,HIP 86221,1,1,Radial Velocity,2021.0,2.224,0.006140857,0.031,0.086,,225.658169,,,,0.79,29.4898,0.0,0.0,0.0
HIP 90988 b,HIP 90988,1,1,Radial Velocity,2021.0,455.73816,1.24879508,1.36,0.081,,668.0753115,,,,1.613,94.0349,0.0,0.0,0.0
HIP 91258 b,HIP 91258,1,1,Radial Velocity,2013.0,5.0505,0.01492248,0.06,0.02,,346.4347,,5519.0,0.89,0.97,45.8846,1024.923028,0.65934306,183.1508501
HIP 94235 b,HIP 94235,2,1,Transit,2022.0,7.713057,0.021108309,0.0787,0.32,3.0,379.0,77.34407407,5991.0,1.08,1.094,58.5146,1070.126971,1.348138897,217.6632826
HIP 948 b,HIP 948,1,1,Radial Velocity,2022.0,24955.45756,69.20104061,15.037,0.23,,6547.265184,,,,0.71,34.8523,0.0,0.0,0.0
HIP 9618 b,HIP 9618,1,2,Transit,2023.0,20.772858,0.056888771,0.145,0.0,3.82838127,8.3,0.815049795,5649.0,0.9593,0.942,67.5478,700.6099075,0.84078516,39.9897817
HIP 9618 c,HIP 9618,1,2,Transit,2023.0,52.56363,0.143748383,0.269,0.0,3.42855926,7.0,0.957005994,5649.0,0.9593,0.942,67.5478,514.3800728,0.84078516,11.61931372
HIP 97166 b,HIP 97166,1,2,Transit,2021.0,10.288914,0.028401558,0.091,0.29,2.4801338,19.1,6.898578854,5216.0,0.8418,0.9342,65.9501,764.9496071,0.470606611,56.82968372
HIP 97166 c,HIP 97166,1,2,Radial Velocity,2021.0,16.432,0.045176502,0.124,0.0,,8.0,,5216.0,0.8418,0.9342,65.9501,655.3037896,0.470606611,30.60656939
HIP 97233 b,HIP 97233,1,1,Radial Velocity,2014.0,1062.26506,2.922276488,2.491,0.63,,6098.173645,,,,1.81,102.275,0.0,0.0,0.0
HIP 99770 b,HIP 99770,1,1,Imaging,2023.0,18600.0,51.07921246,16.9,0.25,,5117.037353,,8000.0,,1.85,40.0765,0.0,0.0,0.0
HN Lib b,HN Lib,1,1,Radial Velocity,2023.0,36.116,0.09887996,0.1417,0.079,,5.46,,3347.0,0.299,0.291,6.24442,234.4325222,0.010065957,0.501320398
HN Peg b,HN Peg,1,1,Imaging,2006.0,,0.0,773.0,,11.7768,6991.57,23.58546321,,,,18.1186,0.0,0.0,0.0
HR 2562 b,HR 2562,1,1,Imaging,2016.0,,119.9506477,27.0,,,4195.334972,,6597.0,1.334,1.368,34.0071,70.70562986,3.024039401,0.004148202
HR 5183 b,HR 5183,2,1,Radial Velocity,2019.0,27000.0,73.82728012,18.0,0.84,,1026.5909,,5794.0,1.53,1.07,31.4607,81.45156484,2.366936872,0.007305361
HR 810 b,HR 810,1,1,Radial Velocity,1999.0,302.79999,0.762306007,0.92,0.14,,721.4741,,6167.0,1.13,1.34,17.3181,329.5571475,1.657076394,1.957793471
HR 858 b,HR 858,2,3,Transit,2019.0,3.585287,0.009848805,0.04888,0.0,2.004,3.55,2.430450611,6354.0,1.258,1.204,31.964,1554.294861,2.314408279,968.6738586
HR 858 c,HR 858,2,3,Transit,2019.0,5.973865,0.016410502,0.0687,0.0,1.979,3.8,2.701455468,6354.0,1.258,1.204,31.964,1311.054185,2.314408279,490.3729437
HR 858 d,HR 858,2,3,Transit,2019.0,11.230511,0.030830764,0.1046,0.0,2.001,7.1,4.882797142,6354.0,1.258,1.204,31.964,1062.510345,2.314408279,211.5322579
HR 8799 b,HR 8799,1,4,Imaging,2008.0,170000.0,457.8442239,68.0,,13.0,2000.0,5.015930815,,,1.5,41.2441,0.0,0.0,0.0
HR 8799 c,HR 8799,1,4,Imaging,2008.0,69000.0,191.2624724,38.0,,13.0,3000.0,7.523896222,,,1.5,41.2441,0.0,0.0,0.0
HR 8799 d,HR 8799,1,4,Imaging,2008.0,37000.0,96.0,24.0,,13.0,3000.0,7.523896222,,,1.5,41.2441,0.0,0.0,0.0
HR 8799 e,HR 8799,1,4,Imaging,2010.0,,0.0,16.4,0.15,13.11453,3178.3,7.764049472,7400.0,,,41.2441,0.0,0.0,0.0
HS Psc b,HS Psc,1,1,Radial Velocity,2024.0,3.986,0.01092218,0.0435,0.27,,464.0294742,,4203.0,0.65,0.69,37.6604,783.3988298,0.118291659,62.51375831
HU Aqr AB b,HU Aqr,2,2,Eclipse Timing Variations,2011.0,2390.0,7.281358515,3.6,0.0,,1875.197,,,,0.88,,0.0,0.0,0.0
HU Aqr AB c,HU Aqr,2,2,Eclipse Timing Variations,2011.0,4368.0,13.37670975,5.4,0.51,,1430.235,,,,0.88,,0.0,0.0,0.0
IC 4651 9122 b,IC 4651 9122,1,1,Radial Velocity,2018.0,734.0,2.007689844,2.038,0.18,,2002.329,,,,2.1,859.324,0.0,0.0,0.0
IRAS 04125+2902 b,IRAS 04125+2902,2,1,Transit,2024.0,8.834978,0.025538011,0.077,,10.73820351,,0.0,4080.0,1.45,0.7,159.244,853.7098263,0.522716858,88.1627354
ITG 15 b,ITG 15 A,2,1,Imaging,2024.0,,0.0,435.0,,,6674.396547,,,,,136.37,0.0,0.0,0.0
K2-10 b,K2-10,1,1,Transit,2015.0,19.30553,0.0,,,3.773,25.2,2.585185575,5533.0,0.956,0.88,272.36,,0.768507863,
K2-100 b,K2-100,1,1,Transit,2016.0,1.6739035,0.004869684,0.0301,0.0,3.88,21.8,2.056425193,5945.0,1.24,1.15,188.959,1839.886074,1.723219721,1901.987529
K2-101 b,K2-101,1,1,Transit,2016.0,14.6762429,0.041614295,0.1124,,2.0,,0.0,4927.0,0.76,0.82,188.33,617.7570088,0.305384706,24.17211552
K2-102 b,K2-102,1,1,Transit,2016.0,9.915615,0.0,,0.1,1.3,,0.0,4695.0,0.71,0.77,188.175,,0.219760145,
K2-104 b,K2-104,1,1,Transit,2016.0,1.9741954,0.005271546,0.0242,,1.79,,0.0,3712.0,0.48,0.51,189.289,797.1359244,0.039246795,67.01522236
K2-105 b,K2-105,1,1,Transit,2017.0,8.26726,0.0,,,3.4,15.4,2.158915123,5373.0,0.905,0.94,197.989,,0.612427059,
K2-107 b,K2-107,1,1,Transit,2017.0,3.313959,0.009079642,0.0475,,15.98,,0.0,6061.0,1.81,1.3,685.2,1804.048651,3.966652318,1758.07305
K2-108 b,K2-108,1,1,Transit,2017.0,4.733999,0.012947063,0.0581,,5.33,,0.0,5599.0,1.76,1.17,477.295,1485.902159,2.731222337,809.1048245
K2-11 b,K2-11,1,1,Transit,2015.0,39.93767,0.092284859,0.2257,,7.55,,0.0,5433.0,5.15,1.35,329.309,1251.37945,20.73304681,407.0052488
K2-110 b,K2-110,1,1,Transit,2017.0,13.86375,0.03795937,0.10207,0.13,2.592,15.9,5.030877373,5010.0,0.713,0.738,116.474,638.4764925,0.287355698,27.58186215
K2-111 b,K2-111,1,2,Transit,2017.0,5.3518,0.014653219,0.0565,0.1,1.82,5.58,5.100017118,5775.0,1.25,0.84,200.394,1309.76762,1.559257459,488.450923
K2-111 c,K2-111,1,2,Radial Velocity,2020.0,15.6805,0.042934271,0.11569,0.071,,11.08,,5775.0,1.25,0.84,200.394,915.3149654,1.559257459,116.5000705
K2-113 b,K2-113,1,1,Transit,2017.0,5.817685,0.015950925,0.0642,,12.14,,0.0,5660.0,1.24,1.04,635.722,1199.419868,1.415790341,343.5016986
K2-114 b,K2-114,1,1,Transit,2017.0,11.390931,0.031221416,0.0944,0.079,10.59248676,638.8350981,2.961737594,4899.0,0.832,0.863,475.758,701.2850554,0.357738977,40.14415047
K2-115 b,K2-115,1,1,Transit,2017.0,20.2729914,0.055553742,0.1415,0.063,11.80305668,321.0066911,1.0756778,5870.0,0.855,0.918,413.591,695.7519261,0.778707727,38.89211889
K2-116 b,K2-116,1,1,Transit,2017.0,4.655411,0.012618914,0.048,0.06,0.69,,0.0,4348.35,0.6694,0.694512,49.3855,782.993591,0.14373391,62.38450946
K2-117 b,K2-117,1,2,Transit,2017.0,1.2916,0.003535866,0.0189,,2.03,,0.0,3778.0,0.51,0.54,101.632,946.2973375,0.047542062,133.0927529
K2-117 c,K2-117,1,2,Transit,2017.0,5.444017,0.014850832,0.0492,,2.06,,0.0,3778.0,0.51,0.54,101.632,586.5107396,0.047542062,19.64028615
K2-118 b,K2-118,1,1,Transit,2017.0,50.92092,0.139431263,0.245,0.2,2.54,,0.0,4726.29,0.734626,0.756446,321.722,394.6225965,0.241603879,4.025054219
K2-119 b,K2-119,1,1,Transit,2017.0,7.727283,0.021153213,0.0698,,2.53,,0.0,4740.0,0.71,0.76,365.581,728.9391623,0.228307361,46.86073206
K2-12 b,K2-12,1,1,Transit,2015.0,8.28246,0.022689458,0.0792,0.5,2.44,5.2,1.972356717,5672.0,1.117,0.965,326.381,1027.097558,1.158620171,184.7101333
K2-121 b,K2-121,1,1,Transit,2017.0,5.185738,0.0,,,7.16,51.0,0.765566124,4526.0,0.675,0.71,169.398,,0.171536125,
K2-122 b,K2-122,2,1,Transit,2017.0,2.2193023,0.009075968,0.0373,,1.16,,0.0,4009.0,0.59,0.63,72.0444,768.8101791,0.080674837,57.98563729
K2-123 b,K2-123,1,1,Transit,2017.0,30.951524,0.085042328,0.1649,,2.76,,0.0,4035.0,0.59,0.62,161.555,368.0193854,0.082788122,3.044575289
K2-124 b,K2-124,1,1,Transit,2017.0,6.413651,0.01736848,0.049,,2.9,,0.0,3570.0,0.388,0.39,140.385,484.3926197,0.021939472,9.137639192
K2-125 b,K2-125,1,1,Transit,2017.0,21.750264,0.059840505,0.121,0.08,2.18,,0.0,3654.47,0.402049,0.494727,124.156,321.2052889,0.025866962,1.766748316
K2-126 b,K2-126,1,1,Transit,2017.0,7.385655,0.020226988,0.0656,,1.97,,0.0,4339.0,0.65,0.69,102.953,658.5759809,0.134361599,31.22248639
K2-127 b,K2-127,1,1,Transit,2017.0,3.588163,0.009819661,0.0411,,8.37,,0.0,4575.0,0.66,0.72,709.999,884.0027862,0.17121512,101.3581023
K2-128 b,K2-128,1,1,Transit,2017.0,5.675819,0.015713449,0.056,0.23,1.42,,0.0,4469.51,0.777569,0.711248,114.637,803.0578789,0.216474816,69.02895914
K2-129 b,K2-129,1,1,Transit,2017.0,8.239493,0.022679963,0.057,0.13,1.04,,0.0,3459.09,0.36001,0.360031,27.7957,419.1728976,0.016648167,5.124089592
K2-13 b,K2-13,1,1,Transit,2015.0,39.91488,0.108670704,0.2114,,1.89,,0.0,5698.0,0.78,0.8,342.394,527.7505971,0.575398645,12.87534482
K2-130 b,K2-130,1,1,Transit,2017.0,2.49412,0.006863345,0.032,0.17,1.25,,0.0,4356.47,0.744261,0.69563,118.011,1013.056922,0.179010821,174.8152551
K2-131 b,K2-131,1,1,Transit,2017.0,0.3693038,0.001010546,0.00936,0.0,1.69,7.9,9.01817329,5120.0,0.7595,0.803,152.509,2223.8598,0.355651996,4059.509413
K2-132 b,K2-132,1,1,Transit,2017.0,9.1751,0.0,,,14.5717,155.7367,0.277339611,4840.0,3.85,1.08,609.818,,7.297813417,
K2-133 b,K2-133,1,4,Transit,2017.0,3.07133,0.00840721,0.03194,,1.34,,0.0,3655.0,0.455,0.461,75.1703,665.1768135,0.033148369,32.49318961
K2-133 c,K2-133,1,4,Transit,2017.0,4.86784,0.01332092,0.04341,,1.603,,0.0,3655.0,0.455,0.461,75.1703,570.5709619,0.033148369,17.59067873
K2-133 d,K2-133,1,4,Transit,2017.0,11.02454,0.030172499,0.07487,,2.003,,0.0,3655.0,0.455,0.461,75.1703,434.4608441,0.033148369,5.913525885
K2-133 e,K2-133,1,4,Transit,2019.0,26.5841,0.072730593,0.1346,,1.73,,0.0,3655.0,0.455,0.461,75.1703,324.0276181,0.033148369,1.829666973
K2-136 b,K2-136,2,3,Transit,2017.0,7.9752,0.021823639,0.0707,0.14,1.014,4.3,22.72512022,4500.0,0.677,0.742,59.2474,671.4421795,0.168623167,33.73482137
K2-136 c,K2-136,2,3,Transit,2017.0,17.30713,0.047356061,0.1185,0.047,3.0,18.1,3.693740741,4500.0,0.677,0.742,59.2474,518.6318113,0.168623167,12.0082727
K2-136 d,K2-136,2,3,Transit,2017.0,25.575,0.070021684,0.1538,0.071,1.565,3.0,4.312507148,4500.0,0.677,0.742,59.2474,455.239732,0.168623167,7.128605339
K2-137 b,K2-137,1,1,Transit,2017.0,0.179719,0.000492044,,,0.64,,0.0,3697.0,0.29,,98.8765,,0.014095603,
K2-138 b,K2-138,1,6,Transit,2017.0,2.35309,0.006440687,0.03385,0.048,1.51,3.1,4.961151059,5356.3,0.863,0.935,202.585,1304.074592,0.550010543,480.0137398
K2-138 c,K2-138,1,6,Transit,2017.0,3.56004,0.009744118,0.04461,0.045,2.299,6.31,2.861304279,5356.3,0.863,0.935,202.585,1135.966851,0.550010543,276.3799719
K2-138 d,K2-138,1,6,Transit,2017.0,5.40479,0.014794451,0.05893,0.043,2.39,7.92,3.196561597,5356.3,0.863,0.935,202.585,988.3563327,0.550010543,158.3791955
K2-138 e,K2-138,1,6,Transit,2017.0,8.26146,0.022615403,0.0782,0.077,3.39,12.97,1.834393405,5356.3,0.863,0.935,202.585,857.9824279,0.550010543,89.9409579
K2-138 f,K2-138,1,6,Transit,2017.0,12.75758,0.034920591,0.10447,0.062,2.904,1.63,0.366732473,5356.3,0.863,0.935,202.585,742.3111303,0.550010543,50.39504361
K2-138 g,K2-138,1,6,Transit,2021.0,41.96797,0.114885686,0.23109,0.059,3.013,4.32,0.870237814,5356.3,0.863,0.935,202.585,499.1041644,0.550010543,10.29932374
K2-139 b,K2-139,1,1,Transit,2017.0,28.380619,0.077682623,0.1796,,9.11,,0.0,5370.0,0.88,0.96,153.856,573.15744,0.577766473,17.91181819
K2-14 b,K2-14,1,1,Transit,2015.0,8.36802,0.022900891,0.0627,,4.81,,0.0,3789.0,0.45,0.47,364.048,489.4502677,0.037446678,9.525290224
K2-140 b,K2-140,1,1,Transit,2017.0,6.569188,0.018097882,0.068,0.0,13.56286665,295.5804185,0.652788933,5585.0,1.06,0.96,347.917,1063.244469,0.980831241,212.1174829
K2-141 b,K2-141,1,2,Transit,2018.0,0.2803244,0.000767298,0.00747,0.0,1.51,4.97,7.953845408,4570.0,0.681,0.708,61.8736,2103.976737,0.181488401,3252.427844
K2-141 c,K2-141,1,2,Transit,2018.0,7.7485,0.021213602,0.0683,0.092,7.0,8.0,0.12851312,4570.0,0.681,0.708,61.8736,695.8103473,0.181488401,38.90518338
K2-146 b,K2-146,1,2,Transit,2018.0,2.6446,0.0,,0.129,2.05,5.77,3.690335311,3385.0,0.33,0.331,79.3002,,0.012827807,
K2-146 c,K2-146,1,2,Transit,2019.0,4.00498,0.0,,0.075,2.19,7.49,3.929172285,3385.0,0.33,0.331,79.3002,,0.012827807,
K2-147 b,K2-147,1,1,Transit,2018.0,0.961939,0.002634309,0.01575,0.38,1.47286006,,0.0,3690.0,0.578,0.563,90.5494,1077.85784,0.055571356,224.0215899
K2-148 b,K2-148,2,3,Transit,2018.0,4.38395,0.011998504,0.0454,,1.33,,0.0,4079.0,0.632,0.65,124.458,733.8305649,0.099206203,48.13124793
K2-148 c,K2-148,2,3,Transit,2018.0,6.9226,0.018963321,0.0616,,1.73,,0.0,4079.0,0.632,0.65,124.458,629.989581,0.099206203,26.14432319
K2-148 d,K2-148,2,3,Transit,2018.0,9.7579,0.026708824,0.0774,,1.64,,0.0,4079.0,0.632,0.65,124.458,562.0219051,0.099206203,16.55986936
K2-149 b,K2-149,1,1,Transit,2018.0,11.332,0.030999783,0.083,,1.64,,0.0,3745.0,0.568,0.595,123.676,472.3875274,0.056936899,8.26490041
K2-15 b,K2-15,1,1,Transit,2015.0,11.8104,0.032351606,0.091,,2.48,,0.0,5131.0,0.68,0.72,493.992,676.3122494,0.287551564,34.724256
K2-150 b,K2-150,1,1,Transit,2018.0,10.59357,0.028996362,0.0727,,2.0,,0.0,3499.0,0.436,0.457,102.483,413.1725498,0.025564576,4.836929715
K2-151 b,K2-151,2,1,Transit,2018.0,3.835476,0.010507861,0.0373,,1.49,,0.0,3695.0,0.45,0.47,69.4798,618.8391235,0.033866682,24.34192863
K2-152 b,K2-152,1,1,Transit,2018.0,32.6479,0.089558261,0.1716,,2.29,,0.0,4044.0,0.61,0.63,108.449,367.6452009,0.089288208,3.03221185
K2-153 b,K2-153,1,1,Transit,2018.0,7.51574,0.020514985,0.0614,,2.0,,0.0,3845.0,0.53,0.55,143.125,544.7052636,0.05508419,14.61134595
K2-154 b,K2-154,1,2,Transit,2018.0,3.67626,0.010109411,0.0405,,1.99,,0.0,4097.0,0.63,0.65,129.356,779.1484404,0.100330922,61.16806726
K2-154 c,K2-154,1,2,Transit,2018.0,7.95486,0.021848736,0.0677,,2.07,,0.0,4097.0,0.63,0.65,129.356,602.6336565,0.100330922,21.89059002
K2-155 b,K2-155,1,3,Transit,2018.0,6.342,0.016525241,0.0562,,1.8,,0.0,4258.0,0.58,0.65,72.7998,659.5731602,0.099212973,31.41201776
K2-155 c,K2-155,1,3,Transit,2018.0,13.85,0.03608943,0.0946,,2.6,,0.0,4258.0,0.58,0.65,72.7998,508.3766141,0.099212973,11.08628892
K2-155 d,K2-155,1,3,Transit,2018.0,40.718,0.105739622,0.1937,,1.9,,0.0,4258.0,0.58,0.65,72.7998,355.2763694,0.099212973,2.644290861
K2-156 b,K2-156,1,1,Transit,2018.0,0.813143,0.002226264,,,1.1,,0.0,4460.0,0.62,,150.21,,0.136462293,
K2-157 b,K2-157,1,3,Transit,2018.0,0.3652575,0.001000156,0.00962,,0.935,1.14,7.684606213,5334.0,0.86,0.89,298.373,2431.790623,0.53715398,5804.283997
K2-157 c,K2-157,1,3,Radial Velocity,2025.0,25.942,0.071044574,0.165,0.2,,30.8,,5334.0,0.86,0.89,298.373,587.180661,0.53715398,19.73017373
K2-157 d,K2-157,1,3,Radial Velocity,2025.0,66.5,0.182071813,0.309,0.5,,23.3,,5334.0,0.86,0.89,298.373,429.0762495,0.53715398,5.625768267
K2-158 b,K2-158,1,2,Transit,2018.0,10.06049,0.027541749,0.0887,,2.64,,0.0,5503.0,0.95,0.92,197.299,868.3823428,0.742566088,94.38171664
K2-158 c,K2-158,1,2,Transit,2018.0,5.90279,0.01617304,0.0622,,1.28,,0.0,5503.0,0.95,0.92,197.299,1036.997243,0.742566088,191.9350731
K2-159 b,K2-159,1,1,Transit,2018.0,12.42205,0.033985441,0.1013,,2.26,,0.0,5425.0,0.83,0.9,170.998,748.7650154,0.535358873,52.17063395
K2-16 b,K2-16,1,3,Transit,2015.0,7.6188,0.020889801,0.0667,,2.02,,0.0,4742.0,0.66,0.68,334.967,719.2536576,0.197616826,44.41935539
K2-16 c,K2-16,1,3,Transit,2015.0,19.07863,0.052248445,0.1229,,2.54,,0.0,4742.0,0.66,0.68,334.967,529.8696622,0.197616826,13.08338598
K2-160 b,K2-160,1,1,Transit,2018.0,3.705871,0.0,,,3.17824034,,0.0,5649.0,0.913754,0.982829,315.363,,0.762842237,
K2-161 b,K2-161,1,1,Transit,2018.0,9.283188,0.0,,,6.11721229,,0.0,4972.0,2.568173,0.986876,916.319,,3.616286927,
K2-162 b,K2-162,1,1,Transit,2018.0,9.45889,0.025883325,0.0795,,1.44,,0.0,4842.0,0.69,0.75,124.433,687.8238722,0.234794096,37.14949501
K2-163 b,K2-163,1,1,Transit,2018.0,6.673117,0.0,,,2.46610713,,0.0,4937.0,0.762201,0.826112,208.529,,0.309657346,
K2-164 b,K2-164,1,1,Transit,2018.0,17.355066,0.0,,,3.24925008,,0.0,5791.0,2.196069,1.180894,375.67,,4.866268554,
K2-165 b,K2-165,1,3,Transit,2018.0,2.354992,0.0,,,1.27443657,,0.0,5185.0,0.803827,0.834847,134.591,,0.418996189,
K2-165 c,K2-165,1,3,Transit,2018.0,4.382745,0.0,,,1.55409035,,0.0,5185.0,0.803827,0.834847,134.591,,0.418996189,
K2-165 d,K2-165,1,3,Transit,2018.0,14.101361,0.0,,,2.64809498,,0.0,5185.0,0.803827,0.834847,134.591,,0.418996189,
K2-166 b,K2-166,1,2,Transit,2018.0,8.52695,0.023334685,0.0858,,2.19,,0.0,5960.0,1.61,1.16,476.882,1244.878689,2.934449507,398.6135571
K2-167 b,K2-167,1,1,Transit,2018.0,9.978541,0.027328087,0.0932,0.48,2.36509493,,0.0,6310.0,1.499,1.084,80.8994,1220.207523,3.196027832,367.9414605
K2-168 b,K2-168,1,2,Transit,2018.0,15.8523,0.0,,,1.86,,0.0,5502.7,0.83,0.877,243.935,,0.566694999,
K2-169 b,K2-169,1,1,Transit,2018.0,6.380803,0.0,,,1.27328671,,0.0,5548.0,0.919053,0.986144,235.867,,0.717987319,
K2-17 b,K2-17,1,1,Transit,2015.0,17.96753,0.048718204,0.119,,2.23,,0.0,4320.0,0.66,0.71,125.106,490.5617839,0.136117106,9.612111181
K2-170 b,K2-170,1,2,Transit,2018.0,7.576544,0.0,,,1.41817537,,0.0,5748.0,0.981614,0.963657,392.872,,0.943709605,
K2-170 c,K2-170,1,2,Transit,2018.0,12.400047,0.0,,,1.8017647,,0.0,5748.0,0.981614,0.963657,392.872,,0.943709605,
K2-171 b,K2-171,1,1,Transit,2018.0,5.628466,0.0,,,2.68657205,,0.0,5250.0,1.717458,0.891587,606.128,,2.010477949,
K2-172 b,K2-172,1,2,Transit,2018.0,14.316941,0.0,,,1.66608079,,0.0,5569.0,0.868889,0.934356,249.742,,0.651519352,
K2-172 c,K2-172,1,2,Transit,2018.0,29.62682,0.0,,,3.20569097,,0.0,5569.0,0.868889,0.934356,249.742,,0.651519352,
K2-173 b,K2-173,1,1,Transit,2018.0,5.868699,0.0,,,1.60826194,,0.0,5580.0,0.843154,0.881538,228.641,,0.618358671,
K2-174 b,K2-174,1,1,Transit,2018.0,19.562307,0.053457273,0.126,,2.6,,0.0,4455.0,0.676,0.7,99.9293,497.5620659,0.161500576,10.17262383
K2-175 b,K2-175,1,1,Transit,2018.0,9.525988,0.0,,,2.03803688,,0.0,5909.0,1.420038,1.094693,247.266,,2.20569644,
K2-176 b,K2-176,1,1,Transit,2018.0,5.329439,0.0,,,1.49090097,,0.0,5428.0,0.86416,0.938545,247.302,,0.581617581,
K2-177 b,K2-177,1,1,Transit,2018.0,14.155185,0.0,,,2.1162048,,0.0,6063.0,1.213565,1.210525,492.167,,1.785526122,
K2-178 b,K2-178,1,1,Transit,2018.0,8.747818,0.0,,,3.55790985,,0.0,5525.0,0.887267,0.95109,214.753,,0.658154171,
K2-179 b,K2-179,1,1,Transit,2018.0,5.172191,0.0,,,2.51267885,,0.0,5015.0,0.768067,0.824345,190.81,,0.334789487,
K2-18 b,K2-18,1,2,Transit,2015.0,32.939623,0.090157346,0.1429,0.2,2.37,8.92,3.692082656,3457.0,0.411,0.359,38.0266,282.6933906,0.021645669,1.060001682
K2-18 c,K2-18,1,2,Radial Velocity,2017.0,8.962,0.024528989,0.06,0.47,,7.51,,3457.0,0.411,0.359,38.0266,436.2707977,0.021645669,6.012685817
K2-180 b,K2-180,1,1,Transit,2018.0,8.865663,0.02424594,0.0756,0.075,2.46597575,11.41003981,4.192493076,5365.0,0.719,0.735,203.896,797.7829535,0.384261201,67.23307038
K2-181 b,K2-181,1,1,Transit,2018.0,6.8941,0.0,,,2.69,,0.0,5528.0,1.06,0.96,360.911,,0.941398968,
K2-182 b,K2-182,1,1,Transit,2018.0,4.7369696,0.012972979,0.05174,0.071,2.71257333,20.97667486,5.790869568,5128.0,0.789,0.823,154.83,965.5722692,0.386221034,144.2723393
K2-183 b,K2-183,1,3,Transit,2018.0,0.469285,0.001284832,,,1.1,,0.0,5482.0,0.87,,329.041,,0.613316262,
K2-183 c,K2-183,1,3,Transit,2018.0,10.787992,0.029535912,,,2.3,,0.0,5482.0,0.87,,329.041,,0.613316262,
K2-183 d,K2-183,1,3,Transit,2018.0,22.620344,0.061931127,,,2.3,,0.0,5482.0,0.87,,329.041,,0.613316262,
K2-184 b,K2-184,1,1,Transit,2018.0,16.9780102,0.075467544,0.1685,,1.47,,0.0,5245.0,0.75,0.84,75.5857,533.565389,0.381939299,13.45223782
K2-185 b,K2-185,1,2,Transit,2018.0,10.616384,0.0,,,1.15,,0.0,5788.0,0.94,0.96,268.357,,0.889732894,
K2-185 c,K2-185,1,2,Transit,2018.0,52.713494,0.0,,,2.39,,0.0,5788.0,0.94,0.96,268.357,,0.889732894,
K2-186 b,K2-186,1,1,Transit,2018.0,41.474219,0.0,,,3.17207779,,0.0,5784.0,0.98083,1.018617,330.739,,0.966029678,
K2-187 b,K2-187,1,4,Transit,2018.0,0.77401,0.002119124,,,1.2,,0.0,5438.0,0.83,,330.916,,0.540508898,
K2-187 c,K2-187,1,4,Transit,2018.0,2.871512,0.007861771,,,1.4,,0.0,5438.0,0.83,,330.916,,0.540508898,
K2-187 d,K2-187,1,4,Transit,2018.0,7.149584,0.019574494,,,2.4,,0.0,5438.0,0.83,,330.916,,0.540508898,
K2-187 e,K2-187,1,4,Transit,2018.0,13.606629,0.03725292,,,1.9,,0.0,5438.0,0.83,,330.916,,0.540508898,
K2-188 b,K2-188,1,2,Transit,2018.0,1.742169,0.004771927,0.0289,,1.35,,0.0,5977.0,1.19,1.06,446.821,1849.350776,1.621499414,1941.427203
K2-188 c,K2-188,1,2,Transit,2018.0,7.810253,0.021362474,0.0785,,2.83,,0.0,5977.0,1.19,1.06,446.821,1122.104714,1.621499414,263.134312
K2-189 b,K2-189,1,2,Transit,2018.0,2.58812,0.0,,,1.403,,0.0,5442.0,0.879,0.85,242.113,,0.607997439,
K2-189 c,K2-189,1,2,Transit,2018.0,6.67932,0.0,,,2.31,,0.0,5442.0,0.879,0.85,242.113,,0.607997439,
K2-19 b,K2-19,1,3,Transit,2015.0,7.9222,0.0,,0.2,7.0,32.4,0.520478134,5322.0,0.82,0.88,289.827,,0.483968433,
K2-19 c,K2-19,1,3,Transit,2015.0,11.8993,0.0,,0.21,4.1,10.8,0.86342334,5322.0,0.82,0.88,289.827,,0.483968433,
K2-19 d,K2-19,1,3,Transit,2016.0,2.5081,0.0,,,1.11,10.0,40.28864511,5322.0,0.82,0.88,289.827,,0.483968433,
K2-190 b,K2-190,1,2,Transit,2018.0,10.098858,0.0,,,1.35673729,,0.0,5631.0,0.912206,0.904597,160.679,,0.750615984,
K2-190 c,K2-190,1,2,Transit,2018.0,21.574023,0.0,,,1.09308317,,0.0,5631.0,0.912206,0.904597,160.679,,0.750615984,
K2-191 b,K2-191,1,1,Transit,2018.0,2.858646,0.0,,,1.57889322,,0.0,5176.0,0.839696,0.900994,287.188,,0.454057746,
K2-192 b,K2-192,1,1,Transit,2018.0,4.162817,0.011433333,0.049,,1.52,,0.0,5222.0,0.81,0.9,221.753,1023.747409,0.437731054,182.3119757
K2-193 b,K2-193,1,1,Transit,2018.0,14.786889,0.040538425,0.1184,,3.95,,0.0,5817.0,0.98,1.01,411.923,806.9520497,0.986593515,70.37766469
K2-194 b,K2-194,1,1,Transit,2018.0,39.721386,0.0,,,3.64229858,,0.0,5979.0,1.281115,1.110086,629.51,,1.881829603,
K2-195 b,K2-195,1,2,Transit,2018.0,15.852975,0.043304844,0.1208,,3.13,,0.0,5713.0,0.99,0.94,315.014,788.6055566,0.936735837,64.1923488
K2-195 c,K2-195,1,2,Transit,2018.0,28.482786,0.0,,,2.57581891,,0.0,5712.0,0.906367,0.963364,315.014,,0.784604536,
K2-196 b,K2-196,1,1,Transit,2018.0,48.324222,0.0,,,3.59970536,,0.0,6045.0,1.538801,1.162095,584.877,,2.836873631,
K2-197 b,K2-197,1,1,Transit,2018.0,8.357881,0.022882452,0.0806,,2.56,,0.0,5667.0,0.93,1.0,247.637,928.1937604,0.800329081,123.1965409
K2-198 b,K2-198,1,3,Transit,2018.0,17.0428683,0.0,,,4.189,,0.0,5212.9,0.757,0.799,110.567,,0.379663795,
K2-198 c,K2-198,1,3,Transit,2019.0,3.3596055,0.0,,,1.423,,0.0,5212.9,0.757,0.799,110.567,,0.379663795,
K2-198 d,K2-198,1,3,Transit,2019.0,7.4500177,0.0,,,2.438,,0.0,5212.9,0.757,0.799,110.567,,0.379663795,
K2-199 b,K2-199,1,2,Transit,2018.0,3.2253993,0.008854423,0.0382,0.02,1.73,6.9,7.342811513,4491.0,0.682,0.711,107.518,914.987244,0.169758223,116.3333123
K2-199 c,K2-199,1,2,Transit,2018.0,7.3744897,0.020200038,0.0662,0.03,2.85,12.4,2.951472248,4491.0,0.682,0.711,107.518,695.0526865,0.169758223,38.73600611
K2-200 b,K2-200,1,1,Transit,2018.0,2.849883,0.0,,,1.3643987,,0.0,5233.0,0.791736,0.860208,184.131,,0.421748527,
K2-201 b,K2-201,1,2,Transit,2018.0,1.05979,0.0,,,1.40006712,,0.0,5507.0,0.878161,0.956055,197.932,,0.636353515,
K2-201 c,K2-201,1,2,Transit,2018.0,22.779878,0.0,,,3.28568401,,0.0,5507.0,0.878161,0.956055,197.932,,0.636353515,
K2-2016-BLG-0005L b,K2-2016-BLG-0005L,1,1,Microlensing,2023.0,4700.0,11.10282699,4.16,,,349.6112477,,,,0.584,5200.0,0.0,0.0,0.0
K2-202 b,K2-202,1,1,Transit,2018.0,3.405164,0.0,,,2.30165603,,0.0,5491.0,0.910685,0.971461,300.397,,0.676444222,
K2-203 b,K2-203,1,1,Transit,2018.0,9.6952,0.026561599,0.0824,0.23,1.26549392,,0.0,5026.0,0.765,0.793,166.147,738.4159595,0.335044627,49.34557727
K2-204 b,K2-204,1,1,Transit,2018.0,7.055908,0.019327621,0.0738,0.28,3.17214154,,0.0,5783.0,1.253,1.076,577.235,1148.978826,1.575450496,289.2624348
K2-205 b,K2-205,1,1,Transit,2018.0,26.672263,0.0,,,1.99552771,,0.0,5890.0,1.077574,0.951027,405.301,,1.253848998,
K2-206 b,K2-206,1,1,Transit,2018.0,18.294549,0.0,,,2.79522879,,0.0,5043.0,0.758046,0.789481,244.443,,0.3334547,
K2-207 b,K2-207,1,1,Transit,2018.0,12.48749,0.0,,,2.60585269,,0.0,5522.0,0.928158,0.941851,363.064,,0.718653068,
K2-208 b,K2-208,1,1,Transit,2018.0,4.19097,0.011478225,0.04878,0.37,1.67462172,,0.0,5500.0,0.872,0.881,256.887,1121.273382,0.6242716,262.3553869
K2-209 b,K2-209,1,1,Transit,2018.0,2.080615,0.0,,,0.86850263,,0.0,4720.0,0.712365,0.74479,76.4986,,0.225976351,
K2-21 b,K2-21,1,2,Transit,2015.0,9.325038,0.02548236,0.076,0.1,1.84,,0.0,4222.06,0.646783,0.676023,83.6448,593.8932394,0.119262702,20.6479748
K2-21 c,K2-21,1,2,Transit,2015.0,15.50192,0.042569145,0.107,0.21,2.49,,0.0,4222.06,0.646783,0.676023,83.6448,500.5221354,0.119262702,10.41686631
K2-210 b,K2-210,1,1,Transit,2018.0,0.57023,0.001561205,,,0.86,,0.0,5500.0,0.89,,176.51,,0.650310283,
K2-211 b,K2-211,1,1,Transit,2018.0,0.669561,0.001832352,0.01419,0.19,1.33162691,,0.0,5117.0,0.818,0.851,272.297,1873.321639,0.41158366,2044.058563
K2-212 b,K2-212,1,1,Transit,2018.0,9.795647,0.0,,,2.65,,0.0,4349.0,0.678,0.622,109.218,,0.147539011,
K2-213 b,K2-213,1,1,Transit,2018.0,8.13087,0.0,,,1.51398464,,0.0,5794.0,1.20424,1.069596,389.702,,1.466323891,
K2-214 b,K2-214,1,1,Transit,2018.0,8.59656,0.0,,,2.51,,0.0,5875.0,1.236,1.03,300.64,,1.63289506,
K2-215 b,K2-215,1,1,Transit,2018.0,8.269648,0.0,,,2.12381238,,0.0,5704.0,0.974398,0.999987,403.964,,0.901738651,
K2-216 b,K2-216,1,1,Transit,2018.0,2.1748,0.0056,0.028,0.0,1.75,8.0,8.22483965,4503.0,0.72,0.7,115.461,1101.033817,0.191232909,243.9195263
K2-217 b,K2-217,1,1,Transit,2018.0,14.074524,0.0,,,3.57854073,,0.0,5967.0,1.333718,1.102661,381.878,,2.023214954,
K2-218 b,K2-218,1,1,Transit,2018.0,8.679885,0.0,,,2.56948149,,0.0,5757.0,1.008231,1.047488,394.083,,1.001831911,
K2-219 b,K2-219,1,3,Transit,2018.0,3.901287,0.0,,,1.34762583,,0.0,5753.0,1.189232,1.021545,325.4,,1.389954294,
K2-219 c,K2-219,1,3,Transit,2018.0,6.66767,0.0,,,1.43839723,,0.0,5753.0,1.189232,1.021545,325.4,,1.389954294,
K2-219 d,K2-219,1,3,Transit,2018.0,11.137278,0.0,,,2.57634456,,0.0,5753.0,1.189232,1.021545,325.4,,1.389954294,
K2-22 b,K2-22,2,1,Transit,2015.0,0.381073,0.001043321,,,2.3,,0.0,3879.0,0.58,,243.836,,0.06833213,
K2-220 b,K2-220,1,1,Transit,2018.0,13.68186,0.0,,,2.37,,0.0,5612.0,1.026,0.91,233.514,,0.936817988,
K2-221 b,K2-221,1,1,Transit,2018.0,2.399094,0.0,,,1.67890272,,0.0,5716.0,0.947599,1.010842,318.81,,0.860018746,
K2-222 b,K2-222,1,1,Transit,2018.0,15.38857,0.042113643,0.1206,0.16,2.35,8.7,3.693748013,5942.0,1.115,0.989,101.321,871.1800186,1.390497379,95.603889
K2-223 b,K2-223,1,2,Transit,2018.0,0.50557,0.001384175,,,0.89,,0.0,5859.0,1.0,,198.604,,1.057264967,
K2-223 c,K2-223,1,2,Transit,2018.0,4.562546,0.01249157,,,1.5,,0.0,5859.0,1.0,,198.604,,1.057264967,
K2-224 b,K2-224,1,2,Transit,2018.0,4.47904,0.012287226,0.0516,,1.56,,0.0,5620.0,0.84,0.91,275.255,1093.358502,0.631529561,237.1888564
K2-224 c,K2-224,1,2,Transit,2018.0,10.09489,0.027645846,0.0886,,2.41,,0.0,5620.0,0.84,0.91,275.255,834.3928545,0.631529561,80.4500356
K2-225 b,K2-225,1,1,Transit,2018.0,15.8723,0.043445259,0.1409,0.23,3.60929179,,0.0,5520.0,1.7,1.482,357.778,924.5268331,2.407376427,121.2612435
K2-226 b,K2-226,1,1,Transit,2018.0,3.27109,0.008956616,0.04095,0.22,1.53899305,,0.0,5288.0,0.889,0.856,211.265,1188.028482,0.554445876,330.6369192
K2-227 b,K2-227,1,1,Transit,2018.0,13.621832,0.0,,,1.66551298,,0.0,5673.0,0.890666,0.950811,187.234,,0.737175227,
K2-228 b,K2-228,1,1,Transit,2018.0,2.69828,0.007374726,0.0338,,1.21,,0.0,4715.0,0.65,0.71,129.46,996.9916106,0.187345537,163.9872002
K2-229 b,K2-229,1,2,Transit,2018.0,0.584216,0.001599496,,,1.0,,0.0,5315.0,0.79,,102.564,,0.446845211,
K2-229 c,K2-229,1,2,Transit,2018.0,8.32727,0.022862825,0.0769,,2.03,,0.0,5315.0,0.79,0.87,102.564,821.4197169,0.446845211,75.56217119
K2-230 b,K2-230,1,1,Transit,2018.0,2.86041,0.007850973,0.0409,,1.96,,0.0,5945.0,1.39,1.11,540.773,1671.125567,2.165343927,1294.435069
K2-231 b,K2-231,1,1,Transit,2018.0,13.841901,0.0,,,2.5,,0.0,5695.0,0.95,1.01,321.215,,0.85174967,
K2-232 b,K2-232,1,1,Transit,2018.0,11.168454,0.030575942,0.10356,0.258,11.209,126.49634,0.494913102,6154.0,1.161,1.188,130.72,993.5484714,1.734539751,161.7335702
K2-233 b,K2-233,1,3,Transit,2018.0,2.467583,0.006723169,0.03293,0.0,1.315,2.4,5.815480209,4796.0,0.71,0.79,67.5062,1073.801391,0.239289281,220.6682159
K2-233 c,K2-233,1,3,Transit,2018.0,7.06024,0.019250347,0.0664,0.0,1.272,4.6,12.31538793,4796.0,0.71,0.79,67.5062,756.1984585,0.239289281,54.27340715
K2-233 d,K2-233,1,3,Transit,2018.0,24.3681,0.066410272,0.1516,0.18,2.363,10.3,4.301279445,4796.0,0.71,0.79,67.5062,500.4609855,0.239289281,10.41177663
K2-237 b,K2-237,1,1,Transit,2018.0,2.18053332,0.005973304,0.03552,0.03,16.06246934,434.153604,0.577242201,6180.0,1.236,1.256,314.995,1757.813156,1.999312549,1584.655191
K2-238 b,K2-238,1,1,Transit,2018.0,3.20466,0.009044057,0.046,0.0,14.5717,273.3338,0.486759318,5630.0,1.59,1.19,537.963,1596.024375,2.278860171,1076.966054
K2-239 b,K2-239,1,3,Transit,2018.0,5.24,0.014642927,0.0441,,1.1,,0.0,3420.0,0.36,0.4,31.0849,471.1612229,0.015907403,8.179412235
K2-239 c,K2-239,1,3,Transit,2018.0,7.775,0.021857663,0.0576,,1.0,,0.0,3420.0,0.36,0.4,31.0849,412.26607,0.015907403,4.794621283
K2-239 d,K2-239,1,3,Transit,2018.0,10.115,0.028346919,0.0685,,1.1,,0.0,3420.0,0.36,0.4,31.0849,378.0450442,0.015907403,3.390143899
K2-24 b,K2-24,1,2,Transit,2016.0,20.88977,0.0,,0.06,5.4,19.0,0.664850378,5625.0,1.16,1.07,170.562,,1.20863714,
K2-24 c,K2-24,1,2,Transit,2016.0,42.3391,0.0,,0.07,7.5,15.4,0.201135407,5625.0,1.16,1.07,170.562,,1.20863714,
K2-240 b,K2-240,1,2,Transit,2018.0,6.034,0.015256751,0.0513,,2.0,,0.0,3810.0,0.54,0.58,72.9105,596.0389646,0.055128639,20.94799888
K2-240 c,K2-240,1,2,Transit,2018.0,20.523,0.051809709,0.1159,,1.8,,0.0,3810.0,0.54,0.58,72.9105,396.5442129,0.055128639,4.104028806
K2-241 b,K2-241,1,1,Transit,2018.0,26.8199,0.073616357,0.1567,,2.55,,0.0,5262.0,0.75,0.71,149.464,555.0836761,0.386915165,15.75715325
K2-242 b,K2-242,1,1,Transit,2018.0,6.51389,0.017811423,0.0494,,2.54,,0.0,3459.0,0.37,0.38,109.237,456.456534,0.017583104,7.205127134
K2-243 b,K2-243,1,2,Transit,2018.0,11.54182,0.03155364,0.1087,,2.17,,0.0,6570.0,1.39,1.29,266.864,1132.84235,3.229839405,273.3517386
K2-243 c,K2-243,1,2,Transit,2018.0,24.94598,0.068192645,0.1817,,2.01,,0.0,6570.0,1.39,1.29,266.864,876.2071336,3.229839405,97.82977937
K2-244 b,K2-244,1,1,Transit,2018.0,21.06884,0.057579133,0.1418,,1.75,,0.0,5677.0,0.92,0.86,212.902,697.2462242,0.788753104,39.22731834
K2-245 b,K2-245,1,1,Transit,2018.0,11.89307,0.032597843,0.0959,,4.34,,0.0,5793.0,1.25,0.83,456.064,1008.464721,1.57878863,171.6669834
K2-246 b,K2-246,1,1,Transit,2018.0,5.76918,0.015835621,0.0602,,3.49,,0.0,5610.0,0.94,0.87,703.616,1068.907246,0.785230214,216.6726124
K2-247 b,K2-247,1,2,Transit,2018.0,2.25021,0.006161614,0.0304,,2.12,,0.0,4667.0,0.69,0.74,258.113,1072.104288,0.20264656,219.2764885
K2-247 c,K2-247,1,2,Transit,2018.0,6.49424,0.017729513,0.0615,,2.19,,0.0,4667.0,0.69,0.74,258.113,753.7655194,0.20264656,53.5783091
K2-248 b,K2-248,1,1,Transit,2018.0,7.17256,0.019700372,0.0699,,2.57,,0.0,5528.0,0.92,0.88,406.254,967.018625,0.709149241,145.1387207
K2-249 b,K2-249,1,1,Transit,2018.0,12.409,0.033988032,0.1151,,2.79,,0.0,6504.0,1.57,1.32,521.716,1158.254978,3.957412171,298.7174807
K2-25 b,K2-25,1,1,Transit,2015.0,3.48456408,0.009473598,0.0287,0.428,3.44,24.5,3.316212527,3207.0,0.2932,0.2634,44.9565,494.2554572,0.008158562,9.904893908
K2-250 b,K2-250,1,1,Transit,2018.0,4.01392,0.010990353,0.04606,0.21,2.71257333,,0.0,5003.0,0.797,0.809,414.708,1003.48105,0.357049562,168.2986518
K2-251 b,K2-251,1,1,Transit,2018.0,9.30075,0.025353477,0.0694,,2.35,,0.0,3717.0,0.49,0.52,147.03,476.2361345,0.041119919,8.537551049
K2-252 b,K2-252,1,1,Transit,2018.0,13.81513,0.037788752,0.1041,,1.74,,0.0,5152.0,0.82,0.79,228.839,697.2184875,0.425031358,39.22107682
K2-253 b,K2-253,1,1,Transit,2018.0,4.00167,0.010952516,0.0506,,12.67,,0.0,6027.0,1.1,1.08,876.565,1354.982712,1.432451697,559.4727682
K2-254 b,K2-254,1,2,Transit,2018.0,4.09639,0.011253506,0.0448,,1.63,,0.0,4629.0,0.67,0.71,227.775,863.171423,0.184921828,92.13659332
K2-254 c,K2-254,1,2,Transit,2018.0,12.11839,0.033279238,0.0923,,2.19,,0.0,4629.0,0.67,0.71,227.775,601.3609319,0.184921828,21.70624879
K2-255 b,K2-255,1,1,Transit,2018.0,1.96417,0.005382657,0.0274,,2.9,,0.0,4676.0,0.69,0.71,191.608,1131.449683,0.204214249,272.0100284
K2-257 b,K2-257,1,1,Transit,2018.0,1.60588,0.004402293,0.0216,,0.83,,0.0,3725.0,0.5,0.52,64.0065,864.1634271,0.043185203,92.56087782
K2-258 b,K2-258,1,1,Transit,2018.0,19.0921,0.052286156,0.149,,3.0,,0.0,6351.0,1.31,1.21,661.873,908.0214439,2.504960559,112.8309787
K2-259 b,K2-259,1,1,Transit,2018.0,15.48043,0.042439074,0.1271,,2.32,,0.0,6059.0,1.13,1.14,416.457,871.1217908,1.544011558,95.57833172
K2-26 b,K2-26,1,1,Transit,2016.0,14.5665,0.039872053,0.0962,,2.67,,0.0,3785.0,0.52,0.56,99.0504,424.3180419,0.049792058,5.380342572
K2-260 b,K2-260,1,1,Transit,2018.0,2.62669762,0.007193979,0.04392,0.053,18.41635529,546.66486,0.482238303,6860.0,1.755,1.637,663.834,2090.946828,6.119846856,3172.604176
K2-261 b,K2-261,1,1,Transit,2018.0,11.6334681,0.034015035,0.1086,0.274,9.26982704,68.96876432,0.477077737,5490.0,1.663,1.107,213.283,1035.893326,2.254050938,191.119093
K2-263 b,K2-263,1,1,Transit,2018.0,50.818947,0.139129218,0.2573,0.15,2.41,14.9,5.865252854,5368.0,0.85,0.88,162.481,470.4500895,0.538242182,8.130142498
K2-264 b,K2-264,1,2,Transit,2018.0,5.840002,0.015984679,0.05023,,2.231,,0.0,3660.0,0.473,0.496,185.605,541.5537224,0.0360194,14.2761176
K2-264 c,K2-264,1,2,Transit,2018.0,19.660302,0.053814095,0.11283,,2.668,,0.0,3660.0,0.473,0.496,185.605,361.3356736,0.0360194,2.829354054
K2-265 b,K2-265,2,1,Transit,2018.0,2.36902,0.006485637,0.03359,0.16,1.70824866,7.3418362,8.115270934,5420.0,0.92,0.901,138.671,1367.727808,0.655333925,580.8214452
K2-266 b,K2-266,2,4,Transit,2018.0,0.658524,0.001801991,0.01306,,3.3,11.26782377,1.727626373,4285.0,0.703,0.686,77.5586,1515.892412,0.14948713,876.4304363
K2-266 c,K2-266,2,4,Transit,2018.0,7.814,0.021362034,0.0679,0.042,0.705,0.29013072,4.562238274,4285.0,0.703,0.686,77.5586,664.8215373,0.14948713,32.42382573
K2-266 d,K2-266,2,4,Transit,2018.0,14.697,0.040202075,0.1035,0.047,2.93,8.9,1.949569601,4285.0,0.703,0.686,77.5586,538.4802665,0.14948713,13.95478358
K2-266 e,K2-266,2,4,Transit,2018.0,19.482,0.053294403,0.1249,0.043,2.73,14.3,3.872573731,4285.0,0.703,0.686,77.5586,490.1835675,0.14948713,9.582502215
K2-268 b,K2-268,1,5,Transit,2018.0,2.151676,0.0,,,1.5,,0.0,5106.0,0.78,0.84,327.783,,0.371024251,
K2-268 c,K2-268,1,5,Transit,2018.0,9.327527,0.0,,,2.69,,0.0,5106.0,0.78,0.84,327.783,,0.371024251,
K2-268 d,K2-268,1,5,Transit,2021.0,4.528598,0.0,,,1.49,,0.0,5106.0,0.78,0.84,327.783,,0.371024251,
K2-268 e,K2-268,1,5,Transit,2021.0,6.131243,0.0,,,1.33,,0.0,5106.0,0.78,0.84,327.783,,0.371024251,
K2-268 f,K2-268,1,5,Transit,2021.0,26.27057,0.0,,,2.23,,0.0,5106.0,0.78,0.84,327.783,,0.371024251,
K2-269 b,K2-269,1,1,Transit,2018.0,4.144965,0.011360901,0.0531,,1.57,,0.0,6209.0,1.45,1.16,360.76,1564.479508,2.803577035,994.3137649
K2-27 b,K2-27,3,1,Transit,2016.0,6.771347,0.0,,,4.74,30.2,1.562512559,5246.0,0.876,0.88,249.645,,0.521448242,
K2-270 b,K2-270,1,2,Transit,2018.0,1.543069,0.004210522,0.0247,,1.38,,0.0,4877.0,0.77,0.85,280.518,1312.989098,0.300941667,493.2742173
K2-270 c,K2-270,1,2,Transit,2018.0,4.400028,0.012017804,0.0497,,2.95,,0.0,4877.0,0.77,0.85,280.518,925.6171707,0.300941667,121.8342924
K2-271 b,K2-271,1,1,Transit,2018.0,8.562421,0.023452926,0.077,,7.28,,0.0,5644.0,0.99,0.83,564.454,975.8222546,0.892294589,150.4966418
K2-272 b,K2-272,1,1,Transit,2018.0,14.4536756,0.03445839,0.1007,,3.13,,0.0,5397.0,0.83,0.86,423.065,747.1162931,0.524391577,51.71264669
K2-273 b,K2-273,1,1,Transit,2018.0,11.7195663,0.020863938,0.0729,,3.05,,0.0,5161.0,0.85,0.89,308.105,849.7497322,0.459899712,86.53824452
K2-274 b,K2-274,1,1,Transit,2018.0,14.1330314,0.033674566,0.0964,,2.08,,0.0,5044.0,0.7,0.79,228.327,655.3858485,0.284568118,30.62190281
K2-275 b,K2-275,1,2,Transit,2018.0,3.2809626,0.005253809,0.0277,,2.34,,0.0,4841.0,0.69,0.77,123.438,1165.014209,0.234600191,305.7516602
K2-275 c,K2-275,1,2,Transit,2018.0,8.4388385,0.029800153,0.0881,,2.21,,0.0,4841.0,0.69,0.77,123.438,653.2556166,0.234600191,30.22571236
K2-276 b,K2-276,1,1,Transit,2018.0,18.718269,0.051225055,0.1291,,3.77,,0.0,5139.0,0.85,0.82,488.152,635.8232989,0.452107979,27.12624548
K2-277 b,K2-277,1,1,Transit,2018.0,6.326768,0.017336948,0.0664,0.52,2.18575124,,0.0,5680.0,0.973,0.974,113.123,1048.412511,0.884115233,200.5269345
K2-278 b,K2-278,1,1,Transit,2018.0,3.334966,0.009110993,0.0488,,2.98,,0.0,6747.0,1.61,1.4,786.439,1868.63817,4.819305335,2023.693788
K2-279 b,K2-279,1,1,Transit,2018.0,7.122605,0.019511859,0.067,,1.21,,0.0,5558.0,0.86,0.79,182.983,960.1560999,0.633229184,141.0624157
K2-28 b,K2-28,1,1,Transit,2016.0,2.260455,0.006175244,0.0214,0.0,2.32,,0.0,3214.0,0.288,0.257,62.9969,568.5212579,0.007940691,17.33926837
K2-280 b,K2-280,1,1,Transit,2018.0,19.89526,0.055024577,0.1461,0.35,7.5,37.1,0.484553481,5500.0,1.28,1.03,391.537,784.9717818,1.345118505,63.01734696
K2-281 b,K2-281,1,1,Transit,2018.0,8.687721,0.023733529,0.0773,,8.18,,0.0,4812.0,0.76,0.82,458.139,727.5354279,0.277855827,46.50081037
K2-282 b,K2-282,1,2,Transit,2018.0,4.169783,0.011416244,,,2.5,,0.0,5499.0,1.0,,496.289,,0.820398256,
K2-283 b,K2-283,1,1,Transit,2018.0,1.921036,0.005261923,0.0291,,3.52,,0.0,5060.0,0.82,0.89,402.915,1295.15703,0.395475535,467.0180263
K2-284 b,K2-284,1,1,Transit,2018.0,4.795069,0.013129369,0.04771,0.078,2.78,,0.0,4140.0,0.607,0.63,107.272,712.0351888,0.097111038,42.66284011
K2-285 b,K2-285,1,4,Transit,2018.0,3.471745,0.008185481,0.03817,0.0,2.59,9.68,3.069924282,4975.0,0.787,0.83,154.961,1089.25823,0.340417325,233.6508338
K2-285 c,K2-285,1,4,Transit,2018.0,7.138048,0.025962815,0.0824,0.0,3.53,15.68,1.964144979,4975.0,0.787,0.83,154.961,741.35859,0.340417325,50.13687159
K2-285 d,K2-285,1,4,Transit,2018.0,10.45582,0.044379141,0.1178,0.0,2.48,6.5,2.348063908,4975.0,0.787,0.83,154.961,620.0393962,0.340417325,24.53132884
K2-285 e,K2-285,1,4,Transit,2018.0,14.76289,0.084110819,0.18041,0.0,1.95,10.7,7.951179217,4975.0,0.787,0.83,154.961,501.0275725,0.340417325,10.45900672
K2-286 b,K2-286,1,1,Transit,2018.0,27.359,0.092925179,0.1768,,2.1,,0.0,3926.0,0.62,0.64,76.1486,354.5002031,0.081935934,2.621258723
K2-287 b,K2-287,1,1,Transit,2018.0,14.893291,0.040755761,0.1206,0.478,9.494023,100.11645,0.644623601,5695.0,1.07,1.056,158.335,817.943757,1.080518779,74.29125645
K2-288 B b,K2-288 B,2,1,Transit,2018.0,31.393463,0.115613567,0.164,,1.9,,0.0,3341.0,0.32,0.33,65.6138,225.0303105,0.011447106,0.425606266
K2-289 b,K2-289,1,1,Transit,2019.0,13.156969,0.035853307,0.107,,9.1,,0.0,5529.0,1.025,0.953,274.3,825.1408961,0.880894585,76.94074464
K2-29 b,K2-29,2,1,Transit,2016.0,3.2588321,0.008931851,0.04217,0.066,13.33871,232.0159,0.538676284,5358.0,0.86,0.94,178.475,1166.706488,0.546886987,307.532053
K2-290 b,K2-290,3,2,Transit,2019.0,9.21165,0.025662584,0.0923,0.0,3.06,10.9,2.096108781,6302.0,1.511,1.194,272.909,1229.479407,3.230965897,379.2529538
K2-290 c,K2-290,3,2,Transit,2019.0,48.36685,0.154151443,0.305,0.0,11.276254,246.00042,0.945350586,6302.0,1.511,1.194,272.909,676.3510833,3.230965897,34.73223216
K2-291 b,K2-291,1,1,Transit,2019.0,2.225177,0.006093303,0.03261,0.0,1.589,6.49,8.913014315,5520.0,0.899,0.934,90.0562,1397.510253,0.67323323,633.0878033
K2-292 b,K2-292,1,1,Transit,2019.0,16.9841,0.046872167,0.13,0.04,2.63,24.5,7.420795058,5725.0,1.09,1.0,114.293,799.3344715,1.145103679,67.75761413
K2-293 b,K2-293,1,1,Transit,2019.0,13.1225,0.0,,,2.45,,0.0,5532.0,0.947,0.958,392.251,,0.753561139,
K2-294 b,K2-294,1,1,Transit,2019.0,2.50387,0.0,,,1.66,,0.0,5612.0,1.2,0.987,373.078,,1.281512927,
K2-295 b,K2-295,1,1,Transit,2018.0,4.024867,0.011133942,0.0451,0.0,10.054473,106.47305,0.577182769,4444.0,0.7,0.74,232.801,844.201808,0.171467624,84.30028586
K2-3 b,K2-3,1,3,Transit,2015.0,10.0546535,0.027554639,0.0747,0.107,2.078,5.11,3.137876663,3844.0,0.546,0.549,44.0727,501.1074714,0.058399436,10.46567991
K2-3 c,K2-3,1,3,Transit,2015.0,24.646729,0.067465788,0.1357,0.048,1.582,2.68,3.729640356,3844.0,0.546,0.549,44.0727,371.7930397,0.058399436,3.171384915
K2-3 d,K2-3,1,3,Transit,2015.0,44.55603,0.121984044,0.2014,0.091,1.458,2.2,3.911125103,3844.0,0.546,0.549,44.0727,305.1837786,0.058399436,1.439758725
K2-30 b,K2-30,1,1,Transit,2016.0,4.098503,0.011220499,0.04839,0.0,11.646151,184.02357,0.641915408,5425.0,0.844,0.9,333.042,1092.457708,0.553571488,236.4081634
K2-308 b,K2-308,1,1,Transit,2019.0,3.38628,0.0,,,9.916,,0.0,6100.0,1.24,1.09,1314.53,,1.910084412,
K2-31 b,K2-31,2,1,Transit,2016.0,1.25785,0.003420687,0.022,0.0,11.88154,563.83042,1.852174493,5280.0,0.78,0.91,110.527,1515.93773,0.424243059,876.5352456
K2-312 c,HD 80653,1,2,Radial Velocity,2023.0,921.2,2.527990205,1.961,0.853,,1719.451682,,5959.0,1.22,1.18,109.86,226.6344793,1.68384865,0.437872697
K2-315 b,K2-315,1,1,Transit,2020.0,3.1443189,0.0,,,0.95,,0.0,3300.0,0.196,0.174,56.9686,,0.0040875,
K2-316 b,K2-316,1,2,Transit,2020.0,1.133,0.002790268,0.0147,,1.33,,0.0,3436.0,0.379,0.408,112.486,841.2509572,0.017963084,83.12778739
K2-316 c,K2-316,1,2,Transit,2020.0,5.26,0.021981352,0.0582,,1.83,,0.0,3436.0,0.379,0.408,112.486,422.7880917,0.017963084,5.303162332
K2-317 b,K2-317,1,1,Transit,2020.0,6.22,0.019876797,0.0542,,2.93,,0.0,3387.0,0.379,0.403,176.291,431.8636361,0.016960125,5.77338452
K2-318 b,K2-318,1,1,Transit,2020.0,7.01,0.036710993,0.0911,,1.66,,0.0,3851.0,0.552,0.561,147.866,457.0832931,0.060125968,7.244782069
K2-319 b,K2-319,1,1,Transit,2020.0,26.68,0.060433064,0.1516,,2.79,,0.0,5440.0,0.898,0.954,209.071,638.4089193,0.633633488,27.57018749
K2-32 b,K2-32,2,4,Transit,2016.0,8.992,0.024604336,0.0795,0.03,5.299,15.0,0.555470628,5271.0,0.86,0.83,157.682,835.9304708,0.512222696,81.04468899
K2-32 c,K2-32,2,4,Transit,2016.0,20.66093,0.056533553,0.13843,0.049,3.134,8.1,1.449905313,5271.0,0.86,0.83,157.682,633.4883186,0.512222696,26.72996435
K2-32 d,K2-32,2,4,Transit,2016.0,31.71701,0.086789287,0.18422,0.05,3.484,6.7,0.872955213,5271.0,0.86,0.83,157.682,549.1428476,0.512222696,15.09333674
K2-32 e,K2-32,2,4,Transit,2019.0,4.34934,0.011902059,0.04899,0.043,1.212,2.1,6.499246876,5271.0,0.86,0.83,157.682,1064.878358,0.512222696,213.4243357
K2-320 b,K2-320,1,1,Transit,2020.0,1.995,0.004946974,0.0142,,2.62,,0.0,3157.0,0.3,0.117,108.74,699.6849229,0.00802104,39.77901255
K2-321 b,K2-321,1,1,Transit,2020.0,2.2979749,0.006291934,0.02839,0.44,2.05124347,,0.0,3750.0,0.595,0.578,77.6888,827.7868689,0.062812901,77.93240293
K2-322 b,K2-322,1,1,Transit,2020.0,8.205,0.018239351,0.0594,,1.92,,0.0,4141.0,0.602,0.63,123.415,635.6553876,0.095610096,27.0976023
K2-323 b,K2-323,1,1,Transit,2020.0,24.93,0.065849325,0.1275,,2.1,,0.0,3710.0,0.549,0.478,118.318,371.2072656,0.051230687,3.151445549
K2-324 b,K2-324,1,1,Transit,2020.0,3.262,0.00837523,0.0331,,2.43,,0.0,3752.0,0.505,0.517,136.667,706.6526639,0.045344428,41.38738028
K2-325 b,K2-325,1,1,Transit,2020.0,6.93,0.016384974,0.0419,,2.2,,0.0,3287.0,0.298,0.274,111.638,422.6805883,0.009300819,5.297770596
K2-326 b,K2-326,1,1,Transit,2020.0,1.256,0.003912855,0.0198,,2.28,,0.0,3924.0,0.688,0.507,282.308,1115.326706,0.100689161,256.8338966
K2-329 b,K2-329,1,1,Transit,2020.0,12.4551225,0.034117576,0.1016,0.0697,8.675766,82.6358,0.697262559,5282.0,0.822,0.901,233.237,724.4341757,0.471875113,45.71299295
K2-33 b,K2-33,1,1,Transit,2016.0,5.424865,0.0,,0.0,5.04,1175.971,50.61236152,3540.0,1.05,0.56,139.268,,0.155339355,
K2-330 b,K2-330,1,1,Transit,2021.0,13.774798,0.0,,,2.77,,0.0,6232.0,1.5,1.23,160.125,,3.04496389,
K2-331 b,K2-331,1,2,Transit,2021.0,9.398977,0.0,,,1.79,,0.0,5994.0,1.06,1.1,211.43,,1.301273348,
K2-331 c,K2-331,1,2,Transit,2021.0,22.996591,0.0,,,2.72,,0.0,5994.0,1.06,1.1,211.43,,1.301273348,
K2-332 b,K2-332,1,1,Transit,2021.0,17.70632,0.0,,,2.2,,0.0,3315.0,0.28,0.27,123.202,,0.008494543,
K2-333 b,K2-333,1,1,Transit,2021.0,14.759287,0.0,,,6.18,,0.0,5880.0,1.22,1.06,343.99,,1.596315812,
K2-334 b,K2-334,1,1,Transit,2021.0,5.113981,0.0,,,5.65,,0.0,6502.0,1.49,1.36,371.823,,3.560002045,
K2-335 b,K2-335,1,1,Transit,2021.0,12.283211,0.0,,,2.21,,0.0,6222.0,1.33,1.23,557.993,,2.378554785,
K2-336 b,K2-336,1,1,Transit,2021.0,21.194733,0.0,,,1.22,,0.0,5424.0,0.8,0.86,239.289,,0.496991027,
K2-337 b,K2-337,1,1,Transit,2021.0,16.273563,0.0,,,2.62,,0.0,5869.0,1.32,0.94,421.636,,1.854787457,
K2-338 b,K2-338,1,1,Transit,2021.0,3.850614,0.0,,,1.03,,0.0,4558.0,0.63,0.66,156.951,,0.153698006,
K2-339 b,K2-339,1,1,Transit,2021.0,19.507428,0.0,,,1.92,,0.0,4857.0,0.72,0.74,360.36,,0.258837536,
K2-34 b,K2-34,1,1,Transit,2016.0,2.9956348,0.008627886,0.0442,,13.75,,0.0,6168.0,1.42,1.16,348.646,1685.733359,2.618448273,1340.292108
K2-340 b,K2-340,1,1,Transit,2021.0,29.740451,0.0,,,3.36,,0.0,5532.0,1.13,0.93,738.136,,1.072939966,
K2-341 b,K2-341,1,1,Transit,2021.0,36.552551,0.0,,,3.21,,0.0,5817.0,1.16,0.98,421.408,,1.382299286,
K2-342 b,K2-342,1,1,Transit,2021.0,11.561052,0.0,,,2.03,,0.0,5920.0,1.09,1.01,208.357,,1.309271375,
K2-343 b,K2-343,1,2,Transit,2021.0,2.787174,0.0,,,1.65,,0.0,3804.0,0.46,0.49,166.169,,0.039752784,
K2-343 c,K2-343,1,2,Transit,2021.0,7.676972,0.0,,,2.02,,0.0,3804.0,0.46,0.49,166.169,,0.039752784,
K2-344 b,K2-344,1,1,Transit,2021.0,3.35585,0.0,,,1.59,,0.0,4374.0,0.49,0.51,75.1691,,0.07884917,
K2-345 b,K2-345,1,1,Transit,2021.0,10.367437,0.0,,,2.11,,0.0,3779.0,0.52,0.56,162.408,,0.049477085,
K2-346 b,K2-346,1,1,Transit,2021.0,26.201446,0.0,,,2.26,,0.0,4801.0,0.7,0.71,105.58,,0.233567684,
K2-347 b,K2-347,1,1,Transit,2021.0,7.187257,0.0,,,2.41,,0.0,4599.0,0.63,0.66,320.336,,0.159303232,
K2-348 b,K2-348,1,2,Transit,2021.0,4.688418,0.0,,,3.26,,0.0,5077.0,0.85,0.83,201.856,,0.430681637,
K2-348 c,K2-348,1,2,Transit,2021.0,12.550171,0.0,,,2.67,,0.0,5077.0,0.85,0.83,201.856,,0.430681637,
K2-349 b,K2-349,1,1,Transit,2021.0,9.032178,0.0,,,1.38,,0.0,4385.0,0.49,0.54,453.567,,0.079645346,
K2-35 b,K2-35,1,2,Transit,2016.0,2.399964,0.006514542,0.031,0.13,1.32,,0.0,4402.71,0.619575,0.701968,252.596,949.0687083,0.129407051,134.6587422
K2-35 c,K2-35,1,2,Transit,2016.0,5.608352,0.015395201,0.055,0.12,1.93,,0.0,4402.71,0.619575,0.701968,252.596,712.5201599,0.129407051,42.77919051
K2-350 b,K2-350,1,2,Transit,2021.0,4.163873,0.0,,,1.54,,0.0,5789.0,1.04,0.98,489.368,,1.089860034,
K2-350 c,K2-350,1,2,Transit,2016.0,19.991944,0.0,,,2.74,,0.0,5789.0,1.04,0.98,489.368,,1.089860034,
K2-351 b,K2-351,1,1,Transit,2021.0,7.806164,0.0,,,2.54,,0.0,5769.0,1.05,1.02,694.734,,1.095646874,
K2-352 b,K2-352,1,3,Transit,2021.0,3.665912,0.0,,,1.37,,0.0,5791.0,0.95,0.98,176.051,,0.91064964,
K2-352 c,K2-352,1,3,Transit,2021.0,8.234885,0.0,,,1.92,,0.0,5791.0,0.95,0.98,176.051,,0.91064964,
K2-352 d,K2-352,1,3,Transit,2021.0,14.871387,0.0,,,2.23,,0.0,5791.0,0.95,0.98,176.051,,0.91064964,
K2-353 b,K2-353,1,1,Transit,2021.0,15.466805,0.0,,,5.55,,0.0,5698.0,0.99,0.87,268.515,,0.926936575,
K2-354 b,K2-354,1,1,Transit,2021.0,3.793306,0.0,,,1.56,,0.0,3669.0,0.41,0.43,91.722,,0.027330552,
K2-355 b,K2-355,1,1,Transit,2021.0,5.7385647,0.016215861,0.0632,,2.25,,0.0,5790.0,0.92,0.96,500.497,1065.185919,0.853453295,213.6710101
K2-356 b,K2-356,1,1,Transit,2021.0,21.0267366,0.067398688,0.1599,,2.29,,0.0,5568.0,0.86,0.9,355.54,622.6381097,0.637798743,24.94518513
K2-357 b,K2-357,1,1,Transit,2021.0,16.3488637,0.055774921,0.145,,3.72,,0.0,5794.0,1.0,0.98,517.687,733.6787971,1.01112259,48.09144306
K2-358 b,K2-358,1,1,Transit,2021.0,11.2510285,0.02628904,0.0863,,2.68,,0.0,5650.0,0.91,0.93,480.307,884.6576242,0.757122976,101.6587662
K2-36 b,K2-36,1,2,Transit,2016.0,1.422614,0.003893772,0.02288,0.093,1.43,4.3,8.102367582,4916.0,0.718,0.79,109.749,1327.876133,0.270138345,516.0291023
K2-36 c,K2-36,1,2,Transit,2016.0,5.340888,0.014623068,0.05528,0.089,3.2,7.9,1.328399658,4916.0,0.718,0.79,109.749,854.2825941,0.270138345,88.39957287
K2-360 c,EPIC 201595106,1,2,Radial Velocity,2024.0,9.79692,0.026807623,0.0883,0.11,,15.23,,5679.0,0.98,0.958,232.1,912.2545399,0.896250634,114.94976
K2-365 b,K2-365,1,1,Transit,2022.0,23.448172,0.0,,,2.906,,0.0,5561.0,1.051,0.823,187.222,,0.947778521,
K2-366 b,K2-366,1,1,Transit,2022.0,15.937039,0.0,,,2.359,,0.0,5601.0,0.94,0.825,185.947,,0.780203417,
K2-367 b,K2-367,1,1,Transit,2022.0,20.645099,0.0,,,2.413,,0.0,4348.0,0.625,0.756,176.965,,0.125258736,
K2-368 b,K2-368,1,3,Transit,2022.0,5.025598,0.0,,,1.332,,0.0,4663.0,0.663,0.746,206.608,,0.186456947,
K2-368 c,K2-368,1,3,Transit,2022.0,9.660186,0.0,,,1.361,,0.0,4663.0,0.663,0.746,206.608,,0.186456947,
K2-368 d,K2-368,1,3,Transit,2022.0,20.201085,0.0,,,1.948,,0.0,4663.0,0.663,0.746,206.608,,0.186456947,
K2-369 b,K2-369,1,1,Transit,2022.0,5.761612,0.0,,,1.313,,0.0,5682.0,0.881,0.735,185.55,,0.725849504,
K2-37 b,K2-37,1,3,Transit,2016.0,4.4434,0.0,,,1.39,,0.0,5352.0,0.809,0.84,179.943,,0.481782823,
K2-37 c,K2-37,1,3,Transit,2016.0,6.42966,0.0,,,2.41,,0.0,5352.0,0.809,0.84,179.943,,0.481782823,
K2-37 d,K2-37,1,3,Transit,2016.0,14.09229,0.0,,,2.31,12.5,5.587604677,5352.0,0.809,0.84,179.943,,0.481782823,
K2-370 b,K2-370,1,1,Transit,2022.0,2.14084,0.0,,,3.207,,0.0,5377.0,0.971,0.984,144.202,,0.707112404,
K2-371 b,K2-371,1,1,Transit,2022.0,3.114905,0.0,,,13.024,,0.0,4925.0,0.736,0.958,442.813,,0.285937041,
K2-372 b,K2-372,1,1,Transit,2022.0,9.844077,0.0,,,2.945,,0.0,5479.0,0.922,0.847,463.88,,0.687316696,
K2-373 b,K2-373,1,1,Transit,2022.0,11.02066,0.0,,,2.061,,0.0,6138.0,1.486,1.158,229.567,,2.812127486,
K2-374 b,K2-374,1,2,Transit,2022.0,4.521953,0.0,,,1.593,,0.0,5789.0,0.907,0.731,359.439,,0.82893146,
K2-374 c,K2-374,1,2,Transit,2022.0,16.43445,0.0,,,2.213,,0.0,5789.0,0.907,0.731,359.439,,0.82893146,
K2-375 b,K2-375,1,1,Transit,2022.0,14.453895,0.0,,,2.243,,0.0,5822.0,1.543,1.119,696.1,,2.454203135,
K2-376 b,K2-376,1,1,Transit,2022.0,5.776475,0.0,,,1.736,,0.0,5937.0,1.149,0.908,161.61,,1.471628206,
K2-377 b,K2-377,1,1,Transit,2022.0,12.832235,0.0,,,1.693,,0.0,4200.0,0.691,0.821,195.149,,0.133303977,
K2-378 b,K2-378,1,1,Transit,2022.0,2.060438,0.0,,,2.88,,0.0,4823.0,0.732,0.923,687.973,,0.260124381,
K2-379 b,K2-379,1,1,Transit,2022.0,8.777247,0.0,,,2.181,,0.0,4603.0,0.751,0.856,182.207,,0.227160922,
K2-38 b,K2-38,1,2,Transit,2016.0,4.01593,0.010996493,0.04994,0.197,1.54,7.3,11.01316882,5731.0,1.06,1.03,192.69,1273.123547,1.087484847,436.0398066
K2-38 c,K2-38,1,2,Transit,2016.0,10.56103,0.028915194,0.09514,0.161,2.29,8.3,3.808230651,5731.0,1.06,1.03,192.69,922.3871544,1.087484847,120.1425706
K2-380 b,K2-380,1,1,Transit,2022.0,9.401312,0.0,,,2.729,,0.0,5911.0,1.32,0.993,249.303,,1.908453355,
K2-381 b,K2-381,1,3,Transit,2022.0,7.9389334,0.0,,,1.075,,0.0,4473.0,0.675,0.754,145.701,,0.163641325,
K2-381 c,K2-381,1,3,Transit,2022.0,16.034656,0.0,,,2.0,,0.0,4473.0,0.675,0.754,145.701,,0.163641325,
K2-381 d,K2-381,1,3,Transit,2022.0,26.803023,0.0,,,1.689,,0.0,4473.0,0.675,0.754,145.701,,0.163641325,
K2-382 b,K2-382,1,1,Transit,2022.0,21.700156,0.0,,,2.072,,0.0,5452.0,0.811,0.922,278.412,,0.521380695,
K2-383 b,K2-383,1,1,Transit,2022.0,1.865962,0.0,,,1.564,,0.0,5129.0,0.804,1.061,203.788,,0.401358758,
K2-384 b,K2-384,1,5,Transit,2022.0,2.231527,0.0,,,1.076,,0.0,3623.0,0.348,0.33,82.6603,,0.018720682,
K2-384 c,K2-384,1,5,Transit,2022.0,4.194766,0.0,,,1.191,,0.0,3623.0,0.348,0.33,82.6603,,0.018720682,
K2-384 d,K2-384,1,5,Transit,2022.0,6.679582,0.0,,,1.392,,0.0,3623.0,0.348,0.33,82.6603,,0.018720682,
K2-384 e,K2-384,1,5,Transit,2022.0,9.715043,0.0,,,1.345,,0.0,3623.0,0.348,0.33,82.6603,,0.018720682,
K2-384 f,K2-384,1,5,Transit,2022.0,13.62749,0.0,,,2.222,,0.0,3623.0,0.348,0.33,82.6603,,0.018720682,
K2-385 b,K2-385,1,1,Transit,2022.0,2.380867,0.0,,,1.539,,0.0,4844.0,0.761,0.927,420.819,,0.28607223,
K2-386 b,K2-386,1,1,Transit,2022.0,7.473223,0.0,,,2.32,,0.0,5749.0,0.97,0.911,428.785,,0.922152086,
K2-387 b,K2-387,1,1,Transit,2022.0,28.735327,0.0,,,7.322,,0.0,3572.0,0.585,0.57,266.318,,0.049985885,
K2-388 b,K2-388,1,1,Transit,2022.0,6.33932,0.0,,,3.9,,0.0,5310.0,0.91,0.93,290.495,,0.590677896,
K2-389 b,K2-389,1,2,Transit,2022.0,8.58289,0.0,,,2.33,,0.0,5773.0,1.094,0.99,259.208,,1.19269864,
K2-389 c,K2-389,1,2,Transit,2022.0,20.851337,0.0,,,2.04,,0.0,5782.0,1.084,0.802,259.208,,1.178313257,
K2-39 b,K2-39,1,1,Transit,2016.0,4.60543,0.0,,0.0,6.27704,28.6047,0.637271223,4881.0,2.97,0.66,307.47,,4.491981709,
K2-390 b,K2-390,1,1,Transit,2022.0,3.312792,0.0,,,4.662,,0.0,5558.0,0.966,0.789,456.122,,0.798947556,
K2-391 b,K2-391,1,1,Transit,2022.0,4.622654,0.0,,,1.371,,0.0,5543.0,0.566,0.757,507.94,,0.271332756,
K2-392 b,K2-392,1,1,Transit,2022.0,15.398723,0.0,,,1.85,,0.0,5726.0,1.058,0.841,406.985,,1.079609159,
K2-393 b,K2-393,1,1,Transit,2022.0,10.413181,0.0,,,2.352,,0.0,5678.0,1.071,0.881,265.914,,1.069671302,
K2-394 b,K2-394,1,1,Transit,2022.0,5.095717,0.0,,,1.692,,0.0,4938.0,0.631,0.478,98.0152,,0.212399217,
K2-395 b,K2-395,1,2,Transit,2022.0,4.803352,0.0,,,2.597,,0.0,5007.0,0.783,0.952,286.727,,0.345719391,
K2-395 c,K2-395,1,2,Transit,2022.0,8.491282,0.0,,,3.395,,0.0,5007.0,0.783,0.952,286.727,,0.345719391,
K2-396 b,K2-396,1,2,Transit,2022.0,0.673862,0.0,,,1.579,,0.0,5236.0,0.92,0.954,274.864,,0.570773835,
K2-396 c,K2-396,1,2,Transit,2022.0,25.76051,0.0,,,3.124,,0.0,5236.0,0.92,0.954,274.864,,0.570773835,
K2-397 b,K2-397,1,1,Transit,2022.0,3.572326,0.0,,,2.417,,0.0,5387.0,0.966,0.937,199.354,,0.705069624,
K2-398 b,K2-398,1,2,Transit,2022.0,6.393025,0.0,,,2.274,,0.0,5946.0,1.239,0.945,606.992,,1.721599319,
K2-398 c,K2-398,1,2,Transit,2022.0,18.787839,0.0,,,5.098,,0.0,5946.0,1.239,0.945,606.992,,1.721599319,
K2-4 b,K2-4,1,1,Transit,2015.0,10.003417,0.027336704,0.078,0.08,2.1,,0.0,4014.73,0.569359,0.635026,231.828,523.0143629,0.075559244,12.4193366
K2-400 b,K2-400,1,1,Transit,2022.0,3.865053,0.0,,,1.163,,0.0,3578.0,0.382,0.374,62.3804,,0.021457441,
K2-401 b,K2-401,1,1,Transit,2022.0,6.293099,0.0,,,2.262,,0.0,4213.0,0.675,0.87,200.727,,0.128784392,
K2-402 b,K2-402,1,1,Transit,2022.0,17.27474,0.0,,,2.678,,0.0,5716.0,1.28,0.944,523.055,,1.569201338,
K2-403 b,K2-403,1,1,Transit,2022.0,33.589979,0.0,,,5.333,,0.0,5511.0,0.886,0.784,246.599,,0.649649245,
K2-404 b,K2-404,1,1,Transit,2022.0,13.115365,0.0,,,2.53,,0.0,3748.0,0.552,0.552,121.63,,0.05394688,
K2-405 b,K2-405,1,1,Transit,2022.0,3.435471,0.0,,,4.569,,0.0,4927.0,0.765,1.034,197.234,,0.309416144,
K2-406 b,K2-406,1,1,Transit,2022.0,22.549406,0.0,,,4.602,,0.0,5784.0,0.961,0.798,85.3751,,0.927362996,
K2-407 b,K2-407,1,2,Transit,2022.0,4.941907,0.0,,,1.283,,0.0,5563.0,0.927,0.881,218.376,,0.738389578,
K2-407 c,K2-407,1,2,Transit,2022.0,9.22453,0.0,,,1.36,,0.0,5563.0,0.927,0.881,218.376,,0.738389578,
K2-408 b,K2-408,1,1,Transit,2022.0,20.978959,0.0,,,1.677,,0.0,5335.0,0.784,0.813,162.306,,0.446744969,
K2-409 b,K2-409,1,1,Transit,2022.0,1.908084,0.0,,,2.482,,0.0,5742.0,1.228,0.886,431.031,,1.470751623,
K2-411 b,K2-411,1,1,Transit,2022.0,3.2141,0.011448734,0.0511,,0.9898,,0.0,5711.0,1.375,1.018,298.219,1428.448337,1.804445988,691.0382497
K2-412 b,K2-412,1,1,Transit,2022.0,5.9382,0.015011383,0.0586,,2.116,,0.0,5590.0,0.977,0.893,654.085,1100.580365,0.836230895,243.5179488
K2-413 b,K2-413,1,2,Transit,2022.0,0.8094,0.001407904,0.0117,,0.7599,,0.0,4116.0,0.7,0.808,285.162,1535.122135,0.126179091,921.7553582
K2-413 c,K2-413,1,2,Transit,2022.0,5.3301,0.009781573,0.0426,,1.2327,,0.0,4116.0,0.7,0.808,285.162,804.5092932,0.126179091,69.52935429
K2-414 b,K2-414,1,2,Transit,2022.0,4.3696,0.011911905,0.0487,,1.219,,0.0,4343.0,0.732,0.814,260.036,811.8809812,0.17102962,72.11297408
K2-414 c,K2-414,1,2,Transit,2022.0,6.669,0.014374621,0.0552,,1.9287,,0.0,4343.0,0.732,0.814,260.036,762.5833339,0.17102962,56.12975855
K2-415 b,K2-415,1,1,Transit,2023.0,4.0179694,0.010972024,0.027,,1.015,7.5,39.51979977,3173.0,0.1965,0.1635,21.8182,412.7441685,0.003511521,4.816900988
K2-416 b,K2-416,1,1,Transit,2023.0,13.102,0.035264175,0.088,,2.66,1652.707716,483.8410853,3746.0,0.554,0.548,120.311,453.2030229,0.054222617,7.001887478
K2-417 b,K2-417,1,1,Transit,2023.0,6.535,0.020963061,0.063,,3.31,699.2224954,106.238764,3861.0,0.5776,0.569,94.0424,563.7085186,0.06651865,16.75954897
K2-419 A b,K2-419 A,2,1,Transit,2024.0,20.35847252,0.056005702,0.1208,0.042,10.55,196.0,0.919708693,3711.0,0.541,0.562,268.685,378.6758408,0.049802162,3.412827433
K2-42 b,K2-42,1,1,Transit,2016.0,6.68796,0.018291916,0.0617,,2.15,,0.0,4613.0,0.643,0.702,396.913,718.05521,0.167975373,44.12404168
K2-43 b,K2-43,1,2,Transit,2016.0,3.471149,0.0,,,4.51,,0.0,3840.6,0.542,0.571,182.536,,0.057343571,
K2-43 c,K2-43,1,2,Transit,2019.0,2.198884,0.0,,,2.42,,0.0,3840.6,0.542,0.571,182.536,,0.057343571,
K2-44 b,K2-44,1,1,Transit,2016.0,5.657,0.013704966,0.06,,2.433,,0.0,5912.0,1.58,1.15,476.703,1462.84672,2.736161485,760.0448571
K2-45 b,K2-45,1,1,Transit,2016.0,1.7292684,0.004727026,0.0224,,6.71,,0.0,4103.0,0.445,0.503,495.317,881.7977613,0.050351909,100.3505837
K2-46 b,K2-46,1,1,Transit,2016.0,19.1541,0.052441316,0.13821,,2.05,,0.0,6256.0,1.29,0.96,449.237,921.5806348,2.286947689,119.722919
K2-47 b,K2-47,1,1,Transit,2016.0,31.6372,0.086642962,0.1779,,1.89,,0.0,5054.0,0.76,0.75,349.881,503.6925627,0.338109976,10.68331635
K2-48 b,K2-48,1,1,Transit,2016.0,20.5065,0.056150489,0.1344,,2.24,,0.0,4899.0,0.73,0.77,313.764,550.5296499,0.275400883,15.24638178
K2-49 b,K2-49,1,1,Transit,2016.0,2.77065,0.007605935,0.0309,,1.93,,0.0,4175.0,0.45,0.51,457.125,768.2365678,0.055200218,57.81277793
K2-5 b,K2-5,1,2,Transit,2015.0,5.73594,0.015710953,0.0532,,1.91,,0.0,3930.0,0.57,0.61,202.943,620.2769471,0.069536009,24.56894444
K2-5 c,K2-5,1,2,Transit,2015.0,10.93241,0.029954704,0.0818,,2.26,,0.0,3930.0,0.57,0.61,202.943,500.2243228,0.069536009,10.39209613
K2-50 b,K2-50,1,2,Transit,2016.0,8.7529,0.023947659,0.0705,,1.59,,0.0,4326.0,0.546,0.611,257.443,580.4967018,0.093674459,18.84703173
K2-52 b,K2-52,1,1,Transit,2016.0,3.535055,0.009649812,0.054,,18.0,,0.0,7147.0,2.192,1.691,1038.41,2195.62747,11.24776096,3857.256845
K2-53 b,K2-53,1,1,Transit,2016.0,12.20772,0.033256331,0.098,,2.6,,0.0,5263.0,0.807,0.851,138.018,728.2300203,0.448301714,46.67864579
K2-54 b,K2-54,1,1,Transit,2016.0,9.7833,0.026769449,0.0761,0.24,2.6116925,,0.0,3990.0,0.643,0.615,174.955,559.2391055,0.094016348,16.23431861
K2-55 b,K2-55,1,1,Transit,2016.0,2.849271,0.0,,,4.43,44.0,2.788644136,4300.0,0.715,0.688,159.522,,0.156810723,
K2-57 b,K2-57,1,1,Transit,2016.0,9.0073,0.024665401,0.0752,0.25,2.30905002,,0.0,4413.0,0.671,0.699,264.213,635.6202808,0.153204175,27.09161648
K2-58 b,K2-58,1,3,Transit,2016.0,7.05254,0.01929586,0.0692,,2.68,,0.0,5413.0,0.86,0.89,181.746,920.1225707,0.569690347,118.9670443
K2-58 c,K2-58,1,3,Transit,2016.0,2.53726,0.006940761,0.035,,1.62,,0.0,5413.0,0.86,0.89,181.746,1293.792738,0.569690347,465.0533446
K2-58 d,K2-58,1,3,Transit,2016.0,22.8827,0.062630138,0.1517,,1.71,,0.0,5413.0,0.86,0.89,181.746,621.4496402,0.569690347,24.75527181
K2-59 b,K2-59,1,2,Transit,2016.0,20.6921,0.056631428,0.1354,,2.41,,0.0,5055.0,0.731,0.774,311.313,566.3462052,0.313046782,17.07544045
K2-59 c,K2-59,1,2,Transit,2016.0,11.2954,0.030945848,0.0905,,2.3,,0.0,5055.0,0.731,0.774,311.313,692.7348513,0.313046782,38.22188357
K2-6 b,K2-6,1,1,Transit,2015.0,30.94191,0.083957296,0.1898,,2.5,,0.0,5850.0,0.96,0.97,316.819,634.3878508,0.968402229,26.88211064
K2-60 b,K2-60,1,1,Transit,2016.0,3.00265,0.009692435,0.045,0.0,7.655747,135.39558,1.662621405,5500.0,1.12,0.97,491.87,1323.052027,1.029856355,508.5710395
K2-61 b,K2-61,1,1,Transit,2016.0,2.57336,0.0,,,1.92,,0.0,5748.0,0.995,0.97,405.732,,0.969623314,
K2-62 b,K2-62,1,2,Transit,2016.0,6.67199,0.0,,,2.02,,0.0,4455.0,0.696,0.67,112.467,,0.171198188,
K2-62 c,K2-62,1,2,Transit,2016.0,16.19697,0.0,,,1.99,,0.0,4455.0,0.696,0.67,112.467,,0.171198188,
K2-63 b,K2-63,1,2,Transit,2016.0,20.257,0.055464782,0.1627,,3.22,,0.0,6771.0,1.63,1.4,517.534,1033.390151,5.01044517,189.2784662
K2-63 c,K2-63,1,2,Transit,2016.0,25.4556,0.069443034,0.189,,3.9,,0.0,6771.0,1.63,1.4,517.534,958.7981613,5.01044517,140.2660947
K2-64 b,K2-64,1,1,Transit,2016.0,6.53044,0.017890681,0.0619,,2.07,,0.0,5312.0,0.726,0.741,499.891,877.1876949,0.376526335,98.26843933
K2-65 b,K2-65,1,1,Transit,2016.0,12.6475,0.034617628,0.1014,,1.58,,0.0,5213.0,0.84,0.87,,723.468904,0.467519061,45.46983851
K2-66 b,K2-66,1,1,Transit,2016.0,5.06963,0.013890472,0.05983,0.0,2.49,21.3,7.602092698,5887.0,1.67,1.11,513.877,1499.699507,3.005376841,839.5777678
K2-68 b,K2-68,1,1,Transit,2016.0,8.05428,0.022048978,0.0708,,1.58,,0.0,4746.0,0.675,0.73,168.652,706.6013618,0.207399799,41.37536288
K2-69 b,K2-69,1,1,Transit,2016.0,7.06599,0.019355546,0.0591,,2.32,,0.0,4127.0,0.491,0.551,180.697,573.5786178,0.062746674,17.96452539
K2-7 b,K2-7,1,1,Transit,2015.0,28.6781,0.078502686,0.1867,0.24,4.03523305,,0.0,5700.0,1.533,1.056,738.553,787.5629059,2.225735652,63.85353518
K2-70 b,K2-70,1,1,Transit,2016.0,13.97896,0.038246637,0.1112,,2.89,,0.0,5622.0,0.93,0.94,232.964,783.9554805,0.775209546,62.69162652
K2-71 b,K2-71,1,1,Transit,2016.0,6.98541,0.019136324,0.0559,,2.15,,0.0,4006.0,0.426,0.477,153.192,533.2382803,0.0419327,13.41927992
K2-72 b,K2-72,1,4,Transit,2016.0,5.577212,0.015357236,0.04,0.11,1.08,,0.0,3360.47,0.330989,0.271365,66.4321,466.1098557,0.01253479,7.834243746
K2-72 c,K2-72,1,4,Transit,2016.0,15.189034,0.041818167,0.078,0.11,1.16,,0.0,3360.47,0.330989,0.271365,66.4321,333.7882006,0.01253479,2.060287639
K2-72 d,K2-72,1,4,Transit,2016.0,7.760178,0.02146239,0.05,0.11,1.01,,0.0,3360.47,0.330989,0.271365,66.4321,416.9013289,0.01253479,5.013915997
K2-72 e,K2-72,1,4,Transit,2016.0,24.158868,0.06624939,0.106,0.11,1.29,,0.0,3360.47,0.330989,0.271365,66.4321,286.3290083,0.01253479,1.115591847
K2-73 b,K2-73,1,2,Transit,2016.0,7.49556,0.0,,,2.58,9.2,2.951755005,5867.0,1.058,1.02,269.183,,1.1899413,
K2-73 c,K2-73,1,2,Radial Velocity,2025.0,1000.0,0.0,,,,1142.0,,5867.0,1.058,1.02,269.183,,1.1899413,
K2-74 b,K2-74,1,1,Transit,2016.0,19.5666,0.053577988,0.1402,,2.31,,0.0,6060.0,0.98,0.96,377.822,772.5438397,1.162070558,59.12027843
K2-75 b,K2-75,1,2,Transit,2016.0,7.8142,0.021404177,0.081,,2.67,,0.0,5995.0,1.56,1.16,561.93,1268.587582,2.820303176,429.8587373
K2-75 c,K2-75,1,2,Transit,2016.0,18.311,0.050155591,0.1429,,2.77,,0.0,5995.0,1.56,1.16,561.93,955.0956143,2.820303176,138.111976
K2-77 b,K2-77,1,1,Transit,2016.0,8.2000844,0.022451779,0.0753,0.29,2.4996027,,0.0,5160.0,0.792,0.847,141.731,806.9122022,0.398968878,70.36376464
K2-79 b,K2-79,1,1,Transit,2016.0,10.9947,0.030078544,0.0988,0.23,4.09,9.2,0.740916902,5897.0,1.265,1.066,256.011,1017.44138,1.736182651,177.8613248
K2-8 b,K2-8,1,2,Transit,2015.0,10.35239,0.0283572,0.0856,,3.58,,0.0,4870.0,0.74,0.78,403.513,690.4296242,0.27635615,37.7156507
K2-8 c,K2-8,1,2,Transit,2016.0,5.06416,0.013893771,0.0532,,2.41,,0.0,4870.0,0.74,0.78,403.513,875.7910114,0.27635615,97.64406917
K2-80 b,K2-80,1,3,Transit,2016.0,19.0918,0.052285275,0.135,,2.01,,0.0,5441.0,0.87,0.9,200.802,666.0133685,0.595173052,32.65695756
K2-80 c,K2-80,1,3,Transit,2016.0,5.605,0.015337273,0.0596,,1.47,,0.0,5441.0,0.87,0.9,200.802,1002.366863,0.595173052,167.5524333
K2-80 d,K2-80,1,3,Transit,2018.0,28.867253,0.0,,,2.55211506,,0.0,5377.0,0.841458,0.913111,200.802,,0.531024897,
K2-81 b,K2-81,1,1,Transit,2016.0,6.102325,0.016600468,0.059,0.06,1.97,,0.0,4674.13,0.634663,0.745273,252.318,739.1930076,0.172496131,49.55361424
K2-83 b,K2-83,1,2,Transit,2016.0,2.74697,0.007521288,0.03014,,1.244,,0.0,3910.0,0.424,0.484,125.529,707.1304522,0.037698893,41.49942667
K2-83 c,K2-83,1,2,Transit,2016.0,9.99767,0.027371776,0.07131,,1.483,,0.0,3910.0,0.424,0.484,125.529,459.7226972,0.037698893,7.413575586
K2-84 b,K2-84,1,2,Transit,2016.0,6.4215,0.017594246,0.0665,,2.41,,0.0,5652.0,0.93,0.95,284.876,1019.16449,0.79188909,179.0692725
K2-84 c,K2-84,1,2,Transit,2016.0,27.86,0.076271377,0.1768,,2.03,,0.0,5652.0,0.93,0.95,284.876,625.048872,0.79188909,25.33377088
K2-85 b,K2-85,1,1,Transit,2016.0,0.684538626,0.0,,,1.4,3.2,6.425655977,4232.0,0.71,0.7,97.2179,,0.145073866,
K2-86 b,K2-86,1,1,Transit,2016.0,8.77683,0.02403934,0.077,,1.96,,0.0,5482.0,0.76,0.79,258.699,830.4470437,0.468029426,78.9390161
K2-87 b,K2-87,1,1,Transit,2016.0,9.726618,0.026712546,0.094,,7.6,,0.0,5747.0,1.401,1.164,491.242,1069.812866,1.921015677,217.4078403
K2-88 b,K2-88,1,1,Transit,2016.0,4.6122,0.012615916,0.0345,,1.23,,0.0,3537.0,0.256,0.258,110.561,464.5762173,0.009202589,7.731643658
K2-89 b,K2-89,1,1,Transit,2016.0,1.096026,0.003000933,0.01462,,0.615,,0.0,3691.0,0.318,0.347,86.0386,830.0330733,0.016839154,78.78173219
K2-9 b,K2-9,1,1,Transit,2015.0,18.4498,0.050118892,0.091,,2.25,,0.0,3390.0,0.31,0.3,82.9631,301.6972333,0.011387071,1.375084054
K2-90 b,K2-90,1,2,Transit,2016.0,13.733314,0.03750434,0.096,,2.6,,0.0,4484.0,0.619,0.629,134.188,549.0182619,0.138974002,15.0796443
K2-90 c,K2-90,1,2,Transit,2016.0,2.900706,0.007800577,0.035,0.19,1.3,,0.0,4421.98,0.634754,0.704613,134.188,908.0232182,0.138219029,112.8318606
K2-91 b,K2-91,1,1,Transit,2016.0,1.419549,0.00388664,0.0164,,1.1,,0.0,3622.0,0.284,0.292,62.5785,726.7702989,0.012454328,46.30550425
K2-95 b,K2-95,1,1,Transit,2016.0,10.1346454,0.01878655,0.0525,,3.31,,0.0,3566.0,0.4,0.41,179.854,474.6168596,0.023213209,8.422026065
K2-97 b,K2-97,1,1,Transit,2016.0,8.407115,0.023072459,0.0854,0.207,13.45077684,174.4877954,0.395070455,4673.0,4.14,1.17,878.43,1568.839426,7.332864438,1005.444065
K2-98 b,K2-98,1,1,Transit,2016.0,10.1367349,0.0277368,0.0986,0.119,5.06645928,34.00763955,1.440835559,6260.0,1.518,1.246,518.625,1184.358661,3.174904935,326.5704585
K2-99 b,K2-99,1,2,Transit,2016.0,18.24783,0.049871898,0.153,0.22,11.88151954,276.5107141,0.908338251,6069.0,2.55,1.44,519.229,1194.683845,7.914778417,338.1083522
K2-99 c,K2-99,1,2,Radial Velocity,2022.0,522.2,1.425026072,1.43,0.21,,2669.758619,,6069.0,2.55,1.44,519.229,390.7785235,7.914778417,3.870496561
KELT-1 b,KELT-1,1,1,Transit,2012.0,1.217514,0.003351575,0.02466,0.0099,12.442,8654.15,24.75742239,6516.0,1.471,1.335,268.43,2426.623251,3.499769951,5755.10635
KELT-10 b,KELT-10,1,1,Transit,2016.0,4.1662739,0.011407397,0.0525,,15.681391,215.80657,0.308363176,5948.0,1.209,1.112,188.404,1376.30896,1.641444833,595.5355402
KELT-11 b,KELT-11,1,1,Transit,2017.0,4.73620865,0.012958383,0.0623,0.0,15.13212395,65.15482343,0.103609243,5375.0,2.69,1.44,99.1596,1703.02908,5.41886441,1396.150355
KELT-12 b,KELT-12,1,1,Transit,2017.0,5.031623,0.013773823,0.06708,0.0,19.95202,301.9385,0.209464041,6279.0,2.37,1.591,368.03,1799.615014,7.833367002,1740.854067
KELT-14 b,KELT-14,1,1,Transit,2016.0,1.7100566,0.004679841,0.03005,0.0,19.537287,408.09372,0.301521817,5720.0,1.52,1.239,250.121,1961.58469,2.219019614,2457.379259
KELT-15 b,KELT-15,2,1,Transit,2016.0,3.32944,0.0,,0.0,19.50366,416.3573,0.30922132,6003.0,1.78,2.06,324.683,,3.69150302,
KELT-16 b,KELT-16,2,1,Transit,2017.0,0.9689951,0.002655518,0.02044,0.0,15.860735,874.0325,1.207005512,6236.0,1.36,1.211,444.586,2452.712213,2.509528272,6006.622103
KELT-17 b,KELT-17,1,1,Transit,2016.0,3.0801716,0.008433432,0.04881,,17.093725,416.3573,0.459311843,7454.0,1.645,1.635,226.5,2086.55297,7.495130661,3146.020824
KELT-18 b,KELT-18,2,1,Transit,2017.0,2.8717518,0.007861847,0.0455,0.0,17.59813,375.0394,0.3791656,6670.0,1.908,1.524,321.376,2082.671622,6.46472308,3122.677493
KELT-19 A b,KELT-19 A,2,1,Transit,2017.0,4.6117093,0.012631404,0.0637,,21.40919,1293.5681,0.726340376,7500.0,1.83,1.62,300.276,1938.333808,9.506859662,2342.924093
KELT-2 A b,KELT-2 A,2,1,Transit,2012.0,4.11379,0.0,,0.0,15.13215,540.311,0.85919847,6327.0,1.93,1.54,134.058,,5.355447988,
KELT-20 b,KELT-20,1,1,Transit,2017.0,3.4741085,0.009511359,0.0542,,19.514869,1074.90106,0.796935493,8720.0,1.565,1.76,136.426,2259.360289,12.70528682,4324.997895
KELT-21 b,KELT-21,1,1,Transit,2018.0,3.6127647,0.009888399,0.05224,0.0,17.777474,1242.7153,1.218745676,7598.0,1.638,1.458,470.878,2051.474544,8.022593765,2939.73691
KELT-23 A b,KELT-23 A,2,1,Transit,2019.0,2.255251,0.006175606,0.03302,0.0,14.829507,298.12454,0.503696792,5899.0,0.996,0.944,126.261,1562.17977,1.077760125,988.4801981
KELT-24 b,KELT-24,2,1,Transit,2019.0,5.55149296,0.015229051,0.0665,0.0319,12.71098411,1458.832388,3.913987804,6426.0,1.338,1.268,96.5173,1389.854808,2.738829277,619.3293634
KELT-3 b,KELT-3,2,1,Transit,2013.0,2.70339,0.0,,0.0,17.48604,616.5902,0.635438924,6304.0,1.7,1.96,210.252,,4.094986842,
KELT-4 A b,KELT-4 A,3,1,Transit,2016.0,2.9895932,0.008184677,0.04317,0.0,19.044091,286.68266,0.22870322,6206.0,1.603,1.201,218.05,1823.471529,3.419825763,1835.016114
KELT-6 b,KELT-6,1,2,Transit,2014.0,7.8457,0.0,,0.22,14.5717,165.2716,0.294319587,6102.0,1.73,1.42,240.726,,3.72280998,
KELT-6 c,KELT-6,1,2,Radial Velocity,2015.0,1276.0,3.481991096,2.39,0.21,,1179.1493,,6272.0,1.529,1.126,240.726,241.892454,3.245854286,0.568241853
KELT-7 b,KELT-7,1,1,Transit,2015.0,2.73477,0.0,,0.0,17.9344,441.7837,0.421988613,6768.0,1.81,1.76,136.681,,6.167205214,
KELT-8 b,KELT-8,1,1,Transit,2015.0,3.24406,0.0,,0.04,18.15858,209.7678,0.193038872,5754.0,1.46,0.81,197.572,,2.096404058,
KELT-9 b,KELT-9,2,1,Transit,2017.0,1.4811235,0.004057797,0.03462,0.0,21.196219,915.3504,0.529619273,10170.0,2.362,2.52,204.455,4050.501958,53.54679088,44676.51835
KIC 10001893 b,KIC 10001893,1,3,Orbital Brightness Modulation,2014.0,0.2197,0.000601506,,,,,,27500.0,,,1672.94,,0.0,
KIC 10001893 c,KIC 10001893,1,3,Orbital Brightness Modulation,2014.0,0.32528,0.000890568,,,,,,27500.0,,,1672.94,,0.0,
KIC 10001893 d,KIC 10001893,1,3,Orbital Brightness Modulation,2014.0,0.81161,0.002222067,,,,,,27500.0,,,1672.94,,0.0,
KIC 10068024 b,KIC 10068024,1,1,Orbital Brightness Modulation,2021.0,2.073549,0.0,,,,635.656814,,6118.4,1.574,1.22,721.105,,3.114947785,
KIC 10525077 b,KIC 10525077,1,1,Transit,2015.0,854.083,0.0,,,5.5,,0.0,6091.0,1.01,1.01,1461.15,,1.259757624,
KIC 3526061 b,KIC 3526061,1,1,Radial Velocity,2022.0,3552.0,9.779136458,5.14,0.85,,5768.585587,,4829.0,5.86,1.42,401.229,248.6199258,16.75382226,0.634143676
KIC 3558849 b,KIC 3558849,1,1,Transit,2015.0,1322.3,0.0,,,6.9,,0.0,6175.0,1.01,0.98,1215.7,,1.330700884,
KIC 5437945 b,KIC 5437945,1,2,Transit,2015.0,440.7813,0.0,,,6.4,,0.0,6340.0,1.24,1.07,1274.01,,2.228898294,
KIC 5479689 b,KIC 5479689,1,1,Orbital Brightness Modulation,2021.0,1.701531,0.0,,,,158.9142035,,5459.1,0.894,0.966,454.95,,0.6368675,
KIC 7917485 b,KIC 7917485,1,1,Pulsation Timing Variations,2016.0,840.0,0.0,,0.15,,3750.394,,7067.0,,1.63,1382.89,,0.0,
KIC 8121913 b,KIC 8121913,1,1,Orbital Brightness Modulation,2021.0,3.294601,0.0,,,,667.4396547,,5975.3,2.233,1.456,707.303,,5.703036547,
KIC 8540376 b,KOI-7892,1,3,Transit,2015.0,31.8099,0.0,,,4.1,,0.0,6474.0,1.26,1.04,1072.3,,2.502198276,
KIC 8540376 c,KOI-7892,1,3,Transit,2015.0,75.2,0.0,,,2.4,,0.0,6474.0,1.26,1.04,1072.3,,2.502198276,
KIC 9663113 b,KIC 9663113,1,2,Transit,2015.0,572.3847,0.0,,,4.6,,0.0,6065.0,1.03,0.98,1594.74,,1.287915946,
KMT-2016-BLG-0212L b,KMT-2016-BLG-0212L,1,1,Microlensing,2018.0,,4.709918612,2.2,,,5700.0,,,,0.48,6300.0,0.0,0.0,0.0
KMT-2016-BLG-1105L b,KMT-2016-BLG-1105L,1,1,Microlensing,2023.0,,5.952409637,2.44,,,2.32,,,,0.41,5080.0,0.0,0.0,0.0
KMT-2016-BLG-1107L b,KMT-2016-BLG-1107L,1,1,Microlensing,2019.0,,0.678077811,0.342,,,1043.0,,,,0.087,6651.0,0.0,0.0,0.0
KMT-2016-BLG-1397L b,KMT-2016-BLG-1397L,1,1,Microlensing,2018.0,,17.1691584,5.1,,,2200.0,,,,0.45,6600.0,0.0,0.0,0.0
KMT-2016-BLG-1820L b,KMT-2016-BLG-1820L,1,1,Microlensing,2018.0,,5.683335965,1.08,,,1450.0,,,,0.039,6260.0,0.0,0.0,0.0
KMT-2016-BLG-1836L b,KMT-2016-BLG-1836L,1,1,Microlensing,2019.0,,9.354143467,3.5,,,700.0,,,,0.49,7100.0,0.0,0.0,0.0
KMT-2016-BLG-2142L b,KMT-2016-BLG-2142L,1,1,Microlensing,2018.0,,2.79869588,0.83,,,4923.0,,,,0.073,7010.0,0.0,0.0,0.0
KMT-2016-BLG-2321L b,KMT-2016-BLG-2321L,1,1,Microlensing,2024.0,,7.927990296,3.58,,,301.9369867,,,,0.73,3580.0,0.0,0.0,0.0
KMT-2016-BLG-2364L b,KMT-2016-BLG-2364L,1,1,Microlensing,2020.0,,6.031823439,2.63,,,1250.0,,,,0.5,6440.0,0.0,0.0,0.0
KMT-2016-BLG-2397L b,KMT-2016-BLG-2397L,1,1,Microlensing,2020.0,,8.680846733,3.64,,,836.0,,,,0.64,4880.0,0.0,0.0,0.0
KMT-2016-BLG-2605L b,KMT-2016-BLG-2605L,1,1,Microlensing,2021.0,,2.221420017,0.681,,,245.0457018,,,,0.064,6421.0,0.0,0.0,0.0
KMT-2017-BLG-0165L b,KMT-2017-BLG-0165L,1,1,Microlensing,2018.0,,7.350584026,3.45,,,34.0,,,,0.76,4530.0,0.0,0.0,0.0
KMT-2017-BLG-0428L b,KMT-2017-BLG-0428L,1,1,Microlensing,2023.0,,4.176172255,1.81,,,5.59,,,,0.34,5400.0,0.0,0.0,0.0
KMT-2017-BLG-0673L b,KMT-2017-BLG-0673L,1,1,Microlensing,2022.0,,4.509760843,2.34,,,1166.430254,,,,0.63,5080.0,0.0,0.0,0.0
KMT-2017-BLG-0849L b,KMT-2017-BLG-0849L,1,1,Microlensing,2024.0,,10.34825615,2.73,,,6.39,,,,0.19,7220.0,0.0,0.0,0.0
KMT-2017-BLG-1003L b,KMT-2017-BLG-1003L,1,1,Microlensing,2023.0,,2.865785233,1.38,,,5.19,,,,0.32,7090.0,0.0,0.0,0.0
KMT-2017-BLG-1038L b,KMT-2017-BLG-1038L,1,1,Microlensing,2019.0,,3.970158959,1.8,,,640.0,,,,0.37,6000.0,0.0,0.0,0.0
KMT-2017-BLG-1057L b,KMT-2017-BLG-1057L,1,1,Microlensing,2024.0,,4.802093111,2.36,,,23.5,,,,0.57,6500.0,0.0,0.0,0.0
KMT-2017-BLG-1146L b,KMT-2017-BLG-1146L,1,1,Microlensing,2019.0,,3.523084048,1.6,,,230.0,,,,0.33,6500.0,0.0,0.0,0.0
KMT-2017-BLG-1194L b,KMT-2017-BLG-1194L,1,1,Microlensing,2023.0,,3.708839803,1.78,,,3.54,,,,0.41,4240.0,0.0,0.0,0.0
KMT-2017-BLG-2197L b,KMT-2017-BLG-2197L,1,1,Microlensing,2025.0,,105.7679335,15.91,,,2809.603118,,,,0.36,7800.0,0.0,0.0,0.0
KMT-2017-BLG-2331L b,KMT-2017-BLG-2331L,1,1,Microlensing,2024.0,,4.949834341,2.14,,,171.0,,,,0.4,8030.0,0.0,0.0,0.0
KMT-2017-BLG-2509L b,KMT-2017-BLG-2509L,1,1,Microlensing,2021.0,,4.615744323,2.14,,,664.2613706,,,,0.46,7040.0,0.0,0.0,0.0
KMT-2018-BLG-0029L b,KMT-2018-BLG-0029L,1,1,Microlensing,2020.0,,8.263982462,4.27,,,7.59,,,,1.14,3380.0,0.0,0.0,0.0
KMT-2018-BLG-0030L b,KMT-2018-BLG-0030L,1,1,Microlensing,2022.0,,12.87987631,4.39,,,460.8511902,,,,0.51,6480.0,0.0,0.0,0.0
KMT-2018-BLG-0087L b,KMT-2018-BLG-0087L,1,1,Microlensing,2022.0,,2.566131329,0.87,,,73.10053361,,,,0.1,7020.0,0.0,0.0,0.0
KMT-2018-BLG-0247L b,KMT-2018-BLG-0247L,1,1,Microlensing,2022.0,,7.164793233,2.46,,,670.6179388,,,,0.29,6760.0,0.0,0.0,0.0
KMT-2018-BLG-0748L b,KMT-2018-BLG-0748L,1,1,Microlensing,2020.0,,1.655113984,0.62,,,60.0,,,,0.087,7300.0,0.0,0.0,0.0
KMT-2018-BLG-0885L b,KMT-2018-BLG-0885L,1,1,Microlensing,2023.0,,2.05530684,1.07,,,9217.023803,,,,0.29,6890.0,0.0,0.0,0.0
KMT-2018-BLG-1025L b,KMT-2018-BLG-1025L,1,1,Microlensing,2021.0,,3.185618099,1.305,,,6.059,,,,0.219,6705.0,0.0,0.0,0.0
KMT-2018-BLG-1292L b,KMT-2018-BLG-1292L,1,1,Microlensing,2020.0,,14.18282418,6.03,,,1400.0,,,,1.09,3460.0,0.0,0.0,0.0
KMT-2018-BLG-1743L b,KMT-2018-BLG-1743L,1,1,Microlensing,2021.0,,3.970305485,1.449,,,77.86795971,,,,0.193,6483.0,0.0,0.0,0.0
KMT-2018-BLG-1976L b,KMT-2018-BLG-1976L,1,1,Microlensing,2021.0,,8.261296602,3.54,,,705.5790635,,,,0.65,5840.0,0.0,0.0,0.0
KMT-2018-BLG-1988L b,KMT-2018-BLG-1988L,1,1,Microlensing,2022.0,,7.922984206,3.09,,,5.56,,,,0.47,4150.0,0.0,0.0,0.0
KMT-2018-BLG-1990L b,KMT-2018-BLG-1990L,1,1,Microlensing,2019.0,,2.173816496,0.763,,,111.0,,,,0.094,967.0,0.0,0.0,0.0
KMT-2018-BLG-1996L b,KMT-2018-BLG-1996L,1,1,Microlensing,2021.0,,10.62226831,4.27,,,346.4329636,,,,0.69,5910.0,0.0,0.0,0.0
KMT-2018-BLG-2602L b,KMT-2018-BLG-2602L,1,1,Microlensing,2022.0,,9.154096698,3.81,,,365.5026681,,,,0.66,4310.0,0.0,0.0,0.0
KMT-2019-BLG-0253L b,KMT-2019-BLG-0253L,1,1,Microlensing,2022.0,,6.523693082,3.1,,,9.2,,,,0.7,4900.0,0.0,0.0,0.0
KMT-2019-BLG-0297L b,KMT-2019-BLG-0297L,1,1,Microlensing,2023.0,,2.052566338,0.96,,,6038.739733,,,,0.21,3090.0,0.0,0.0,0.0
KMT-2019-BLG-0298L b,KMT-2019-BLG-0298L,1,1,Microlensing,2023.0,,16.1371029,5.67,,,575.2694167,,,,0.7,6710.0,0.0,0.0,0.0
KMT-2019-BLG-0335L b,KMT-2019-BLG-0335L,1,1,Microlensing,2023.0,,3.712707907,1.64,,,6674.396547,,,,0.32,7710.0,0.0,0.0,0.0
KMT-2019-BLG-0371L b,KMT-2019-BLG-0371L,1,1,Microlensing,2021.0,,2.340557863,0.79,,,2447.278734,,,,0.09,7010.0,0.0,0.0,0.0
KMT-2019-BLG-0414L b,KMT-2019-BLG-0414L,1,1,Microlensing,2022.0,,1.452349448,1.16,,,1452.47582,,,,0.74,4410.0,0.0,0.0,0.0
KMT-2019-BLG-0578L b,KMT-2019-BLG-0578L,1,1,Microlensing,2025.0,,5.345224838,2.0,,,381.3940884,,,,0.28,7300.0,0.0,0.0,0.0
KMT-2019-BLG-0842L b,KMT-2019-BLG-0842L,1,1,Microlensing,2020.0,,6.907727462,3.31,,,10.28,,,,0.76,3320.0,0.0,0.0,0.0
KMT-2019-BLG-0953L b,KMT-2019-BLG-0953L,1,1,Microlensing,2022.0,,2.18026866,1.1,,,15.5,,,,0.28,7200.0,0.0,0.0,0.0
KMT-2019-BLG-1042L b,KMT-2019-BLG-1042L,1,1,Microlensing,2022.0,,4.046809443,1.7,,,60.38739733,,,,0.3,6600.0,0.0,0.0,0.0
KMT-2019-BLG-1216L b,KMT-2019-BLG-1216L,1,1,Microlensing,2023.0,,6.103127403,2.44,,,29.87587026,,,,0.39,2740.0,0.0,0.0,0.0
KMT-2019-BLG-1339L b,KMT-2019-BLG-1339L,1,1,Microlensing,2020.0,,4.550268994,2.15,,,397.0,,,,0.48,6120.0,0.0,0.0,0.0
KMT-2019-BLG-1367L b,KMT-2019-BLG-1367L,1,1,Microlensing,2023.0,,4.433057636,1.7,,,4.08,,,,0.25,4670.0,0.0,0.0,0.0
KMT-2019-BLG-1552L b,KMT-2019-BLG-1552L,1,1,Microlensing,2022.0,,4.716789296,2.6,,,1287.205048,,,,0.79,4600.0,0.0,0.0,0.0
KMT-2019-BLG-1715L b,KMT-2019-BLG-1715L,1,1,Microlensing,2021.0,,7.745370696,3.32,,,813.6407219,,,,0.61,3860.0,0.0,0.0,0.0
KMT-2019-BLG-1806L b,KMT-2019-BLG-1806L,1,1,Microlensing,2023.0,,6.100909104,3.02,,,4.67,,,,0.74,6640.0,0.0,0.0,0.0
KMT-2019-BLG-1953L b,KMT-2019-BLG-1953L,1,1,Microlensing,2020.0,,0.0,,,,200.0,,,,0.31,7040.0,,0.0,
KMT-2019-BLG-2783L b,KMT-2019-BLG-2783L,1,1,Microlensing,2023.0,,4.315370954,1.85,,,368.6809521,,,,0.34,5910.0,0.0,0.0,0.0
KMT-2019-BLG-2974L b,KMT-2019-BLG-2974L,1,1,Microlensing,2022.0,,4.125684985,2.0,,,88.99195396,,,,0.47,6100.0,0.0,0.0,0.0
KMT-2020-BLG-0414L b,KMT-2020-BLG-0414L,1,2,Microlensing,2021.0,,4.25458768,2.07,,,1.87,,,,0.49,1220.0,0.0,0.0,0.0
KMT-2020-BLG-0414L c,KMT-2020-BLG-0414L,1,2,Microlensing,2021.0,,150.4385901,22.3,,,8581.366989,,,,0.49,1220.0,0.0,0.0,0.0
KMT-2021-BLG-0119L b,KMT-2021-BLG-0119L,1,1,Microlensing,2022.0,,6.667764671,2.92,,,1754.412807,,,,0.56,3130.0,0.0,0.0,0.0
KMT-2021-BLG-0171L b,KMT-2021-BLG-0171L,1,1,Microlensing,2022.0,,7.414037275,3.5,,,11.2,,5200.0,,0.78,4600.0,0.0,0.0,0.0
KMT-2021-BLG-0192L b,KMT-2021-BLG-0192L,1,1,Microlensing,2022.0,,3.968173383,1.62,,,34.96112477,,,,0.27,5120.0,0.0,0.0,0.0
KMT-2021-BLG-0240L b,KMT-2021-BLG-0240L,1,1,Microlensing,2022.0,,6.260990337,2.8,,,66.74396547,,,,0.56,6600.0,0.0,0.0,0.0
KMT-2021-BLG-0320L b,KMT-2021-BLG-0320L,1,1,Microlensing,2022.0,,3.378361289,1.54,,,31.7828407,,,,0.32,6950.0,0.0,0.0,0.0
KMT-2021-BLG-0322L b,KMT-2021-BLG-0322L,2,1,Microlensing,2021.0,,0.0,,,,2034.101805,,,,0.62,6600.0,,0.0,
KMT-2021-BLG-0712L b,KMT-2021-BLG-0712L,1,1,Microlensing,2023.0,,7.052094466,2.22,,,38.19,,,,0.22,3090.0,0.0,0.0,0.0
KMT-2021-BLG-0736L b,KMT-2021-BLG-0736L,1,1,Microlensing,2025.0,,10.32795559,4.0,,,21.0,,,,0.6,7000.0,0.0,0.0,0.0
KMT-2021-BLG-0748L b,KMT-2021-BLG-0748L,1,1,Microlensing,2022.0,,6.313325194,2.43,,,143.0227832,,,,0.36,6090.0,0.0,0.0,0.0
KMT-2021-BLG-0909L b,KMT-2021-BLG-0909L,1,1,Microlensing,2023.0,,3.755478454,1.75,,,400.4637928,,,,0.38,6480.0,0.0,0.0,0.0
KMT-2021-BLG-0912L b,KMT-2021-BLG-0912L,1,1,Microlensing,2022.0,,6.220846405,3.14,,,2.81,,,,0.8,5560.0,0.0,0.0,0.0
KMT-2021-BLG-1077L b,KMT-2021-BLG-1077L,1,2,Microlensing,2022.0,,3.78,1.26,,,69.92224954,,,,0.14,8240.0,0.0,0.0,0.0
KMT-2021-BLG-1077L c,KMT-2021-BLG-1077L,1,2,Microlensing,2022.0,,2.396957893,0.93,,,79.45710175,,,,0.14,8240.0,0.0,0.0,0.0
KMT-2021-BLG-1105L b,KMT-2021-BLG-1105L,1,1,Microlensing,2023.0,,8.391403765,3.54,,,413.1769291,,,,0.63,4540.0,0.0,0.0,0.0
KMT-2021-BLG-1150L b,KMT-2021-BLG-1150L,1,1,Microlensing,2023.0,,11.1726795,4.5,,,279.6889982,,,,0.73,3800.0,0.0,0.0,0.0
KMT-2021-BLG-1253L b,KMT-2021-BLG-1253L,1,1,Microlensing,2022.0,,3.825249447,1.52,,,19.05,,,,0.24,6640.0,0.0,0.0,0.0
KMT-2021-BLG-1303L b,KMT-2021-BLG-1303L,1,1,Microlensing,2022.0,,6.50742747,2.89,,,120.7747947,,,,0.57,6280.0,0.0,0.0,0.0
KMT-2021-BLG-1372L b,KMT-2021-BLG-1372L,1,1,Microlensing,2022.0,,5.629863612,2.37,,,61.27,,,,0.42,5970.0,0.0,0.0,0.0
KMT-2021-BLG-1391L b,KMT-2021-BLG-1391L,1,1,Microlensing,2022.0,,5.697080571,2.29,,,4.55,,,,0.37,5720.0,0.0,0.0,0.0
KMT-2021-BLG-1547L b,KMT-2021-BLG-1547L,1,1,Microlensing,2023.0,,11.25,4.5,,,467.2077583,,,,0.72,5070.0,0.0,0.0,0.0
KMT-2021-BLG-1554L b,KMT-2021-BLG-1554L,1,1,Microlensing,2022.0,,2.16,0.72,,,38.13940884,,,,0.08,7680.0,0.0,0.0,0.0
KMT-2021-BLG-1689L b,KMT-2021-BLG-1689L,1,1,Microlensing,2022.0,,5.190342491,2.5,,,46.0,,4570.0,,0.58,7200.0,0.0,0.0,0.0
KMT-2021-BLG-1770L b,KMT-2021-BLG-1770L,1,1,Microlensing,2023.0,,2.368056652,0.9,,,6674.396547,,,,0.13,6920.0,0.0,0.0,0.0
KMT-2021-BLG-1898L b,KMT-2021-BLG-1898L,1,1,Microlensing,2022.0,,3.780156522,1.9,,,232.0147371,,,,0.48,6900.0,0.0,0.0,0.0
KMT-2021-BLG-2010L b,KMT-2021-BLG-2010L,1,1,Microlensing,2023.0,,3.937120295,1.79,,,340.0763955,,,,0.37,7090.0,0.0,0.0,0.0
KMT-2021-BLG-2294L b,KMT-2021-BLG-2294L,1,1,Microlensing,2022.0,,3.295966149,1.15,,,22.24798849,,,,0.14,6800.0,0.0,0.0,0.0
KMT-2021-BLG-2478L b,KMT-2021-BLG-2478L,1,1,Microlensing,2023.0,,5.626555341,1.85,,,286.0455663,,,,0.2,2970.0,0.0,0.0,0.0
KMT-2021-BLG-2609L b,KMT-2021-BLG-2609L,1,1,Microlensing,2024.0,,7.799679481,2.3,,,10.17050902,,,,0.2,7480.0,0.0,0.0,0.0
KMT-2022-BLG-0303L b,KMT-2022-BLG-0303L,1,1,Microlensing,2024.0,,17.38976468,4.81,,,163.0459728,,,,0.368,6570.0,0.0,0.0,0.0
KMT-2022-BLG-0371L b,KMT-2022-BLG-0371L,1,1,Microlensing,2023.0,,6.612111062,3.02,,,82.63538582,,,,0.63,7140.0,0.0,0.0,0.0
KMT-2022-BLG-0440L b,KMT-2022-BLG-0440L,1,1,Microlensing,2023.0,,3.597430949,1.9,,,15.4,,,,0.53,3500.0,0.0,0.0,0.0
KMT-2022-BLG-1013L b,KMT-2022-BLG-1013L,1,1,Microlensing,2023.0,,3.821046977,1.38,,,98.52680617,,,,0.18,7710.0,0.0,0.0,0.0
KMT-2022-BLG-1790L b,KMT-2022-BLG-1790L,1,1,Microlensing,2025.0,,15.79519378,5.25,,,549.8431441,,,,0.58,6480.0,0.0,0.0,0.0
KMT-2022-BLG-1818L b,KMT-2022-BLG-1818L,1,2,Microlensing,2026.0,,4.716789296,2.6,,,1271.313628,,,,0.79,5300.0,0.0,0.0,0.0
KMT-2022-BLG-1818L c,KMT-2022-BLG-1818L,1,2,Microlensing,2026.0,,50.32018997,12.6,,,114.4182265,,,,0.79,5300.0,0.0,0.0,0.0
KMT-2022-BLG-2076L b,KMT-2022-BLG-2076L,1,1,Microlensing,2025.0,,16.49442525,5.67,,,279.6889982,,,,0.67,5570.0,0.0,0.0,0.0
KMT-2022-BLG-2286L b,KMT-2022-BLG-2286L,1,1,Microlensing,2024.0,,6.419660427,2.02,,,6038.739733,,,,0.2,7320.0,0.0,0.0,0.0
KMT-2023-BLG-0119L b,KMT-2023-BLG-0119L,1,1,Microlensing,2025.0,,6.603364913,3.14,,,83.7,,,,0.71,5410.0,0.0,0.0,0.0
KMT-2023-BLG-0416L b,KMT-2023-BLG-0416L,1,1,Microlensing,2024.0,,6.416043383,2.96,,,13.03096469,,,,0.63,5900.0,0.0,0.0,0.0
KMT-2023-BLG-0469L b,KMT-2023-BLG-0469L,1,1,Microlensing,2024.0,,5.121168209,2.31,,,39.41072247,,,,0.47,7070.0,0.0,0.0,0.0
KMT-2023-BLG-0548L b,KMT-2023-BLG-0548L,1,1,Microlensing,2025.0,,21.12854589,6.85,,,1086.973152,,,,0.72,6830.0,0.0,0.0,0.0
KMT-2023-BLG-0735L b,KMT-2023-BLG-0735L,1,1,Microlensing,2024.0,,6.520376133,2.96,,,38.77506565,,,,0.61,6390.0,0.0,0.0,0.0
KMT-2023-BLG-0830L b,KMT-2023-BLG-0830L,1,1,Microlensing,2025.0,,4.725655318,1.7,,,17.79839079,,,,0.22,7250.0,0.0,0.0,0.0
KMT-2023-BLG-0949L b,KMT-2023-BLG-0949L,1,1,Microlensing,2025.0,,4.174682373,2.03,,,1900.613874,,,,0.48,6060.0,0.0,0.0,0.0
KMT-2023-BLG-1431L b,KMT-2023-BLG-1431L,1,1,Microlensing,2024.0,,7.582065635,3.2,,,13.6,,,,0.57,6800.0,0.0,0.0,0.0
KMT-2023-BLG-1454L b,KMT-2023-BLG-1454L,1,1,Microlensing,2024.0,,3.108841282,1.18,,,200.2318964,,,,0.17,7220.0,0.0,0.0,0.0
KMT-2023-BLG-1642L b,KMT-2023-BLG-1642L,1,1,Microlensing,2024.0,,4.060730882,1.41,,,343.2546796,,,,0.17,6980.0,0.0,0.0,0.0
KMT-2023-BLG-1743L b,KMT-2023-BLG-1743L,1,1,Microlensing,2024.0,,3.766956814,1.16,,,6356.56814,,,,0.11,7130.0,0.0,0.0,0.0
KMT-2023-BLG-1866L b,KMT-2023-BLG-1866L,1,1,Microlensing,2024.0,,5.972395158,2.63,,,2.63,,,,0.51,6210.0,0.0,0.0,0.0
KMT-2023-BLG-1896L b,KMT-2023-BLG-1896L,1,1,Microlensing,2025.0,,5.700104288,2.86,,,16.35,,,,0.72,5490.0,0.0,0.0,0.0
KMT-2023-BLG-2209L b,KMT-2023-BLG-2209L,1,1,Microlensing,2025.0,,7.696605817,3.51,,,254.2627256,,,,0.73,5570.0,0.0,0.0,0.0
KMT-2024-BLG-0176L b,KMT-2024-BLG-0176L,1,1,Microlensing,2026.0,,4.72544034,1.32,,,241.5495893,,,,0.103,8340.0,0.0,0.0,0.0
KMT-2024-BLG-0349L b,KMT-2024-BLG-0349L,1,1,Microlensing,2026.0,,19.91105723,6.46,,,3769.444907,,,,0.68,5750.0,0.0,0.0,0.0
KMT-2024-BLG-0404L b,KMT-2024-BLG-0404L,1,2,Microlensing,2025.0,,2.612204263,0.85,,,8657.645807,,,,0.09,7210.0,0.0,0.0,0.0
KMT-2024-BLG-0404L c,KMT-2024-BLG-0404L,1,2,Microlensing,2025.0,,0.0,,,,17.3,,,,0.09,7210.0,,0.0,
KMT-2024-BLG-1005L b,KMT-2024-BLG-1005L,1,1,Microlensing,2025.0,,2.93738288,0.78,,,6674.396547,,,,0.055,6950.0,0.0,0.0,0.0
KMT-2024-BLG-1044L b,KMT-2024-BLG-1044L,1,1,Microlensing,2024.0,,0.0,,,,7.75,,,,0.069,7140.0,,0.0,
KMT-2024-BLG-1209L b,KMT-2024-BLG-1209L,1,1,Microlensing,2025.0,,4.531742447,2.51,,,839.0669945,,,,0.77,3930.0,0.0,0.0,0.0
KMT-2024-BLG-1281L b,KMT-2024-BLG-1281L,1,1,Microlensing,2025.0,,4.850752519,1.96,,,19.06970442,,,,0.32,7180.0,0.0,0.0,0.0
KMT-2024-BLG-1870L b,KMT-2024-BLG-1870L,1,1,Microlensing,2026.0,,6.8301215,3.15,,,336.8981114,,,,0.67,5480.0,0.0,0.0,0.0
KMT-2024-BLG-2059L b,KMT-2024-BLG-2059L,1,1,Microlensing,2025.0,,5.701973343,2.55,,,6.99222495,,,,0.51,6070.0,0.0,0.0,0.0
KMT-2024-BLG-2087L b,KMT-2024-BLG-2087L,1,1,Microlensing,2026.0,,7.612780783,3.03,,,1395.266707,,,,0.48,7190.0,0.0,0.0,0.0
KMT-2024-BLG-2242L b,KMT-2024-BLG-2242L,1,1,Microlensing,2025.0,,3.196395162,0.89,,,13.98444991,,,,0.069,7620.0,0.0,0.0,0.0
KMT-2025-BLG-1616L b,KMT-2025-BLG-1616L,1,1,Microlensing,2026.0,,3.969111507,1.6,,,42.32,,,,0.26,7500.0,0.0,0.0,0.0
KOBE-1 b,KOBE-1,1,2,Radial Velocity,2025.0,8.5399,0.023381904,0.07006,0.0,,8.8,,4135.0,0.619,0.629,23.9718,592.6485832,0.100501653,20.47542559
KOBE-1 c,KOBE-1,1,2,Radial Velocity,2025.0,29.671,0.081234223,0.16071,0.0,,12.4,,4135.0,0.619,0.629,23.9718,391.3009177,0.100501653,3.891234479
KOI-12 b,KOI-12,1,2,Transit,2015.0,17.855182,0.049344125,0.154,0.34,13.78707,349.613,0.735060744,,1.4,1.5,399.398,0.0,0.0,0.0
KOI-1257 b,KOI-1257,2,1,Transit,2014.0,86.647661,0.237288913,0.382,0.772,10.54,460.83,2.168555343,5520.0,1.13,0.99,,457.7813511,1.06366054,7.28914051
KOI-13 b,KOI-13,3,1,Transit,2011.0,1.763588,0.005297449,0.03641,0.00064,16.948008,2949.4624,3.338400848,7650.0,1.74,1.72,519.096,2549.982491,9.303237051,7017.666562
KOI-134 b,KOI-134,1,2,Transit,2025.0,67.1277,0.184379609,0.363,0.16,12.03844527,346.4329636,1.094106504,6160.0,1.667,1.407,1159.21,636.5121209,3.589912789,27.24398599
KOI-134 c,KOI-134,1,2,Transit Timing Variations,2025.0,33.95,0.09329521,0.2305,0.24,,69.92224954,,6160.0,1.667,1.407,1159.21,798.7751139,3.589912789,67.56815165
KOI-142 b,KOI-142,1,3,Transit,2013.0,10.91647,0.0,,0.05561,3.438,9.5,1.288123748,5466.0,0.897,0.99,376.863,,0.644396608,
KOI-142 c,KOI-142,1,3,Transit Timing Variations,2013.0,22.26492,0.0,,0.05724,,214.1,,5466.0,0.897,0.99,376.863,,0.644396608,
KOI-1599.01,KOI-1599,1,2,Transit,2019.0,20.4415,0.05596488,0.14728,0.014,1.9,4.6,3.695290859,,0.972,1.02,1131.64,0.0,0.0,0.0
KOI-1599.02,KOI-1599,1,2,Transit,2019.0,13.6088,0.037258807,0.112293,0.0114,1.9,9.0,7.229916898,,0.972,1.02,1131.64,0.0,0.0,0.0
KOI-1783.01,KOI-1783,1,2,Transit,2020.0,134.4628,0.0,,0.0,8.86,71.0,0.562482198,5922.0,1.143,1.076,865.73,,1.44163701,
KOI-1783.02,KOI-1783,1,2,Transit,2020.0,284.215,0.0,,0.0,5.44,15.0,0.513388527,5922.0,1.143,1.076,865.73,,1.44163701,
KOI-1831 d,Kepler-324,1,4,Transit,2021.0,34.169,0.0,,,1.13,2.23,8.515715259,5233.0,0.835,0.901,501.574,,0.469100332,
KOI-1833 d,Kepler-968,1,3,Transit,2021.0,7.685,0.0,,,2.58,11.02,3.535689147,4413.0,0.667,0.681,290.324,,0.151383042,
KOI-1843.03,Kepler-974,1,2,Transit,2013.0,0.1768913,0.0,,,0.61,8.0,194.2012768,3584.0,0.45,0.46,134.311,,0.029976911,
KOI-217 b,KOI-217,1,1,Transit,2010.0,3.90512,0.010688475,0.0477,0.0,12.442,,0.0,5545.0,0.86,0.95,914.699,1135.280204,0.627325519,275.712335
KOI-2513.01,KOI-2513,1,1,Transit,2023.0,19.00547,0.370624658,0.5,0.36,2.80224517,7310.053361,1830.432668,5900.0,1.2,0.91,1369.87,440.7264458,1.565526375,6.262105499
KOI-3503 b,KOI-3503,1,2,Transit,2021.0,21.185,0.0,,,1.19,9.2,30.08143445,6001.0,1.255,0.858,887.064,,1.832617412,
KOI-3503 c,KOI-3503,1,2,Transit,2021.0,31.828,0.0,,,1.21,10.36,32.22220403,6001.0,1.255,0.858,887.064,,1.832617412,
KOI-351 b,KOI-351,1,8,Transit,2013.0,7.008151,0.018376253,0.074,,1.31,,0.0,6080.0,1.2,1.2,848.254,1180.564776,1.76549568,322.4060774
KOI-351 c,KOI-351,1,8,Transit,2013.0,8.719375,0.024237866,0.089,,1.19,,0.0,6080.0,1.2,1.2,848.254,1076.49168,1.76549568,222.8879788
KOI-351 d,KOI-351,1,8,Transit,2013.0,59.73667,0.165247289,0.32,,2.87,,0.0,6080.0,1.2,1.2,848.254,567.7154217,1.76549568,17.24116875
KOI-351 e,KOI-351,1,8,Transit,2013.0,91.93913,0.248475351,0.42,,2.66,,0.0,6080.0,1.2,1.2,848.254,495.5426463,1.76549568,10.00847891
KOI-351 f,KOI-351,1,8,Transit,2013.0,124.9144,0.303578655,0.48,,2.88,,0.0,6080.0,1.2,1.2,848.254,463.5377007,1.76549568,7.662741665
KOI-351 g,KOI-351,1,8,Transit,2013.0,210.73514,0.0,,0.0292,,15.0,,,,1.242,848.254,,0.0,
KOI-351 h,KOI-351,1,8,Transit,2013.0,331.60296,0.0,,0.0276,,203.0,,,,1.242,848.254,,0.0,
KOI-3680 b,KOI-3680,1,1,Transit,2018.0,141.241671,0.388285523,0.534,0.496,11.09691,613.4119,2.473418498,5830.0,0.96,1.01,921.986,376.9163887,0.95522688,3.349839668
KOI-4777.01,KOI-4777,1,1,Transit,2022.0,0.412,0.001117488,0.008,0.0,0.51,99.2,4120.526796,3515.0,0.4,0.41,172.245,1198.455217,0.02191347,342.397966
KOI-4978 b,KOI-4978,1,1,Transit,2024.0,0.941967,0.0,,,0.7,,0.0,5050.28,0.966,0.859,936.341,,0.544635482,
KOI-55 b,KOI-55,1,2,Orbital Brightness Modulation,2011.0,0.240104,0.000659912,0.006,,0.759,0.44,5.544711418,27730.0,0.203,0.496,1231.02,7777.387575,21.86157283,607265.912
KOI-55 c,KOI-55,1,2,Orbital Brightness Modulation,2011.0,0.342887,0.000940762,0.0076,,0.867,0.655,5.537778826,27730.0,0.203,0.496,1231.02,6910.390203,21.86157283,378489.8344
KOI-7368 b,KOI-7368,1,1,Transit,2022.0,6.8430344,0.0,,,2.22,,0.0,5241.0,0.874,0.879,264.995,,0.517093828,
KOI-7913 b,KOI-7913 A,2,1,Transit,2022.0,24.278553,0.0,,,2.34,,0.0,4324.0,0.788,0.76,271.277,,0.19475339,
KOI-94 b,KOI-94,2,4,Transit,2013.0,3.743208,0.010249018,0.05119,0.25,1.71,10.5,11.57051172,6182.0,1.52,1.277,477.052,1624.312957,3.027561883,1155.374478
KOI-94 c,KOI-94,2,4,Transit,2013.0,10.423648,0.028531113,0.1013,0.43,4.32,15.6,1.066166314,6182.0,1.52,1.277,477.052,1154.669118,3.027561883,295.0354067
KOI-94 d,KOI-94,2,4,Transit,2013.0,22.342989,0.061152988,0.1684,0.022,11.27,106.0,0.408024006,6182.0,1.52,1.277,477.052,895.5528694,3.027561883,106.7600711
KOI-94 e,KOI-94,2,4,Transit,2013.0,54.32031,0.148764532,0.3046,0.019,6.56,35.0,0.683137498,6182.0,1.52,1.277,477.052,665.8820744,3.027561883,32.63121395
KOI-984 b,KOI-984,1,2,Transit,2022.0,4.2881785,0.011745508,0.0504,0.12,4.3,,0.0,5295.0,0.818,0.928,252.667,1028.581779,0.471911233,185.7801213
KOI-984 c,KOI-984,1,2,Transit Timing Variations,2022.0,21.512,0.058327207,0.1467,0.38,,209.8,,5295.0,0.818,0.928,252.667,602.8913293,0.471911233,21.92805377
KOINTREAU-1 b,XEST 17-036,1,1,Imaging,2026.0,,35545.69107,690.0,,,3368.981114,,3551.0,,0.26,158.618,0.0,0.0,0.0
KOINTREAU-3 b,ISO-Oph 96,1,1,Imaging,2026.0,,0.0,342.0,,,1080.616584,,3920.0,,,140.563,0.0,0.0,0.0
KOINTREAU-4 b,2MASS J16262785-2625152,1,1,Imaging,2026.0,,0.0,182.0,,,4862.774627,,,,,145.434,0.0,0.0,0.0
KPS-1 b,KPS-1,1,1,Transit,2018.0,1.706291,0.004671389,0.0269,0.0,11.54527,346.4347,1.240396988,5165.0,0.907,0.892,262.706,1446.136568,0.525273786,725.9073061
Kapteyn c,Kapteyn,1,1,Radial Velocity,2014.0,121.54,0.327180509,0.311,0.23,,7.0,,3550.0,0.291,0.281,3.93305,165.5793341,0.01206672,0.124758017
Kepler-10 b,Kepler-10,1,3,Transit,2011.0,0.8374907,0.002292869,0.01685,0.0,1.47,3.24,5.620107268,5708.0,1.065,0.91,185.506,2188.115761,1.080251613,3804.741127
Kepler-10 c,Kepler-10,1,3,Transit,2011.0,45.294301,0.124023753,0.241,0.136,2.355,11.29,4.762914729,5708.0,1.065,0.91,185.506,578.5777466,1.080251613,18.59905326
Kepler-10 d,Kepler-10,1,3,Radial Velocity,2023.0,151.06,0.413553423,0.5379,0.19,,12.0,,5708.0,1.065,0.91,185.506,387.2750109,1.080251613,3.733548821
Kepler-100 b,Kepler-100,1,4,Transit,2014.0,6.88734,0.0,,,1.34,4.01,9.182936398,5837.0,1.51,1.13,304.645,,2.374665911,
Kepler-100 c,Kepler-100,1,4,Transit,2014.0,12.8159,0.0,,,2.2,7.05,3.648149887,5825.0,1.49,1.08,304.645,,2.293222032,
Kepler-100 d,Kepler-100,1,4,Transit,2014.0,35.3331,0.0,,,1.61,3.0,3.960912289,5825.0,1.49,1.08,304.645,,2.293222032,
Kepler-100 e,Kepler-100,1,4,Radial Velocity,2023.0,60.888588,0.166703869,0.312391586,0.026437,,24.14271827,,,,1.097,304.645,0.0,0.0,0.0
Kepler-1000 b,Kepler-1000,1,1,Transit,2016.0,120.0181272,0.0,,,4.76,,0.0,6453.0,1.51,1.4,1115.62,,3.547238627,
Kepler-1001 b,Kepler-1001,1,2,Transit,2016.0,14.30511983,0.0,,,3.15,,0.0,5491.0,0.88,0.9,928.978,,0.631627411,
Kepler-1001 c,Kepler-1001,1,2,Transit,2020.0,9.18186,0.0,,,1.57799279,,0.0,5376.0,0.836475,0.93,928.978,,0.524363944,
Kepler-1002 b,Kepler-1002,1,1,Transit,2016.0,4.336429331,0.0,,,1.71,,0.0,6144.0,1.57,1.22,408.303,,3.151330718,
Kepler-1003 b,Kepler-1003,1,1,Transit,2016.0,3.554856915,0.0,,,1.78,,0.0,6109.0,1.17,1.11,941.902,,1.710574817,
Kepler-1004 b,Kepler-1004,1,1,Transit,2016.0,5.28789787,0.0,,,6.28,,0.0,4972.0,3.39,1.11,1152.68,,6.301061613,
Kepler-1005 b,Kepler-1005,1,1,Transit,2016.0,6.49801525,0.0,,,1.5,,0.0,5782.0,1.06,1.0,567.806,,1.12671462,
Kepler-1006 b,Kepler-1006,1,1,Transit,2016.0,19.76172042,0.0,,,1.54,,0.0,5328.0,0.74,0.78,,,0.395922474,
Kepler-1007 b,Kepler-1007,1,1,Transit,2016.0,5.185002073,0.0,,,1.44,,0.0,4587.0,0.7,0.73,,,0.194626015,
Kepler-1008 b,Kepler-1008,2,1,Transit,2016.0,12.43931193,0.0,,,1.28,,0.0,5066.0,0.78,0.81,282.565,,0.35953386,
Kepler-1009 b,Kepler-1009,1,1,Transit,2016.0,11.35011917,0.0,,,2.17,,0.0,4027.0,0.57,0.59,355.019,,0.076659517,
Kepler-101 b,Kepler-101,1,2,Transit,2014.0,3.4876812,0.009540576,0.0474,0.086,5.77,51.1,1.465699904,5667.0,1.56,1.17,927.981,1567.609258,2.2519145,1002.294192
Kepler-101 c,Kepler-101,1,2,Transit,2014.0,6.02976,0.016538314,0.0684,0.0,1.25,3.78,10.6638336,5667.0,1.56,1.17,927.981,1304.965228,2.2519145,481.3264123
Kepler-1010 b,Kepler-1010,1,1,Transit,2016.0,34.2685705,0.0,,,2.32,,0.0,5253.0,0.82,0.86,579.273,,0.459353636,
Kepler-1011 b,Kepler-1011,1,1,Transit,2016.0,5.753221974,0.0,,,2.87,,0.0,5416.0,0.88,0.91,736.779,,0.597819142,
Kepler-1012 b,Kepler-1012,1,1,Transit,2016.0,5.50860439,0.0,,,1.29,,0.0,5556.0,0.91,0.95,411.077,,0.707980968,
Kepler-1013 b,Kepler-1013,1,1,Transit,2016.0,18.93054959,0.0,,,2.15,,0.0,4954.0,0.76,0.81,422.246,,0.312133975,
Kepler-1014 b,Kepler-1014,1,1,Transit,2016.0,16.57110363,0.0,,,2.39,,0.0,5388.0,0.84,0.88,624.8,,0.533529909,
Kepler-1015 b,Kepler-1015,1,1,Transit,2016.0,16.00494214,0.0,,,3.55,,0.0,6769.0,1.81,1.49,739.357,,6.170850942,
Kepler-1016 b,Kepler-1016,1,2,Transit,2016.0,1.954524342,0.0,,,2.18,,0.0,5821.0,1.0,0.99,1402.82,,1.03010204,
Kepler-1016 c,Kepler-1016,1,2,Transit,2016.0,105.6551369,0.0,,,3.68,,0.0,5821.0,1.0,0.99,1402.82,,1.03010204,
Kepler-1017 b,Kepler-1017,1,1,Transit,2016.0,7.23400469,0.0,,,1.99,,0.0,5473.0,0.87,0.93,552.058,,0.609298554,
Kepler-1018 b,Kepler-1018,1,1,Transit,2016.0,49.1013514,0.0,,,2.58,,0.0,5518.0,0.88,0.91,1010.01,,0.644142536,
Kepler-1019 b,Kepler-1019,1,1,Transit,2016.0,1.411229847,0.0,,,1.46,,0.0,4433.0,0.67,0.7,194.182,,0.155535805,
Kepler-102 b,Kepler-102,1,5,Transit,2014.0,5.286965,0.014476676,0.05521,0.1,0.46,1.1,62.26884195,4909.0,0.724,0.803,107.796,857.1659686,0.273110949,89.59909364
Kepler-102 c,Kepler-102,1,5,Transit,2014.0,7.071392,0.01936194,0.06702,0.094,0.567,1.7,51.38677276,4909.0,0.724,0.803,107.796,777.9856421,0.273110949,60.80373587
Kepler-102 d,Kepler-102,1,5,Transit,2014.0,10.311767,0.028232671,0.08618,0.092,1.154,3.0,10.75611476,4909.0,0.724,0.803,107.796,686.0733486,0.273110949,36.77275187
Kepler-102 e,Kepler-102,1,5,Transit,2013.0,16.1456994,0.044202967,0.1162,0.089,2.17,4.7,2.534371378,4909.0,0.724,0.803,107.796,590.8411432,0.273110949,20.22678484
Kepler-102 f,Kepler-102,1,5,Transit,2014.0,27.453592,0.075202578,0.1656,0.1,0.861,4.3,37.12022501,4909.0,0.724,0.803,107.796,494.9298272,0.273110949,9.959062224
Kepler-1020 b,Kepler-1020,1,1,Transit,2016.0,96.9151496,0.0,,,2.28,,0.0,5227.0,0.8,0.87,415.358,,0.428627296,
Kepler-1021 b,Kepler-1021,1,1,Transit,2016.0,13.47469571,0.0,,,2.33,,0.0,5431.0,0.86,0.89,810.082,,0.577305857,
Kepler-1022 b,Kepler-1022,1,1,Transit,2016.0,10.99469878,0.0,,,2.36,,0.0,4445.0,0.68,0.71,420.042,,0.16195514,
Kepler-1023 b,Kepler-1023,1,1,Transit,2016.0,62.1387714,0.0,,,2.63,,0.0,5494.0,0.89,0.93,694.175,,0.647477205,
Kepler-1024 b,Kepler-1024,1,1,Transit,2016.0,66.4162133,0.0,,,3.91,,0.0,5143.0,0.78,0.81,1087.4,,0.381896038,
Kepler-1025 b,Kepler-1025,1,1,Transit,2016.0,37.3229493,0.0,,,1.98,,0.0,6089.0,1.13,1.09,803.776,,1.574818954,
Kepler-1026 b,Kepler-1026,1,1,Transit,2016.0,36.5156053,0.0,,,2.21,,0.0,4948.0,0.75,0.79,351.239,,0.302504013,
Kepler-1027 b,Kepler-1027,2,1,Transit,2016.0,1.907805199,0.0,,,0.89,,0.0,5436.0,0.82,0.91,405.104,,0.526787362,
Kepler-1028 b,Kepler-1028,1,1,Transit,2016.0,2.51462432,0.0,,,1.33,,0.0,5522.0,0.87,0.9,607.916,,0.631413647,
Kepler-1029 b,Kepler-1029,1,1,Transit,2016.0,4.417696479,0.0,,,1.26,,0.0,5030.0,0.77,0.82,366.656,,0.340520483,
Kepler-103 b,Kepler-103,1,2,Transit,2014.0,15.9653287,0.044058139,0.133,0.171,3.4857,11.67,1.518281973,6047.0,1.492,1.212,494.832,976.5849751,2.670467954,150.9677174
Kepler-103 c,Kepler-103,1,2,Transit,2014.0,179.60978,0.495810655,0.6679,0.103,5.4539,58.47,1.985926544,6047.0,1.492,1.212,494.832,435.7928866,2.670467954,5.986382791
Kepler-1030 b,Kepler-1030,1,1,Transit,2016.0,19.32952416,0.0,,,2.48,,0.0,4983.0,0.76,0.8,758.702,,0.319507151,
Kepler-1031 b,Kepler-1031,1,1,Transit,2016.0,1.22621732,0.0,,,0.87,,0.0,6011.0,1.12,1.09,682.882,,1.469307878,
Kepler-1032 b,Kepler-1032,1,1,Transit,2016.0,3.290117953,0.0,,,1.87,,0.0,4647.0,0.71,0.77,673.01,,0.210910032,
Kepler-1033 b,Kepler-1033,1,1,Transit,2016.0,7.56052806,0.0,,,2.51,,0.0,5547.0,0.92,0.94,1455.5,,0.718949139,
Kepler-1034 b,Kepler-1034,1,1,Transit,2016.0,12.12400943,0.0,,,2.26,,0.0,5198.0,0.8,0.83,654.549,,0.419193871,
Kepler-1035 b,Kepler-1035,1,1,Transit,2016.0,2.714077555,0.0,,,1.17,,0.0,5763.0,0.97,0.98,562.116,,0.931167473,
Kepler-1036 b,Kepler-1036,1,1,Transit,2016.0,122.8808058,0.0,,,3.01,,0.0,5533.0,0.89,0.95,489.435,,0.666058759,
Kepler-1037 b,Kepler-1037,1,1,Transit,2016.0,1.063788673,0.0,,,1.28,,0.0,5105.0,0.78,0.82,446.914,,0.370733679,
Kepler-1038 b,Kepler-1038,1,2,Transit,2016.0,148.4603382,0.0,,,3.53,,0.0,5335.0,0.83,0.87,584.136,,0.500707077,
Kepler-1038 c,Kepler-1038,1,2,Transit,2021.0,7.127659798,0.0,,,1.4162338,,0.0,5159.0,0.821,0.868,584.136,,0.428388966,
Kepler-1039 b,Kepler-1039,1,1,Transit,2016.0,0.934884242,0.0,,,1.46,,0.0,4870.0,0.74,0.79,306.91,,0.27635615,
Kepler-104 b,Kepler-104,2,3,Transit,2014.0,11.427548,0.031286921,0.094,,3.1,,0.0,5711.0,1.349,,400.785,1043.195456,1.736850308,196.5652227
Kepler-104 c,Kepler-104,2,3,Transit,2014.0,23.668205,0.064800014,0.153,,3.13,,0.0,5711.0,1.349,,400.785,817.6809846,1.736850308,74.19583527
Kepler-104 d,Kepler-104,2,3,Transit,2014.0,51.755394,0.141698546,0.257,,3.58,,0.0,5711.0,1.349,,400.785,630.9036674,1.736850308,26.29639068
Kepler-1040 b,Kepler-1040,1,1,Transit,2016.0,201.1214,0.0,,,2.08,,0.0,5694.0,0.96,0.98,482.119,,0.869164875,
Kepler-1041 b,Kepler-1041,1,1,Transit,2016.0,24.7576421,0.0,,,2.94,,0.0,5957.0,1.08,1.06,1485.82,,1.317794715,
Kepler-1042 b,Kepler-1042,1,1,Transit,2016.0,10.13202575,0.0,,,2.19,,0.0,4815.0,0.72,0.75,,,0.25,
Kepler-1043 b,Kepler-1043,1,1,Transit,2016.0,38.5053398,0.0,,,2.55,,0.0,5629.0,0.9,0.92,903.332,,0.729625264,
Kepler-1044 b,Kepler-1044,1,1,Transit,2016.0,6.77408868,0.0,,,2.67,,0.0,5985.0,1.11,1.08,1278.96,,1.418379437,
Kepler-1045 b,Kepler-1045,1,1,Transit,2016.0,26.41045478,0.0,,,2.69,,0.0,5301.0,0.82,0.86,942.485,,0.476374791,
Kepler-1046 b,Kepler-1046,1,1,Transit,2016.0,14.37508035,0.0,,,1.71,,0.0,5913.0,1.04,1.04,721.534,,1.186282284,
Kepler-1047 b,Kepler-1047,1,2,Transit,2016.0,56.1886887,0.0,,,2.09,,0.0,5754.0,1.13,1.08,817.647,,1.255816449,
Kepler-1047 c,Kepler-1047,1,2,Transit,2016.0,3.18897601,0.0,,,0.99,,0.0,5754.0,1.13,1.08,817.647,,1.255816449,
Kepler-1048 b,Kepler-1048,1,1,Transit,2016.0,6.92101021,0.0,,,1.61,,0.0,4651.0,0.7,0.75,556.006,,0.205717524,
Kepler-1049 b,Kepler-1049,1,1,Transit,2016.0,3.273460736,0.0,,,0.95,,0.0,3864.0,0.49,0.51,162.006,,0.048020921,
Kepler-105 b,Kepler-105,1,2,Transit,2013.0,5.4122034,0.0,,0.02,2.53,10.8,3.674631476,5933.0,1.026,0.991,459.223,,1.170258933,
Kepler-105 c,Kepler-105,1,2,Transit,2014.0,7.12592,0.0,,0.02,1.44,5.6,10.33361197,5933.0,1.026,0.991,459.223,,1.170258933,
Kepler-1050 b,Kepler-1050,1,2,Transit,2016.0,15.3787546,0.0,,,1.6,,0.0,6010.0,1.13,1.09,490.488,,1.494667616,
Kepler-1050 c,Kepler-1050,1,2,Transit,2016.0,21.1284569,0.0,,,1.48,,0.0,6010.0,1.13,1.09,490.488,,1.494667616,
Kepler-1051 b,Kepler-1051,1,1,Transit,2016.0,25.96200249,0.0,,,3.4,,0.0,6675.0,1.73,1.43,829.343,,5.330735526,
Kepler-1052 b,Kepler-1052,1,2,Transit,2016.0,34.8538276,0.0,,,2.93,,0.0,5888.0,1.03,1.03,943.444,,1.144024973,
Kepler-1052 c,Kepler-1052,1,2,Transit,2023.0,180.921729,0.496423183,0.6135,0.0,2.3,,0.0,5818.0,0.848,0.937,943.444,329.8191272,0.739224619,1.96402625
Kepler-1053 b,Kepler-1053,1,1,Transit,2016.0,2.414351654,0.0,,,0.98,,0.0,4529.0,0.69,0.74,151.129,,0.179720374,
Kepler-1054 b,Kepler-1054,1,1,Transit,2016.0,4.30655689,0.0,,,2.63,,0.0,6209.0,1.34,1.22,1090.51,,2.394341462,
Kepler-1055 b,Kepler-1055,1,1,Transit,2016.0,2.295036233,0.0,,,1.23,,0.0,5723.0,0.94,0.98,389.397,,0.850433855,
Kepler-1056 b,Kepler-1056,1,1,Transit,2016.0,27.495606,0.0,,,3.01,,0.0,6127.0,1.2,1.12,982.51,,1.820722937,
Kepler-1057 b,Kepler-1057,1,1,Transit,2016.0,14.08827448,0.0,,,3.36,,0.0,5987.0,1.1,1.07,1201.82,,1.394801009,
Kepler-1058 b,Kepler-1058,1,1,Transit,2016.0,110.96546,0.0,,,2.72,,0.0,4644.0,0.69,0.73,491.997,,0.198681246,
Kepler-1059 b,Kepler-1059,1,1,Transit,2016.0,3.764191048,0.0,,,1.73,,0.0,4906.0,0.72,0.75,713.167,,0.269441829,
Kepler-106 b,Kepler-106,1,4,Transit,2014.0,6.16486,0.0,,,0.82,5.3,52.96462617,5858.0,1.04,1.0,444.322,,1.142757283,
Kepler-106 c,Kepler-106,1,4,Transit,2014.0,13.5708,0.0,,,2.5,10.44,3.6815616,5858.0,1.04,1.0,444.322,,1.142757283,
Kepler-106 d,Kepler-106,1,4,Transit,2014.0,23.9802,0.0,,,0.95,8.1,52.05540166,5858.0,1.04,1.0,444.322,,1.142757283,
Kepler-106 e,Kepler-106,1,4,Transit,2014.0,43.8445,0.0,,,2.56,11.17,3.668469191,5858.0,1.04,1.0,444.322,,1.142757283,
Kepler-1060 b,Kepler-1060,1,1,Transit,2016.0,46.8779367,0.0,,,2.38,,0.0,5797.0,0.99,0.99,946.565,,0.993055316,
Kepler-1061 b,Kepler-1061,1,1,Transit,2016.0,2.757982666,0.0,,,1.98,,0.0,6067.0,1.07,1.09,543.375,,1.39172486,
Kepler-1062 b,Kepler-1062,1,1,Transit,2016.0,9.30412078,0.0,,,1.76,,0.0,4597.0,0.7,0.75,397.455,,0.19632877,
Kepler-1063 b,Kepler-1063,2,1,Transit,2016.0,14.07971466,0.0,,,1.49,,0.0,5945.0,1.14,1.09,343.226,,1.45648826,
Kepler-1064 b,Kepler-1064,1,1,Transit,2016.0,16.54080322,0.0,,,1.55,,0.0,5153.0,0.79,0.85,,,0.39480678,
Kepler-1065 b,Kepler-1065,1,2,Transit,2016.0,3.609308907,0.0,,,3.73,,0.0,5635.0,0.93,0.94,1122.48,,0.78240466,
Kepler-1065 c,Kepler-1065,1,2,Transit,2016.0,2.37030743,0.0,,,1.6,,0.0,5635.0,0.93,0.94,1122.48,,0.78240466,
Kepler-1066 b,Kepler-1066,1,1,Transit,2016.0,1.931559839,0.0,,,2.36,,0.0,5762.0,0.98,0.98,344.251,,0.949806237,
Kepler-1067 b,Kepler-1067,1,2,Transit,2016.0,0.762129261,0.0,,,0.8,,0.0,5592.0,0.93,0.95,667.693,,0.758794891,
Kepler-1067 c,Kepler-1067,1,2,Transit,2021.0,5.425839901,0.0,,,1.74682428,,0.0,5594.0,0.934,0.981,667.693,,0.766431685,
Kepler-1068 b,Kepler-1068,1,1,Transit,2016.0,16.92344113,0.0,,,3.63,,0.0,5806.0,1.01,1.01,1473.61,,1.040017683,
Kepler-1069 b,Kepler-1069,1,1,Transit,2016.0,23.8990296,0.0,,,1.6,,0.0,5722.0,0.98,0.99,695.967,,0.923705257,
Kepler-107 b,Kepler-107,1,4,Transit,2014.0,3.1800218,0.008705569,0.04544,0.1,1.536,3.8,5.777787279,5854.0,1.447,1.238,525.997,1592.866215,2.206163955,1068.467064
Kepler-107 c,Kepler-107,1,4,Transit,2014.0,4.901452,0.013420802,0.06064,0.08,1.597,10.0,13.52810142,5854.0,1.447,1.238,525.997,1378.85585,2.206163955,599.9559978
Kepler-107 d,Kepler-107,1,4,Transit,2014.0,7.95839,0.021790764,0.08377,0.11,0.86,7.7,66.70324626,5854.0,1.447,1.238,525.997,1173.151782,2.206163955,314.3842305
Kepler-107 e,Kepler-107,1,4,Transit,2014.0,14.749143,0.040379153,0.12638,0.1,2.903,14.1,3.175627865,5854.0,1.447,1.238,525.997,955.1229636,2.206163955,138.1277961
Kepler-1070 b,Kepler-1070,1,1,Transit,2016.0,6.2216147,0.0,,,1.73,,0.0,6261.0,1.32,1.21,939.001,,2.402218612,
Kepler-1071 b,Kepler-1071,1,1,Transit,2016.0,6.1799844,0.0,,,2.38,,0.0,5215.0,0.81,0.86,1042.27,,0.435388685,
Kepler-1072 b,Kepler-1072,1,1,Transit,2016.0,1.569066502,0.0,,,1.58,,0.0,6199.0,1.32,1.2,982.716,,2.308470121,
Kepler-1073 b,Kepler-1073,1,3,Transit,2016.0,8.67888593,0.0,,,2.3,,0.0,5792.0,1.0,1.0,809.897,,1.009727217,
Kepler-1073 c,Kepler-1073,1,3,Transit,2016.0,4.02582254,0.0,,,1.64,,0.0,5792.0,1.0,1.0,809.897,,1.009727217,
Kepler-1073 d,Kepler-1073,1,3,Transit,2021.0,2.504760027,0.0,,,1.48770949,,0.0,5509.0,1.116,0.924,809.897,,1.029222635,
Kepler-1074 b,Kepler-1074,1,1,Transit,2016.0,5.94566534,0.0,,,1.25,,0.0,4002.0,0.57,0.6,250.817,,0.074773533,
Kepler-1075 b,Kepler-1075,1,1,Transit,2016.0,1.52372816,0.0,,,1.42,,0.0,3959.0,0.54,0.56,291.275,,0.064271639,
Kepler-1076 b,Kepler-1076,1,1,Transit,2016.0,6.14727918,0.0,,,0.8,,0.0,4868.0,0.74,0.79,,,0.275902457,
Kepler-1077 b,Kepler-1077,1,1,Transit,2016.0,34.3511874,0.0,,,2.77,,0.0,5816.0,1.02,1.02,1101.42,,1.068040656,
Kepler-1078 b,Kepler-1078,1,1,Transit,2016.0,3.00725242,0.0,,,1.9,,0.0,5612.0,0.92,0.94,2481.71,,0.753244821,
Kepler-1079 b,Kepler-1079,1,1,Transit,2016.0,13.24503188,0.0,,,1.63,,0.0,5758.0,1.36,1.08,591.098,,1.824123796,
Kepler-108 b,Kepler-108,2,2,Transit,2014.0,49.183921,0.134658237,0.292,,8.65,,0.0,5854.0,2.192,,338.732,773.3801943,5.062695673,59.37670849
Kepler-108 c,Kepler-108,2,2,Transit,2014.0,190.323494,0.521077328,0.721,,8.18,,0.0,5854.0,2.192,,338.732,492.171928,5.062695673,9.738931082
Kepler-1080 b,Kepler-1080,1,1,Transit,2016.0,77.2548396,0.0,,,3.28,,0.0,5956.0,1.16,1.1,1382.82,,1.519233697,
Kepler-1081 b,Kepler-1081,1,1,Transit,2016.0,3.856918547,0.0,,,1.01,,0.0,5345.0,0.84,0.88,420.215,,0.51670095,
Kepler-1082 b,Kepler-1082,1,1,Transit,2016.0,1.543206604,0.0,,,1.12,,0.0,5923.0,1.14,1.03,739.557,,1.435048183,
Kepler-1083 b,Kepler-1083,1,1,Transit,2016.0,33.4177993,0.0,,,3.36,,0.0,5049.0,0.77,0.81,902.633,,0.345694749,
Kepler-1084 b,Kepler-1084,1,1,Transit,2016.0,2.05333679,0.0,,,1.11,,0.0,6113.0,1.28,1.12,405.533,,2.052708934,
Kepler-1085 b,Kepler-1085,1,2,Transit,2016.0,219.3217528,0.0,,,7.22,,0.0,6000.0,1.14,1.11,1364.53,,1.511139487,
Kepler-1085 c,Kepler-1085,1,2,Transit,2020.0,56.7771,0.0,,,3.26817741,,0.0,5816.0,1.0783,1.05,1364.53,,1.193621552,
Kepler-1086 b,Kepler-1086,2,2,Transit,2016.0,18.78425728,0.0,,,2.44,,0.0,4350.0,0.66,0.7,466.084,,0.139937706,
Kepler-1086 c,Kepler-1086,2,2,Transit,2016.0,161.5163345,0.0,,,2.94,,0.0,4350.0,0.66,0.7,466.084,,0.139937706,
Kepler-1087 b,Kepler-1087,1,1,Transit,2016.0,0.693842855,0.0,,,0.61,,0.0,5589.0,0.94,0.96,362.623,,0.77353861,
Kepler-1088 b,Kepler-1088,1,1,Transit,2016.0,23.12748644,0.0,,,1.42,,0.0,5975.0,1.08,1.08,280.629,,1.333794737,
Kepler-1089 b,Kepler-1089,1,1,Transit,2016.0,5.132485618,0.0,,,1.83,,0.0,3753.0,0.49,0.52,259.328,,0.042736236,
Kepler-109 b,Kepler-109,1,2,Transit,2014.0,6.4816307,0.017744688,0.0701,0.11,2.49,4.9,1.748838226,5950.0,1.387,1.094,474.861,1276.167458,2.163269539,440.2248956
Kepler-109 c,Kepler-109,1,2,Transit,2014.0,21.22265,0.058117319,0.1546,0.098,2.65,8.2,2.427883421,5950.0,1.387,1.094,474.861,859.3338711,2.163269539,90.50897693
Kepler-1090 b,Kepler-1090,1,2,Transit,2016.0,198.680179,0.0,,,2.25,,0.0,5321.0,0.82,0.86,858.77,,0.483604786,
Kepler-1090 c,Kepler-1090,1,2,Transit,2021.0,42.42720032,0.0,,,3.29265785,,0.0,5330.0,1.013,0.869,858.77,,0.74304921,
Kepler-1091 b,Kepler-1091,1,1,Transit,2016.0,1.434741564,0.0,,,1.46,,0.0,5851.0,1.03,1.01,914.299,,1.11553883,
Kepler-1092 b,Kepler-1092,1,1,Transit,2016.0,58.6017925,0.0,,,2.07,,0.0,5862.0,1.0,0.99,981.233,,1.059432048,
Kepler-1093 b,Kepler-1093,1,2,Transit,2016.0,25.0824626,0.0,,,1.95,,0.0,6166.0,1.2,1.13,1072.88,,1.867524997,
Kepler-1093 c,Kepler-1093,1,2,Transit,2016.0,89.722292,0.0,,,1.96,,0.0,6166.0,1.2,1.13,1072.88,,1.867524997,
Kepler-1094 b,Kepler-1094,1,1,Transit,2016.0,78.1000231,0.0,,,3.18,,0.0,6112.0,1.21,1.14,1291.01,,1.833132988,
Kepler-1095 b,Kepler-1095,1,1,Transit,2016.0,4.27103091,0.0,,,1.21,,0.0,5658.0,0.92,0.94,792.522,,0.778246681,
Kepler-1096 b,Kepler-1096,1,1,Transit,2016.0,2.892217506,0.0,,,1.24,,0.0,4306.0,0.63,0.66,377.976,,0.122424137,
Kepler-1097 b,Kepler-1097,1,1,Transit,2016.0,187.747029,0.0,,,3.26,,0.0,5211.0,0.79,0.82,719.802,,0.412884258,
Kepler-1098 b,Kepler-1098,1,1,Transit,2016.0,2.543072855,0.0,,,1.3,,0.0,5794.0,0.99,0.99,1049.19,,0.991001251,
Kepler-1099 b,Kepler-1099,1,1,Transit,2016.0,2.168452593,0.0,,,2.83,,0.0,5837.0,1.0,1.01,1022.8,,1.041474458,
Kepler-11 b,Kepler-11,1,6,Transit,2010.0,10.3039,0.028002731,0.091,0.045,1.8,1.9,1.795096022,5663.0,1.065,0.961,646.346,934.1403849,1.046586942,126.3841254
Kepler-11 c,Kepler-11,1,6,Transit,2010.0,13.0241,0.035703761,0.107,0.026,2.87,2.9,0.6759334,5663.0,1.065,0.961,646.346,861.4715813,1.046586942,91.4129568
Kepler-11 d,Kepler-11,1,6,Transit,2010.0,22.6845,0.062249498,0.155,0.004,3.12,7.3,1.324374094,5663.0,1.065,0.961,646.346,715.7592925,1.046586942,43.56241175
Kepler-11 e,Kepler-11,1,6,Transit,2010.0,31.9996,0.087839574,0.195,0.012,4.19,8.0,0.599238236,5663.0,1.065,0.961,646.346,638.1393688,1.046586942,27.52365398
Kepler-11 f,Kepler-11,1,6,Transit,2010.0,46.6888,0.127511196,0.25,0.013,2.49,2.0,0.713811521,5663.0,1.065,0.961,646.346,563.5894305,1.046586942,16.74539108
Kepler-11 g,Kepler-11,1,6,Transit,2010.0,118.3807,0.324501853,0.466,0.15,3.33,25.0,3.730430103,5663.0,1.065,0.961,646.346,412.8001874,1.046586942,4.81951658
Kepler-110 b,Kepler-110,1,2,Transit,2014.0,12.691112,0.034746371,0.107,,1.83,,0.0,5960.0,1.149,,586.531,941.7288252,1.494565477,130.541137
Kepler-110 c,Kepler-110,1,2,Transit,2014.0,31.719775,0.086844011,0.198,,2.21,,0.0,5960.0,1.149,,586.531,692.285376,1.494565477,38.12278026
Kepler-1100 b,Kepler-1100,1,1,Transit,2016.0,6.42200058,0.0,,,1.75,,0.0,6247.0,1.34,1.21,693.618,,2.453496656,
Kepler-1101 b,Kepler-1101,1,1,Transit,2016.0,81.3151059,0.0,,,2.47,,0.0,5614.0,0.91,0.94,742.473,,0.738010036,
Kepler-1102 b,Kepler-1102,1,1,Transit,2016.0,51.3285623,0.0,,,2.66,,0.0,5724.0,0.94,0.96,1246.05,,0.851028408,
Kepler-1103 b,Kepler-1103,1,1,Transit,2016.0,19.79191978,0.0,,,2.27,,0.0,6092.0,1.15,1.11,1331.92,,1.634274895,
Kepler-1104 b,Kepler-1104,1,1,Transit,2016.0,5.03728015,0.0,,,1.23,,0.0,6417.0,1.41,1.3,530.658,,3.024518411,
Kepler-1105 b,Kepler-1105,1,1,Transit,2016.0,4.421572182,0.0,,,2.01,,0.0,4299.0,0.68,0.71,318.004,,0.141702482,
Kepler-1106 b,Kepler-1106,1,1,Transit,2016.0,1.252752174,0.0,,,1.65,,0.0,6104.0,1.17,1.11,1090.7,,1.704981509,
Kepler-1107 b,Kepler-1107,1,1,Transit,2016.0,0.571038518,0.0,,,1.34,,0.0,5268.0,0.82,0.86,428.798,,0.464622909,
Kepler-1108 b,Kepler-1108,1,1,Transit,2016.0,4.51005748,0.0,,,1.46,,0.0,5406.0,0.84,0.88,767.701,,0.540695291,
Kepler-1109 b,Kepler-1109,1,1,Transit,2016.0,37.6467384,0.0,,,2.19,,0.0,5893.0,1.06,1.05,685.087,,1.215758585,
Kepler-111 b,Kepler-111,1,2,Transit,2014.0,3.341815,0.009149391,0.046,,1.58,,0.0,5952.0,1.157,,657.223,1439.335923,1.507329705,712.3486321
Kepler-111 c,Kepler-111,1,2,Transit,2014.0,224.77833,0.615515514,0.751,0.176,7.0840758,222.4798849,3.448202413,5914.0,1.145,1.118,657.223,352.1077415,1.438885063,2.551210126
Kepler-1110 b,Kepler-1110,1,1,Transit,2016.0,9.69312032,0.0,,,2.66,,0.0,4781.0,0.7,0.73,726.828,,0.229699952,
Kepler-1111 b,Kepler-1111,1,1,Transit,2016.0,8.79617863,0.0,,,2.0,,0.0,6077.0,1.15,1.1,841.536,,1.618238301,
Kepler-1112 b,Kepler-1112,1,1,Transit,2016.0,14.36267939,0.0,,,3.02,,0.0,6496.0,1.54,1.34,1671.28,,3.788919311,
Kepler-1113 b,Kepler-1113,1,1,Transit,2016.0,42.3004954,0.0,,,2.81,,0.0,5931.0,1.17,1.12,1073.88,,1.519753911,
Kepler-1114 b,Kepler-1114,1,1,Transit,2016.0,14.97435694,0.0,,,1.35,,0.0,5374.0,0.83,0.87,418.417,,0.515509512,
Kepler-1115 b,Kepler-1115,1,1,Transit,2016.0,23.5540725,0.0,,,1.7,,0.0,8480.0,1.73,1.6,983.245,,13.88562605,
Kepler-1116 b,Kepler-1116,1,1,Transit,2016.0,41.6977827,0.0,,,2.54,,0.0,5641.0,0.93,0.95,1008.57,,0.785742322,
Kepler-1117 b,Kepler-1117,1,1,Transit,2016.0,4.79028459,0.0,,,1.11,,0.0,5612.0,0.93,0.95,568.487,,0.769708702,
Kepler-1118 b,Kepler-1118,1,1,Transit,2016.0,38.6715075,0.0,,,2.74,,0.0,5688.0,0.97,0.96,888.325,,0.883632477,
Kepler-1119 b,Kepler-1119,1,1,Transit,2016.0,8.3265153,0.0,,,1.92,,0.0,6083.0,1.17,1.11,1757.23,,1.681639265,
Kepler-112 b,Kepler-112,1,2,Transit,2014.0,8.408878,0.023022253,0.076,,2.36,,0.0,5544.0,0.841,,513.206,889.2541527,0.599480041,103.7880957
Kepler-112 c,Kepler-112,1,2,Transit,2014.0,28.574263,0.078232068,0.172,,2.4,,0.0,5544.0,0.841,,513.206,591.1102289,0.599480041,20.2636574
Kepler-1120 b,Kepler-1120,1,1,Transit,2016.0,2.949029052,0.0,,,1.38,,0.0,4904.0,0.74,0.78,615.231,,0.284154891,
Kepler-1121 b,Kepler-1121,1,1,Transit,2016.0,13.15141081,0.0,,,1.91,,0.0,6231.0,1.59,1.29,482.047,,3.419125985,
Kepler-1122 b,Kepler-1122,1,1,Transit,2016.0,42.1917357,0.0,,,2.04,,0.0,5544.0,0.89,0.92,1230.42,,0.671371266,
Kepler-1123 b,Kepler-1123,1,1,Transit,2016.0,4.33946454,0.0,,,1.67,,0.0,5500.0,0.9,0.93,704.323,,0.665006097,
Kepler-1124 b,Kepler-1124,1,1,Transit,2016.0,2.852348975,0.0,,,1.28,,0.0,3658.0,0.34,0.35,289.899,,0.018570453,
Kepler-1125 b,Kepler-1125,1,1,Transit,2016.0,17.6700642,0.0,,,1.84,,0.0,5683.0,0.94,0.95,2011.41,,0.826906073,
Kepler-1126 b,Kepler-1126,1,2,Transit,2016.0,108.593329,0.0,,,1.73,,0.0,5798.0,0.93,0.92,635.736,,0.876937397,
Kepler-1126 c,Kepler-1126,1,2,Transit,2023.0,199.66876,0.546942119,0.6193,0.0,1.45,,0.0,5678.0,0.921,0.794,635.736,333.8767227,0.791025826,2.062474098
Kepler-1127 b,Kepler-1127,1,1,Transit,2016.0,5.12330347,0.0,,,1.96,,0.0,5664.0,0.95,0.97,842.459,,0.833354988,
Kepler-1128 b,Kepler-1128,1,1,Transit,2016.0,61.6178167,0.0,,,3.65,,0.0,5543.0,0.91,0.94,1083.41,,0.701378016,
Kepler-1129 b,Kepler-1129,1,2,Transit,2016.0,24.3397804,0.0,,,2.96,,0.0,5831.0,1.0,1.0,1183.88,,1.037198824,
Kepler-1129 c,Kepler-1129,1,2,Transit,2016.0,76.5369586,0.0,,,2.73,,0.0,5831.0,1.0,1.0,1183.88,,1.037198824,
Kepler-113 b,Kepler-113,1,2,Transit,2014.0,4.754,0.0,,,1.82,11.7,10.69358428,4725.0,0.69,0.75,262.351,,0.212909619,
Kepler-113 c,Kepler-113,1,2,Transit,2014.0,8.92507,0.0,,,2.18,8.7,4.627019935,4725.0,0.69,0.75,262.351,,0.212909619,
Kepler-1130 b,Kepler-1130,2,3,Transit,2016.0,5.45298175,0.0,,,0.8,,0.0,5403.0,0.81,0.9,249.343,,0.501648777,
Kepler-1130 c,Kepler-1130,2,3,Transit,2021.0,3.266639948,0.0,,,0.79239584,,0.0,5450.0,0.842,0.944,249.343,,0.561177231,
Kepler-1130 d,Kepler-1130,2,3,Transit,2021.0,4.272250175,0.0,,,0.64472273,,0.0,5450.0,0.842,0.944,249.343,,0.561177231,
Kepler-1131 b,Kepler-1131,1,1,Transit,2016.0,3.53232449,0.0,,,1.59,,0.0,5851.0,1.04,1.03,1030.7,,1.137304928,
Kepler-1132 b,Kepler-1132,1,1,Transit,2016.0,62.8916228,0.0,,,2.35,,0.0,5298.0,0.83,0.87,867.931,,0.48696063,
Kepler-1133 b,Kepler-1133,1,1,Transit,2016.0,11.55562343,0.0,,,1.97,,0.0,5569.0,0.9,0.93,753.135,,0.699010566,
Kepler-1134 b,Kepler-1134,1,1,Transit,2016.0,17.13263989,0.0,,,2.64,,0.0,5281.0,0.81,0.84,944.445,,0.457851412,
Kepler-1135 b,Kepler-1135,1,1,Transit,2016.0,76.957857,0.0,,,1.85,,0.0,5656.0,0.94,0.96,1314.64,,0.811303147,
Kepler-1136 b,Kepler-1136,1,1,Transit,2016.0,2.361724329,0.0,,,1.64,,0.0,4512.0,0.68,0.72,491.406,,0.171942818,
Kepler-1137 b,Kepler-1137,1,1,Transit,2016.0,23.9210791,0.0,,,2.2,,0.0,6807.0,1.84,1.5,921.778,,6.521515013,
Kepler-1138 b,Kepler-1138,1,1,Transit,2016.0,3.17060005,0.0,,,1.7,,0.0,5582.0,0.92,0.95,872.328,,0.737267064,
Kepler-1139 b,Kepler-1139,1,1,Transit,2016.0,0.813166719,0.0,,,1.19,,0.0,5550.0,0.91,0.94,495.156,,0.704927685,
Kepler-114 b,Kepler-114,1,3,Transit,2014.0,5.188549,0.014205473,0.053,,1.26,,0.0,4605.0,0.667,,259.533,787.7095219,0.179498183,63.90109743
Kepler-114 c,Kepler-114,1,3,Transit,2013.0,8.041,0.0,,,1.6,2.8,3.766601563,,0.54,0.56,259.533,,0.0,
Kepler-114 d,Kepler-114,1,3,Transit,2013.0,11.776,0.0,,,2.53,3.9,1.326950255,,0.54,0.56,259.533,,0.0,
Kepler-1140 b,Kepler-1140,1,1,Transit,2016.0,24.0862707,0.0,,,2.77,,0.0,4850.0,0.73,0.76,656.48,,0.264546807,
Kepler-1141 b,Kepler-1141,1,1,Transit,2016.0,2.344511944,0.0,,,0.82,,0.0,5791.0,1.07,1.01,393.642,,1.15523853,
Kepler-1142 b,Kepler-1142,1,1,Transit,2016.0,18.3027248,0.0,,,1.47,,0.0,5685.0,0.96,0.97,1273.51,,0.863682644,
Kepler-1143 b,Kepler-1143,1,2,Transit,2016.0,2.888904849,0.0,,,1.67,,0.0,5053.0,0.77,0.81,555.189,,0.346791539,
Kepler-1143 c,Kepler-1143,1,2,Transit,2016.0,210.630591,0.0,,,3.6,,0.0,5053.0,0.77,0.81,555.189,,0.346791539,
Kepler-1144 b,Kepler-1144,1,1,Transit,2016.0,17.14647302,0.0,,,1.99,,0.0,5753.0,0.96,0.98,1140.57,,0.905753065,
Kepler-1145 b,Kepler-1145,1,1,Transit,2016.0,3.97076766,0.0,,,1.4,,0.0,5064.0,0.75,0.79,691.961,,0.331884649,
Kepler-1146 b,Kepler-1146,1,1,Transit,2016.0,2.352265797,0.0,,,1.23,,0.0,4692.0,0.7,0.74,703.038,,0.21306786,
Kepler-1147 b,Kepler-1147,1,1,Transit,2016.0,10.62784997,0.0,,,2.61,,0.0,5941.0,1.14,1.09,1657.36,,1.452572314,
Kepler-1148 b,Kepler-1148,1,1,Transit,2016.0,1.104463509,0.0,,,1.69,,0.0,5054.0,0.77,0.81,625.692,,0.347066144,
Kepler-1149 b,Kepler-1149,1,1,Transit,2016.0,3.73089898,0.0,,,1.44,,0.0,5833.0,1.01,1.02,1217.73,,1.059498883,
Kepler-115 b,Kepler-115,1,2,Transit,2014.0,2.403679,0.006580914,0.036,,1.09,,0.0,5979.0,1.205,,623.609,1667.947225,1.664861681,1284.615494
Kepler-115 c,Kepler-115,1,2,Transit,2014.0,8.990889,0.024615713,0.087,,2.6,,0.0,5979.0,1.205,,623.609,1072.936276,1.664861681,219.9579443
Kepler-1150 b,Kepler-1150,2,1,Transit,2016.0,2.787868386,0.0,,,1.02,,0.0,4754.0,0.72,0.76,358.518,,0.237569975,
Kepler-1151 b,Kepler-1151,1,1,Transit,2016.0,65.6478424,0.0,,,2.22,,0.0,5470.0,0.85,0.88,682.436,,0.580332652,
Kepler-1152 b,Kepler-1152,1,1,Transit,2016.0,1.646801908,0.0,,,0.87,,0.0,3964.0,0.53,0.55,215.233,,0.062226614,
Kepler-1153 b,Kepler-1153,1,1,Transit,2016.0,1.755835327,0.0,,,1.73,,0.0,5470.0,0.88,0.91,1119.49,,0.622020216,
Kepler-1154 b,Kepler-1154,1,2,Transit,2016.0,5.1856142,0.0,,,2.34,,0.0,6327.0,1.43,1.26,1460.1,,2.94004016,
Kepler-1154 c,Kepler-1154,1,2,Transit,2016.0,8.45808312,0.0,,,2.36,,0.0,6327.0,1.43,1.26,1460.1,,2.94004016,
Kepler-1155 b,Kepler-1155,1,1,Transit,2016.0,33.469743,0.0,,,2.03,,0.0,5842.0,1.03,1.03,1128.72,,1.108690969,
Kepler-1156 b,Kepler-1156,1,1,Transit,2016.0,11.89520511,0.0,,,1.32,,0.0,5778.0,1.0,1.0,691.331,,1.0,
Kepler-1157 b,Kepler-1157,1,1,Transit,2016.0,4.45743164,0.0,,,1.09,,0.0,4679.0,0.71,0.76,342.144,,0.216779759,
Kepler-1158 b,Kepler-1158,1,1,Transit,2016.0,13.5396293,0.0,,,2.34,,0.0,6203.0,1.95,1.41,1484.25,,5.050870077,
Kepler-1159 b,Kepler-1159,1,1,Transit,2016.0,22.70816791,0.0,,,2.37,,0.0,6217.0,1.28,1.19,1213.71,,2.196004667,
Kepler-116 b,Kepler-116,1,2,Transit,2014.0,5.968734,0.016341503,0.069,,3.42,,0.0,6142.0,1.454,,955.168,1359.499176,2.699341996,566.9695434
Kepler-116 c,Kepler-116,1,2,Transit,2014.0,13.07163,0.035788172,0.116,,2.3,,0.0,6142.0,1.454,,955.168,1048.514642,2.699341996,200.6050829
Kepler-1160 b,Kepler-1160,1,1,Transit,2016.0,7.97034958,0.0,,,2.14,,0.0,5519.0,0.89,0.92,1077.63,,0.65934306,
Kepler-1161 b,Kepler-1161,1,1,Transit,2016.0,10.71252541,0.0,,,2.13,,0.0,4253.0,0.57,0.59,547.726,,0.095372044,
Kepler-1162 b,Kepler-1162,1,2,Transit,2016.0,32.5637069,0.0,,,2.21,,0.0,5390.0,0.84,0.89,940.211,,0.534322525,
Kepler-1162 c,Kepler-1162,1,2,Transit,2023.0,59.284064,0.162419548,0.2832,0.0,1.81,,0.0,5225.0,0.859,0.861,940.211,438.7809164,0.493425235,6.15226252
Kepler-1163 b,Kepler-1163,1,1,Transit,2016.0,6.11786898,0.0,,,1.03,,0.0,6302.0,1.35,1.22,478.647,,2.579116633,
Kepler-1164 b,Kepler-1164,1,1,Transit,2016.0,3.97599768,0.0,,,1.12,,0.0,5183.0,0.79,0.85,431.622,,0.404081407,
Kepler-1165 b,Kepler-1165,1,2,Transit,2016.0,9.478522,0.0,,,1.55,,0.0,6080.0,1.18,1.13,1575.2,,1.707136239,
Kepler-1165 c,Kepler-1165,1,2,Transit,2021.0,29.96870041,0.0,,,3.36093385,,0.0,6249.0,1.076,1.13,1575.2,,1.584004793,
Kepler-1166 b,Kepler-1166,1,1,Transit,2016.0,33.2406882,0.0,,,1.69,,0.0,5446.0,0.86,0.9,634.906,,0.583710224,
Kepler-1167 b,Kepler-1167,1,1,Transit,2016.0,1.003933739,0.0,,,1.71,,0.0,4971.0,0.75,0.79,820.905,,0.308167922,
Kepler-1168 b,Kepler-1168,1,1,Transit,2016.0,55.8226539,0.0,,,2.5,,0.0,5157.0,0.82,0.87,752.666,,0.426683727,
Kepler-1169 b,Kepler-1169,1,1,Transit,2016.0,6.11009134,0.0,,,0.94,,0.0,6191.0,1.23,1.24,522.823,,1.994083266,
Kepler-117 b,Kepler-117,1,2,Transit,2014.0,18.7959228,0.051695745,0.1445,0.0493,8.059,29.875,0.314496666,6150.0,1.606,1.129,1455.57,988.6110066,3.310407025,158.5424995
Kepler-117 c,Kepler-117,1,2,Transit,2014.0,50.790391,0.139739776,0.2804,0.0323,12.341,584.78,1.714324583,6150.0,1.606,1.129,1455.57,709.6927362,3.310407025,42.10419577
Kepler-1170 b,Kepler-1170,1,1,Transit,2016.0,9.98969327,0.0,,,2.41,,0.0,5069.0,0.76,0.8,1050.45,,0.34214185,
Kepler-1171 b,Kepler-1171,1,1,Transit,2016.0,1.44259224,0.0,,,2.56,,0.0,7044.0,1.95,1.58,573.0,,8.399171748,
Kepler-1172 b,Kepler-1172,1,1,Transit,2016.0,26.0204423,0.0,,,3.2,,0.0,5558.0,0.89,0.92,1306.53,,0.678178524,
Kepler-1173 b,Kepler-1173,1,1,Transit,2016.0,0.7698536,0.0,,,0.89,,0.0,5252.0,0.82,0.86,377.06,,0.459003952,
Kepler-1174 b,Kepler-1174,1,1,Transit,2016.0,6.89225223,0.0,,,1.59,,0.0,5936.0,1.04,1.04,1408.75,,1.204847547,
Kepler-1175 b,Kepler-1175,1,1,Transit,2016.0,37.94563,0.0,,,2.99,,0.0,5453.0,0.86,0.9,1121.89,,0.586717096,
Kepler-1176 b,Kepler-1176,1,1,Transit,2016.0,24.1738579,0.0,,,2.45,,0.0,5844.0,1.02,1.01,864.699,,1.088757156,
Kepler-1177 b,Kepler-1177,1,1,Transit,2016.0,106.247547,0.0,,,1.9,,0.0,5712.0,0.97,0.98,1299.97,,0.898640761,
Kepler-1178 b,Kepler-1178,1,1,Transit,2016.0,31.80634,0.0,,,1.07,,0.0,4990.0,0.75,0.8,482.287,,0.312906482,
Kepler-1179 b,Kepler-1179,1,1,Transit,2016.0,2.685057492,0.0,,,1.32,,0.0,5212.0,0.81,0.84,415.205,,0.434387696,
Kepler-118 b,Kepler-118,1,2,Transit,2014.0,7.518496,0.02058452,0.073,,1.96,,0.0,5274.0,1.094,,574.228,984.4617232,0.830778016,155.8975448
Kepler-118 c,Kepler-118,1,2,Transit,2014.0,20.17202,0.055227981,0.141,,7.68,,0.0,5274.0,1.094,,574.228,708.354584,0.830778016,41.78753665
Kepler-1180 b,Kepler-1180,1,1,Transit,2016.0,16.8601286,0.0,,,1.99,,0.0,6077.0,1.14,1.09,1596.8,,1.590217389,
Kepler-1181 b,Kepler-1181,1,2,Transit,2016.0,4.89337519,0.0,,,1.57,,0.0,6176.0,1.3,1.17,938.417,,2.206000995,
Kepler-1181 c,Kepler-1181,1,2,Transit,2023.0,8.93484887,0.024457876,0.0928,0.0,1.83,,0.0,6688.0,1.347,1.336,938.417,1228.619921,3.256942558,378.1935752
Kepler-1182 b,Kepler-1182,1,1,Transit,2016.0,11.17394617,0.0,,,2.41,,0.0,5924.0,1.05,1.04,1545.39,,1.218228197,
Kepler-1183 b,Kepler-1183,1,1,Transit,2016.0,28.5057189,0.0,,,2.82,,0.0,5765.0,0.99,1.0,1919.19,,0.971309163,
Kepler-1184 b,Kepler-1184,1,1,Transit,2016.0,53.5991044,0.0,,,2.68,,0.0,5983.0,1.07,1.05,1157.84,,1.316234945,
Kepler-1185 b,Kepler-1185,1,1,Transit,2016.0,104.3518976,0.0,,,1.33,,0.0,5622.0,0.87,0.96,459.273,,0.678409187,
Kepler-1186 b,Kepler-1186,1,1,Transit,2016.0,16.07677615,0.0,,,2.23,,0.0,5635.0,0.93,0.95,1337.25,,0.78240466,
Kepler-1187 b,Kepler-1187,1,1,Transit,2016.0,18.87064068,0.0,,,2.61,,0.0,5975.0,1.09,1.06,1020.53,,1.358608991,
Kepler-1188 b,Kepler-1188,1,1,Transit,2016.0,17.1369543,0.0,,,2.08,,0.0,5913.0,1.06,1.04,1717.48,,1.232347239,
Kepler-1189 b,Kepler-1189,1,1,Transit,2016.0,3.78858982,0.0,,,1.77,,0.0,6012.0,1.16,1.11,782.852,,1.577181652,
Kepler-119 b,Kepler-119,1,2,Transit,2014.0,2.422082,0.006631299,0.035,,3.6,,0.0,5595.0,0.839,,701.996,1320.86529,0.618890954,505.2171055
Kepler-119 c,Kepler-119,1,2,Transit,2014.0,4.125103,0.011293916,0.049,,0.92,,0.0,5595.0,0.839,,701.996,1116.334919,0.618890954,257.7638294
Kepler-1190 b,Kepler-1190,1,1,Transit,2016.0,10.45843441,0.0,,,1.33,,0.0,4730.0,0.72,0.76,342.509,,0.232808807,
Kepler-1191 b,Kepler-1191,1,1,Transit,2016.0,5.60014851,0.0,,,1.51,,0.0,5308.0,0.81,0.85,955.536,,0.467286834,
Kepler-1192 b,Kepler-1192,1,1,Transit,2016.0,25.2034787,0.0,,,2.36,,0.0,5438.0,0.83,0.86,1304.19,,0.540508898,
Kepler-1193 b,Kepler-1193,1,1,Transit,2016.0,2.832652134,0.0,,,1.32,,0.0,5908.0,1.21,1.08,802.116,,1.600377869,
Kepler-1194 b,Kepler-1194,1,1,Transit,2016.0,16.22371307,0.0,,,1.51,,0.0,5590.0,0.92,0.94,757.382,,0.741502699,
Kepler-1195 b,Kepler-1195,1,1,Transit,2016.0,8.49642241,0.0,,,2.08,,0.0,4965.0,0.71,0.74,918.566,,0.27484229,
Kepler-1196 b,Kepler-1196,1,1,Transit,2016.0,66.1849031,0.0,,,2.23,,0.0,5756.0,0.97,0.98,922.333,,0.926651556,
Kepler-1197 b,Kepler-1197,1,1,Transit,2016.0,2.03231845,0.0,,,1.25,,0.0,4708.0,0.72,0.78,486.94,,0.228507606,
Kepler-1198 b,Kepler-1198,1,1,Transit,2016.0,7.6847716,0.0,,,1.47,,0.0,5517.0,0.9,0.93,743.03,,0.673266188,
Kepler-1199 b,Kepler-1199,1,1,Transit,2016.0,15.0447198,0.0,,,1.15,,0.0,5889.0,1.17,0.94,563.493,,1.477160857,
Kepler-12 b,Kepler-12,1,1,Transit,2011.0,4.4379629,0.012043104,0.0553,,19.660586,137.30256,0.099549907,5947.0,1.483,1.166,881.386,1484.969135,2.468106558,807.0745329
Kepler-120 b,Kepler-120,1,2,Transit,2014.0,6.312501,0.017282686,0.055,,2.15,,0.0,4096.0,0.534,,388.63,615.4045606,0.072013208,23.80601906
Kepler-120 c,Kepler-120,1,2,Transit,2014.0,12.794585,0.035029665,0.088,,1.53,,0.0,4096.0,0.534,,388.63,486.5200235,0.072013208,9.299226194
Kepler-1200 b,Kepler-1200,1,1,Transit,2016.0,1.118549717,0.0,,,1.06,,0.0,4612.0,0.7,0.74,588.715,,0.19890382,
Kepler-1201 b,Kepler-1201,1,1,Transit,2016.0,15.18725932,0.0,,,2.29,,0.0,6177.0,1.24,1.15,944.241,,2.008369538,
Kepler-1202 b,Kepler-1202,1,1,Transit,2016.0,28.6851324,0.0,,,2.94,,0.0,5834.0,1.04,1.03,1175.38,,1.124144727,
Kepler-1203 b,Kepler-1203,1,1,Transit,2016.0,0.588000765,0.0,,,1.06,,0.0,4105.0,0.61,0.64,317.022,,0.094798653,
Kepler-1204 b,Kepler-1204,1,1,Transit,2016.0,85.7350285,0.0,,,3.05,,0.0,5825.0,1.03,1.03,1175.22,,1.095842193,
Kepler-1205 b,Kepler-1205,1,1,Transit,2016.0,1.078390352,0.0,,,1.41,,0.0,5226.0,0.81,0.84,698.485,,0.439073786,
Kepler-1206 b,Kepler-1206,1,1,Transit,2016.0,1.216997663,0.0,,,1.64,,0.0,4877.0,0.75,0.8,762.019,,0.285511364,
Kepler-1207 b,Kepler-1207,1,1,Transit,2016.0,13.68237119,0.0,,,1.62,,0.0,5909.0,1.06,1.06,1754.19,,1.22901601,
Kepler-1208 b,Kepler-1208,1,1,Transit,2016.0,11.08507637,0.0,,,2.32,,0.0,5001.0,0.76,0.8,825.176,,0.324148826,
Kepler-1209 b,Kepler-1209,1,1,Transit,2016.0,25.369116,0.0,,,1.51,,0.0,6210.0,1.38,1.23,505.531,,2.541057096,
Kepler-121 b,Kepler-121,1,2,Transit,2014.0,3.177422,0.008699307,0.039,,2.34,,0.0,5311.0,0.701,,510.523,1085.711619,0.350776986,230.6226072
Kepler-121 c,Kepler-121,1,2,Transit,2014.0,41.008011,0.112273815,0.216,,2.27,,0.0,5311.0,0.701,,510.523,461.3387276,0.350776986,7.518368174
Kepler-1210 b,Kepler-1210,1,1,Transit,2016.0,8.07124073,0.0,,,1.7,,0.0,5568.0,0.92,0.94,1176.53,,0.729898399,
Kepler-1211 b,Kepler-1211,1,1,Transit,2016.0,11.01816836,0.0,,,2.55,,0.0,5705.0,0.94,0.96,1826.53,,0.839785076,
Kepler-1212 b,Kepler-1212,1,1,Transit,2016.0,12.94130146,0.0,,,2.14,,0.0,6051.0,1.15,1.1,1316.57,,1.590721469,
Kepler-1213 b,Kepler-1213,1,1,Transit,2016.0,5.34982412,0.0,,,1.19,,0.0,6050.0,1.21,1.14,807.812,,1.759876083,
Kepler-1214 b,Kepler-1214,1,1,Transit,2016.0,18.82634264,0.0,,,2.36,,0.0,5130.0,0.8,0.85,729.227,,0.397685068,
Kepler-1215 b,Kepler-1215,1,1,Transit,2016.0,4.76703963,0.0,,,1.22,,0.0,5616.0,0.93,0.95,661.022,,0.771905515,
Kepler-1216 b,Kepler-1216,1,1,Transit,2016.0,4.37034536,0.0,,,1.39,,0.0,5743.0,0.98,0.99,1258.36,,0.93734025,
Kepler-1217 b,Kepler-1217,1,1,Transit,2016.0,2.032325072,0.0,,,1.99,,0.0,5905.0,1.08,1.06,1347.71,,1.272380395,
Kepler-1218 b,Kepler-1218,1,1,Transit,2016.0,22.9221266,0.0,,,1.44,,0.0,5986.0,1.1,1.06,840.503,,1.393869356,
Kepler-1219 b,Kepler-1219,1,1,Transit,2016.0,16.10467749,0.0,,,2.12,,0.0,5944.0,1.94,1.25,880.895,,4.215106119,
Kepler-122 b,Kepler-122,1,5,Transit,2014.0,5.766193,0.015786976,0.064,,2.34,,0.0,6050.0,1.216,,1027.45,1271.579898,1.777372672,433.9288751
Kepler-122 c,Kepler-122,1,5,Transit,2014.0,12.465988,0.034130015,0.108,,5.87,,0.0,6050.0,1.216,,1027.45,978.862662,1.777372672,152.381059
Kepler-122 d,Kepler-122,1,5,Transit,2014.0,21.587475,0.059103285,0.155,,2.2,,0.0,6050.0,1.216,,1027.45,817.086042,1.777372672,73.98013204
Kepler-122 e,Kepler-122,1,5,Transit,2014.0,37.993273,0.104019912,0.227,,2.6,,0.0,6050.0,1.216,,1027.45,675.1817768,1.777372672,34.49266767
Kepler-122 f,Kepler-122,1,5,Transit Timing Variations,2014.0,56.268,0.0,,,1.75,36.0,37.01177843,,0.949,1.03,1027.45,,0.0,
Kepler-1220 b,Kepler-1220,1,1,Transit,2016.0,7.42693741,0.0,,,1.52,,0.0,5842.0,0.99,1.0,961.907,,1.024251125,
Kepler-1221 b,Kepler-1221,1,1,Transit,2016.0,12.00096042,0.0,,,1.88,,0.0,5194.0,0.82,0.87,913.65,,0.439061479,
Kepler-1222 b,Kepler-1222,1,1,Transit,2016.0,1.916944254,0.0,,,0.79,,0.0,5239.0,0.8,0.84,415.218,,0.432576993,
Kepler-1223 b,Kepler-1223,1,1,Transit,2016.0,16.301259,0.0,,,1.22,,0.0,4870.0,0.75,0.8,459.957,,0.283875702,
Kepler-1224 b,Kepler-1224,1,1,Transit,2016.0,13.32351601,0.0,,,1.33,,0.0,6155.0,1.22,1.18,559.598,,1.916557001,
Kepler-1225 b,Kepler-1225,1,1,Transit,2016.0,7.01075434,0.0,,,1.82,,0.0,6140.0,1.19,1.13,1347.52,,1.805748477,
Kepler-1226 b,Kepler-1226,1,1,Transit,2016.0,17.2923453,0.0,,,1.45,,0.0,5923.0,1.02,1.02,1125.72,,1.148833587,
Kepler-1227 b,Kepler-1227,1,1,Transit,2016.0,94.2887577,0.0,,,2.29,,0.0,5747.0,0.95,0.97,623.706,,0.883287021,
Kepler-1228 b,Kepler-1228,1,1,Transit,2016.0,0.577369579,0.0,,,1.54,,0.0,5063.0,0.74,0.78,515.453,,0.322838261,
Kepler-1229 b,Kepler-1229,1,1,Transit,2016.0,86.828989,0.0,,,1.4,,0.0,3784.0,0.51,0.54,265.482,,0.047844797,
Kepler-123 b,Kepler-123,1,2,Transit,2014.0,17.232366,0.047179647,0.135,,2.94,,0.0,6089.0,1.264,,1021.66,898.3883374,1.970461229,108.118586
Kepler-123 c,Kepler-123,1,2,Transit,2014.0,26.695074,0.073087129,0.181,,1.48,,0.0,6089.0,1.264,,1021.66,775.8748996,1.970461229,60.14655319
Kepler-1230 b,Kepler-1230,1,1,Transit,2016.0,9.95661537,0.0,,,2.71,,0.0,5961.0,1.08,1.06,1364.22,,1.321337767,
Kepler-1231 b,Kepler-1231,1,1,Transit,2016.0,10.41725184,0.0,,,1.42,,0.0,5778.0,1.0,1.01,987.237,,1.0,
Kepler-1232 b,Kepler-1232,1,1,Transit,2016.0,26.7839183,0.0,,,1.93,,0.0,5471.0,0.89,0.92,632.865,,0.636702745,
Kepler-1233 b,Kepler-1233,1,1,Transit,2016.0,45.1263042,0.0,,,2.6,,0.0,6198.0,1.25,1.16,1178.7,,2.068788834,
Kepler-1234 b,Kepler-1234,1,1,Transit,2016.0,11.94014029,0.0,,,2.81,,0.0,4967.0,0.76,0.8,916.749,,0.31542323,
Kepler-1235 b,Kepler-1235,1,1,Transit,2016.0,4.16055856,0.0,,,0.79,,0.0,5541.0,0.9,0.93,540.604,,0.685058201,
Kepler-1236 b,Kepler-1236,1,1,Transit,2016.0,31.0571618,0.0,,,2.14,,0.0,5337.0,0.82,0.86,999.64,,0.489447783,
Kepler-1237 b,Kepler-1237,1,1,Transit,2016.0,84.5733226,0.0,,,2.86,,0.0,5472.0,0.9,0.94,1064.31,,0.651567215,
Kepler-1238 b,Kepler-1238,1,1,Transit,2016.0,4.14787559,0.0,,,1.93,,0.0,6386.0,1.48,1.3,1632.13,,3.268352857,
Kepler-1239 b,Kepler-1239,1,1,Transit,2016.0,5.19104016,0.0,,,2.9,,0.0,6564.0,1.57,1.4,2140.6,,4.105475307,
Kepler-124 b,Kepler-124,1,3,Transit,2014.0,3.410493,0.009337421,0.039,,0.73,,0.0,4984.0,0.636,,420.046,970.4781606,0.223932029,147.2268438
Kepler-124 c,Kepler-124,1,3,Transit,2014.0,13.821375,0.037840862,0.1,,1.75,,0.0,4984.0,0.636,,420.046,606.063417,0.223932029,22.39320294
Kepler-124 d,Kepler-124,1,3,Transit,2014.0,30.950851,0.084738812,0.17,,1.11,,0.0,4984.0,0.636,,420.046,464.8294219,0.223932029,7.748513127
Kepler-1240 b,Kepler-1240,1,1,Transit,2016.0,4.8663815,0.0,,,1.15,,0.0,5682.0,0.96,0.98,862.186,,0.861861009,
Kepler-1241 b,Kepler-1241,1,1,Transit,2016.0,18.5525701,0.0,,,2.63,,0.0,5261.0,0.8,0.84,968.722,,0.439888928,
Kepler-1242 b,Kepler-1242,1,1,Transit,2016.0,13.62798432,0.0,,,2.26,,0.0,4895.0,0.74,0.77,687.615,,0.28207466,
Kepler-1243 b,Kepler-1243,1,1,Transit,2016.0,16.8320729,0.0,,,1.75,,0.0,5667.0,0.94,0.96,758.17,,0.817632993,
Kepler-1244 b,Kepler-1244,1,1,Transit,2016.0,3.70428172,0.0,,,1.35,,0.0,6680.0,1.77,1.46,1075.81,,5.596831506,
Kepler-1245 b,Kepler-1245,1,2,Transit,2016.0,4.35409304,0.0,,,1.44,,0.0,5306.0,0.83,0.86,805.936,,0.489908548,
Kepler-1245 c,Kepler-1245,1,2,Transit,2016.0,2.936584681,0.0,,,1.44,,0.0,5306.0,0.83,0.86,805.936,,0.489908548,
Kepler-1246 b,Kepler-1246,1,1,Transit,2016.0,11.32271513,0.0,,,1.36,,0.0,4611.0,0.69,0.73,436.505,,0.193093885,
Kepler-1247 b,Kepler-1247,1,1,Transit,2016.0,13.71220213,0.0,,,2.33,,0.0,5303.0,0.82,0.86,1045.92,,0.477094119,
Kepler-1248 b,Kepler-1248,1,1,Transit,2016.0,7.46725407,0.0,,,1.18,,0.0,6149.0,1.21,1.21,593.026,,1.87792638,
Kepler-1249 b,Kepler-1249,1,1,Transit,2016.0,24.3347127,0.0,,,2.38,,0.0,6202.0,1.28,1.19,1904.54,,2.174887699,
Kepler-125 b,Kepler-125,1,2,Transit,2014.0,4.164389,0.011401476,0.041,,2.37,,0.0,3810.0,0.512,,183.365,649.2014878,0.049559815,29.48234074
Kepler-125 c,Kepler-125,1,2,Transit,2014.0,5.774464,0.015809621,0.051,,0.74,,0.0,3810.0,0.512,,183.365,582.084918,0.049559815,19.05413871
Kepler-1250 b,Kepler-1250,1,1,Transit,2016.0,2.607543834,0.0,,,1.92,,0.0,5717.0,0.98,0.99,2126.85,,0.920480876,
Kepler-1251 b,Kepler-1251,1,1,Transit,2016.0,45.0904643,0.0,,,1.84,,0.0,5545.0,0.89,0.92,902.204,,0.671855791,
Kepler-1252 b,Kepler-1252,1,1,Transit,2016.0,15.0540329,0.0,,,1.67,,0.0,5949.0,1.09,1.06,648.979,,1.335115142,
Kepler-1253 b,Kepler-1253,1,1,Transit,2016.0,68.8861915,0.0,,,1.33,,0.0,5850.0,1.1,0.97,514.524,,1.271448239,
Kepler-1254 b,Kepler-1254,1,3,Transit,2016.0,9.99113313,0.0,,,1.55,,0.0,4985.0,0.75,0.78,622.818,,0.311654231,
Kepler-1254 c,Kepler-1254,1,3,Transit,2016.0,3.60084276,0.0,,,1.3,,0.0,4985.0,0.75,0.78,622.818,,0.311654231,
Kepler-1254 d,Kepler-1254,1,3,Transit,2016.0,5.72717226,0.0,,,1.31,,0.0,4985.0,0.75,0.78,622.818,,0.311654231,
Kepler-1255 b,Kepler-1255,1,1,Transit,2016.0,36.2919336,0.0,,,2.32,,0.0,6018.0,1.12,1.08,1617.07,,1.476164065,
Kepler-1256 b,Kepler-1256,1,1,Transit,2016.0,12.4127754,0.0,,,1.49,,0.0,6129.0,1.36,1.17,891.192,,2.341672481,
Kepler-1257 b,Kepler-1257,1,1,Transit,2016.0,2.668313762,0.0,,,1.52,,0.0,5502.0,0.87,0.9,1105.95,,0.622315617,
Kepler-1258 b,Kepler-1258,1,1,Transit,2016.0,0.984940167,0.0,,,0.86,,0.0,5839.0,0.99,0.99,717.555,,1.02214884,
Kepler-1259 b,Kepler-1259,1,1,Transit,2016.0,0.663085258,0.0,,,1.43,,0.0,5053.0,0.77,0.8,805.562,,0.346791539,
Kepler-126 b,Kepler-126,1,3,Transit,2014.0,10.495711,0.028735691,0.099,,1.52,,0.0,6239.0,1.358,,237.401,1114.188706,2.506971128,255.7872797
Kepler-126 c,Kepler-126,1,3,Transit,2014.0,21.869741,0.059876088,0.162,,1.58,,0.0,6239.0,1.358,,237.401,871.0013777,2.506971128,95.52549642
Kepler-126 d,Kepler-126,1,3,Transit,2014.0,100.283134,0.274560257,0.448,,2.5,,0.0,6239.0,1.358,,237.401,523.7660473,2.506971128,12.49088772
Kepler-1260 b,Kepler-1260,1,1,Transit,2016.0,19.1187753,0.0,,,1.77,,0.0,5961.0,1.08,1.06,1734.43,,1.321337767,
Kepler-1261 b,Kepler-1261,1,1,Transit,2016.0,48.4308991,0.0,,,2.26,,0.0,5006.0,0.77,0.82,744.294,,0.33406785,
Kepler-1262 b,Kepler-1262,1,1,Transit,2016.0,8.67900242,0.0,,,1.82,,0.0,5771.0,0.98,0.99,1054.87,,0.955754384,
Kepler-1263 b,Kepler-1263,1,1,Transit,2016.0,4.55139967,0.0,,,1.14,,0.0,5213.0,0.8,0.84,664.83,,0.42405357,
Kepler-1264 b,Kepler-1264,1,1,Transit,2016.0,0.968526023,0.0,,,1.18,,0.0,5791.0,0.98,0.99,801.993,,0.969072481,
Kepler-1265 b,Kepler-1265,1,1,Transit,2016.0,6.49441289,0.0,,,1.35,,0.0,4630.0,0.69,0.71,583.641,,0.196296247,
Kepler-1266 b,Kepler-1266,1,2,Transit,2016.0,28.474748,0.0,,,2.58,,0.0,5044.0,0.76,0.8,849.312,,0.335441928,
Kepler-1266 c,Kepler-1266,1,2,Transit,2021.0,4.86631012,0.0,,,1.68023962,,0.0,4996.0,0.831,0.791,849.312,,0.385994944,
Kepler-1267 b,Kepler-1267,1,1,Transit,2016.0,13.0313945,0.0,,,3.01,,0.0,6096.0,1.2,1.15,1379.43,,1.784153332,
Kepler-1268 b,Kepler-1268,1,1,Transit,2016.0,40.9903986,0.0,,,2.03,,0.0,5904.0,1.09,1.06,1840.77,,1.295174368,
Kepler-1269 b,Kepler-1269,1,1,Transit,2016.0,37.3331536,0.0,,,1.63,,0.0,5998.0,1.15,1.1,1097.23,,1.535717653,
Kepler-127 b,Kepler-127,1,3,Transit,2014.0,14.435889,0.03952331,0.125,,1.4,,0.0,6106.0,1.359,,352.794,970.784873,2.303328935,147.4130518
Kepler-127 c,Kepler-127,1,3,Transit,2014.0,29.393195,0.080474182,0.2,,2.66,,0.0,6106.0,1.359,,352.794,767.4728292,2.303328935,57.58322337
Kepler-127 d,Kepler-127,1,3,Transit,2014.0,48.630408,0.133142801,0.28,,2.64,,0.0,6106.0,1.359,,352.794,648.632927,2.303328935,29.3791956
Kepler-1270 b,Kepler-1270,1,1,Transit,2016.0,6.03356196,0.0,,,3.32,,0.0,5047.0,3.38,1.28,1095.05,,6.650533255,
Kepler-1271 b,Kepler-1271,1,1,Transit,2016.0,3.0255955,0.0,,,1.48,,0.0,6143.0,1.23,1.13,831.991,,1.932956738,
Kepler-1272 b,Kepler-1272,1,1,Transit,2016.0,51.1309704,0.0,,,2.37,,0.0,5926.0,1.09,1.06,1206.37,,1.314587306,
Kepler-1273 b,Kepler-1273,1,1,Transit,2016.0,28.625653,0.0,,,2.49,,0.0,5566.0,0.91,0.94,1114.24,,0.7130918,
Kepler-1274 b,Kepler-1274,1,1,Transit,2016.0,6.98152703,0.0,,,1.42,,0.0,6179.0,2.17,1.45,614.648,,6.15860143,
Kepler-1275 b,Kepler-1275,1,1,Transit,2016.0,3.65691115,0.0,,,1.48,,0.0,6296.0,1.36,1.23,1153.98,,2.607513371,
Kepler-1276 b,Kepler-1276,1,1,Transit,2016.0,12.5720095,0.0,,,1.19,,0.0,6188.0,1.21,1.14,538.481,,1.926024515,
Kepler-1277 b,Kepler-1277,1,1,Transit,2016.0,40.8365012,0.0,,,1.6,,0.0,5578.0,0.92,0.94,557.193,,0.735156065,
Kepler-1278 b,Kepler-1278,1,1,Transit,2016.0,3.23941344,0.0,,,1.01,,0.0,6074.0,1.16,1.11,889.426,,1.643255062,
Kepler-1279 b,Kepler-1279,1,1,Transit,2016.0,23.4774101,0.0,,,1.75,,0.0,6221.0,1.33,1.21,1494.22,,2.377026028,
Kepler-128 b,Kepler-128,1,2,Transit,2013.0,15.0,0.0,,,1.421,3.79,7.277941745,6072.0,1.659,1.184,396.379,,3.356677934,
Kepler-128 c,Kepler-128,1,2,Transit,2013.0,22.8,0.0,,0.037,1.521,3.38,5.292741178,6072.0,1.659,1.184,396.379,,3.356677934,
Kepler-1280 b,Kepler-1280,1,1,Transit,2016.0,66.5579057,0.0,,,1.87,,0.0,6227.0,1.32,1.2,1486.7,,2.35046168,
Kepler-1281 b,Kepler-1281,1,1,Transit,2016.0,3.11602791,0.0,,,1.64,,0.0,5353.0,0.83,0.87,,,0.507498787,
Kepler-1282 b,Kepler-1282,1,1,Transit,2016.0,2.131946513,0.0,,,1.55,,0.0,5504.0,0.89,0.92,1103.29,,0.652204159,
Kepler-1283 b,Kepler-1283,1,1,Transit,2016.0,12.9460978,0.0,,,1.91,,0.0,6175.0,1.25,1.16,2921.99,,2.03825128,
Kepler-1284 b,Kepler-1284,1,1,Transit,2016.0,0.664073806,0.0,,,1.21,,0.0,5123.0,0.79,0.84,882.324,,0.385692733,
Kepler-1285 b,Kepler-1285,1,1,Transit,2016.0,14.7967458,0.0,,,0.97,,0.0,6170.0,1.28,1.2,422.269,,2.130347473,
Kepler-1286 b,Kepler-1286,1,1,Transit,2016.0,11.25402929,0.0,,,2.15,,0.0,5753.0,0.98,1.0,1354.46,,0.943885898,
Kepler-1287 b,Kepler-1287,1,1,Transit,2016.0,11.47685909,0.0,,,1.54,,0.0,5715.0,0.94,0.96,1003.26,,0.845688639,
Kepler-1288 b,Kepler-1288,1,1,Transit,2016.0,2.76122421,0.0,,,1.12,,0.0,6132.0,1.29,1.2,814.078,,2.110949556,
Kepler-1289 b,Kepler-1289,1,1,Transit,2016.0,7.99019627,0.0,,,1.52,,0.0,6080.0,1.17,1.1,1053.57,,1.678324331,
Kepler-129 b,Kepler-129,1,3,Transit,2014.0,15.79,0.043185941,0.13,,2.4,20.0,7.971643519,5770.0,1.653,1.178,408.845,992.0922166,2.717307639,160.7874343
Kepler-129 c,Kepler-129,1,3,Transit,2014.0,82.2,0.22440073,0.39,,2.52,43.0,14.8053416,5770.0,1.653,1.178,408.845,572.7847083,2.717307639,17.86527047
Kepler-129 d,Kepler-129,1,3,Radial Velocity,2021.0,2646.0,7.370846072,4.0,0.15,,2637.975778,,5770.0,1.653,1.178,408.845,178.8519678,2.717307639,0.169831727
Kepler-1290 b,Kepler-1290,1,1,Transit,2016.0,4.69500134,0.0,,,1.42,,0.0,5660.0,0.93,0.95,1593.7,,0.796382067,
Kepler-1291 b,Kepler-1291,1,1,Transit,2016.0,8.63043276,0.0,,,1.66,,0.0,5216.0,0.8,0.84,897.352,,0.425030558,
Kepler-1292 b,Kepler-1292,1,1,Transit,2016.0,3.27646405,0.0,,,1.82,,0.0,5556.0,0.93,0.95,1493.43,,0.739442989,
Kepler-1293 b,Kepler-1293,1,1,Transit,2016.0,5.57654784,0.0,,,0.97,,0.0,6241.0,1.28,1.18,1028.16,,2.230111204,
Kepler-1294 b,Kepler-1294,1,1,Transit,2016.0,115.6862258,0.0,,,3.19,,0.0,5776.0,0.97,0.99,1855.7,,0.939597942,
Kepler-1295 b,Kepler-1295,1,1,Transit,2016.0,3.81371974,0.0,,,1.55,,0.0,5486.0,0.89,0.92,1174.46,,0.64371418,
Kepler-1296 b,Kepler-1296,1,1,Transit,2016.0,8.3839865,0.0,,,0.91,,0.0,5359.0,0.83,0.87,1551.54,,0.509777969,
Kepler-1297 b,Kepler-1297,1,1,Transit,2016.0,1.68189002,0.0,,,0.97,,0.0,5818.0,0.99,0.99,1439.47,,1.007523319,
Kepler-1298 b,Kepler-1298,1,1,Transit,2016.0,7.12811928,0.0,,,1.31,,0.0,6339.0,2.0,1.45,544.163,,5.794725239,
Kepler-1299 b,Kepler-1299,1,1,Transit,2016.0,19.9400874,0.0,,,2.98,,0.0,5609.0,0.91,0.94,1404.94,,0.735384369,
Kepler-130 b,Kepler-130,2,3,Transit,2014.0,8.457458,0.023155258,0.079,,1.02,,0.0,5884.0,1.127,,316.663,1071.59963,1.365929669,218.863911
Kepler-130 c,Kepler-130,2,3,Transit,2014.0,27.50868,0.075098282,0.178,0.0,2.9,,0.0,5879.0,1.17,1.0,316.663,726.7714669,1.467153028,46.30580191
Kepler-130 d,Kepler-130,2,3,Transit,2014.0,87.517905,0.239610965,0.377,,1.64,,0.0,5884.0,1.127,,316.663,490.5411282,1.365929669,9.610492362
Kepler-1300 b,Kepler-1300,1,1,Transit,2016.0,22.2419092,0.0,,,1.37,,0.0,6130.0,1.79,1.29,777.025,,4.059175326,
Kepler-1301 b,Kepler-1301,1,1,Transit,2016.0,9.08237046,0.0,,,1.4,,0.0,5188.0,0.81,0.85,854.28,,0.42644179,
Kepler-1302 b,Kepler-1302,1,1,Transit,2016.0,8.83922659,0.0,,,1.43,,0.0,5236.0,0.82,0.86,634.58,,0.453436114,
Kepler-1303 b,Kepler-1303,1,1,Transit,2016.0,7.56127224,0.0,,,1.42,,0.0,5771.0,1.0,1.01,897.783,,0.995162832,
Kepler-1304 b,Kepler-1304,1,1,Transit,2016.0,16.1288853,0.0,,,2.29,,0.0,5259.0,0.81,0.85,2176.08,,0.450269542,
Kepler-1305 b,Kepler-1305,1,1,Transit,2016.0,13.5630972,0.0,,,1.88,,0.0,5701.0,0.96,0.97,1575.23,,0.873446844,
Kepler-1306 b,Kepler-1306,1,1,Transit,2016.0,16.29595382,0.0,,,1.91,,0.0,5727.0,0.97,0.98,1107.5,,0.908117513,
Kepler-1307 b,Kepler-1307,1,1,Transit,2016.0,18.01621096,0.0,,,2.47,,0.0,5884.0,1.08,1.06,1014.62,,1.254376812,
Kepler-1308 b,Kepler-1308,1,1,Transit,2016.0,2.104338119,0.0,,,0.52,,0.0,3468.0,0.34,0.35,112.705,,0.015002514,
Kepler-1309 b,Kepler-1309,1,1,Transit,2016.0,28.8432647,0.0,,,2.37,,0.0,5235.0,0.8,0.85,,,0.431257408,
Kepler-131 b,Kepler-131,1,2,Transit,2014.0,16.092,0.0,,,2.41,16.13,6.349431446,5685.0,1.03,1.02,228.678,,0.994228425,
Kepler-131 c,Kepler-131,1,2,Transit,2014.0,25.5169,0.0,,,0.84,8.25,76.69511257,5685.0,1.03,1.02,228.678,,0.994228425,
Kepler-1310 b,Kepler-1310,1,1,Transit,2016.0,0.679336272,0.0,,,1.44,,0.0,5549.0,0.88,0.91,569.185,,0.658740088,
Kepler-1311 b,Kepler-1311,1,3,Transit,2016.0,11.1726994,0.0,,,1.24,,0.0,5748.0,1.4,1.05,866.331,,1.919609803,
Kepler-1311 c,Kepler-1311,1,3,Transit,2016.0,2.53573424,0.0,,,1.22,,0.0,5748.0,1.4,1.05,866.331,,1.919609803,
Kepler-1311 d,Kepler-1311,1,3,Transit,2021.0,197.5110016,0.0,,,9.65837605,,0.0,5616.0,1.674,1.032,866.331,,2.500973867,
Kepler-1312 b,Kepler-1312,1,2,Transit,2016.0,5.448325286,0.0,,,2.1,,0.0,5719.0,0.92,0.99,299.104,,0.812355062,
Kepler-1312 c,Kepler-1312,1,2,Transit,2021.0,1.116119981,0.0,,,1.02732734,,0.0,5721.0,0.905,0.983,299.104,,0.787181356,
Kepler-1313 b,Kepler-1313,1,1,Transit,2016.0,3.833091178,0.0,,,1.76,,0.0,5453.0,0.85,0.92,174.234,,0.573151842,
Kepler-1314 b,Kepler-1314,1,1,Transit,2016.0,5.424749281,0.0,,,5.11,,0.0,4188.0,0.59,0.6,,,0.09607725,
Kepler-1315 b,Kepler-1315,1,2,Transit,2016.0,0.84338011,0.0,,,1.38,,0.0,4861.0,0.75,0.8,480.869,,0.281783047,
Kepler-1315 c,Kepler-1315,1,2,Transit,2021.0,6.566060066,0.0,,,1.84398883,,0.0,4818.0,0.856,0.809,480.869,,0.354245679,
Kepler-1316 b,Kepler-1316,1,1,Transit,2016.0,87.9732136,0.0,,,3.54,,0.0,5884.0,1.12,1.04,800.871,,1.349014294,
Kepler-1317 b,Kepler-1317,1,1,Transit,2016.0,0.568874427,0.0,,,1.56,,0.0,5144.0,0.79,0.83,728.303,,0.39205579,
Kepler-1318 b,Kepler-1318,1,1,Transit,2016.0,213.257663,0.0,,,3.11,,0.0,4598.0,0.7,0.73,475.248,,0.196499657,
Kepler-1319 b,Kepler-1319,2,1,Transit,2016.0,2.886762645,0.0,,,1.34,,0.0,3655.0,0.54,0.56,103.917,,0.046690325,
Kepler-132 b,Kepler-132,2,4,Transit,2014.0,6.178196,0.016914979,0.067,,1.21,,0.0,6003.0,1.178,,349.549,1213.710379,1.616790707,360.1672326
Kepler-132 c,Kepler-132,2,4,Transit,2014.0,6.414914,0.017563077,0.068,,1.28,,0.0,6003.0,1.178,,349.549,1204.752985,1.616790707,349.6519695
Kepler-132 d,Kepler-132,2,4,Transit,2014.0,18.010199,0.049309238,0.136,,1.55,,0.0,6003.0,1.178,,349.549,851.889005,1.616790707,87.41299238
Kepler-132 e,Kepler-132,2,4,Transit,2016.0,110.2869374,0.0,,,1.18,,0.0,6023.0,1.1,1.03,349.549,,1.428652722,
Kepler-1320 b,Kepler-1320,1,1,Transit,2016.0,0.868386528,0.0,,,1.7,,0.0,4817.0,0.74,0.8,647.424,,0.264520829,
Kepler-1321 b,Kepler-1321,1,3,Transit,2016.0,11.12830484,0.0,,,4.92,,0.0,4094.0,0.53,0.54,769.146,,0.070799949,
Kepler-1321 c,Kepler-1321,1,3,Transit,2016.0,2.226491086,0.0,,,2.4,,0.0,4094.0,0.53,0.54,769.146,,0.070799949,
Kepler-1321 d,Kepler-1321,1,3,Transit,2021.0,5.720920086,0.0,,,2.62843782,,0.0,3640.0,0.503,0.513,769.146,,0.039850278,
Kepler-1322 b,Kepler-1322,1,2,Transit,2016.0,0.962867382,0.0,,,1.61,,0.0,5488.0,0.87,0.9,1350.32,,0.61600575,
Kepler-1322 c,Kepler-1322,1,2,Transit,2021.0,6.459980011,0.0,,,2.15492527,,0.0,5704.0,0.804,0.897,1350.32,,0.613931638,
Kepler-1323 b,Kepler-1323,1,1,Transit,2016.0,0.929906678,0.0,,,1.52,,0.0,6169.0,1.4,1.18,465.417,,2.546859588,
Kepler-1324 b,Kepler-1324,1,1,Transit,2016.0,4.115844679,0.0,,,1.51,,0.0,4776.0,0.73,0.78,481.667,,0.248767042,
Kepler-1325 b,Kepler-1325,1,1,Transit,2016.0,33.8786838,0.0,,,2.86,,0.0,5550.0,0.91,0.93,973.368,,0.704927685,
Kepler-1326 b,Kepler-1326,1,1,Transit,2016.0,42.3514267,0.0,,,4.18,,0.0,6725.0,1.74,1.45,698.326,,5.555939414,
Kepler-1327 b,Kepler-1327,1,1,Transit,2016.0,14.88801098,0.0,,,1.8,,0.0,5885.0,1.03,1.02,678.069,,1.141695181,
Kepler-1328 b,Kepler-1328,1,1,Transit,2016.0,4.52158888,0.0,,,0.98,,0.0,5780.0,0.99,1.0,813.543,,0.981457714,
Kepler-1329 b,Kepler-1329,1,1,Transit,2016.0,9.33646594,0.0,,,2.17,,0.0,4500.0,0.69,0.72,588.037,,0.17516127,
Kepler-133 b,Kepler-133,1,2,Transit,2014.0,8.129976,0.022258661,0.083,,1.76,,0.0,5736.0,1.425,,653.6,1146.011583,1.972223591,286.2859037
Kepler-133 c,Kepler-133,1,2,Transit,2014.0,31.517586,0.086290448,0.204,,2.84,,0.0,5736.0,1.425,,653.6,730.9925818,1.972223591,47.39099362
Kepler-1330 b,Kepler-1330,1,1,Transit,2016.0,10.10769068,0.0,,,1.65,,0.0,5608.0,0.94,0.97,1720.48,,0.784111055,
Kepler-1331 b,Kepler-1331,1,1,Transit,2016.0,0.789161653,0.0,,,1.05,,0.0,4508.0,0.69,0.72,319.197,,0.176410187,
Kepler-1332 b,Kepler-1332,1,1,Transit,2016.0,11.87456832,0.0,,,1.37,,0.0,5581.0,0.9,0.95,528.685,,0.705054938,
Kepler-1333 b,Kepler-1333,1,1,Transit,2016.0,109.6471842,0.0,,,2.81,,0.0,5628.0,0.92,0.94,932.446,,0.761871731,
Kepler-1334 b,Kepler-1334,1,1,Transit,2016.0,15.64591713,0.0,,,2.29,,0.0,5614.0,0.91,0.94,1223.04,,0.738010036,
Kepler-1335 b,Kepler-1335,1,1,Transit,2016.0,6.26406846,0.0,,,1.45,,0.0,4903.0,0.74,0.77,621.853,,0.283923188,
Kepler-1336 b,Kepler-1336,1,2,Transit,2016.0,23.198681,0.0,,,1.98,,0.0,5512.0,1.3,0.94,1126.64,,1.399630475,
Kepler-1336 c,Kepler-1336,1,2,Transit,2016.0,5.77721211,0.0,,,1.71,,0.0,5512.0,1.3,0.94,1126.64,,1.399630475,
Kepler-1337 b,Kepler-1337,1,1,Transit,2016.0,24.4002549,0.0,,,2.41,,0.0,4523.0,0.67,0.7,601.629,,0.168556617,
Kepler-1338 b,Kepler-1338,1,1,Transit,2016.0,0.935118057,0.0,,,0.92,,0.0,5909.0,1.05,1.04,753.26,,1.205936411,
Kepler-1339 b,Kepler-1339,1,1,Transit,2016.0,1.341555127,0.0,,,0.71,,0.0,5586.0,0.93,0.94,371.049,,0.755543498,
Kepler-134 b,Kepler-134,1,2,Transit,2014.0,5.317429,0.014558327,0.06,,2.0,,0.0,5983.0,1.176,,334.797,1277.198845,1.589939155,441.6497654
Kepler-134 c,Kepler-134,1,2,Transit,2014.0,10.105785,0.027668131,0.092,,1.26,,0.0,5983.0,1.176,,334.797,1031.431115,1.589939155,187.8472537
Kepler-1340 b,Kepler-1340,1,1,Transit,2016.0,0.665026916,0.0,,,1.55,,0.0,6331.0,1.42,1.27,981.779,,2.90640273,
Kepler-1341 b,Kepler-1341,2,1,Transit,2016.0,132.9968322,0.0,,,2.99,,0.0,4662.0,0.72,0.79,476.957,,0.219707013,
Kepler-1342 b,Kepler-1342,1,1,Transit,2016.0,2.215710358,0.0,,,1.66,,0.0,5527.0,0.9,0.93,890.724,,0.67816087,
Kepler-1343 b,Kepler-1343,1,1,Transit,2016.0,3.35183158,0.0,,,1.93,,0.0,5759.0,0.93,0.95,1756.71,,0.853579667,
Kepler-1344 b,Kepler-1344,1,1,Transit,2016.0,4.7683049,0.0,,,1.84,,0.0,5981.0,1.13,1.09,853.959,,1.466026925,
Kepler-1345 b,Kepler-1345,1,1,Transit,2016.0,44.6169557,0.0,,,2.36,,0.0,6449.0,1.55,1.32,1355.02,,3.728402187,
Kepler-1346 b,Kepler-1346,1,1,Transit,2016.0,3.40165668,0.0,,,1.58,,0.0,6133.0,1.21,1.14,843.701,,1.85845671,
Kepler-1347 b,Kepler-1347,1,1,Transit,2016.0,14.00947528,0.0,,,1.03,,0.0,5193.0,0.79,0.82,,,0.407208958,
Kepler-1348 b,Kepler-1348,1,1,Transit,2016.0,27.5722742,0.0,,,1.94,,0.0,5911.0,1.04,1.04,1213.82,,1.184678116,
Kepler-1349 b,Kepler-1349,1,1,Transit,2016.0,2.12823928,0.0,,,0.7,,0.0,6086.0,1.28,1.16,276.323,,2.01668274,
Kepler-135 b,Kepler-135,1,2,Transit,2014.0,6.00253,0.016434031,0.067,,1.81,,0.0,6090.0,1.275,,621.855,1280.992132,2.006223855,446.9199944
Kepler-135 c,Kepler-135,1,2,Transit,2014.0,11.448708,0.031344854,0.103,,1.16,,0.0,6090.0,1.275,,621.855,1033.154452,2.006223855,189.1058398
Kepler-1350 b,Kepler-1350,1,2,Transit,2016.0,4.4968604,0.0,,,2.52,,0.0,3827.0,0.53,0.55,340.691,,0.054059925,
Kepler-1350 c,Kepler-1350,1,2,Transit,2016.0,1.766789062,0.0,,,1.73,,0.0,3827.0,0.53,0.55,340.691,,0.054059925,
Kepler-1351 b,Kepler-1351,1,1,Transit,2016.0,0.916140768,0.0,,,0.65,,0.0,4439.0,0.67,0.7,202.782,,0.156379578,
Kepler-1352 b,Kepler-1352,1,1,Transit,2016.0,1.877882748,0.0,,,0.89,,0.0,6118.0,1.16,1.11,670.829,,1.691389846,
Kepler-1353 b,Kepler-1353,1,1,Transit,2016.0,24.7543966,0.0,,,1.8,,0.0,4776.0,0.72,0.76,593.384,,0.241998189,
Kepler-1354 b,Kepler-1354,1,1,Transit,2016.0,76.613377,0.0,,,2.97,,0.0,6168.0,1.24,1.16,1119.45,,1.996690173,
Kepler-1355 b,Kepler-1355,1,1,Transit,2016.0,1.289588112,0.0,,,1.46,,0.0,5352.0,0.83,0.88,911.269,,0.507119667,
Kepler-1356 b,Kepler-1356,1,1,Transit,2016.0,0.634002937,0.0,,,1.53,,0.0,5106.0,0.78,0.82,845.228,,0.371024251,
Kepler-1357 b,Kepler-1357,1,1,Transit,2016.0,3.0091324,0.0,,,1.28,,0.0,5597.0,0.9,0.93,1015.69,,0.713174976,
Kepler-1358 b,Kepler-1358,1,1,Transit,2016.0,7.06317341,0.0,,,1.12,,0.0,5181.0,0.79,0.82,546.998,,0.403458065,
Kepler-1359 b,Kepler-1359,1,1,Transit,2016.0,59.4970952,0.0,,,2.83,,0.0,4709.0,0.72,0.78,614.859,,0.228701812,
Kepler-136 b,Kepler-136,2,2,Transit,2014.0,11.5789,0.0317013,0.106,,2.05,,0.0,6165.0,1.355,,420.818,1062.823808,2.379582488,211.7819943
Kepler-136 c,Kepler-136,2,2,Transit,2014.0,16.399235,0.044898658,0.133,,1.99,,0.0,6165.0,1.355,,420.818,948.829954,2.379582488,134.5232906
Kepler-1360 b,Kepler-1360,1,1,Transit,2016.0,40.5286413,0.0,,,3.4,,0.0,6778.0,1.83,1.51,1516.27,,6.341591856,
Kepler-1361 b,Kepler-1361,1,1,Transit,2016.0,3.57554956,0.0,,,0.86,,0.0,5131.0,0.79,0.83,389.143,,0.38810755,
Kepler-1362 b,Kepler-1362,1,1,Transit,2016.0,136.205626,0.0,,,2.6,,0.0,4857.0,0.74,0.8,731.298,,0.273417119,
Kepler-1363 b,Kepler-1363,1,1,Transit,2016.0,2.94194094,0.0,,,1.25,,0.0,4839.0,0.72,0.76,541.714,,0.255021814,
Kepler-1364 b,Kepler-1364,1,1,Transit,2016.0,13.32196237,0.0,,,2.15,,0.0,6805.0,1.79,1.49,1056.9,,6.16465008,
Kepler-1365 b,Kepler-1365,1,2,Transit,2016.0,7.69993485,0.0,,,0.92,,0.0,5770.0,1.05,1.0,840.128,,1.09640675,
Kepler-1365 c,Kepler-1365,1,2,Transit,2016.0,4.77468005,0.0,,,0.8,,0.0,5770.0,1.05,1.0,840.128,,1.09640675,
Kepler-1366 b,Kepler-1366,1,1,Transit,2016.0,2.164570968,0.0,,,1.43,,0.0,4070.0,0.6,0.62,465.826,,0.088627804,
Kepler-1367 b,Kepler-1367,1,1,Transit,2016.0,1.574090272,0.0,,,0.92,,0.0,4106.0,0.6,0.62,401.484,,0.09180538,
Kepler-1368 b,Kepler-1368,1,1,Transit,2016.0,0.675649486,0.0,,,1.65,,0.0,5906.0,1.08,1.07,1635.82,,1.273242514,
Kepler-1369 b,Kepler-1369,1,1,Transit,2016.0,25.873148,0.0,,,2.69,,0.0,5761.0,0.99,0.99,1236.56,,0.968616226,
Kepler-137 b,Kepler-137,1,2,Transit,2014.0,8.436387,0.023097569,0.077,,1.47,,0.0,5187.0,0.802,,302.979,807.1784306,0.417737611,70.45667242
Kepler-137 c,Kepler-137,1,2,Transit,2014.0,18.735753,0.051295696,0.13,,1.88,,0.0,5187.0,0.802,,302.979,621.2168607,0.417737611,24.71820182
Kepler-1370 b,Kepler-1370,1,2,Transit,2016.0,20.2641684,0.0,,,1.84,,0.0,6202.0,1.29,1.19,1004.1,,2.209003064,
Kepler-1370 c,Kepler-1370,1,2,Transit,2016.0,7.44142113,0.0,,,1.27,,0.0,6202.0,1.29,1.19,1004.1,,2.209003064,
Kepler-1371 b,Kepler-1371,1,2,Transit,2016.0,3.4462039,0.0,,,0.73,,0.0,5361.0,0.83,0.87,515.334,,0.5105394,
Kepler-1371 c,Kepler-1371,1,2,Transit,2016.0,2.00541269,0.0,,,0.64,,0.0,5361.0,0.83,0.87,515.334,,0.5105394,
Kepler-1372 b,Kepler-1372,1,1,Transit,2016.0,1.311555568,0.0,,,1.27,,0.0,5677.0,0.97,0.98,1303.22,,0.876816867,
Kepler-1373 b,Kepler-1373,1,1,Transit,2016.0,1.29123275,0.0,,,1.16,,0.0,6299.0,1.33,1.22,1699.46,,2.498501217,
Kepler-1374 b,Kepler-1374,1,1,Transit,2016.0,10.65276707,0.0,,,2.29,,0.0,5323.0,0.81,0.85,1078.46,,0.472591333,
Kepler-1375 b,Kepler-1375,1,1,Transit,2016.0,3.3004192,0.0,,,1.74,,0.0,6704.0,1.78,1.47,1430.84,,5.742035551,
Kepler-1376 b,Kepler-1376,1,1,Transit,2016.0,5.30880656,0.0,,,1.05,,0.0,5659.0,0.97,0.98,868.056,,0.865749191,
Kepler-1377 b,Kepler-1377,1,1,Transit,2016.0,0.740928422,0.0,,,1.25,,0.0,5218.0,0.82,0.86,1146.1,,0.447233013,
Kepler-1378 b,Kepler-1378,1,1,Transit,2016.0,11.95398936,0.0,,,2.2,,0.0,4407.0,0.67,0.7,506.434,,0.151918848,
Kepler-1379 b,Kepler-1379,1,1,Transit,2016.0,0.881841146,0.0,,,1.3,,0.0,5188.0,0.79,0.83,971.325,,0.405642922,
Kepler-138 b,Kepler-138,1,4,Transit,2014.0,10.3134,0.028249813,0.0753,0.02,0.64,0.07,1.471328735,3841.0,0.535,0.535,66.8624,493.6682409,0.055895217,9.8579064
Kepler-138 c,Kepler-138,1,4,Transit,2014.0,13.7815,0.037716317,0.0913,0.017,1.51,2.3,3.680854012,3841.0,0.535,0.535,66.8624,448.3294708,0.055895217,6.705529656
Kepler-138 d,Kepler-138,1,4,Transit,2014.0,23.0923,0.063197064,0.1288,0.01,1.51,2.1,3.36077975,3841.0,0.535,0.535,66.8624,377.4633112,0.055895217,3.369325095
Kepler-138 e,Kepler-138,1,4,Transit Timing Variations,2022.0,38.23,0.104668668,0.1803,0.112,,0.43,,3841.0,0.535,0.535,66.8624,319.0324165,0.055895217,1.719424811
Kepler-1380 b,Kepler-1380,1,1,Transit,2016.0,10.3108245,0.0,,,1.43,,0.0,5570.0,0.94,0.96,2462.94,,0.763073441,
Kepler-1381 b,Kepler-1381,1,1,Transit,2016.0,25.3842686,0.0,,,2.25,,0.0,5747.0,0.94,0.96,1197.04,,0.864789376,
Kepler-1382 b,Kepler-1382,1,1,Transit,2016.0,16.3583055,0.0,,,1.88,,0.0,6161.0,1.72,1.36,738.261,,3.824296702,
Kepler-1383 b,Kepler-1383,1,1,Transit,2016.0,13.9093583,0.0,,,1.41,,0.0,6370.0,1.44,1.26,1027.21,,3.063180323,
Kepler-1384 b,Kepler-1384,1,1,Transit,2016.0,15.36262753,0.0,,,1.94,,0.0,4919.0,0.74,0.78,,,0.287647484,
Kepler-1385 b,Kepler-1385,1,1,Transit,2016.0,2.88879862,0.0,,,0.85,,0.0,5732.0,1.29,1.15,688.795,,1.611736338,
Kepler-1386 b,Kepler-1386,1,1,Transit,2016.0,6.73972381,0.0,,,1.24,,0.0,5733.0,1.03,1.02,835.882,,1.028234251,
Kepler-1387 b,Kepler-1387,1,1,Transit,2016.0,2.279526656,0.0,,,0.93,,0.0,5046.0,0.77,0.82,455.358,,0.344873866,
Kepler-1388 b,Kepler-1388,1,4,Transit,2016.0,12.2854603,0.0,,,2.59,,0.0,4098.0,0.61,0.63,453.795,,0.094153688,
Kepler-1388 c,Kepler-1388,1,4,Transit,2016.0,5.53608151,0.0,,,2.26,,0.0,4098.0,0.61,0.63,453.795,,0.094153688,
Kepler-1388 d,Kepler-1388,1,4,Transit,2016.0,20.9568158,0.0,,,2.86,,0.0,4098.0,0.61,0.63,453.795,,0.094153688,
Kepler-1388 e,Kepler-1388,1,4,Transit,2016.0,37.6327084,0.0,,,2.46,,0.0,4098.0,0.61,0.63,453.795,,0.094153688,
Kepler-1389 b,Kepler-1389,1,1,Transit,2016.0,99.2530951,0.0,,,1.77,,0.0,5078.0,0.74,0.81,497.093,,0.32668115,
Kepler-139 b,Kepler-139,1,5,Transit,2014.0,15.771044,0.043178765,0.127,,2.94,,0.0,5594.0,1.3,,391.038,862.9860119,1.48479468,92.05745426
Kepler-139 c,Kepler-139,1,5,Transit,2014.0,157.072878,0.430042103,0.586,,3.38,,0.0,5594.0,1.3,,391.038,401.7508542,1.48479468,4.32385549
Kepler-139 d,Kepler-139,1,5,Transit,2023.0,7.305699922,0.020001916,0.075553396,0.0,1.695,4.65807623,5.27046681,,,1.078,391.038,0.0,0.0,0.0
Kepler-139 e,Kepler-139,1,5,Radial Velocity,2023.0,2047.635373,5.606120118,3.23579639,0.013121,,426.1158152,,,,1.078,391.038,0.0,0.0,0.0
Kepler-139 f,Kepler-139,1,5,Transit Timing Variations,2025.0,355.0,0.0,,,,36.0,,5630.0,1.045,1.078,391.038,,0.984364653,
Kepler-1390 b,Kepler-1390,1,1,Transit,2016.0,6.48021673,0.0,,,1.18,,0.0,5753.0,0.98,0.98,723.431,,0.943885898,
Kepler-1391 b,Kepler-1391,1,1,Transit,2016.0,54.4092333,0.0,,,1.68,,0.0,5840.0,1.1,1.03,1038.35,,1.262776842,
Kepler-1392 b,Kepler-1392,1,1,Transit,2016.0,15.1410397,0.0,,,1.96,,0.0,5479.0,0.85,0.88,,,0.584161463,
Kepler-1393 b,Kepler-1393,1,1,Transit,2016.0,2.44357812,0.0,,,0.8,,0.0,5697.0,0.92,0.95,544.456,,0.799927049,
Kepler-1394 b,Kepler-1394,1,1,Transit,2016.0,3.93766373,0.0,,,1.39,,0.0,6481.0,2.55,1.64,640.409,,10.29291287,
Kepler-1395 b,Kepler-1395,1,1,Transit,2016.0,3.78470649,0.0,,,0.8,,0.0,6138.0,1.23,1.17,492.894,,1.926671216,
Kepler-1396 b,Kepler-1396,1,1,Transit,2016.0,18.2206421,0.0,,,2.07,,0.0,6195.0,1.27,1.18,1066.46,,2.13138809,
Kepler-1397 b,Kepler-1397,1,1,Transit,2016.0,47.449955,0.0,,,1.72,,0.0,6026.0,1.12,1.09,1198.25,,1.484029058,
Kepler-1398 b,Kepler-1398,1,2,Transit,2016.0,2.78815679,0.0,,,0.9,,0.0,6126.0,1.18,1.13,852.204,,1.759388846,
Kepler-1398 c,Kepler-1398,1,2,Transit,2016.0,4.13827595,0.0,,,1.03,,0.0,6126.0,1.18,1.13,852.204,,1.759388846,
Kepler-1399 b,Kepler-1399,1,1,Transit,2016.0,1.638653058,0.0,,,1.25,,0.0,5735.0,0.96,0.97,1385.7,,0.894470465,
Kepler-14 b,Kepler-14,2,1,Transit,2011.0,6.790123,0.0,,0.035,12.733,2669.66,7.125499863,6395.0,2.048,1.512,,,6.293785678,
Kepler-140 b,Kepler-140,1,2,Transit,2014.0,3.25427,0.008909706,0.045,,1.61,,0.0,6077.0,1.288,,583.859,1567.66185,2.029918125,1002.428704
Kepler-140 c,Kepler-140,1,2,Transit,2014.0,91.353282,0.250111655,0.414,,1.8,,0.0,6077.0,1.288,,583.859,516.8428063,2.029918125,11.84343932
Kepler-1400 b,Kepler-1400,1,1,Transit,2016.0,9.06689421,0.0,,,1.62,,0.0,5044.0,0.78,0.83,752.237,,0.353329067,
Kepler-1401 b,Kepler-1401,1,1,Transit,2016.0,11.20066445,0.0,,,1.68,,0.0,5964.0,1.1,1.07,1425.43,,1.373490815,
Kepler-1402 b,Kepler-1402,1,1,Transit,2016.0,2.03387914,0.0,,,0.76,,0.0,5416.0,0.87,0.9,1493.64,,0.584309541,
Kepler-1403 b,Kepler-1403,1,1,Transit,2016.0,5.19492202,0.0,,,2.14,,0.0,6060.0,1.15,1.11,2163.9,,1.60020649,
Kepler-1404 b,Kepler-1404,1,1,Transit,2016.0,15.9314739,0.0,,,2.01,,0.0,5261.0,0.8,0.84,962.183,,0.439888928,
Kepler-1405 b,Kepler-1405,1,1,Transit,2016.0,28.2274184,0.0,,,3.96,,0.0,5925.0,1.07,1.05,1530.3,,1.2659333,
Kepler-1406 b,Kepler-1406,1,1,Transit,2016.0,11.62905828,0.0,,,1.1,,0.0,5892.0,1.12,1.05,572.403,,1.356365854,
Kepler-1407 b,Kepler-1407,1,1,Transit,2016.0,20.0711504,0.0,,,2.25,,0.0,6010.0,1.15,1.1,1396.41,,1.548044421,
Kepler-1408 b,Kepler-1408,1,1,Transit,2016.0,2.99793191,0.0,,,0.89,,0.0,6170.0,1.35,1.21,535.048,,2.369725506,
Kepler-1409 b,Kepler-1409,1,1,Transit,2016.0,0.764864926,0.0,,,1.04,,0.0,5160.0,0.79,0.83,694.89,,0.396956428,
Kepler-141 b,Kepler-141,1,2,Transit,2014.0,3.107675,0.00850835,0.039,,0.69,,0.0,4910.0,0.787,,301.183,1063.525809,0.322972305,212.342081
Kepler-141 c,Kepler-141,1,2,Transit,2014.0,7.010606,0.019193993,0.067,,1.41,,0.0,4910.0,0.787,,301.183,811.41482,0.322972305,71.94749502
Kepler-1410 b,Kepler-1410,1,1,Transit,2016.0,60.866168,0.0,,,1.78,,0.0,4092.0,0.6,0.63,,,0.090559674,
Kepler-1411 b,Kepler-1411,1,1,Transit,2016.0,86.1150888,0.0,,,2.82,,0.0,5664.0,0.92,0.95,1660.48,,0.781553088,
Kepler-1412 b,Kepler-1412,1,1,Transit,2016.0,3.6146051,0.0,,,0.83,,0.0,5880.0,1.27,1.06,755.678,,1.729842632,
Kepler-1413 b,Kepler-1413,1,1,Transit,2016.0,13.1829642,0.0,,,1.82,,0.0,5196.0,0.8,0.84,1167.49,,0.418549082,
Kepler-1414 b,Kepler-1414,1,1,Transit,2016.0,3.51576315,0.0,,,1.23,,0.0,4951.0,0.75,0.8,570.835,,0.30323832,
Kepler-1415 b,Kepler-1415,1,1,Transit,2016.0,0.63642408,0.0,,,1.29,,0.0,5267.0,0.84,0.89,1043.56,,0.487193736,
Kepler-1416 b,Kepler-1416,1,1,Transit,2016.0,1.49514952,0.0,,,0.88,,0.0,6019.0,1.15,1.09,949.59,,1.557338083,
Kepler-1417 b,Kepler-1417,1,1,Transit,2016.0,20.3505213,0.0,,,1.0,,0.0,5839.0,1.02,1.02,991.845,,1.085035867,
Kepler-1418 b,Kepler-1418,1,1,Transit,2016.0,22.4764425,0.0,,,1.66,,0.0,4770.0,0.72,0.77,,,0.240784407,
Kepler-1419 b,Kepler-1419,1,1,Transit,2016.0,42.5215895,0.0,,,2.86,,0.0,5796.0,1.01,1.01,1498.58,,1.03287105,
Kepler-142 b,Kepler-142,1,3,Transit,2014.0,2.024152,0.005541826,0.032,,1.99,,0.0,5790.0,1.269,,548.686,1758.109272,1.623780602,1585.723245
Kepler-142 c,Kepler-142,1,3,Transit,2014.0,4.761702,0.01303683,0.057,,2.86,,0.0,5790.0,1.269,,548.686,1317.296159,1.623780602,499.7785788
Kepler-142 d,Kepler-142,1,3,Transit,2014.0,41.809118,0.114467127,0.242,,2.16,,0.0,5790.0,1.269,,548.686,639.3124624,1.623780602,27.7266
Kepler-1420 b,Kepler-1420,1,1,Transit,2016.0,6.69960006,0.0,,,1.28,,0.0,5187.0,0.79,0.82,1054.37,,0.405330257,
Kepler-1421 b,Kepler-1421,1,1,Transit,2016.0,6.9131112,0.0,,,0.93,,0.0,6335.0,1.42,1.25,783.401,,2.913754892,
Kepler-1422 b,Kepler-1422,1,1,Transit,2016.0,18.6051942,0.0,,,2.02,,0.0,6194.0,1.23,1.15,2465.84,,1.997951203,
Kepler-1423 b,Kepler-1423,1,1,Transit,2016.0,23.955378,0.0,,,1.06,,0.0,4939.0,0.75,0.79,,,0.300309092,
Kepler-1424 b,Kepler-1424,1,1,Transit,2016.0,29.6091744,0.0,,,1.16,,0.0,5838.0,1.07,1.02,661.421,,1.193201438,
Kepler-1425 b,Kepler-1425,1,1,Transit,2016.0,14.4541302,0.0,,,0.94,,0.0,5718.0,0.95,0.97,863.873,,0.865592858,
Kepler-1426 b,Kepler-1426,1,1,Transit,2016.0,14.2563227,0.0,,,1.56,,0.0,5831.0,1.02,1.02,1697.81,,1.079101656,
Kepler-1427 b,Kepler-1427,1,1,Transit,2016.0,0.968972376,0.0,,,1.1,,0.0,5793.0,1.01,1.01,,,1.03073426,
Kepler-1428 b,Kepler-1428,1,1,Transit,2016.0,10.67607169,0.0,,,1.64,,0.0,6184.0,1.36,1.28,1530.32,,2.426864843,
Kepler-1429 b,Kepler-1429,1,1,Transit,2016.0,4.48487493,0.0,,,1.29,,0.0,5902.0,1.07,1.05,1214.09,,1.246390775,
Kepler-143 b,Kepler-143,1,2,Transit,2014.0,16.007583,0.043826374,0.127,,2.41,,0.0,5848.0,1.359,,809.467,922.4157514,1.938019842,120.1574705
Kepler-143 c,Kepler-143,1,2,Transit,2014.0,27.082511,0.074147874,0.181,,3.37,,0.0,5848.0,1.359,,809.467,772.6615189,1.938019842,59.1563091
Kepler-1430 b,Kepler-1430,1,1,Transit,2016.0,2.46050993,0.0,,,1.18,,0.0,4796.0,0.72,0.77,875.523,,0.246077293,
Kepler-1431 b,Kepler-1431,1,1,Transit,2016.0,5.86601526,0.0,,,1.47,,0.0,5806.0,1.03,1.03,1623.24,,1.081614312,
Kepler-1432 b,Kepler-1432,1,1,Transit,2016.0,23.9109011,0.0,,,2.22,,0.0,6031.0,1.13,1.09,2171.87,,1.515667893,
Kepler-1433 b,Kepler-1433,1,1,Transit,2016.0,4.13592271,0.0,,,1.56,,0.0,6097.0,1.19,1.14,,,1.7556929,
Kepler-1434 b,Kepler-1434,1,1,Transit,2016.0,8.05333618,0.0,,,1.11,,0.0,6291.0,2.04,1.47,775.529,,5.848290345,
Kepler-1435 b,Kepler-1435,1,1,Transit,2016.0,4.45343281,0.0,,,0.86,,0.0,6356.0,1.32,1.21,704.211,,2.551368954,
Kepler-1436 b,Kepler-1436,1,1,Transit,2016.0,9.705716,0.0,,,1.31,,0.0,5972.0,1.09,1.06,2530.62,,1.355882458,
Kepler-1437 b,Kepler-1437,1,1,Transit,2016.0,10.9295461,0.0,,,1.37,,0.0,5557.0,0.9,0.93,2101.69,,0.69300514,
Kepler-1438 b,Kepler-1438,1,1,Transit,2016.0,2.31942009,0.0,,,0.94,,0.0,5530.0,0.96,0.97,1154.13,,0.773272991,
Kepler-1439 b,Kepler-1439,1,1,Transit,2016.0,8.07392849,0.0,,,1.46,,0.0,3578.0,0.43,0.46,225.393,,0.027188679,
Kepler-144 b,Kepler-144,1,2,Transit,2014.0,5.885273,0.016112999,0.066,,1.33,,0.0,6075.0,1.235,,384.917,1267.124453,1.863841143,427.8790503
Kepler-144 c,Kepler-144,1,2,Transit,2014.0,10.104665,0.027665065,0.094,,1.35,,0.0,6075.0,1.235,,384.917,1061.76233,1.863841143,210.937205
Kepler-1440 b,Kepler-1440,1,1,Transit,2016.0,39.859484,0.0,,,1.26,,0.0,5698.0,0.96,0.98,1115.35,,0.871609782,
Kepler-1441 b,Kepler-1441,1,1,Transit,2016.0,39.4419839,0.0,,,1.31,,0.0,5802.0,1.0,1.0,1110.48,,1.016718551,
Kepler-1442 b,Kepler-1442,1,1,Transit,2016.0,81.4162941,0.0,,,3.93,,0.0,6394.0,1.44,1.34,608.68,,3.109605974,
Kepler-1443 b,Kepler-1443,1,1,Transit,2016.0,2.41811321,0.0,,,0.97,,0.0,6289.0,1.27,1.19,593.646,,2.263725019,
Kepler-1444 b,Kepler-1444,1,1,Transit,2016.0,33.42035034,0.0,,,2.18,,0.0,5810.0,1.05,1.03,319.675,,1.127127323,
Kepler-1445 b,Kepler-1445,1,1,Transit,2016.0,10.60052251,0.0,,,0.96,,0.0,6150.0,1.26,1.13,506.357,,2.037658513,
Kepler-1446 b,Kepler-1446,1,1,Transit,2016.0,0.689967832,0.0,,,0.82,,0.0,4865.0,0.75,0.81,152.075,,0.282711682,
Kepler-1447 b,Kepler-1447,1,1,Transit,2016.0,56.6747285,0.0,,,2.9,,0.0,5722.0,0.95,0.97,890.296,,0.868017487,
Kepler-1448 b,Kepler-1448,1,1,Transit,2016.0,12.27065865,0.0,,,1.61,,0.0,5774.0,0.93,0.95,768.903,,0.86250747,
Kepler-1449 b,Kepler-1449,1,1,Transit,2016.0,13.2274528,0.0,,,1.68,,0.0,5979.0,1.1,1.08,2006.48,,1.387360847,
Kepler-145 b,Kepler-145,1,2,Transit,2013.0,22.951,0.0,,,2.65,37.1,10.98469206,,1.85,1.32,566.85,,0.0,
Kepler-145 c,Kepler-145,1,2,Transit,2013.0,42.882,0.0,,,4.32,79.4,5.426513163,,1.85,1.32,566.85,,0.0,
Kepler-1450 b,Kepler-1450,1,1,Transit,2016.0,54.5094166,0.0,,,1.71,,0.0,4524.0,0.68,0.71,505.829,,0.173779307,
Kepler-1451 b,Kepler-1451,1,1,Transit,2016.0,35.622233,0.0,,,3.35,,0.0,5782.0,0.99,1.0,1058.72,,0.982816838,
Kepler-1452 b,Kepler-1452,1,1,Transit,2016.0,42.913751,0.0,,,2.7,,0.0,6101.0,2.06,1.41,996.32,,5.275071987,
Kepler-1453 b,Kepler-1453,1,1,Transit,2016.0,47.1611696,0.0,,,2.67,,0.0,5665.0,0.94,0.97,1196.04,,0.816479366,
Kepler-1454 b,Kepler-1454,1,1,Transit,2016.0,47.0319479,0.0,,,1.88,,0.0,5448.0,0.86,0.9,780.566,,0.584568148,
Kepler-1455 b,Kepler-1455,1,1,Transit,2016.0,49.276764,0.0,,,2.16,,0.0,4075.0,0.6,0.62,357.621,,0.089064124,
Kepler-1456 b,Kepler-1456,1,1,Transit,2016.0,18.1373829,0.0,,,1.14,,0.0,4231.0,0.62,0.64,370.312,,0.110521133,
Kepler-1457 b,Kepler-1457,1,1,Transit,2016.0,51.1110243,0.0,,,1.99,,0.0,5866.0,1.01,1.01,889.885,,1.083679436,
Kepler-1458 b,Kepler-1458,1,1,Transit,2016.0,47.9872764,0.0,,,2.76,,0.0,5653.0,0.94,0.96,544.45,,0.809583222,
Kepler-1459 b,Kepler-1459,1,1,Transit,2016.0,62.8691611,0.0,,,1.36,,0.0,4828.0,0.74,0.78,455.479,,0.266945335,
Kepler-146 b,Kepler-146,1,2,Transit,2014.0,31.158799,0.085308142,0.2,,3.71,,0.0,5948.0,1.208,,716.797,704.8568225,1.63873058,40.96826449
Kepler-146 c,Kepler-146,1,2,Transit,2014.0,76.732171,0.210081235,0.364,,3.13,,0.0,5948.0,1.208,,716.797,522.474638,1.63873058,12.36815134
Kepler-1460 b,Kepler-1460,1,1,Transit,2016.0,29.9633247,0.0,,,1.96,,0.0,4422.0,0.67,0.7,553.218,,0.153997762,
Kepler-1461 b,Kepler-1461,1,1,Transit,2016.0,29.3494775,0.0,,,2.03,,0.0,4919.0,0.74,0.79,679.106,,0.287647484,
Kepler-1462 b,Kepler-1462,1,1,Transit,2016.0,65.6488341,0.0,,,3.82,,0.0,5756.0,1.0,1.0,1017.82,,0.98485658,
Kepler-1463 b,Kepler-1463,1,1,Transit,2016.0,25.15864,0.0,,,1.86,,0.0,5679.0,0.95,0.96,1687.47,,0.842218032,
Kepler-1464 b,Kepler-1464,1,2,Transit,2016.0,31.7785901,0.0,,,1.66,,0.0,5828.0,1.01,1.02,1151.73,,1.055870776,
Kepler-1464 c,Kepler-1464,1,2,Transit,2016.0,5.32786292,0.0,,,1.0,,0.0,5828.0,1.01,1.02,1151.73,,1.055870776,
Kepler-1465 b,Kepler-1465,1,1,Transit,2016.0,31.8277111,0.0,,,1.77,,0.0,4726.0,0.71,0.75,359.497,,0.225621985,
Kepler-1466 b,Kepler-1466,1,1,Transit,2016.0,31.1750448,0.0,,,1.55,,0.0,5884.0,1.02,1.01,631.949,,1.118873144,
Kepler-1467 b,Kepler-1467,1,1,Transit,2016.0,47.0569043,0.0,,,3.3,,0.0,5332.0,0.82,0.86,852.888,,0.487616191,
Kepler-1468 b,Kepler-1468,1,3,Transit,2016.0,8.23984869,0.0,,,1.73,,0.0,5893.0,1.05,1.04,1899.24,,1.192927946,
Kepler-1468 c,Kepler-1468,1,3,Transit,2016.0,3.54553021,0.0,,,1.15,,0.0,5893.0,1.05,1.04,1899.24,,1.192927946,
Kepler-1468 d,Kepler-1468,1,3,Transit,2021.0,19.59059906,0.0,,,3.33187146,,0.0,5794.0,1.496,1.072,1899.24,,2.262908535,
Kepler-1469 b,Kepler-1469,1,1,Transit,2016.0,21.8635301,0.0,,,2.8,,0.0,5507.0,0.89,0.92,1159.3,,0.653627279,
Kepler-147 b,Kepler-147,1,2,Transit,2014.0,12.610584,0.034525897,0.113,,1.53,,0.0,6012.0,1.468,,1042.02,1044.850745,2.525909863,197.8157932
Kepler-147 c,Kepler-147,1,2,Transit,2014.0,33.416423,0.09148918,0.216,,2.43,,0.0,6012.0,1.468,,1042.02,755.7298958,2.525909863,54.13901456
Kepler-1470 b,Kepler-1470,1,1,Transit,2016.0,16.2950903,0.0,,,1.07,,0.0,4961.0,0.76,0.8,590.601,,0.313901899,
Kepler-1471 b,Kepler-1471,1,2,Transit,2016.0,3.63899398,0.0,,,1.41,,0.0,5660.0,0.93,0.95,978.678,,0.796382067,
Kepler-1471 c,Kepler-1471,1,2,Transit,2023.0,11.6044881,0.031792895,0.0981,0.0,1.88,,0.0,5533.0,1.166,0.934,978.678,919.7862656,1.143219521,118.7932097
Kepler-1472 b,Kepler-1472,1,1,Transit,2016.0,38.1312831,0.0,,,1.9,,0.0,6159.0,1.25,1.16,1479.14,,2.017208049,
Kepler-1473 b,Kepler-1473,1,1,Transit,2016.0,14.4273551,0.0,,,1.19,,0.0,6046.0,1.09,1.09,652.253,,1.424345728,
Kepler-1474 b,Kepler-1474,1,1,Transit,2016.0,36.4333452,0.0,,,2.16,,0.0,5870.0,1.04,1.04,1180.9,,1.15214976,
Kepler-1475 b,Kepler-1475,1,1,Transit,2016.0,82.177374,0.0,,,2.92,,0.0,6214.0,1.28,1.18,1568.38,,2.191769025,
Kepler-1476 b,Kepler-1476,1,1,Transit,2016.0,10.35863224,0.0,,,1.67,,0.0,5663.0,0.96,0.98,1002.74,,0.850390819,
Kepler-1477 b,Kepler-1477,1,1,Transit,2016.0,11.55530021,0.0,,,1.18,,0.0,5100.0,0.78,0.81,680.828,,0.369283378,
Kepler-1478 b,Kepler-1478,1,1,Transit,2016.0,26.0840594,0.0,,,1.73,,0.0,5904.0,1.06,1.04,1845.58,,1.224861477,
Kepler-1479 b,Kepler-1479,1,1,Transit,2016.0,14.53261362,0.0,,,1.83,,0.0,5796.0,0.98,0.99,728.668,,0.972423641,
Kepler-148 b,Kepler-148,1,3,Transit,2014.0,1.729366,0.004734746,0.028,,1.8,,0.0,5272.0,0.851,,791.163,1401.433984,0.501938579,640.2277788
Kepler-148 c,Kepler-148,1,3,Transit,2014.0,4.180043,0.011444334,0.05,,3.6,,0.0,5272.0,0.851,,791.163,1048.737163,0.501938579,200.7754314
Kepler-148 d,Kepler-148,1,3,Transit,2016.0,51.84688575,0.0,,,8.68,,0.0,5172.0,0.81,0.86,791.163,,0.421205422,
Kepler-1480 b,Kepler-1480,2,1,Transit,2016.0,22.12679948,0.0,,,1.67,,0.0,5156.0,0.81,0.85,500.892,,0.416017426,
Kepler-1481 b,Kepler-1481,1,1,Transit,2016.0,5.94220998,0.0,,,1.23,,0.0,4908.0,0.75,0.8,459.076,,0.292840131,
Kepler-1482 b,Kepler-1482,1,1,Transit,2016.0,12.25383217,0.0,,,1.01,,0.0,5381.0,0.84,0.88,567.556,,0.530762695,
Kepler-1483 b,Kepler-1483,1,1,Transit,2016.0,9.5085156,0.0,,,1.52,,0.0,6337.0,1.4,1.25,1273.78,,2.835833639,
Kepler-1484 b,Kepler-1484,1,1,Transit,2016.0,30.4549136,0.0,,,2.11,,0.0,5730.0,0.92,0.94,2879.83,,0.818623094,
Kepler-1485 b,Kepler-1485,1,1,Transit,2016.0,19.9157725,0.0,,,1.47,,0.0,6087.0,1.12,1.11,615.66,,1.545037776,
Kepler-1486 b,Kepler-1486,1,1,Transit,2016.0,54.6495759,0.0,,,2.32,,0.0,5965.0,1.12,1.08,1769.14,,1.424845212,
Kepler-1487 b,Kepler-1487,1,2,Transit,2016.0,7.31946363,0.0,,,2.13,,0.0,6541.0,1.63,1.38,1014.62,,4.363567066,
Kepler-1487 c,Kepler-1487,1,2,Transit,2023.0,35.8007112,0.098104641,0.2588,0.0,7.97,,0.0,5745.0,3.955,1.801,1014.62,1082.910637,15.28772837,228.2519065
Kepler-1488 b,Kepler-1488,1,2,Transit,2016.0,39.8189932,0.0,,,1.86,,0.0,5820.0,1.31,1.05,905.825,,1.766543678,
Kepler-1488 c,Kepler-1488,1,2,Transit,2021.0,6.158269882,0.0,,,1.65156749,,0.0,5710.0,1.524,1.003,905.825,,2.215155493,
Kepler-1489 b,Kepler-1489,1,2,Transit,2016.0,82.294751,0.0,,,1.77,,0.0,5655.0,0.9,0.93,1283.05,,0.743199324,
Kepler-1489 c,Kepler-1489,1,2,Transit,2024.0,0.680741,0.0,,,0.51,,0.0,5565.53,0.957,0.977,1283.05,,0.788387696,
Kepler-149 b,Kepler-149,1,3,Transit,2014.0,29.198943,0.079942349,0.184,,4.21,,0.0,5381.0,0.953,,571.034,590.4892689,0.683168163,20.17864377
Kepler-149 c,Kepler-149,1,3,Transit,2014.0,55.328328,0.151480706,0.281,,1.61,,0.0,5381.0,0.953,,571.034,477.8237816,0.683168163,8.651969497
Kepler-149 d,Kepler-149,1,3,Transit,2014.0,160.018032,0.438105495,0.571,,3.96,,0.0,5381.0,0.953,,571.034,335.1991177,0.683168163,2.095344338
Kepler-1490 b,Kepler-1490,1,1,Transit,2016.0,92.4362973,0.0,,,3.04,,0.0,5515.0,0.87,0.9,862.92,,0.628218067,
Kepler-1491 b,Kepler-1491,1,2,Transit,2016.0,16.5861762,0.0,,,1.51,,0.0,5728.0,0.99,1.0,2065.59,,0.94661259,
Kepler-1491 c,Kepler-1491,1,2,Transit,2023.0,61.569765,0.168788991,0.3045,0.0,2.44,,0.0,5626.0,1.389,0.991,2065.59,579.3869124,1.734176324,18.70331804
Kepler-1492 b,Kepler-1492,1,1,Transit,2016.0,16.75255007,0.0,,,1.49,,0.0,4712.0,0.72,0.77,331.553,,0.229285172,
Kepler-1493 b,Kepler-1493,1,1,Transit,2016.0,15.0217983,0.0,,,1.41,,0.0,5863.0,1.29,1.06,555.051,,1.764204182,
Kepler-1494 b,Kepler-1494,1,1,Transit,2016.0,91.080482,0.0,,,3.07,,0.0,5659.0,0.94,0.96,1285.48,,0.81302581,
Kepler-1495 b,Kepler-1495,1,1,Transit,2016.0,85.273256,0.0,,,2.94,,0.0,5831.0,1.04,1.03,1355.54,,1.121834248,
Kepler-1496 b,Kepler-1496,1,1,Transit,2016.0,64.6588017,0.0,,,2.22,,0.0,6182.0,1.27,1.18,1307.66,,2.11355374,
Kepler-1497 b,Kepler-1497,1,1,Transit,2016.0,8.74199772,0.0,,,1.66,,0.0,5675.0,0.95,0.96,,,0.839847674,
Kepler-1498 b,Kepler-1498,1,1,Transit,2016.0,48.051405,0.0,,,1.33,,0.0,5256.0,0.81,0.86,,,0.449242995,
Kepler-1499 b,Kepler-1499,1,1,Transit,2016.0,44.2008,0.0,,,1.19,,0.0,5097.0,0.78,0.82,309.869,,0.368415242,
Kepler-15 b,Kepler-15,1,1,Transit,2011.0,4.942782,0.013537438,0.05714,0.06,10.76,209.76,0.927763877,5515.0,0.992,1.018,739.412,1108.007534,0.816761506,250.1582265
Kepler-150 b,Kepler-150,1,5,Transit,2014.0,3.428054,0.0093855,0.044,,1.25,,0.0,5560.0,0.939,,891.092,1238.490638,0.755997224,390.4944339
Kepler-150 c,Kepler-150,1,5,Transit,2014.0,7.381998,0.020210809,0.073,,3.69,,0.0,5560.0,0.939,,891.092,961.5184814,0.755997224,141.8647446
Kepler-150 d,Kepler-150,1,5,Transit,2014.0,12.56093,0.034389952,0.104,,2.79,,0.0,5560.0,0.939,,891.092,805.5683534,0.755997224,69.89619305
Kepler-150 e,Kepler-150,1,5,Transit,2014.0,30.826557,0.084398513,0.189,,3.12,,0.0,5560.0,0.939,,891.092,597.569144,0.755997224,21.16394345
Kepler-150 f,Kepler-150,1,5,Transit,2017.0,637.2093,1.401995632,1.24,,3.64,,0.0,5528.0,0.905339,0.97,891.092,227.758338,0.686727511,0.446622991
Kepler-1500 b,Kepler-1500,1,1,Transit,2016.0,15.0330105,0.0,,,1.2,,0.0,5845.0,1.0,1.0,1217.82,,1.047195849,
Kepler-1501 b,Kepler-1501,1,1,Transit,2016.0,14.5564533,0.0,,,1.56,,0.0,6229.0,1.3,1.2,749.06,,2.282705462,
Kepler-1502 b,Kepler-1502,1,1,Transit,2016.0,41.7083629,0.0,,,3.18,,0.0,6666.0,1.72,1.44,1514.02,,5.240925438,
Kepler-1503 b,Kepler-1503,1,1,Transit,2016.0,96.16987,0.0,,,2.27,,0.0,5069.0,0.74,0.77,1225.57,,0.324371325,
Kepler-1504 b,Kepler-1504,1,1,Transit,2016.0,82.304003,0.0,,,2.13,,0.0,5393.0,0.81,0.85,2435.94,,0.497945221,
Kepler-1505 b,Kepler-1505,1,1,Transit,2016.0,30.8609366,0.0,,,0.93,,0.0,5686.0,0.86,0.93,495.148,,0.693608128,
Kepler-1506 b,Kepler-1506,1,1,Transit,2016.0,14.0329154,0.0,,,1.32,,0.0,5676.0,0.93,0.95,2366.02,,0.805425349,
Kepler-1507 b,Kepler-1507,1,1,Transit,2016.0,16.0506213,0.0,,,0.84,,0.0,5410.0,0.85,0.89,320.478,,0.555286048,
Kepler-1508 b,Kepler-1508,1,1,Transit,2016.0,20.7056504,0.0,,,1.33,,0.0,6158.0,1.22,1.14,1260.28,,1.92029632,
Kepler-1509 b,Kepler-1509,1,1,Transit,2016.0,25.4338197,0.0,,,1.85,,0.0,5780.0,0.99,1.0,2002.96,,0.981457714,
Kepler-151 b,Kepler-151,1,2,Transit,2014.0,15.228958,0.041694615,0.116,,3.06,,0.0,5460.0,0.83,,649.919,704.229434,0.549308862,40.82259676
Kepler-151 c,Kepler-151,1,2,Transit,2014.0,24.674612,0.067555406,0.16,,2.09,,0.0,5460.0,0.83,,649.919,599.6297561,0.549308862,21.45737742
Kepler-1510 b,Kepler-1510,1,1,Transit,2016.0,84.703921,0.0,,,3.36,,0.0,6200.0,1.28,1.19,1696.25,,2.172083654,
Kepler-1511 b,Kepler-1511,1,1,Transit,2016.0,23.2382792,0.0,,,1.68,,0.0,6064.0,1.29,1.17,1475.6,,2.018859245,
Kepler-1512 b,Kepler-1512,1,1,Transit,2016.0,20.35972599,0.0,,,1.18,,0.0,4372.0,0.67,0.73,,,0.147149933,
Kepler-1513 b,Kepler-1513,1,2,Transit,2016.0,160.8842,0.0,,0.306,8.594,48.30991786,0.419374336,5491.0,0.95,0.943,349.247,,0.7361102,
Kepler-1513 c,Kepler-1513,1,2,Transit Timing Variations,2023.0,841.4,0.0,,0.125,,84.54235626,,5491.0,0.95,0.943,349.247,,0.7361102,
Kepler-1514 b,Kepler-1514,1,2,Transit,2016.0,217.83184,0.597484818,0.753,0.401,12.419572,1678.1424,4.826813521,6145.0,1.289,1.196,397.292,387.6701269,2.125608282,3.748808717
Kepler-1514 c,Kepler-1514,1,2,Transit,2020.0,10.514181,0.028785723,0.0997,0.32,1.1758241,,0.0,6145.0,1.289,1.196,397.292,1065.398903,2.125608282,213.8419554
Kepler-1515 b,Kepler-1515,1,1,Transit,2016.0,214.3114164,0.0,,,9.55,,0.0,6511.0,1.41,1.3,539.321,,3.205670323,
Kepler-1516 b,Kepler-1516,1,1,Transit,2016.0,7.25931979,0.0,,,1.75,,0.0,5904.0,1.07,1.04,1358.95,,1.248081083,
Kepler-1517 b,Kepler-1517,1,1,Transit,2016.0,5.546083665,0.0,,,9.76,,0.0,7010.0,1.95,1.58,847.299,,8.238177491,
Kepler-1518 b,Kepler-1518,1,2,Transit,2016.0,5.11177904,0.0,,,3.05,,0.0,6846.0,1.88,1.54,903.51,,6.96551333,
Kepler-1518 c,Kepler-1518,1,2,Transit,2023.0,9.6310258,0.026443561,0.0905,0.0,2.9,,0.0,6432.0,1.345,1.06,903.51,1195.623292,2.777912497,339.1731019
Kepler-1519 b,Kepler-1519,1,1,Transit,2016.0,240.7989397,0.0,,,7.06,,0.0,5644.0,0.91,0.94,1441.63,,0.753911998,
Kepler-152 b,Kepler-152,1,2,Transit,2014.0,18.207973,0.049850713,0.124,,2.79,,0.0,5088.0,0.724,,441.09,592.8120485,0.315177635,20.49802519
Kepler-152 c,Kepler-152,1,2,Transit,2014.0,88.255055,0.241629172,0.356,,2.39,,0.0,5088.0,0.724,,441.09,349.8669068,0.315177635,2.486883249
Kepler-1520 b,Kepler-1520,1,1,Transit,2016.0,0.653553572,0.0,,,5.77,,0.0,4677.0,0.71,0.76,607.917,,0.216409353,
Kepler-1521 b,Kepler-1521,1,1,Transit,2016.0,47.14840805,0.0,,,2.5,,0.0,5042.0,0.76,0.81,206.983,,0.33491022,
Kepler-1522 b,Kepler-1522,1,1,Transit,2016.0,1.847889171,0.0,,,1.73,,0.0,5706.0,0.93,0.96,814.125,,0.822588846,
Kepler-1523 b,Kepler-1523,1,1,Transit,2016.0,0.93875077,0.0,,,1.58,,0.0,5708.0,0.96,0.97,865.596,,0.877744615,
Kepler-1524 b,Kepler-1524,1,1,Transit,2016.0,70.9674603,0.0,,,3.54,,0.0,6179.0,1.25,1.17,381.773,,2.043537713,
Kepler-1525 b,Kepler-1525,1,1,Transit,2016.0,2.416601183,0.0,,,0.91,,0.0,5748.0,1.04,1.07,382.989,,1.059311206,
Kepler-1526 b,Kepler-1526,1,1,Transit,2016.0,3.908632005,0.0,,,2.43,,0.0,4601.0,0.69,0.73,555.574,,0.191424255,
Kepler-1527 b,Kepler-1527,1,1,Transit,2016.0,160.129918,0.0,,,4.77,,0.0,6224.0,1.32,1.21,1842.13,,2.345935397,
Kepler-1528 b,Kepler-1528,1,1,Transit,2016.0,1.791110205,0.0,,,1.46,,0.0,5857.0,1.03,1.03,817.534,,1.12012166,
Kepler-1529 b,Kepler-1529,1,1,Transit,2016.0,5.33905686,0.0,,,2.1,,0.0,5048.0,0.77,0.81,661.014,,0.345420959,
Kepler-153 b,Kepler-153,1,2,Transit,2014.0,18.870227,0.051663866,0.129,,2.92,,0.0,5404.0,0.892,,459.368,685.1953247,0.608808798,36.5848686
Kepler-153 c,Kepler-153,1,2,Transit,2014.0,46.90232,0.128411554,0.237,,2.53,,0.0,5404.0,0.892,,459.368,505.5161946,0.608808798,10.83887551
Kepler-1530 b,Kepler-1530,1,3,Transit,2016.0,2.5904434,0.0,,,1.64,,0.0,5477.0,0.88,0.92,489.876,,0.625210349,
Kepler-1530 c,Kepler-1530,1,3,Transit,2016.0,5.3227406,0.0,,,1.65,,0.0,5477.0,0.88,0.92,489.876,,0.625210349,
Kepler-1530 d,Kepler-1530,1,3,Transit,2021.0,9.20761013,0.0,,,3.27870115,,0.0,5678.0,1.303,1.015,489.876,,1.583289145,
Kepler-1531 b,Kepler-1531,1,1,Transit,2016.0,1.138543376,0.0,,,1.11,,0.0,6260.0,1.27,1.16,666.334,,2.222258749,
Kepler-1532 b,Kepler-1532,1,1,Transit,2016.0,1.093663559,0.0,,,1.35,,0.0,5559.0,0.88,0.91,798.246,,0.663501472,
Kepler-1533 b,Kepler-1533,1,1,Transit,2016.0,308.5471,0.0,,,3.46,,0.0,6431.0,1.51,1.31,966.801,,3.49911151,
Kepler-1534 b,Kepler-1534,1,1,Transit,2016.0,5.71668872,0.0,,,1.89,,0.0,5442.0,0.86,0.9,,,0.581997209,
Kepler-1535 b,Kepler-1535,1,1,Transit,2016.0,138.9442,0.0,,,2.55,,0.0,6021.0,1.11,1.08,897.733,,1.452815004,
Kepler-1536 b,Kepler-1536,1,1,Transit,2016.0,364.758031,0.0,,,3.14,,0.0,4434.0,0.67,0.71,387.248,,0.155676196,
Kepler-1537 b,Kepler-1537,1,1,Transit,2016.0,1.444453798,0.0,,,1.18,,0.0,5079.0,0.77,0.81,517.292,,0.353984423,
Kepler-1538 b,Kepler-1538,1,1,Transit,2016.0,175.138819,0.0,,,2.82,,0.0,5837.0,1.03,1.03,1125.3,,1.104900252,
Kepler-1539 b,Kepler-1539,1,1,Transit,2016.0,133.3036741,0.0,,,2.7,,0.0,5176.0,0.8,0.84,748.326,,0.412142019,
Kepler-154 b,Kepler-154,1,5,Transit,2014.0,33.040532,0.090460047,0.198,,2.26,,0.0,5690.0,1.001,,915.212,616.8906511,0.942338794,24.03680222
Kepler-154 c,Kepler-154,1,5,Transit,2014.0,62.303276,0.170577073,0.303,,2.95,,0.0,5690.0,1.001,,915.212,498.6771508,0.942338794,10.26412219
Kepler-154 d,Kepler-154,1,5,Transit,2016.0,20.54981883,0.0,,,3.84,,0.0,5769.0,0.98,0.98,915.212,,0.954430166,
Kepler-154 e,Kepler-154,1,5,Transit,2016.0,3.93276465,0.0,,,1.5,,0.0,5769.0,0.98,0.98,915.212,,0.954430166,
Kepler-154 f,Kepler-154,1,5,Transit,2016.0,9.91935684,0.0,,,1.5,,0.0,5769.0,0.98,0.98,915.212,,0.954430166,
Kepler-1540 b,Kepler-1540,2,1,Transit,2016.0,125.4131177,0.0,,,2.49,,0.0,4540.0,0.69,0.74,244.96,,0.181472759,
Kepler-1541 b,Kepler-1541,1,1,Transit,2016.0,8.40691199,0.0,,,1.16,,0.0,5282.0,0.81,0.86,416.692,,0.458198302,
Kepler-1542 b,Kepler-1542,1,4,Transit,2016.0,3.95116882,0.0,,,0.76,,0.0,5564.0,0.99,0.94,399.114,,0.842769334,
Kepler-1542 c,Kepler-1542,1,4,Transit,2016.0,2.89223021,0.0,,,0.65,,0.0,5564.0,0.99,0.94,399.114,,0.842769334,
Kepler-1542 d,Kepler-1542,1,4,Transit,2016.0,5.99273738,0.0,,,0.87,,0.0,5564.0,0.99,0.94,399.114,,0.842769334,
Kepler-1542 e,Kepler-1542,1,4,Transit,2016.0,5.10115756,0.0,,,0.76,,0.0,5564.0,0.99,0.94,399.114,,0.842769334,
Kepler-1543 b,Kepler-1543,1,1,Transit,2016.0,6.96710269,0.0,,,2.71,,0.0,6561.0,1.65,1.39,921.784,,4.526243242,
Kepler-1544 b,Kepler-1544,1,1,Transit,2016.0,168.811174,0.0,,,1.78,,0.0,4886.0,0.74,0.81,335.09,,0.280005873,
Kepler-1545 b,Kepler-1545,1,1,Transit,2016.0,163.692349,0.0,,,2.7,,0.0,5201.0,0.8,0.84,729.964,,0.420162452,
Kepler-1546 b,Kepler-1546,1,1,Transit,2016.0,19.5974971,0.0,,,3.13,,0.0,5623.0,0.93,0.95,931.956,,0.775761248,
Kepler-1547 b,Kepler-1547,1,1,Transit,2016.0,0.692979676,0.0,,,0.9,,0.0,6078.0,1.18,1.12,674.695,,1.704891115,
Kepler-1548 b,Kepler-1548,1,1,Transit,2016.0,124.828679,0.0,,,2.64,,0.0,5706.0,0.97,0.99,872.279,,0.894870904,
Kepler-1549 b,Kepler-1549,1,1,Transit,2016.0,214.886545,0.0,,,2.57,,0.0,5324.0,0.84,0.88,803.052,,0.508628404,
Kepler-155 b,Kepler-155,1,2,Transit,2014.0,5.931194,0.016238724,0.056,,2.09,,0.0,4508.0,0.62,,293.499,723.2646134,0.142432422,45.41850182
Kepler-155 c,Kepler-155,1,2,Transit,2014.0,52.661793,0.144180131,0.242,,2.24,,0.0,4508.0,0.62,,293.499,347.9233271,0.142432422,2.432081513
Kepler-1550 b,Kepler-1550,1,1,Transit,2016.0,225.582809,0.0,,,3.02,,0.0,5991.0,1.11,1.07,1179.01,,1.424075733,
Kepler-1551 b,Kepler-1551,1,1,Transit,2016.0,24.4973698,0.0,,,2.66,,0.0,6136.0,1.22,1.14,1463.72,,1.893001313,
Kepler-1552 b,Kepler-1552,1,1,Transit,2016.0,184.771853,0.0,,,2.47,,0.0,5202.0,0.78,0.85,769.096,,0.399724204,
Kepler-1553 b,Kepler-1553,1,1,Transit,2016.0,4.24261881,0.0,,,1.15,,0.0,5288.0,0.81,0.85,692.594,,0.460283783,
Kepler-1554 b,Kepler-1554,1,1,Transit,2016.0,198.088774,0.0,,,2.9,,0.0,5297.0,0.81,0.84,946.847,,0.463425342,
Kepler-1555 b,Kepler-1555,1,1,Transit,2016.0,8.10501635,0.0,,,1.61,,0.0,5866.0,1.06,1.04,2013.27,,1.193630246,
Kepler-1556 b,Kepler-1556,1,1,Transit,2016.0,8.82713457,0.0,,,1.96,,0.0,5608.0,0.95,0.97,944.54,,0.80088301,
Kepler-1557 b,Kepler-1557,1,1,Transit,2016.0,3.74032496,0.0,,,1.53,,0.0,6099.0,1.17,1.11,1380.16,,1.699401929,
Kepler-1558 b,Kepler-1558,1,1,Transit,2016.0,3.50470358,0.0,,,0.68,,0.0,5101.0,0.79,0.83,325.737,,0.379110075,
Kepler-1559 b,Kepler-1559,1,1,Transit,2016.0,0.971915428,0.0,,,0.72,,0.0,5316.0,0.82,0.86,614.827,,0.481789625,
Kepler-156 b,Kepler-156,1,2,Transit,2014.0,4.973456,0.01361658,0.054,,2.3,,0.0,5094.0,0.807,,443.483,949.5335333,0.393434719,134.9227431
Kepler-156 c,Kepler-156,1,2,Transit,2014.0,15.906801,0.043550448,0.117,,2.55,,0.0,5094.0,0.807,,443.483,645.0810077,0.393434719,28.74093936
Kepler-1560 b,Kepler-1560,1,1,Transit,2016.0,3.03195744,0.0,,,0.89,,0.0,5815.0,1.02,1.02,502.497,,1.067306292,
Kepler-1561 b,Kepler-1561,1,1,Transit,2016.0,1.005207007,0.0,,,1.09,,0.0,5957.0,1.11,1.07,839.076,,1.392022349,
Kepler-1562 b,Kepler-1562,1,1,Transit,2016.0,64.2737752,0.0,,,3.55,,0.0,5760.0,1.05,1.02,2060.72,,1.088825747,
Kepler-1563 b,Kepler-1563,1,1,Transit,2016.0,3.43276598,0.0,,,0.75,,0.0,5765.0,0.99,1.0,616.697,,0.971309163,
Kepler-1564 b,Kepler-1564,1,1,Transit,2016.0,18.0540381,0.0,,,1.47,,0.0,5528.0,0.9,0.93,908.805,,0.678651802,
Kepler-1565 b,Kepler-1565,1,1,Transit,2016.0,1.538188437,0.0,,,1.19,,0.0,4940.0,0.73,0.76,629.93,,0.284736647,
Kepler-1566 b,Kepler-1566,1,1,Transit,2016.0,0.539915238,0.0,,,0.79,,0.0,5254.0,0.81,0.84,466.586,,0.448559606,
Kepler-1567 b,Kepler-1567,1,1,Transit,2016.0,153.979578,0.0,,,2.73,,0.0,5655.0,0.93,0.95,1206.11,,0.793571723,
Kepler-1568 b,Kepler-1568,1,1,Transit,2016.0,20.925392,0.0,,,1.3,,0.0,5956.0,1.19,1.09,916.313,,1.598830885,
Kepler-1569 b,Kepler-1569,1,1,Transit,2016.0,5.79180156,0.0,,,1.68,,0.0,6319.0,1.4,1.25,945.454,,2.803750363,
Kepler-157 b,Kepler-157,1,3,Transit,2014.0,1.732342,0.004742894,0.028,,1.32,,0.0,5774.0,1.044,,773.713,1700.041377,1.086920964,1386.378781
Kepler-157 c,Kepler-157,1,3,Transit,2014.0,13.5405,0.037071869,0.11,,2.24,,0.0,5774.0,1.044,,773.713,857.7133404,1.086920964,89.82817888
Kepler-157 d,Kepler-157,1,3,Transit,2016.0,7.02573474,0.0,,,1.46,,0.0,5866.0,1.03,1.02,773.713,,1.127022364,
Kepler-1570 b,Kepler-1570,1,1,Transit,2016.0,26.548955,0.0,,,1.07,,0.0,5550.0,0.89,0.92,918.995,,0.674282356,
Kepler-1571 b,Kepler-1571,1,1,Transit,2016.0,3.38555488,0.0,,,1.52,,0.0,6297.0,1.39,1.23,675.303,,2.72555044,
Kepler-1572 b,Kepler-1572,1,1,Transit,2016.0,5.49548621,0.0,,,0.94,,0.0,5618.0,0.95,0.97,946.602,,0.806610739,
Kepler-1573 b,Kepler-1573,1,1,Transit,2016.0,2.6157554,0.0,,,1.2,,0.0,5808.0,1.0,1.01,1455.36,,1.02093074,
Kepler-1574 b,Kepler-1574,1,1,Transit,2016.0,6.9424334,0.0,,,1.29,,0.0,5892.0,1.08,1.06,1384.16,,1.261212637,
Kepler-1575 b,Kepler-1575,1,1,Transit,2016.0,2.55314213,0.0,,,1.31,,0.0,5667.0,0.92,0.95,1246.92,,0.783210237,
Kepler-1576 b,Kepler-1576,1,1,Transit,2016.0,6.98471973,0.0,,,1.04,,0.0,5876.0,1.06,1.05,460.91,,1.201790396,
Kepler-1577 b,Kepler-1577,1,1,Transit,2016.0,6.30560247,0.0,,,1.13,,0.0,4862.0,0.74,0.78,510.029,,0.274544727,
Kepler-1578 b,Kepler-1578,1,1,Transit,2016.0,1.450886907,0.0,,,1.04,,0.0,5545.0,0.86,0.9,1064.05,,0.627325519,
Kepler-1579 b,Kepler-1579,1,1,Transit,2016.0,0.849907889,0.0,,,0.84,,0.0,4584.0,0.7,0.75,,,0.194117355,
Kepler-158 b,Kepler-158,1,3,Transit,2014.0,16.709184,0.045747253,0.111,,2.12,,0.0,4623.0,0.624,,315.177,528.525782,0.159571234,12.95115931
Kepler-158 c,Kepler-158,1,3,Transit,2014.0,28.551383,0.078169426,0.158,,1.9,,0.0,4623.0,0.624,,315.177,442.995305,0.159571234,6.392053911
Kepler-158 d,Kepler-158,1,3,Transit,2024.0,0.645088,0.0,,,0.43,,0.0,4895.97,0.668,0.656,315.177,,0.230037038,
Kepler-1580 b,Kepler-1580,1,1,Transit,2016.0,56.6449279,0.0,,,2.11,,0.0,6228.0,2.15,1.47,1002.02,,6.239663733,
Kepler-1581 b,Kepler-1581,1,1,Transit,2016.0,6.28385491,0.0,,,0.8,,0.0,6022.0,1.23,1.12,493.175,,1.785102168,
Kepler-1582 b,Kepler-1582,1,1,Transit,2016.0,4.83817712,0.0,,,1.49,,0.0,3208.0,0.3,0.28,78.8906,,0.008552041,
Kepler-1583 b,Kepler-1583,1,1,Transit,2016.0,9.32807355,0.0,,,0.6,,0.0,5645.0,0.91,0.94,403.933,,0.754446451,
Kepler-1584 b,Kepler-1584,1,1,Transit,2016.0,13.3997099,0.0,,,1.61,,0.0,6069.0,1.13,1.1,1416.31,,1.554229998,
Kepler-1585 b,Kepler-1585,1,1,Transit,2016.0,3.5827463,0.0,,,1.79,,0.0,5538.0,0.91,0.94,944.465,,0.698850758,
Kepler-1586 b,Kepler-1586,1,1,Transit,2016.0,15.6049212,0.0,,,1.52,,0.0,6681.0,1.75,1.45,552.55,,5.474340848,
Kepler-1587 b,Kepler-1587,1,1,Transit,2016.0,9.4060467,0.0,,,1.33,,0.0,5933.0,1.22,1.08,1026.48,,1.654652899,
Kepler-1588 b,Kepler-1588,1,1,Transit,2016.0,7.84931739,0.0,,,0.76,,0.0,5817.0,0.99,0.96,924.141,,1.006830804,
Kepler-1589 b,Kepler-1589,1,1,Transit,2016.0,0.991665274,0.0,,,1.09,,0.0,6166.0,1.25,1.18,1513.14,,2.026394311,
Kepler-159 b,Kepler-159,1,2,Transit,2014.0,10.139623,0.027760775,0.082,,2.38,,0.0,4625.0,0.663,,373.744,634.1223402,0.180452896,26.83713497
Kepler-159 c,Kepler-159,1,2,Transit,2014.0,43.595792,0.119358773,0.218,,3.41,,0.0,4625.0,0.663,,373.744,388.9123487,0.180452896,3.797089797
Kepler-1590 b,Kepler-1590,1,1,Transit,2016.0,7.61760804,0.0,,,1.14,,0.0,6053.0,1.16,1.11,771.152,,1.620647352,
Kepler-1591 b,Kepler-1591,1,1,Transit,2016.0,8.18504949,0.0,,,1.27,,0.0,6082.0,1.16,1.1,1419.58,,1.651929435,
Kepler-1592 b,Kepler-1592,1,1,Transit,2016.0,3.05710069,0.0,,,1.54,,0.0,6213.0,1.28,1.18,1639.47,,2.190358506,
Kepler-1593 b,Kepler-1593,1,1,Transit,2016.0,174.509835,0.0,,,3.17,,0.0,4995.0,0.77,0.81,638.249,,0.33114124,
Kepler-1594 b,Kepler-1594,1,1,Transit,2016.0,2.71603809,0.0,,,1.06,,0.0,5946.0,1.08,1.06,976.868,,1.308088057,
Kepler-1595 b,Kepler-1595,1,1,Transit,2016.0,4.56380468,0.0,,,1.23,,0.0,5203.0,0.8,0.84,845.022,,0.420809105,
Kepler-1596 b,Kepler-1596,1,1,Transit,2016.0,66.373379,0.0,,,1.9,,0.0,5706.0,0.92,0.95,2146.23,,0.804993871,
Kepler-1597 b,Kepler-1597,1,1,Transit,2016.0,2.94654179,0.0,,,1.06,,0.0,6377.0,1.39,1.25,1221.05,,2.866718958,
Kepler-1598 b,Kepler-1598,1,1,Transit,2016.0,4.34195123,0.0,,,0.95,,0.0,5940.0,1.09,1.07,619.862,,1.327054093,
Kepler-1599 b,Kepler-1599,1,1,Transit,2016.0,122.363553,0.0,,,1.62,,0.0,5767.0,0.99,0.99,1328.2,,0.972657735,
Kepler-16 b,Kepler-16,2,1,Transit,2011.0,228.776,0.712473524,0.7048,0.0069,8.4493,105.833,0.966741839,4450.0,0.6489,0.6897,75.0852,205.8862905,0.148144469,0.298231595
Kepler-160 b,Kepler-160,1,3,Transit,2014.0,4.309397,0.011798486,0.05511,,1.715,,0.0,5471.0,1.118,,937.013,1188.184519,1.004709055,330.8106588
Kepler-160 c,Kepler-160,1,3,Transit,2014.0,13.699429,0.037506992,0.1192,,3.76,,0.0,5471.0,1.118,,937.013,807.9062493,1.004709055,70.71113453
Kepler-160 d,Kepler-160,1,3,Transit Timing Variations,2020.0,30.0,0.082135524,0.17,,,100.0,,5471.0,1.118,,937.013,676.5106447,1.004709055,34.76501919
Kepler-1600 b,Kepler-1600,1,2,Transit,2016.0,386.370548,0.0,,,3.13,,0.0,5214.0,0.82,0.86,1030.81,,0.445863234,
Kepler-1600 c,Kepler-1600,1,2,Transit,2021.0,7.298049927,0.0,,,1.94206512,,0.0,5119.0,0.834,0.818,1030.81,,0.428511488,
Kepler-1601 b,Kepler-1601,1,1,Transit,2016.0,2.20921951,0.0,,,0.82,,0.0,5869.0,1.07,1.04,644.456,,1.218747796,
Kepler-1602 b,Kepler-1602,1,1,Transit,2016.0,11.17931605,0.0,,,1.34,,0.0,6296.0,1.36,1.22,629.804,,2.607513371,
Kepler-1603 b,Kepler-1603,1,1,Transit,2016.0,2.27163926,0.0,,,1.29,,0.0,6241.0,1.31,1.21,2712.58,,2.335872703,
Kepler-1604 b,Kepler-1604,1,1,Transit,2016.0,0.683684256,0.0,,,1.41,,0.0,4976.0,0.76,0.81,541.189,,0.317715587,
Kepler-1605 b,Kepler-1605,1,1,Transit,2016.0,85.7565495,0.0,,,1.08,,0.0,5280.0,0.82,0.86,546.23,,0.468870863,
Kepler-1606 b,Kepler-1606,1,1,Transit,2016.0,196.435224,0.0,,,2.07,,0.0,5422.0,0.86,0.9,831.287,,0.573488621,
Kepler-1607 b,Kepler-1607,1,1,Transit,2016.0,13.6473676,0.0,,,0.92,,0.0,6116.0,1.21,1.14,1286.1,,1.837936479,
Kepler-1608 b,Kepler-1608,1,1,Transit,2016.0,16.4735686,0.0,,,1.73,,0.0,4992.0,0.72,0.75,,,0.288837215,
Kepler-1609 b,Kepler-1609,1,1,Transit,2016.0,114.34219,0.0,,,2.22,,0.0,6132.0,1.27,1.18,1826.04,,2.046001165,
Kepler-161 b,Kepler-161,1,2,Transit,2014.0,4.921355,0.013473936,0.054,,2.12,,0.0,5078.0,0.806,,434.632,945.9644511,0.387552658,132.9055754
Kepler-161 c,Kepler-161,1,2,Transit,2014.0,7.06424,0.019340835,0.068,,2.05,,0.0,5078.0,0.806,,434.632,842.9799393,0.387552658,83.81329107
Kepler-1610 b,Kepler-1610,1,2,Transit,2016.0,8.70181574,0.0,,,1.61,,0.0,5383.0,0.87,0.91,864.331,,0.570198243,
Kepler-1610 c,Kepler-1610,1,2,Transit,2023.0,44.9851885,0.123267004,0.2323,0.0,2.09,,0.0,5295.0,0.8,0.825,864.331,473.8030277,0.45137103,8.364409028
Kepler-1611 b,Kepler-1611,1,1,Transit,2016.0,5.1762429,0.0,,,0.81,,0.0,5605.0,0.93,0.94,908.444,,0.765875567,
Kepler-1612 b,Kepler-1612,1,1,Transit,2016.0,3.91795101,0.0,,,1.03,,0.0,5643.0,0.94,0.96,764.726,,0.803869883,
Kepler-1613 b,Kepler-1613,1,1,Transit,2016.0,1.5184299,0.0,,,2.08,,0.0,6005.0,1.12,1.08,1508.33,,1.46345018,
Kepler-1614 b,Kepler-1614,1,1,Transit,2016.0,3.9466141,0.0,,,1.49,,0.0,5121.0,0.76,0.79,1191.19,,0.356398722,
Kepler-1615 b,Kepler-1615,1,1,Transit,2016.0,47.3126192,0.0,,,2.06,,0.0,5865.0,1.05,1.04,1393.83,,1.170416711,
Kepler-1616 b,Kepler-1616,1,1,Transit,2016.0,6.76284377,0.0,,,1.02,,0.0,6266.0,1.34,1.21,1137.81,,2.483481956,
Kepler-1617 b,Kepler-1617,1,1,Transit,2016.0,27.4785572,0.0,,,1.2,,0.0,6167.0,1.22,1.15,898.31,,1.93154711,
Kepler-1618 b,Kepler-1618,1,1,Transit,2016.0,6.10826019,0.0,,,1.26,,0.0,6620.0,1.65,1.41,1229.25,,4.691262085,
Kepler-1619 b,Kepler-1619,1,1,Transit,2016.0,23.6225913,0.0,,,0.76,,0.0,5852.0,1.0,1.0,734.85,,1.052221375,
Kepler-162 b,Kepler-162,1,2,Transit,2014.0,6.919798,0.018945374,0.069,,1.26,,0.0,5816.0,0.958,,855.641,1044.946572,0.942146544,197.8883731
Kepler-162 c,Kepler-162,1,2,Transit,2014.0,19.446355,0.053241218,0.137,,3.03,,0.0,5816.0,0.958,,855.641,741.5805785,0.942146544,50.19694946
Kepler-1620 b,Kepler-1620,1,1,Transit,2016.0,101.951829,0.0,,,1.61,,0.0,6157.0,1.23,1.15,895.069,,1.950638031,
Kepler-1621 b,Kepler-1621,1,1,Transit,2016.0,92.263714,0.0,,,2.16,,0.0,6158.0,1.24,1.15,1631.66,,1.983772925,
Kepler-1622 b,Kepler-1622,1,1,Transit,2016.0,10.8118737,0.0,,,1.47,,0.0,6436.0,1.5,1.31,796.477,,3.463670014,
Kepler-1623 b,Kepler-1623,1,1,Transit,2016.0,4.36128348,0.0,,,1.31,,0.0,5772.0,1.0,1.0,837.481,,0.995852779,
Kepler-1624 b,Kepler-1624,1,1,Transit,2016.0,3.290304518,0.0,,,5.7,,0.0,3636.0,0.47,0.5,258.979,,0.034640254,
Kepler-1625 b,Kepler-1625,1,1,Transit,2016.0,287.378949,0.0,,,6.06,,0.0,5677.0,0.94,0.96,2310.11,,0.823419474,
Kepler-1626 b,Kepler-1626,1,1,Transit,2016.0,4.13962966,0.0,,,2.02,,0.0,6826.0,1.85,1.51,1368.83,,6.666508582,
Kepler-1627 b,Kepler-1627,1,1,Transit,2016.0,7.20283653,0.0,,,3.69,,0.0,5445.0,0.84,0.87,317.437,,0.556467697,
Kepler-1628 b,Kepler-1628,1,1,Transit,2016.0,76.378033,0.0,,,6.43,,0.0,3724.0,0.52,0.55,,,0.046658978,
Kepler-1629 b,Kepler-1629,1,1,Transit,2016.0,3.87595807,0.0,,,0.77,,0.0,5776.0,1.01,1.01,336.09,,1.018688341,
Kepler-163 b,Kepler-163,1,2,Transit,2014.0,7.810937,0.02138518,0.078,,1.05,,0.0,5776.0,0.917,,689.814,954.9398779,0.839725341,138.0219167
Kepler-163 c,Kepler-163,1,2,Transit,2014.0,21.347262,0.058445618,0.152,,2.26,,0.0,5776.0,0.917,,689.814,684.0715629,0.839725341,36.34545279
Kepler-1630 b,Kepler-1630,1,1,Transit,2016.0,509.997402,0.0,,,2.19,,0.0,4736.0,0.63,0.66,331.213,,0.179150376,
Kepler-1631 b,Kepler-1631,1,1,Transit,2016.0,4.09513932,0.0,,,1.35,,0.0,5679.0,0.95,0.97,1305.99,,0.842218032,
Kepler-1632 b,Kepler-1632,1,1,Transit,2016.0,448.303558,0.0,,,2.47,,0.0,6137.0,1.19,1.12,716.76,,1.802221913,
Kepler-1633 b,Kepler-1633,1,1,Transit,2016.0,186.404271,0.0,,,1.58,,0.0,6256.0,1.32,1.2,1114.91,,2.394554205,
Kepler-1634 b,Kepler-1634,1,1,Transit,2016.0,374.876239,0.0,,,3.19,,0.0,5474.0,0.89,0.92,617.339,,0.638100427,
Kepler-1635 b,Kepler-1635,1,1,Transit,2016.0,469.63111,0.0,,,3.64,,0.0,5347.0,0.85,0.89,1069.45,,0.52986891,
Kepler-1636 b,Kepler-1636,1,1,Transit,2016.0,425.47785,0.0,,,3.23,,0.0,5797.0,1.02,1.01,1947.54,,1.054152383,
Kepler-1637 b,Kepler-1637,1,1,Transit,2016.0,6.10960324,0.0,,,0.89,,0.0,5789.0,1.02,1.02,567.187,,1.048345395,
Kepler-1638 b,Kepler-1638,1,1,Transit,2016.0,259.33683,0.0,,,1.87,,0.0,5710.0,0.95,0.97,1525.52,,0.860758844,
Kepler-1639 b,Kepler-1639,1,1,Transit,2016.0,9.878482,0.0,,,2.58,,0.0,6150.0,1.18,1.12,1031.31,,1.787122521,
Kepler-164 b,Kepler-164,1,4,Transit,2014.0,5.03503,0.013785161,0.058,,1.41,,0.0,5888.0,1.148,,890.758,1263.095614,1.421166074,422.463161
Kepler-164 c,Kepler-164,1,4,Transit,2014.0,10.945723,0.029967756,0.097,,2.73,,0.0,5888.0,1.148,,890.758,976.7071272,1.421166074,151.0432643
Kepler-164 d,Kepler-164,1,4,Transit,2014.0,28.986769,0.079361448,0.187,,2.45,,0.0,5888.0,1.148,,890.758,703.4438235,1.421166074,40.64074105
Kepler-164 e,Kepler-164,1,4,Transit,2023.0,94.886902,0.259812633,0.4025,0.0,4.24,,0.0,5888.0,1.097,0.966,890.758,468.7050701,1.297700017,8.010184899
Kepler-1640 b,Kepler-1640,1,1,Transit,2016.0,7.5844126,0.0,,,4.82,,0.0,6324.0,1.43,1.27,1859.78,,2.934467946,
Kepler-1641 b,Kepler-1641,1,2,Transit,2016.0,19.672266,0.0,,,3.11,,0.0,6152.0,1.19,1.12,860.37,,1.819906516,
Kepler-1641 c,Kepler-1641,1,2,Transit,2016.0,32.657212,0.0,,,2.95,,0.0,6152.0,1.19,1.12,860.37,,1.819906516,
Kepler-1642 b,Kepler-1642,1,2,Transit,2016.0,12.2057513,0.0,,,3.2,,0.0,5355.0,0.84,0.88,413.873,,0.520578614,
Kepler-1642 c,Kepler-1642,1,2,Transit,2016.0,6.6513802,0.0,,,2.66,,0.0,5355.0,0.84,0.88,413.873,,0.520578614,
Kepler-1643 b,Kepler-1643,1,1,Transit,2016.0,5.342657,0.0,,,2.32,,0.0,4916.0,0.855,0.845,341.774,,0.383062445,
Kepler-1644 b,Kepler-1644,1,1,Transit,2016.0,21.0907758,0.0,,,1.88,,0.0,5499.0,0.86,0.89,629.27,,0.60676655,
Kepler-1645 b,Kepler-1645,1,1,Transit,2016.0,16.1779561,0.0,,,1.78,,0.0,5812.0,1.02,1.02,1202.47,,1.065105472,
Kepler-1646 b,Kepler-1646,1,1,Transit,2016.0,4.48558383,0.0,,,1.23,,0.0,3299.0,0.26,0.24,127.591,,0.007183991,
Kepler-1647 b,Kepler-1647,2,1,Transit,2016.0,1107.5923,4.061333216,2.7205,0.0581,11.8739,483.0,1.589712424,6210.0,1.7903,1.2207,1212.45,242.9078889,4.276691013,0.577843741
Kepler-1649 b,Kepler-1649,1,2,Transit,2017.0,8.689099,0.0,,,1.017,,0.0,3240.0,0.2317,0.1977,92.1913,,0.005307891,
Kepler-1649 c,Kepler-1649,1,2,Transit,2020.0,19.53527,0.0,,,1.06,,0.0,3240.0,0.2317,0.1977,92.1913,,0.005307891,
Kepler-165 b,Kepler-165,1,2,Transit,2014.0,8.180848,0.022397941,0.072,,2.32,,0.0,5211.0,0.77,,560.885,821.6969334,0.392243353,75.66422709
Kepler-165 c,Kepler-165,1,2,Transit,2014.0,15.31299,0.041924682,0.11,,2.23,,0.0,5211.0,0.77,,560.885,664.7855513,0.392243353,32.41680605
Kepler-1650 b,Kepler-1650,1,1,Transit,2017.0,1.53818001,0.0,,0.01,0.96,,0.0,3410.0,0.334,0.326,134.397,,0.013533194,
Kepler-1651 b,Kepler-1651,2,1,Transit,2017.0,9.87863917,0.0,,0.13,1.84,,0.0,3713.0,0.503,0.522,66.4074,,0.043144518,
Kepler-1652 b,Kepler-1652,1,1,Transit,2017.0,38.09722,0.105830921,0.1654,,1.6,,0.0,3638.0,0.382,0.404,,266.5864689,0.022933342,0.838293974
Kepler-1653 b,Kepler-1653,1,1,Transit,2017.0,140.2524,0.380726792,0.4706,,2.17,,0.0,4807.0,0.693,0.719,,281.2718416,0.230066194,1.038840714
Kepler-1654 b,Kepler-1654,1,1,Transit,2018.0,1047.8356,2.8680293,2.026,0.26,9.180171,158.915,1.131785637,5597.0,1.179,1.011,568.117,205.8751685,1.223879577,0.298167158
Kepler-1655 b,Kepler-1655,1,1,Transit,2018.0,11.8728787,0.032524037,0.1029,0.19,2.213,5.4,2.745371475,6148.0,1.03,1.03,213.26,937.8994095,1.359877333,128.4307401
Kepler-1656 b,Kepler-1656,1,2,Transit,2018.0,31.562,0.086417582,0.1974,0.838,,47.8,,,1.1,1.03,185.875,0.0,0.0,0.0
Kepler-1656 c,Kepler-1656,1,2,Radial Velocity,2022.0,1919.0,5.256196517,3.053,0.527,,126.4,,,1.1,1.03,185.875,0.0,0.0,0.0
Kepler-166 b,Kepler-166,1,3,Transit,2014.0,7.650254,0.020945254,0.072,,2.27,,0.0,5413.0,0.742,,603.53,837.8865328,0.424081931,81.80592808
Kepler-166 c,Kepler-166,1,3,Transit,2014.0,34.260281,0.093799537,0.195,,2.38,,0.0,5413.0,0.742,,603.53,509.1364061,0.424081931,11.15271351
Kepler-166 d,Kepler-166,1,3,Transit,2016.0,1.554003928,0.0,,,1.73,,0.0,5350.0,0.83,0.88,603.53,,0.506362066,
Kepler-1660 AB b,Kepler-1660 A,2,1,Eclipse Timing Variations,2023.0,239.5044,0.0,,0.05541,,1586.599408,,,1.491,1.1366,1188.54,,0.0,
Kepler-1661 b,Kepler-1661,2,1,Transit,2020.0,175.06,0.549170964,0.633,0.057,3.87,17.0,1.616097748,5100.0,0.762,0.841,410.607,269.80953,0.352436189,0.879575405
Kepler-1663 b,Kepler-1663,1,1,Transit,2020.0,17.6046,0.0,,,3.30395896,,0.0,3844.0,0.62859,0.610816,337.926,,0.077403091,
Kepler-1664 b,Kepler-1664,1,1,Transit,2020.0,14.3868,0.039388912,,,3.03320653,,0.0,5735.81,,,626.691,,0.0,
Kepler-1665 b,Kepler-1665,1,1,Transit,2020.0,11.9548,0.0,,,2.83910787,,0.0,5049.84,0.777785,0.842,335.515,,0.35295509,
Kepler-1666 b,Kepler-1666,1,2,Transit,2020.0,25.8476,0.0,,,2.88273782,,0.0,6293.0,1.14586,1.23,1379.37,,1.847497653,
Kepler-1666 c,Kepler-1666,1,2,Transit,2020.0,40.7157,0.0,,,3.23564749,,0.0,6293.0,1.14586,1.23,1379.37,,1.847497653,
Kepler-1667 b,Kepler-1667,1,1,Transit,2020.0,83.5781,0.0,,,2.98385261,,0.0,5941.54,1.08751,1.09,626.819,,1.32236842,
Kepler-1668 b,Kepler-1668,1,1,Transit,2020.0,15.434,0.0,,,4.34764405,,0.0,5542.0,1.01738,0.98,1335.64,,0.876036754,
Kepler-1669 b,Kepler-1669,1,3,Transit,2020.0,9.51216,0.0,,,2.78043818,,0.0,4303.0,0.714145,0.67,543.444,,0.156872939,
Kepler-1669 c,Kepler-1669,1,3,Transit,2021.0,1.609320045,0.0,,,1.90120972,,0.0,4224.0,0.603,0.609,543.444,,0.103853255,
Kepler-1669 d,Kepler-1669,1,3,Transit,2023.0,4.72941177,0.012973589,0.0468,0.0,1.22,,0.0,4224.0,0.603,0.609,543.444,731.0904614,0.103853255,47.41638125
Kepler-167 b,Kepler-167,2,4,Transit,2014.0,4.3931539,0.012023626,0.04825,0.0,1.718,,0.0,4884.0,0.749,0.777,341.908,927.8534436,0.286388851,123.0159631
Kepler-167 c,Kepler-167,2,4,Transit,2014.0,7.406106,0.02029428,0.0684,0.0,1.674,,0.0,4884.0,0.749,0.777,341.908,779.2915944,0.286388851,61.21303363
Kepler-167 d,Kepler-167,2,4,Transit,2016.0,21.80379,0.059681558,0.1404,0.0,1.238,,0.0,4884.0,0.749,0.777,341.908,543.9318489,0.286388851,14.52853724
Kepler-167 e,Kepler-167,2,4,Transit,2016.0,1071.23205,2.931331741,1.883,0.29,10.16,321.0066911,1.686493066,4884.0,0.749,0.777,341.908,148.526136,0.286388851,0.080771001
Kepler-1670 b,Kepler-1670,1,1,Transit,2020.0,20.4998,0.0,,,3.3564801,,0.0,5838.0,1.51889,1.05,2065.98,,2.404356479,
Kepler-1671 b,Kepler-1671,1,1,Transit,2020.0,4.16787,0.0,,,1.32557381,,0.0,5135.55,0.929771,0.866,357.059,,0.539497815,
Kepler-1672 b,Kepler-1672,1,1,Transit,2020.0,150.878,0.0,,,2.97022762,,0.0,6131.95,1.08841,1.16,391.181,,1.502689723,
Kepler-1673 b,Kepler-1673,1,1,Transit,2020.0,33.7888,0.0,,,2.9355194,,0.0,6014.95,1.13166,1.11,727.187,,1.504007033,
Kepler-1674 b,Kepler-1674,1,1,Transit,2020.0,62.5611,0.0,,,3.2057749,,0.0,5473.91,0.877273,0.96,1012.48,,0.619940468,
Kepler-1675 b,Kepler-1675,1,1,Transit,2020.0,63.0382,0.0,,,3.12483349,,0.0,5853.19,1.12865,1.06,651.117,,1.341463652,
Kepler-1676 b,Kepler-1676,1,1,Transit,2020.0,29.9221,0.081922245,,,3.3769596,,0.0,5878.3,1.06066,,,,1.205172513,
Kepler-1677 b,Kepler-1677,1,1,Transit,2020.0,22.064,0.0,,,2.70216183,,0.0,6013.72,1.24959,1.11,735.369,,1.832304911,
Kepler-1678 b,Kepler-1678,1,1,Transit,2020.0,147.974,0.0,,,3.30422249,,0.0,5754.0,0.834976,1.03,847.339,,0.685673343,
Kepler-1679 b,Kepler-1679,1,1,Transit,2020.0,9.75376,0.0,,,2.0692036,,0.0,5501.0,0.873196,0.96,909.28,,0.626440612,
Kepler-168 b,Kepler-168,1,2,Transit,2014.0,4.425391,0.01211606,0.056,,1.46,,0.0,6282.0,1.107,,1343.6,1346.756895,1.712288027,546.0102127
Kepler-168 c,Kepler-168,1,2,Transit,2014.0,13.193242,0.036121128,0.116,,2.69,,0.0,6282.0,1.107,,1343.6,935.7379141,1.712288027,127.2508938
Kepler-1680 b,Kepler-1680,1,1,Transit,2020.0,8.77424,0.0,,,1.35954736,,0.0,5021.0,0.723259,0.834,310.315,,0.298289818,
Kepler-1681 b,Kepler-1681,1,1,Transit,2020.0,69.8956,0.191363723,,,2.55321772,,0.0,5756.4,,,758.3,,0.0,
Kepler-1682 b,Kepler-1682,1,1,Transit,2020.0,14.8334,0.0,,,2.88940836,,0.0,5619.12,0.842301,0.99,1159.85,,0.634596555,
Kepler-1683 b,Kepler-1683,1,1,Transit,2020.0,15.0337,0.0,,,1.87477762,,0.0,5429.0,0.900327,0.95,733.143,,0.631785662,
Kepler-1684 b,Kepler-1684,1,1,Transit,2020.0,47.7055,0.0,,,2.87084792,,0.0,4706.54,0.666755,0.75,621.996,,0.195717396,
Kepler-1685 b,Kepler-1685,1,1,Transit,2020.0,20.4905,0.0,,,2.57673985,,0.0,5484.0,0.835451,0.96,1141.89,,0.566397856,
Kepler-1686 b,Kepler-1686,1,1,Transit,2020.0,9.30987,0.0,,,1.42553017,,0.0,5714.96,1.19951,1.02,729.823,,1.377052113,
Kepler-1687 b,Kepler-1687,1,1,Transit,2020.0,5.77954,0.0,,,1.65623882,,0.0,4132.0,0.726119,0.65,417.014,,0.137894423,
Kepler-1688 b,Kepler-1688,1,1,Transit,2020.0,5.62012,0.01538705,,,1.26174569,,0.0,4632.11,,,,,0.0,
Kepler-1689 b,Kepler-1689,1,1,Transit,2020.0,8.483,0.0,,,0.94678642,,0.0,5731.43,0.996208,1.023,294.122,,0.960819637,
Kepler-169 b,Kepler-169,1,5,Transit,2014.0,3.250619,0.00889971,0.04,,1.13,,0.0,4997.0,0.763,,406.529,1052.332786,0.325668927,203.5430796
Kepler-169 c,Kepler-169,1,5,Transit,2014.0,6.195469,0.01696227,0.062,,1.21,,0.0,4997.0,0.763,,406.529,845.2540343,0.325668927,84.72136506
Kepler-169 d,Kepler-169,1,5,Transit,2014.0,8.348125,0.022855921,0.075,,1.25,,0.0,4997.0,0.763,,406.529,768.5152067,0.325668927,57.89669818
Kepler-169 e,Kepler-169,1,5,Transit,2014.0,13.767102,0.037692271,0.105,,2.2,,0.0,4997.0,0.763,,406.529,649.5138967,0.325668927,29.53913173
Kepler-169 f,Kepler-169,1,5,Transit,2014.0,87.090195,0.238439959,0.359,,2.58,,0.0,4997.0,0.763,,406.529,351.2658038,0.325668927,2.526896341
Kepler-1690 b,Kepler-1690,1,1,Transit,2020.0,234.636,0.0,,,2.81109223,,0.0,5404.0,0.862346,0.94,703.789,,0.569002688,
Kepler-1691 b,Kepler-1691,1,1,Transit,2020.0,3.8482,0.0,,,1.83470985,,0.0,6000.0,1.13152,1.11,1267.67,,1.488741589,
Kepler-1692 b,Kepler-1692,1,1,Transit,2020.0,5.95966,0.0,,,1.11177184,,0.0,5146.0,0.866139,0.87,591.019,,0.472002355,
Kepler-1693 b,Kepler-1693,1,2,Transit,2020.0,12.0999,0.0,,,1.28938413,,0.0,5432.34,0.878295,0.95,760.065,,0.602723946,
Kepler-1693 c,Kepler-1693,1,2,Transit,2021.0,5.363709927,0.0,,,0.97698289,,0.0,5553.0,1.098,0.941,760.065,,1.028502198,
Kepler-1694 b,Kepler-1694,1,1,Transit,2020.0,3.89526,0.0,,,1.17986031,,0.0,4954.0,0.756284,0.82,513.329,,0.309089096,
Kepler-1695 b,Kepler-1695,1,1,Transit,2020.0,4.7329,0.0,,,1.11948901,,0.0,5473.19,0.987155,0.96,791.175,,0.784553652,
Kepler-1696 b,Kepler-1696,1,1,Transit,2020.0,65.9409,0.0,,,2.80982017,,0.0,5712.0,1.19811,1.02,1506.36,,1.370995506,
Kepler-1697 b,Kepler-1697,1,1,Transit,2020.0,33.4969,0.0,,,1.25954761,,0.0,4681.53,0.772344,0.747,247.771,,0.257076659,
Kepler-1698 b,Kepler-1698,1,1,Transit,2020.0,1.2107,0.0,,,1.07315686,,0.0,4975.03,0.741698,0.822,222.345,,0.302361772,
Kepler-1699 b,Kepler-1699,1,1,Transit,2020.0,3.49082,0.009557344,,,1.56671124,,0.0,5575.53,,,818.759,,0.0,
Kepler-17 b,Kepler-17,1,1,Transit,2011.0,1.4857108,0.004089634,0.02591,0.011,14.68,778.65,1.356174956,5781.0,1.01034,1.04,720.753,1740.662267,1.022908582,1523.708871
Kepler-170 b,Kepler-170,1,2,Transit,2014.0,7.930592,0.021712778,0.08,,3.2,,0.0,5679.0,1.035,,738.657,984.937173,0.999673142,156.1989285
Kepler-170 c,Kepler-170,1,2,Transit,2014.0,16.665863,0.045628646,0.131,,2.86,,0.0,5679.0,1.035,,738.657,769.6935981,0.999673142,58.25261595
Kepler-1700 b,Kepler-1700,1,1,Transit,2020.0,234.239,0.0,,,2.90129941,,0.0,6031.0,1.0937,1.12,717.597,,1.419853669,
Kepler-1701 b,Kepler-1701,1,1,Transit,2020.0,169.134,0.0,,,2.22186207,,0.0,5146.0,0.840217,0.87,584.142,,0.444172745,
Kepler-1702 b,Kepler-1702,1,1,Transit,2020.0,18.5012,0.0,,,1.60190793,,0.0,5093.0,0.725742,0.85,857.14,,0.317942855,
Kepler-1704 b,Kepler-1704,1,1,Transit,2013.0,988.88112,2.712422946,2.027,0.92,11.94877343,1322.166173,4.270391205,5746.0,1.697,1.132,835.455,253.5076953,2.816540635,0.685501681
Kepler-1705 b,Kepler-1705,1,2,Transit,2021.0,9.03502,0.0,,0.033,2.03,4.47,2.944225083,6312.0,1.259,1.139,1633.49,,2.2574039,
Kepler-1705 c,Kepler-1705,1,2,Transit,2021.0,11.28,0.0,,0.028,2.05,5.42,3.466484816,6312.0,1.259,1.139,1633.49,,2.2574039,
Kepler-1708 b,Kepler-1708,1,1,Transit,2021.0,737.1131,2.013498565,1.64,0.4,9.96,1462.010672,8.15312548,6157.0,1.117,1.088,1666.69,245.0108375,1.608691661,0.598115579
Kepler-1709 b,Kepler-1709,1,1,Transit,2021.0,65.70459747,0.0,,,3.12424875,,0.0,5918.0,1.043,1.003,273.946,,1.19717685,
Kepler-171 b,Kepler-171,1,3,Transit,2014.0,4.166972,0.011408548,0.05,,2.34,,0.0,5642.0,0.839,,863.855,1114.398551,0.639950082,255.9800327
Kepler-171 c,Kepler-171,1,3,Transit,2014.0,11.463462,0.031385248,0.098,,2.56,,0.0,5642.0,0.839,,863.855,795.9989649,0.639950082,66.63370281
Kepler-171 d,Kepler-171,1,3,Transit,2014.0,39.595519,0.108406623,0.223,,1.89,,0.0,5642.0,0.839,,863.855,527.6830076,0.639950082,12.86875026
Kepler-1710 b,Kepler-1710,1,1,Transit,2021.0,14.91110039,0.0,,,3.19744103,,0.0,5650.0,0.899,0.932,305.193,,0.738929533,
Kepler-1711 b,Kepler-1711,1,1,Transit,2021.0,21.06080055,0.0,,,1.923,,0.0,5706.0,1.034,0.94,590.268,,1.016852584,
Kepler-1712 b,Kepler-1712,1,1,Transit,2021.0,13.81499958,0.0,,,2.28372556,,0.0,3732.0,0.509,0.515,156.264,,0.045091217,
Kepler-1713 b,Kepler-1713,1,1,Transit,2021.0,18.01160049,0.0,,,1.71673535,,0.0,6477.0,1.459,1.3,295.293,,3.361212902,
Kepler-1714 b,Kepler-1714,1,1,Transit,2021.0,10.27530003,0.0,,,3.26437302,,0.0,6150.0,2.086,1.448,409.46,,5.584945266,
Kepler-1715 b,Kepler-1715,1,1,Transit,2021.0,35.59730148,0.0,,,4.14042267,,0.0,6212.0,1.209,1.082,522.605,,1.952847095,
Kepler-1716 b,Kepler-1716,1,1,Transit,2021.0,35.58100128,0.0,,,2.4247685,,0.0,4894.0,0.684,0.753,195.439,,0.240800793,
Kepler-1717 b,Kepler-1717,1,1,Transit,2021.0,30.65279961,0.0,,,2.98929758,,0.0,6200.0,1.64,1.158,1008.79,,3.56569592,
Kepler-1718 b,Kepler-1718,1,1,Transit,2021.0,135.1880035,0.0,,,2.5685207,,0.0,5731.0,0.906,0.846,375.522,,0.794452396,
Kepler-1719 b,Kepler-1719,1,1,Transit,2021.0,6.149559975,0.0,,,3.95000623,,0.0,5687.0,1.775,1.08,905.406,,2.956783171,
Kepler-172 b,Kepler-172,1,4,Transit,2014.0,2.940309,0.008050127,0.04,,2.35,,0.0,5526.0,1.085,,828.592,1387.737208,0.984901613,615.5635081
Kepler-172 c,Kepler-172,1,4,Transit,2014.0,6.388996,0.017492118,0.068,,2.86,,0.0,5526.0,1.085,,828.592,1064.345852,0.984901613,212.9977537
Kepler-172 d,Kepler-172,1,4,Transit,2014.0,14.627119,0.040046869,0.118,,2.25,,0.0,5526.0,1.085,,828.592,807.9718399,0.984901613,70.73410032
Kepler-172 e,Kepler-172,1,4,Transit,2014.0,35.118736,0.096149859,0.211,,2.76,,0.0,5526.0,1.085,,828.592,604.2212578,0.984901613,22.12218083
Kepler-1720 b,Kepler-1720,1,1,Transit,2021.0,12.70639992,0.0,,,3.21585295,,0.0,5573.0,0.839,0.939,629.445,,0.609214097,
Kepler-1721 b,Kepler-1721,1,1,Transit,2021.0,4.592380047,0.0,,,3.11856756,,0.0,5351.0,0.796,0.89,641.374,,0.46607498,
Kepler-1722 b,Kepler-1722,1,1,Transit,2021.0,9.178569794,0.0,,,2.86719266,,0.0,5506.0,0.788,0.876,772.283,,0.512020222,
Kepler-1723 b,Kepler-1723,1,1,Transit,2021.0,39.75289917,0.0,,,2.88046569,,0.0,6072.0,1.01,0.96,811.278,,1.244112487,
Kepler-1724 b,Kepler-1724,1,1,Transit,2021.0,6.45442009,0.0,,,2.83677238,,0.0,6092.0,0.943,1.016,1060.77,,1.098886439,
Kepler-1725 b,Kepler-1725,1,1,Transit,2021.0,16.71990013,0.0,,,2.8125177,,0.0,6020.0,1.085,1.049,558.652,,1.387187898,
Kepler-1726 b,Kepler-1726,1,1,Transit,2021.0,18.39629936,0.0,,,2.50861954,,0.0,5316.0,0.804,0.876,390.552,,0.463171509,
Kepler-1727 b,Kepler-1727,1,1,Transit,2021.0,9.029299736,0.0,,,3.17321625,,0.0,5349.0,0.82,0.824,894.187,,0.493864656,
Kepler-1728 b,Kepler-1728,1,1,Transit,2021.0,4.782999992,0.0,,,2.95501875,,0.0,5170.0,0.807,0.891,651.783,,0.417444835,
Kepler-1729 b,Kepler-1729,1,1,Transit,2021.0,4.220970154,0.0,,,3.89404186,,0.0,3837.0,0.517,0.544,576.181,,0.051980222,
Kepler-173 b,Kepler-173,1,2,Transit,2014.0,4.263742,0.011673489,0.048,,1.29,,0.0,6031.0,0.949,,833.165,1293.043974,1.069004636,463.9777067
Kepler-173 c,Kepler-173,1,2,Transit,2014.0,8.005777,0.021918623,0.074,,2.43,,0.0,6031.0,0.949,,833.165,1041.401151,1.069004636,195.2163324
Kepler-1730 b,Kepler-1730,1,1,Transit,2021.0,13.81019974,0.0,,,4.48524519,,0.0,5942.0,1.142,1.009,1427.08,,1.45865521,
Kepler-1731 b,Kepler-1731,1,1,Transit,2021.0,21.76129913,0.0,,,2.93295657,,0.0,4859.0,0.72,0.781,169.948,,0.259264132,
Kepler-1732 b,Kepler-1732,1,1,Transit,2021.0,32.31240082,0.0,,,4.09903273,,0.0,5821.0,1.494,1.043,1289.41,,2.299224836,
Kepler-1733 b,Kepler-1733,1,1,Transit,2021.0,9.229579926,0.0,,,3.63582354,,0.0,6320.0,1.252,1.273,2080.51,,2.243710503,
Kepler-1734 b,Kepler-1734,1,1,Transit,2021.0,6.796850204,0.0,,,3.08851092,,0.0,6061.0,0.97,1.05,1482.83,,1.139227486,
Kepler-1735 b,Kepler-1735,1,1,Transit,2021.0,7.71792984,0.0,,,1.19429134,,0.0,3975.0,0.509,0.535,245.303,,0.058032856,
Kepler-1736 b,Kepler-1736,1,1,Transit,2021.0,37.81029892,0.0,,,3.8765856,,0.0,6085.0,0.973,0.976,1430.0,,1.164549252,
Kepler-1737 b,Kepler-1737,1,1,Transit,2021.0,64.61750031,0.0,,,5.395,,0.0,5043.0,0.881,0.834,,,0.450399126,
Kepler-1738 b,Kepler-1738,1,1,Transit,2021.0,7.674630165,0.0,,,2.82472883,,0.0,6063.0,1.001,1.079,1302.87,,1.214809775,
Kepler-1739 b,Kepler-1739,1,1,Transit,2021.0,7.343709946,0.0,,,2.43056832,,0.0,5757.0,0.762,0.865,783.666,,0.572248563,
Kepler-174 b,Kepler-174,1,3,Transit,2014.0,13.98179,0.038280055,0.1,,1.96,,0.0,4880.0,0.622,,384.757,586.8491677,0.196856567,19.68565671
Kepler-174 c,Kepler-174,1,3,Transit,2014.0,44.000529,0.120466883,0.214,,1.49,,0.0,4880.0,0.622,,384.757,401.1618323,0.196856567,4.298553741
Kepler-174 d,Kepler-174,1,3,Transit,2014.0,247.35373,0.677217604,0.677,,2.19,,0.0,4880.0,0.622,,384.757,225.5444572,0.196856567,0.429509298
Kepler-1740 b,Kepler-1740,1,1,Transit,2021.0,8.172400475,0.0,,,3.32321414,,0.0,5705.0,0.905,0.943,1061.77,,0.778412145,
Kepler-1741 b,Kepler-1741,1,1,Transit,2021.0,2.757590055,0.0,,,1.273,,0.0,3683.0,0.424,0.454,270.739,,0.029677577,
Kepler-1742 b,Kepler-1742,1,1,Transit,2021.0,49.47819901,0.0,,,2.1782413,,0.0,5776.0,0.849,0.939,669.573,,0.719803524,
Kepler-1743 b,Kepler-1743,1,1,Transit,2021.0,7.649710178,0.0,,,1.59887007,,0.0,5855.0,1.613,1.266,538.807,,2.743255019,
Kepler-1744 b,Kepler-1744,1,1,Transit,2021.0,37.10110092,0.0,,,3.76754004,,0.0,5986.0,0.85,0.886,1091.63,,0.83228976,
Kepler-1745 b,Kepler-1745,1,1,Transit,2021.0,3.016190052,0.0,,,1.92872921,,0.0,5611.0,1.4,0.995,996.105,,1.743038565,
Kepler-1746 b,Kepler-1746,1,1,Transit,2021.0,321.2120056,0.0,,,8.93504475,,0.0,6018.0,1.286,1.09,979.541,,1.946168867,
Kepler-1747 b,Kepler-1747,1,1,Transit,2021.0,6.230319977,0.0,,,4.26508,,0.0,5477.0,0.865,0.983,1321.38,,0.604078013,
Kepler-1748 b,Kepler-1748,1,1,Transit,2021.0,5.823520184,0.0,,,2.71275017,,0.0,5774.0,0.864,0.916,1083.28,,0.744431005,
Kepler-1749 b,Kepler-1749,1,1,Transit,2021.0,14.53409958,0.0,,,1.61301783,,0.0,3957.0,0.553,0.551,268.2,,0.067267349,
Kepler-175 b,Kepler-175,1,2,Transit,2014.0,11.903515,0.032590048,0.105,,2.56,,0.0,6064.0,1.01,,1312.34,906.8526128,1.237568846,112.2511425
Kepler-175 c,Kepler-175,1,2,Transit,2014.0,34.035257,0.093183455,0.213,,3.1,,0.0,6064.0,1.01,,1312.34,636.7098322,1.237568846,27.27785152
Kepler-1750 b,Kepler-1750,1,1,Transit,2021.0,205.9120026,0.0,,,6.00434637,,0.0,5644.0,0.969,0.981,1497.33,,0.854841159,
Kepler-1751 b,Kepler-1751,1,1,Transit,2021.0,7.017310143,0.0,,,1.82417378,,0.0,6052.0,0.967,0.974,1291.47,,1.125481798,
Kepler-1752 b,Kepler-1752,1,1,Transit,2021.0,56.35850143,0.0,,,4.54060463,,0.0,5446.0,0.821,0.824,962.888,,0.531969474,
Kepler-1753 b,Kepler-1753,1,1,Transit,2021.0,16.00460052,0.0,,,2.22678077,,0.0,5180.0,0.769,0.86,707.688,,0.381998422,
Kepler-1754 b,Kepler-1754,1,1,Transit,2021.0,8.195949554,0.0,,,2.43996509,,0.0,4723.0,0.747,0.734,718.945,,0.249116696,
Kepler-1755 b,Kepler-1755,1,1,Transit,2021.0,24.81209946,0.0,,,5.91688317,,0.0,6086.0,0.921,1.003,982.383,,1.044087515,
Kepler-1756 b,Kepler-1756,1,1,Transit,2021.0,2.355750084,0.0,,,1.47199944,,0.0,4915.0,0.812,0.781,,,0.345220039,
Kepler-1757 b,Kepler-1757,1,1,Transit,2021.0,19.65640068,0.0,,,2.94660251,,0.0,5288.0,0.74,0.828,807.308,,0.384166132,
Kepler-1758 b,Kepler-1758,1,1,Transit,2021.0,9.977210045,0.0,,,2.57059831,,0.0,5557.0,1.616,1.035,1588.41,,2.234262261,
Kepler-1759 b,Kepler-1759,1,1,Transit,2021.0,3.720230103,0.0,,,0.9037791,,0.0,5017.0,0.797,0.76,385.348,,0.361062926,
Kepler-176 b,Kepler-176,1,4,Transit,2014.0,5.433074,0.014874946,0.058,,1.43,,0.0,5232.0,0.891,,527.321,988.7900082,0.533723345,158.6573559
Kepler-176 c,Kepler-176,1,4,Transit,2014.0,12.759712,0.034934188,0.102,,2.6,,0.0,5232.0,0.891,,527.321,745.6207406,0.533723345,51.29982171
Kepler-176 d,Kepler-176,1,4,Transit,2014.0,25.751974,0.070505062,0.163,,2.51,,0.0,5232.0,0.891,,527.321,589.8264768,0.533723345,20.08819847
Kepler-176 e,Kepler-176,1,4,Transit,2016.0,51.16579,0.0,,,1.45,,0.0,5295.0,0.83,0.87,527.321,,0.485858598,
Kepler-1760 b,Kepler-1760,1,1,Transit,2021.0,38.3260994,0.0,,,2.28995546,,0.0,5229.0,0.903,0.821,,,0.546940292,
Kepler-1761 b,Kepler-1761,1,1,Transit,2021.0,4.043540001,0.0,,,1.39109603,,0.0,3871.0,0.532,0.573,221.186,,0.057017189,
Kepler-1762 b,Kepler-1762,1,1,Transit,2021.0,29.53910065,0.0,,,2.76022913,,0.0,6572.0,1.238,1.298,1663.74,,2.565200751,
Kepler-1763 b,Kepler-1763,1,1,Transit,2021.0,1.480280042,0.0,,,1.14651332,,0.0,5897.0,1.259,1.026,756.486,,1.719751992,
Kepler-1764 b,Kepler-1764,1,1,Transit,2021.0,70.46829987,0.0,,,4.55527871,,0.0,6461.0,1.131,1.162,1542.48,,1.999926449,
Kepler-1765 b,Kepler-1765,1,1,Transit,2021.0,10.41889954,0.0,,,2.49508857,,0.0,5692.0,1.064,0.946,764.456,,1.066185254,
Kepler-1766 b,Kepler-1766,1,1,Transit,2021.0,105.0149994,0.0,,,2.27904508,,0.0,5868.0,1.042,0.915,501.229,,1.155009905,
Kepler-1767 b,Kepler-1767,1,1,Transit,2021.0,59.65829849,0.0,,,3.01299077,,0.0,5243.0,0.831,0.887,820.506,,0.468178352,
Kepler-1768 b,Kepler-1768,1,1,Transit,2021.0,15.13589954,0.0,,,2.23346338,,0.0,6050.0,1.572,1.24,632.766,,2.97041023,
Kepler-1769 b,Kepler-1769,1,1,Transit,2021.0,89.1934967,0.0,,,4.465,,0.0,6071.0,1.295,1.061,438.412,,2.043950238,
Kepler-177 b,Kepler-177,1,2,Transit,2013.0,36.8601,0.0,,0.0,3.5,5.84,0.750516618,5732.0,1.324,0.921,1435.44,,1.697815707,
Kepler-177 c,Kepler-177,1,2,Transit,2013.0,49.40926,0.0,,0.0,8.73,14.7,0.121738011,5732.0,1.324,0.921,1435.44,,1.697815707,
Kepler-1770 b,Kepler-1770,1,1,Transit,2021.0,16.84189987,0.0,,,2.84141754,,0.0,5602.0,1.009,0.941,582.942,,0.899589961,
Kepler-1771 b,Kepler-1771,1,1,Transit,2021.0,88.64399719,0.0,,,4.05537256,,0.0,5661.0,0.934,0.941,565.752,,0.803815214,
Kepler-1772 b,Kepler-1772,1,1,Transit,2021.0,3.215090036,0.0,,,2.68609988,,0.0,5541.0,0.934,0.942,871.564,,0.737795842,
Kepler-1773 b,Kepler-1773,1,1,Transit,2021.0,40.80970001,0.0,,,3.50469499,,0.0,6183.0,1.3,1.241,681.255,,2.216019311,
Kepler-1774 b,Kepler-1774,1,1,Transit,2021.0,59.77080154,0.0,,,3.18179549,,0.0,6214.0,1.122,1.101,816.592,,1.684071629,
Kepler-1775 b,Kepler-1775,1,1,Transit,2021.0,85.65399933,0.0,,,3.64762153,,0.0,5818.0,1.647,1.149,657.023,,2.788508136,
Kepler-1776 b,Kepler-1776,1,1,Transit,2021.0,35.01190186,0.0,,,2.61157023,,0.0,5872.0,1.153,1.041,690.336,,1.418053618,
Kepler-1777 b,Kepler-1777,1,1,Transit,2021.0,12.18420029,0.0,,,2.13189678,,0.0,5771.0,1.068,0.984,619.146,,1.13510661,
Kepler-1778 b,Kepler-1778,1,1,Transit,2021.0,10.08740044,0.0,,,3.01665969,,0.0,6310.0,1.095,1.143,1276.29,,1.705436389,
Kepler-1779 b,Kepler-1779,1,1,Transit,2021.0,16.34359932,0.0,,,3.03295685,,0.0,5730.0,1.056,1.008,908.501,,1.078539796,
Kepler-178 b,Kepler-178,1,3,Transit,2014.0,9.576694,0.026219559,0.085,,2.9,,0.0,5676.0,1.066,,716.025,969.2214229,1.05821474,146.4657079
Kepler-178 c,Kepler-178,1,3,Transit,2014.0,20.552802,0.056270505,0.142,,2.88,,0.0,5676.0,1.066,,716.025,749.8739996,1.05821474,52.48039773
Kepler-178 d,Kepler-178,1,3,Transit,2014.0,96.678988,0.264692643,0.397,,3.95,,0.0,5676.0,1.066,,716.025,448.4739424,1.05821474,6.714177108
Kepler-1780 b,Kepler-1780,1,1,Transit,2021.0,109.4449997,0.0,,,3.60600667,,0.0,5403.0,0.868,0.868,790.516,,0.576061924,
Kepler-1781 b,Kepler-1781,1,1,Transit,2021.0,4.88752985,0.0,,,2.38091029,,0.0,5568.0,0.957,1.053,962.63,,0.789788184,
Kepler-1782 b,Kepler-1782,1,1,Transit,2021.0,5.756229877,0.0,,,2.22927435,,0.0,4931.0,0.734,0.794,305.792,,0.285773517,
Kepler-1783 b,Kepler-1783,1,1,Transit,2021.0,8.277440071,0.0,,,1.31946731,,0.0,5129.0,1.781,0.887,264.078,,1.969465988,
Kepler-1784 b,Kepler-1784,1,1,Transit,2021.0,13.59049988,0.0,,,2.79936489,,0.0,5442.0,0.974,0.887,883.045,,0.746520801,
Kepler-1785 b,Kepler-1785,1,1,Transit,2021.0,19.58550072,0.0,,,2.70422447,,0.0,5618.0,0.996,0.911,745.74,,0.8866158,
Kepler-1786 b,Kepler-1786,1,1,Transit,2021.0,78.5460968,0.0,,,3.16305828,,0.0,5808.0,1.397,1.058,863.909,,1.992457622,
Kepler-1787 b,Kepler-1787,1,1,Transit,2021.0,39.31370163,0.0,,,2.31898181,,0.0,6060.0,0.925,1.008,778.602,,1.035294274,
Kepler-1788 b,Kepler-1788,1,1,Transit,2021.0,2.800120115,0.0,,,2.37850461,,0.0,4786.0,0.704,0.686,560.445,,0.23330602,
Kepler-1789 b,Kepler-1789,1,1,Transit,2021.0,80.23190308,0.0,,,2.83137505,,0.0,5436.0,0.888,0.92,611.461,,0.617779615,
Kepler-179 b,Kepler-179,1,2,Transit,2014.0,2.735926,0.007490557,0.036,,1.64,,0.0,5302.0,0.759,,605.68,1173.872259,0.408443788,315.1572439
Kepler-179 c,Kepler-179,1,2,Transit,2014.0,6.40013,0.017522601,0.064,,2.0,,0.0,5302.0,0.759,,605.68,880.4041944,0.408443788,99.71772169
Kepler-1790 b,Kepler-1790,1,1,Transit,2021.0,31.58889961,0.0,,,3.1446145,,0.0,5866.0,1.367,1.02,1070.17,,1.985158162,
Kepler-1791 b,Kepler-1791,1,1,Transit,2021.0,7.720860004,0.0,,,3.12103321,,0.0,5887.0,1.177,0.985,602.218,,1.492859441,
Kepler-1792 b,Kepler-1792,1,1,Transit,2021.0,4.1957798,0.0,,,2.51990972,,0.0,5229.0,1.005,0.878,601.029,,0.677480097,
Kepler-1793 b,Kepler-1793,1,1,Transit,2021.0,8.779999733,0.0,,,3.79037518,,0.0,5191.0,0.764,0.85,1189.88,,0.380260034,
Kepler-1794 b,Kepler-1794,1,1,Transit,2021.0,9.762980461,0.0,,,1.79426276,,0.0,5052.0,0.816,0.773,561.229,,0.389155825,
Kepler-1795 b,Kepler-1795,1,1,Transit,2021.0,13.36019993,0.0,,,1.66301611,,0.0,4500.0,0.688,0.768,,,0.174147314,
Kepler-1796 b,Kepler-1796,1,1,Transit,2021.0,29.4557991,0.0,,,2.75047868,,0.0,6036.0,0.949,1.018,825.883,,1.07255408,
Kepler-1797 b,Kepler-1797,1,1,Transit,2021.0,23.3593998,0.0,,,3.05774442,,0.0,6244.0,1.009,1.069,1338.49,,1.388429268,
Kepler-1798 b,Kepler-1798,1,1,Transit,2021.0,16.85589981,0.0,,,2.30911251,,0.0,3967.0,0.587,0.593,395.196,,0.076562279,
Kepler-1799 b,Kepler-1799,1,1,Transit,2021.0,11.9296999,0.0,,,4.12801189,,0.0,5831.0,0.921,1.016,2254.69,,0.879794568,
Kepler-18 b,Kepler-18,1,3,Transit,2011.0,3.504725,0.009585795,0.0447,0.0,2.0,6.9,4.752375,5345.0,1.108,0.972,433.047,1283.143732,0.899001071,449.9302187
Kepler-18 c,Kepler-18,1,3,Transit,2011.0,7.64159,0.020916722,0.0752,0.0,5.49,17.3,0.576077176,5345.0,1.108,0.972,433.047,989.2820932,0.899001071,158.9734238
Kepler-18 d,Kepler-18,1,3,Transit,2011.0,14.85888,0.040696615,0.1172,0.0,6.98,16.4,0.26572302,5345.0,1.108,0.972,433.047,792.437944,0.899001071,65.44929692
Kepler-180 b,Kepler-180,1,2,Transit,2014.0,13.817124,0.037829224,0.109,,1.5,,0.0,5731.0,1.063,,695.65,862.9691496,1.093649133,92.05025946
Kepler-180 c,Kepler-180,1,2,Transit,2014.0,41.885775,0.114677002,0.229,,3.01,,0.0,5731.0,1.063,,695.65,595.3752518,1.093649133,20.85484893
Kepler-1800 b,Kepler-1800,1,1,Transit,2021.0,4.562029839,0.0,,,0.99679734,,0.0,5343.0,2.506,1.33,350.455,,4.591902732,
Kepler-1801 b,Kepler-1801,1,2,Transit,2021.0,10.44089985,0.0,,,2.70926154,,0.0,5738.0,0.981,0.936,839.332,,0.935987482,
Kepler-1801 c,Kepler-1801,1,2,Transit,2023.0,116.583183,0.319537187,0.4572,0.0,2.91,,0.0,5738.0,0.981,0.936,839.332,405.2783603,0.935987482,4.477726847
Kepler-1802 b,Kepler-1802,1,2,Transit,2021.0,15.45020008,0.0,,,1.671,,0.0,4245.0,0.637,0.649,636.694,,0.11821688,
Kepler-1802 c,Kepler-1802,1,2,Transit,2021.0,33.13610077,0.0,,,2.322,,0.0,4245.0,0.637,0.649,636.694,,0.11821688,
Kepler-1804 b,Kepler-1804,1,1,Transit,2021.0,12.28849983,0.0,,,1.59615726,,0.0,5109.0,1.671,0.929,434.456,,1.706814645,
Kepler-1805 b,Kepler-1805,1,1,Transit,2021.0,8.847940445,0.0,,,1.54502915,,0.0,3867.0,0.552,0.581,221.639,,0.06113145,
Kepler-1806 b,Kepler-1806,1,1,Transit,2021.0,9.033320427,0.0,,,2.35560189,,0.0,5311.0,0.788,0.884,978.066,,0.443248721,
Kepler-1807 b,Kepler-1807,1,1,Transit,2021.0,10.86060047,0.0,,,2.70393215,,0.0,6455.0,1.496,1.087,1299.32,,3.486085412,
Kepler-1808 b,Kepler-1808,1,1,Transit,2021.0,23.3404007,0.0,,,3.02511302,,0.0,5530.0,0.892,0.773,1022.01,,0.667605774,
Kepler-1809 b,Kepler-1809,1,1,Transit,2021.0,3.7572999,0.0,,,1.513,,0.0,4901.0,0.716,0.807,409.602,,0.26537176,
Kepler-181 b,Kepler-181,1,2,Transit,2014.0,3.137873,0.008591028,0.04,,1.27,,0.0,5333.0,0.749,,609.283,1112.740706,0.407136295,254.4601843
Kepler-181 c,Kepler-181,1,2,Transit,2014.0,4.302149,0.011778642,0.049,,1.99,,0.0,5333.0,0.749,,609.283,1005.370022,0.407136295,169.5694689
Kepler-1810 b,Kepler-1810,1,1,Transit,2021.0,101.1330032,0.0,,,3.91815325,,0.0,5492.0,1.016,0.921,1009.87,,0.842557173,
Kepler-1811 b,Kepler-1811,1,1,Transit,2021.0,76.42230225,0.0,,,3.84829873,,0.0,5561.0,1.19,0.946,1390.56,,1.215053367,
Kepler-1812 b,Kepler-1812,1,1,Transit,2021.0,7.165219784,0.0,,,2.3249424,,0.0,6174.0,1.103,1.162,1409.19,,1.58601531,
Kepler-1813 b,Kepler-1813,1,1,Transit,2021.0,2.818160057,0.0,,,1.413,,0.0,5167.0,0.787,0.812,,,0.396089346,
Kepler-1814 b,Kepler-1814,1,2,Transit,2021.0,2.935359955,0.0,,,2.36961357,,0.0,4922.0,0.823,0.79,726.346,,0.356661275,
Kepler-1814 c,Kepler-1814,1,2,Transit,2023.0,0.626281766,0.001725695,0.0133,0.0,1.76,,0.0,4922.0,0.823,0.79,726.346,1866.926349,0.356661275,2016.288513
Kepler-1815 b,Kepler-1815,1,1,Transit,2021.0,12.19139957,0.0,,,2.7489262,,0.0,5516.0,0.967,0.856,1006.63,,0.776675898,
Kepler-1816 b,Kepler-1816,1,1,Transit,2021.0,91.50099945,0.0,,,1.9679397,,0.0,5051.0,0.706,0.786,437.823,,0.29107756,
Kepler-1817 b,Kepler-1817,1,1,Transit,2021.0,44.29919815,0.0,,,2.27349126,,0.0,5316.0,0.915,0.878,748.569,,0.599890421,
Kepler-1818 b,Kepler-1818,1,1,Transit,2021.0,4.644909859,0.0,,,1.71360684,,0.0,6047.0,1.129,1.021,1034.59,,1.529106056,
Kepler-1819 b,Kepler-1819,1,1,Transit,2021.0,16.48690033,0.0,,,3.90351256,,0.0,6090.0,1.071,1.173,1363.19,,1.415591552,
Kepler-182 b,Kepler-182,1,2,Transit,2014.0,9.825792,0.026901552,0.096,,2.58,,0.0,6250.0,1.146,,1549.09,1041.233634,1.797956394,195.0907546
Kepler-182 c,Kepler-182,1,2,Transit,2014.0,20.684342,0.056630642,0.157,,3.43,,0.0,6250.0,1.146,,1549.09,814.2054003,1.797956394,72.9423666
Kepler-1820 b,Kepler-1820,1,1,Transit,2021.0,31.03249931,0.0,,,3.11883067,,0.0,5841.0,0.931,1.047,1425.39,,0.905186435,
Kepler-1821 b,Kepler-1821,1,1,Transit,2021.0,16.45809937,0.0,,,2.59248115,,0.0,5475.0,0.884,0.946,799.699,,0.629985965,
Kepler-1822 b,Kepler-1822,1,1,Transit,2021.0,22.13339996,0.0,,,2.64755943,,0.0,5165.0,0.702,0.782,897.597,,0.314662782,
Kepler-1823 b,Kepler-1823,1,1,Transit,2021.0,21.10339928,0.0,,,2.0861268,,0.0,6000.0,1.126,1.068,724.971,,1.474251684,
Kepler-1824 b,Kepler-1824,1,1,Transit,2021.0,95.61100006,0.0,,,2.38127597,,0.0,6002.0,1.081,1.135,1040.1,,1.360583507,
Kepler-1825 b,Kepler-1825,1,1,Transit,2021.0,1.025869966,0.0,,,1.42200732,,0.0,5123.0,0.847,0.828,430.254,,0.443357535,
Kepler-1826 b,Kepler-1826,1,1,Transit,2021.0,1.615360022,0.0,,,1.47519116,,0.0,3821.0,0.486,0.49,336.952,,0.045172127,
Kepler-1827 b,Kepler-1827,1,1,Transit,2021.0,3.700619936,0.0,,,1.85644292,,0.0,5423.0,1.404,0.915,686.461,,1.529616231,
Kepler-1828 b,Kepler-1828,1,1,Transit,2021.0,10.2737999,0.0,,,2.11598626,,0.0,5806.0,0.899,0.996,871.81,,0.823981307,
Kepler-1829 b,Kepler-1829,1,1,Transit,2021.0,5.186719894,0.0,,,2.47887001,,0.0,5230.0,0.777,0.873,679.921,,0.405264575,
Kepler-183 b,Kepler-183,1,2,Transit,2014.0,5.687945,0.015572745,0.064,,2.06,,0.0,5888.0,0.958,,1050.64,1098.429145,0.989673801,241.6195802
Kepler-183 c,Kepler-183,1,2,Transit,2014.0,11.637071,0.031860564,0.103,,2.27,,0.0,5888.0,0.958,,1050.64,865.8515169,0.989673801,93.28624758
Kepler-1830 b,Kepler-1830,1,1,Transit,2021.0,56.49330139,0.0,,,3.32992941,,0.0,6160.0,2.046,1.443,1056.88,,5.407841539,
Kepler-1831 b,Kepler-1831,1,1,Transit,2021.0,5.78387022,0.0,,,1.97019818,,0.0,6063.0,1.012,1.117,1053.49,,1.241655589,
Kepler-1832 b,Kepler-1832,1,1,Transit,2021.0,3.138789892,0.0,,,1.22719556,,0.0,5242.0,0.722,0.684,486.174,,0.35314439,
Kepler-1833 b,Kepler-1833,1,1,Transit,2021.0,6.892129898,0.0,,,1.30027362,,0.0,6164.0,1.446,1.286,591.602,,2.708176443,
Kepler-1834 b,Kepler-1834,1,2,Transit,2021.0,4.603010178,0.0,,,1.4593834,,0.0,4821.0,0.788,0.765,500.395,,0.300947549,
Kepler-1834 c,Kepler-1834,1,2,Transit,2023.0,0.766691517,0.00210042,0.015,0.0,1.22,,0.0,4821.0,0.788,0.765,500.395,1684.868804,0.300947549,1337.544663
Kepler-1835 b,Kepler-1835,1,1,Transit,2021.0,11.96409988,0.0,,,3.53387773,,0.0,5903.0,0.961,0.922,1404.38,,1.006068979,
Kepler-1836 b,Kepler-1836,1,1,Transit,2021.0,5.254169941,0.0,,,2.55303229,,0.0,6123.0,0.987,1.053,1472.62,,1.228517064,
Kepler-1837 b,Kepler-1837,1,1,Transit,2021.0,5.906089783,0.0,,,2.06673842,,0.0,5966.0,0.961,1.049,1229.18,,1.049710693,
Kepler-1838 b,Kepler-1838,1,1,Transit,2021.0,12.14680004,0.0,,,1.66049425,,0.0,5877.0,1.963,1.187,451.242,,4.124328146,
Kepler-1839 b,Kepler-1839,1,1,Transit,2021.0,5.056759834,0.0,,,1.9493759,,0.0,5926.0,0.939,1.03,1136.6,,0.975590636,
Kepler-184 b,Kepler-184,1,3,Transit,2014.0,10.687576,0.029260988,0.092,,2.36,,0.0,5788.0,0.873,,610.326,859.7124365,0.767418788,90.66857131
Kepler-184 c,Kepler-184,1,3,Transit,2014.0,20.303005,0.055586598,0.141,,1.97,,0.0,5788.0,0.873,,610.326,694.4445383,0.767418788,38.60061303
Kepler-184 d,Kepler-184,1,3,Transit,2014.0,29.022358,0.079458886,0.179,,2.49,,0.0,5788.0,0.873,,610.326,616.3403596,0.767418788,23.9511497
Kepler-1840 b,Kepler-1840,1,1,Transit,2021.0,131.1900024,0.0,,,2.77771129,,0.0,4898.0,0.803,0.774,513.107,,0.332963067,
Kepler-1841 b,Kepler-1841,1,1,Transit,2021.0,25.88599968,0.0,,,1.48912557,,0.0,5190.0,0.899,0.823,631.7,,0.526112554,
Kepler-1842 b,Kepler-1842,1,1,Transit,2021.0,14.02639961,0.0,,,2.35388681,,0.0,5970.0,1.131,1.057,923.551,,1.457848466,
Kepler-1843 b,Kepler-1843,1,1,Transit,2021.0,25.54339981,0.0,,,2.70909809,,0.0,5422.0,1.782,1.02,784.625,,2.462313251,
Kepler-1844 b,Kepler-1844,1,1,Transit,2021.0,3.924510002,0.0,,,3.03648191,,0.0,5776.0,0.849,0.939,1804.36,,0.719803524,
Kepler-1845 b,Kepler-1845,1,1,Transit,2021.0,11.60649967,0.0,,,2.43836702,,0.0,4703.0,0.701,0.686,710.724,,0.215687909,
Kepler-1846 b,Kepler-1846,1,1,Transit,2021.0,14.82009983,0.0,,,1.76378826,,0.0,4825.0,0.732,0.785,374.615,,0.260556123,
Kepler-1847 b,Kepler-1847,1,1,Transit,2021.0,11.12969971,0.0,,,2.74516914,,0.0,6122.0,0.964,1.041,1693.86,,1.171162664,
Kepler-1848 b,Kepler-1848,1,1,Transit,2021.0,5.604020119,0.0,,,1.4088539,,0.0,4847.0,0.737,0.756,309.696,,0.26897809,
Kepler-1849 b,Kepler-1849,1,1,Transit,2021.0,57.29290009,0.0,,,2.38685349,,0.0,4806.0,0.729,0.709,631.884,,0.254378248,
Kepler-185 b,Kepler-185,1,2,Transit,2014.0,1.6329,0.004470637,0.026,,1.17,,0.0,5208.0,0.806,,466.735,1398.180694,0.428789198,634.3035469
Kepler-185 c,Kepler-185,1,2,Transit,2014.0,20.729042,0.056753024,0.139,,2.02,,0.0,5208.0,0.806,,466.735,604.703629,0.428789198,22.19290915
Kepler-1850 b,Kepler-1850,1,1,Transit,2021.0,1.385800004,0.0,,,0.72909663,,0.0,4239.0,0.6,0.611,250.199,,0.104290804,
Kepler-1851 b,Kepler-1851,1,1,Transit,2021.0,12.02289963,0.0,,,3.90012032,,0.0,5982.0,0.879,0.967,1589.81,,0.887673459,
Kepler-1852 b,Kepler-1852,1,1,Transit,2021.0,7.970940113,0.0,,,1.88610592,,0.0,5237.0,0.826,0.927,772.481,,0.460447628,
Kepler-1853 b,Kepler-1853,1,1,Transit,2021.0,48.88819885,0.0,,,1.51862272,,0.0,4821.0,0.788,0.765,562.348,,0.300947549,
Kepler-1854 b,Kepler-1854,1,1,Transit,2021.0,39.83110046,0.0,,,2.58746104,,0.0,5026.0,0.759,0.8,423.348,,0.329809635,
Kepler-1855 b,Kepler-1855,1,1,Transit,2021.0,0.727330983,0.0,,,1.216205,,0.0,3460.0,0.356,0.385,,,0.016296496,
Kepler-1856 b,Kepler-1856,1,1,Transit,2021.0,1.302000046,0.0,,,1.73447868,,0.0,4948.0,0.816,0.782,848.76,,0.358087311,
Kepler-1857 b,Kepler-1857,1,1,Transit,2021.0,8.94340992,0.0,,,1.96065412,,0.0,6074.0,1.005,0.873,853.275,,1.233448792,
Kepler-1858 b,Kepler-1858,1,1,Transit,2021.0,88.07160187,0.0,,,2.42168247,,0.0,4939.0,0.819,0.785,833.055,,0.358107782,
Kepler-1859 b,Kepler-1859,1,2,Transit,2021.0,2.729599953,0.0,,,1.58313575,,0.0,5887.0,1.235,1.09,1331.25,,1.64361429,
Kepler-1859 c,Kepler-1859,1,2,Transit,2023.0,3.59645081,0.009853226,0.0473,0.0,1.66,,0.0,5887.0,1.235,1.09,1331.25,1450.468905,1.64361429,734.6451688
Kepler-186 b,Kepler-186,1,5,Transit,2014.0,3.8867907,0.009188132,0.0343,,1.07,,0.0,3788.0,0.472,0.478,177.594,677.5563008,0.041154159,34.98045776
Kepler-186 c,Kepler-186,1,5,Transit,2014.0,7.267302,0.013853224,0.0451,,1.25,,0.0,3788.0,0.472,0.478,177.594,590.8866491,0.041154159,20.23301692
Kepler-186 d,Kepler-186,1,5,Transit,2014.0,13.342996,0.031569129,0.0781,,1.4,,0.0,3788.0,0.472,0.478,177.594,449.021288,0.041154159,6.747014769
Kepler-186 e,Kepler-186,1,5,Transit,2014.0,22.407704,0.05276854,0.11,,1.27,,0.0,3788.0,0.472,0.478,177.594,378.3520624,0.041154159,3.401170145
Kepler-186 f,Kepler-186,1,5,Transit,2014.0,129.9441,0.384969365,0.432,0.04,1.17,,0.0,3755.0,0.523,0.544,177.594,199.2188327,0.048790244,0.261436066
Kepler-1860 b,Kepler-1860,1,1,Transit,2021.0,12.73719978,0.0,,,1.13863767,,0.0,5420.0,0.868,0.874,438.703,,0.583346298,
Kepler-1861 b,Kepler-1861,1,1,Transit,2021.0,40.0306015,0.0,,,2.20677414,,0.0,5855.0,1.373,1.161,829.985,,1.987643634,
Kepler-1862 b,Kepler-1862,1,1,Transit,2021.0,16.05730057,0.0,,,2.203,,0.0,5644.0,0.806,0.9,1232.19,,0.59143627,
Kepler-1863 b,Kepler-1863,1,1,Transit,2021.0,44.99760056,0.0,,,2.26309256,,0.0,5871.0,0.983,1.097,865.546,,1.030018932,
Kepler-1864 b,Kepler-1864,1,1,Transit,2021.0,3.881510019,0.0,,,0.75408365,,0.0,5854.0,0.979,1.03,298.894,,1.009871477,
Kepler-1865 b,Kepler-1865,1,1,Transit,2021.0,2.524009943,0.0,,,1.57686072,,0.0,5420.0,0.871,0.849,922.255,,0.587385615,
Kepler-1866 b,Kepler-1866,1,1,Transit,2021.0,11.66009998,0.0,,,2.08215108,,0.0,5791.0,1.083,1.03,976.737,,1.183480272,
Kepler-1867 b,Kepler-1867,1,1,Transit,2021.0,9.887359619,0.0,,,1.15985997,,0.0,5693.0,0.816,0.911,680.583,,0.627530592,
Kepler-1868 b,Kepler-1868,1,1,Transit,2021.0,211.0339966,0.0,,,3.14950109,,0.0,4658.0,0.686,0.743,274.18,,0.198763217,
Kepler-1869 b,Kepler-1869,1,2,Transit,2021.0,8.167360306,0.0,,,1.11955354,,0.0,5808.0,0.902,0.987,113.025,,0.830633334,
Kepler-1869 c,Kepler-1869,1,2,Transit,2023.0,1.716828304,0.004716051,0.028,0.0,0.74,,0.0,5808.0,0.902,0.987,113.025,1589.506614,0.830633334,1059.481294
Kepler-187 b,Kepler-187,1,2,Transit,2014.0,4.938864,0.013521873,0.059,,1.41,,0.0,6105.0,1.287,,1143.0,1374.866134,2.064379876,593.0421937
Kepler-187 c,Kepler-187,1,2,Transit,2014.0,10.640263,0.029131452,0.099,,2.67,,0.0,6105.0,1.287,,1143.0,1061.374925,2.064379876,210.629515
Kepler-1870 b,Kepler-1870,1,1,Transit,2021.0,3.606940031,0.0,,,2.10143764,,0.0,5508.0,0.84,0.955,407.216,,0.582672,
Kepler-1871 b,Kepler-1871,1,1,Transit,2021.0,1.952700019,0.0,,,2.42172881,,0.0,5741.0,0.946,1.02,854.623,,0.872212508,
Kepler-1872 b,Kepler-1872,1,1,Transit,2021.0,3.825910091,0.0,,,2.38421141,,0.0,5223.0,0.885,0.913,840.182,,0.522945578,
Kepler-1873 b,Kepler-1873,1,1,Transit,2021.0,0.558842003,0.0,,,1.62573811,,0.0,5151.0,0.792,0.903,820.957,,0.396192648,
Kepler-1874 b,Kepler-1874,1,1,Transit,2021.0,56.57320023,0.0,,,2.21110724,,0.0,4701.0,0.775,0.758,408.007,,0.263180835,
Kepler-1875 b,Kepler-1875,1,1,Transit,2021.0,34.45859909,0.0,,,3.22686692,,0.0,6161.0,0.862,0.95,1660.45,,0.960526203,
Kepler-1876 b,Kepler-1876,1,1,Transit,2021.0,6.99205,0.019154836,0.0758,0.098,0.853,2.4,21.30667822,6104.0,1.477,1.187,259.935,1299.216862,2.717120758,472.9013231
Kepler-1877 b,Kepler-1877,1,1,Transit,2021.0,2.377569914,0.0,,,0.624086,,0.0,5615.0,0.936,1.022,285.312,,0.781340956,
Kepler-1878 b,Kepler-1878,1,1,Transit,2021.0,4.445879936,0.0,,,2.92019781,,0.0,5918.0,0.865,0.956,1494.3,,0.823420942,
Kepler-1879 b,Kepler-1879,1,1,Transit,2021.0,10.61340046,0.0,,,2.06512018,,0.0,5865.0,1.388,1.023,627.171,,2.045223848,
Kepler-188 b,Kepler-188,1,2,Transit,2014.0,2.061897,0.005645166,0.032,,1.68,,0.0,6021.0,1.141,,968.544,1733.59617,1.53509638,1499.117559
Kepler-188 c,Kepler-188,1,2,Transit,2014.0,5.996553,0.016417667,0.066,,3.19,,0.0,6021.0,1.141,,968.544,1207.121431,1.53509638,352.4096373
Kepler-1880 b,Kepler-1880,1,1,Transit,2021.0,6.309219837,0.0,,,2.11686218,,0.0,4380.0,0.53,0.524,611.041,,0.09275515,
Kepler-1881 b,Kepler-1881,1,1,Transit,2021.0,159.3939972,0.0,,,2.98104391,,0.0,5135.0,0.874,0.812,1057.21,,0.47651273,
Kepler-1882 b,Kepler-1882,1,1,Transit,2021.0,13.78730011,0.0,,,1.48674404,,0.0,5691.0,1.458,1.068,443.371,,2.000595282,
Kepler-1883 b,Kepler-1883,1,1,Transit,2021.0,103.427002,0.0,,,3.25107395,,0.0,6208.0,1.024,1.086,1377.61,,1.39732232,
Kepler-1884 b,Kepler-1884,1,1,Transit,2021.0,8.988320351,0.0,,,1.81406781,,0.0,5984.0,0.906,0.993,1443.09,,0.944305643,
Kepler-1885 b,Kepler-1885,1,1,Transit,2021.0,2.522559881,0.0,,,1.51110555,,0.0,5591.0,0.86,0.977,818.482,,0.648402561,
Kepler-1886 b,Kepler-1886,1,1,Transit,2021.0,24.2758007,0.0,,,2.58158428,,0.0,5745.0,0.837,0.928,1059.51,,0.684700899,
Kepler-1887 b,Kepler-1887,1,1,Transit,2021.0,19.94750023,0.0,,,2.92454357,,0.0,5749.0,0.864,0.961,1366.18,,0.731621685,
Kepler-1888 b,Kepler-1888,1,1,Transit,2021.0,11.39169979,0.0,,,1.32578716,,0.0,5557.0,1.249,0.897,402.947,,1.334677422,
Kepler-1889 b,Kepler-1889,1,1,Transit,2021.0,37.30369949,0.0,,,2.94360686,,0.0,5646.0,0.817,0.864,1395.13,,0.60855167,
Kepler-189 b,Kepler-189,1,2,Transit,2014.0,10.399931,0.028473459,0.088,,1.21,,0.0,5235.0,0.75,,591.534,736.9151078,0.379034831,48.94561351
Kepler-189 c,Kepler-189,1,2,Transit,2014.0,20.134866,0.055126259,0.137,,2.38,,0.0,5235.0,0.75,,591.534,590.6068949,0.379034831,20.194727
Kepler-1890 b,Kepler-1890,1,1,Transit,2021.0,4.820590019,0.0,,,0.86867375,,0.0,6046.0,1.396,1.024,529.596,,2.336325009,
Kepler-1891 b,Kepler-1891,1,1,Transit,2021.0,4.02229023,0.0,,,1.52139156,,0.0,5516.0,0.827,0.873,596.24,,0.568064826,
Kepler-1892 b,Kepler-1892,1,1,Transit,2021.0,6.331230164,0.0,,,1.83707938,,0.0,5383.0,0.759,0.851,851.595,,0.433981205,
Kepler-1893 b,Kepler-1893,1,1,Transit,2021.0,4.179369926,0.0,,,1.70557445,,0.0,5633.0,1.162,0.973,1050.72,,1.219722713,
Kepler-1894 b,Kepler-1894,1,2,Transit,2021.0,2.762660027,0.0,,,1.20117759,,0.0,5772.0,0.901,0.999,935.191,,0.808434282,
Kepler-1894 c,Kepler-1894,1,2,Transit,2023.0,5.05368985,0.013830917,0.0576,0.0,1.21,,0.0,5772.0,0.901,0.999,935.191,1100.750661,0.808434282,243.6687048
Kepler-1895 b,Kepler-1895,1,1,Transit,2021.0,6.070290089,0.0,,,2.11934728,,0.0,5076.0,0.763,0.86,984.187,,0.346757114,
Kepler-1896 b,Kepler-1896,1,1,Transit,2021.0,44.87020111,0.0,,,3.09935997,,0.0,6122.0,0.996,1.07,1732.91,,1.250206717,
Kepler-1897 b,Kepler-1897,1,1,Transit,2021.0,24.22030067,0.0,,,2.81407954,,0.0,5165.0,0.761,0.859,983.174,,0.369777487,
Kepler-1898 b,Kepler-1898,1,1,Transit,2021.0,4.765620232,0.0,,,0.93353523,,0.0,5702.0,1.125,0.837,360.921,,1.20033853,
Kepler-1899 b,Kepler-1899,1,1,Transit,2021.0,4.095779896,0.0,,,1.55098292,,0.0,4791.0,0.742,0.759,711.509,,0.260256955,
Kepler-19 b,Kepler-19,1,3,Transit,2011.0,9.28699,0.025434173,0.0846,0.41,2.209,6.1,3.118130492,5541.0,0.859,0.936,218.562,851.355663,0.624063494,87.19429131
Kepler-19 c,Kepler-19,1,3,Transit Timing Variations,2011.0,28.731,0.0,,0.21,,13.1,,5544.0,0.859,0.936,218.562,,0.62541611,
Kepler-19 d,Kepler-19,1,3,Radial Velocity,2017.0,62.95,0.0,,0.05,,22.5,,5544.0,0.859,0.936,218.562,,0.62541611,
Kepler-190 b,Kepler-190,1,2,Transit,2014.0,2.019999,0.005530456,0.03,,1.56,,0.0,5106.0,0.795,,433.387,1267.404445,0.385431628,428.2573642
Kepler-190 c,Kepler-190,1,2,Transit,2014.0,3.763024,0.010302598,0.045,,1.46,,0.0,5106.0,0.795,,433.387,1034.831396,0.385431628,190.3366063
Kepler-1900 b,Kepler-1900,1,1,Transit,2021.0,2.986229897,0.0,,,1.62314676,,0.0,6173.0,1.041,1.104,1540.43,,1.41181053,
Kepler-1901 b,Kepler-1901,1,1,Transit,2021.0,3.484129906,0.0,,,1.47418907,,0.0,5696.0,0.921,1.022,1028.37,,0.801104245,
Kepler-1902 b,Kepler-1902,1,1,Transit,2021.0,3.822220087,0.0,,,1.17563613,,0.0,3729.0,0.514,0.52,344.337,,0.045833774,
Kepler-1903 b,Kepler-1903,1,1,Transit,2021.0,17.0678997,0.0,,,2.28642395,,0.0,6347.0,0.996,1.053,1775.44,,1.444383505,
Kepler-1904 b,Kepler-1904,1,1,Transit,2021.0,4.577020168,0.0,,,1.3904994,,0.0,3805.0,0.497,0.526,270.854,,0.046453803,
Kepler-1905 b,Kepler-1905,1,1,Transit,2021.0,3.42392993,0.0,,,1.4460734,,0.0,5788.0,1.015,1.038,1051.53,,1.037375589,
Kepler-1906 b,Kepler-1906,1,1,Transit,2021.0,7.362689972,0.0,,,2.77615754,,0.0,5868.0,0.894,0.987,1360.63,,0.850208237,
Kepler-1907 b,Kepler-1907,1,2,Transit,2021.0,5.652450085,0.0,,,0.86973029,,0.0,5159.0,0.8,0.752,292.111,,0.406754096,
Kepler-1907 c,Kepler-1907,1,2,Transit,2021.0,14.86390018,0.0,,,1.15547044,,0.0,5159.0,0.8,0.752,292.111,,0.406754096,
Kepler-1909 b,Kepler-1909,1,1,Transit,2021.0,2.391609907,0.0,,,1.09217411,,0.0,4935.0,0.685,0.663,763.662,,0.24970062,
Kepler-191 b,Kepler-191,1,3,Transit,2014.0,9.939632,0.027213229,0.087,,1.34,,0.0,5282.0,0.789,,594.464,766.9883207,0.434747851,57.43795098
Kepler-191 c,Kepler-191,1,3,Transit,2014.0,17.738506,0.048565383,0.128,,1.86,,0.0,5282.0,0.789,,594.464,632.3294256,0.434747851,26.53490301
Kepler-191 d,Kepler-191,1,3,Transit,2016.0,5.945041017,0.0,,,2.28,,0.0,5215.0,0.8,0.84,594.464,,0.424704708,
Kepler-1910 b,Kepler-1910,1,1,Transit,2021.0,5.688769817,0.0,,,1.184,,0.0,4234.0,0.639,0.636,,,0.117732124,
Kepler-1911 b,Kepler-1911,1,1,Transit,2021.0,5.990799904,0.0,,,1.011,,0.0,5721.0,0.972,0.954,269.912,,0.908050853,
Kepler-1912 b,Kepler-1912,1,1,Transit,2021.0,6.059219837,0.0,,,1.35670508,,0.0,5734.0,0.962,0.977,297.017,,0.897575002,
Kepler-1913 b,Kepler-1913,1,1,Transit,2021.0,14.1960001,0.0,,,1.51852059,,0.0,6214.0,1.076,1.169,876.3,,1.548814437,
Kepler-1914 b,Kepler-1914,1,1,Transit,2021.0,30.82789993,0.0,,,2.9429803,,0.0,5982.0,0.96,1.047,1621.56,,1.058809796,
Kepler-1915 b,Kepler-1915,1,1,Transit,2021.0,13.83539963,0.0,,,3.21798413,,0.0,6020.0,1.057,1.03,1514.66,,1.316514933,
Kepler-1916 b,Kepler-1916,1,1,Transit,2021.0,31.25429916,0.0,,,2.61757235,,0.0,6246.0,1.092,1.18,2055.82,,1.628332332,
Kepler-1917 b,Kepler-1917,1,1,Transit,2021.0,12.90240002,0.0,,,1.88971288,,0.0,5530.0,0.788,0.882,909.037,,0.521006102,
Kepler-1918 b,Kepler-1918,1,1,Transit,2021.0,47.0564003,0.0,,,2.29763023,,0.0,5889.0,0.924,0.967,1030.11,,0.921297748,
Kepler-1919 b,Kepler-1919,1,1,Transit,2021.0,37.88660049,0.0,,,2.62390658,,0.0,5513.0,0.818,0.868,1177.53,,0.554559855,
Kepler-192 b,Kepler-192,1,3,Transit,2014.0,9.926746,0.027177949,0.09,,2.74,,0.0,5479.0,1.007,,651.674,883.7028581,0.819886986,101.2206155
Kepler-192 c,Kepler-192,1,3,Transit,2014.0,21.2234,0.058106502,0.15,,2.79,,0.0,5479.0,1.007,,651.674,684.5132905,0.819886986,36.43942159
Kepler-192 d,Kepler-192,1,3,Transit,2016.0,6.47027579,0.0,,,1.02,,0.0,5487.0,0.94,0.94,651.674,,0.718596997,
Kepler-1920 b,Kepler-1920,1,1,Transit,2021.0,30.2541008,0.0,,,2.95415848,,0.0,6277.0,1.161,1.239,885.913,,1.877425896,
Kepler-1921 b,Kepler-1921,1,2,Transit,2021.0,20.03479958,0.0,,,2.89459458,,0.0,6120.0,2.0,1.251,928.989,,5.034490549,
Kepler-1921 c,Kepler-1921,1,2,Transit,2023.0,3.15722086,0.008648785,0.0454,0.0,1.41,,0.0,6120.0,2.0,1.251,928.989,1958.619041,5.034490549,2442.552033
Kepler-1922 b,Kepler-1922,1,1,Transit,2021.0,13.22259998,0.0,,,2.29064904,,0.0,5931.0,0.863,0.953,1344.29,,0.826843159,
Kepler-1923 b,Kepler-1923,1,1,Transit,2021.0,52.60969925,0.0,,,1.95958179,,0.0,5881.0,1.294,1.109,990.838,,1.797062246,
Kepler-1924 b,Kepler-1924,1,1,Transit,2021.0,15.33170033,0.0,,,2.65446572,,0.0,5726.0,1.285,1.018,1910.77,,1.592580816,
Kepler-1925 b,Kepler-1925,1,1,Transit,2021.0,46.71640015,0.0,,,3.00177922,,0.0,5856.0,1.092,1.057,1771.31,,1.258170212,
Kepler-1926 b,Kepler-1926,1,1,Transit,2021.0,42.87770081,0.0,,,2.31495961,,0.0,5256.0,0.832,0.768,667.405,,0.473977721,
Kepler-1927 b,Kepler-1927,1,1,Transit,2021.0,73.75039673,0.0,,,3.40627075,,0.0,6056.0,2.481,1.408,1091.0,,7.428255693,
Kepler-1928 b,Kepler-1928,1,1,Transit,2021.0,19.57783,0.085024073,0.194,0.43,1.992,,0.0,5720.0,0.92,1.01,326.362,600.62106,0.812923391,21.59962245
Kepler-1929 b,Kepler-1929,1,1,Transit,2021.0,59.36249924,0.0,,,3.07250761,,0.0,5786.0,1.471,1.006,508.201,,2.175849801,
Kepler-193 b,Kepler-193,1,2,Transit,2014.0,11.38848,0.031179959,0.106,,2.39,,0.0,6335.0,1.147,,1009.1,1004.816769,1.901092124,169.1965223
Kepler-193 c,Kepler-193,1,2,Transit,2014.0,50.697494,0.138802174,0.286,,2.75,,0.0,6335.0,1.147,,1009.1,611.7257896,1.901092124,23.24187154
Kepler-1930 b,Kepler-1930,1,1,Transit,2021.0,13.02680016,0.0,,,1.52955541,,0.0,5083.0,0.844,0.844,275.694,,0.426633724,
Kepler-1931 b,Kepler-1931,1,1,Transit,2021.0,38.5760994,0.0,,,2.65323514,,0.0,6167.0,1.221,1.174,620.091,,1.934714879,
Kepler-1932 b,Kepler-1932,1,1,Transit,2021.0,0.524177015,0.0,,,1.51482218,,0.0,5278.0,0.815,0.911,713.733,,0.462468983,
Kepler-1933 b,Kepler-1933,1,1,Transit,2021.0,4.943290234,0.0,,,1.17984089,,0.0,5661.0,1.008,0.964,328.007,,0.936232114,
Kepler-1934 b,Kepler-1934,1,1,Transit,2021.0,1.419759989,0.0,,,0.91307734,,0.0,5925.0,1.035,0.968,428.514,,1.184469735,
Kepler-1935 b,Kepler-1935,1,1,Transit,2021.0,3.951400042,0.0,,,2.50271696,,0.0,5570.0,0.899,0.845,904.702,,0.697959165,
Kepler-1936 b,Kepler-1936,1,1,Transit,2021.0,126.5569992,0.0,,,3.16615594,,0.0,6501.0,1.854,1.419,871.096,,5.508457129,
Kepler-1937 b,Kepler-1937,1,1,Transit,2021.0,9.688599586,0.0,,,3.0229133,,0.0,6457.0,1.196,1.19,905.069,,2.230875607,
Kepler-1938 b,Kepler-1938,1,1,Transit,2021.0,13.06260014,0.0,,,1.82828927,,0.0,4522.0,0.655,0.646,421.152,,0.160951372,
Kepler-1939 b,Kepler-1939,1,1,Transit,2021.0,2.790659904,0.0,,,1.16480773,,0.0,4353.0,0.603,0.648,189.833,,0.117132967,
Kepler-194 b,Kepler-194,1,3,Transit,2014.0,2.092281,0.005728353,0.032,,1.51,,0.0,6089.0,1.025,,1097.97,1661.668535,1.295750774,1265.381615
Kepler-194 c,Kepler-194,1,3,Transit,2014.0,17.308032,0.047386809,0.131,,2.59,,0.0,6089.0,1.025,,1097.97,821.2657994,1.295750774,75.50555178
Kepler-194 d,Kepler-194,1,3,Transit,2014.0,52.814973,0.144599515,0.275,,2.4,,0.0,6089.0,1.025,,1097.97,566.8302752,1.295750774,17.13389453
Kepler-1940 b,Kepler-1940,1,1,Transit,2021.0,4.950610161,0.0,,,1.54732469,,0.0,5431.0,0.717,0.802,798.595,,0.401279868,
Kepler-1941 b,Kepler-1941,1,1,Transit,2021.0,31.33510017,0.0,,,2.64976949,,0.0,6404.0,1.142,1.175,1494.39,,1.968010226,
Kepler-1942 b,Kepler-1942,1,1,Transit,2021.0,4.626049995,0.0,,,2.1170287,,0.0,5834.0,0.797,0.852,842.492,,0.660194941,
Kepler-1943 b,Kepler-1943,1,1,Transit,2021.0,4.850180149,0.0,,,1.54869189,,0.0,6032.0,0.973,1.055,1004.55,,1.124503631,
Kepler-1944 b,Kepler-1944,1,1,Transit,2021.0,9.842579842,0.0,,,2.75971163,,0.0,5585.0,0.972,1.064,1076.48,,0.824736261,
Kepler-1945 b,Kepler-1945,1,1,Transit,2021.0,6.080039978,0.0,,,1.289,,0.0,4991.0,0.804,0.767,,,0.359875455,
Kepler-1946 b,Kepler-1946,1,1,Transit,2021.0,3.035190105,0.0,,,2.48812698,,0.0,5505.0,0.873,0.887,1002.12,,0.627982629,
Kepler-1947 b,Kepler-1947,1,1,Transit,2021.0,6.963630199,0.0,,,1.0101666,,0.0,6040.0,1.686,0.984,468.771,,3.394319703,
Kepler-1948 b,Kepler-1948,1,1,Transit,2021.0,15.57129955,0.0,,,1.03283226,,0.0,3872.0,0.557,0.585,193.903,,0.062566467,
Kepler-1949 b,Kepler-1949,1,1,Transit,2021.0,2.208280087,0.0,,,2.21964541,,0.0,6028.0,1.454,1.194,2617.35,,2.504445801,
Kepler-195 b,Kepler-195,1,2,Transit,2014.0,8.307872,0.022745714,0.077,,2.03,,0.0,5329.0,0.775,,652.051,815.1972154,0.434586405,73.29843222
Kepler-195 c,Kepler-195,1,2,Transit,2014.0,34.096863,0.093352123,0.197,,1.55,,0.0,5329.0,0.775,,652.051,509.6534131,0.434586405,11.19808304
Kepler-1950 b,Kepler-1950,1,1,Transit,2021.0,10.77690029,0.0,,,1.52696349,,0.0,5455.0,0.852,0.759,697.253,,0.576697487,
Kepler-1951 b,Kepler-1951,1,1,Transit,2021.0,20.65780067,0.0,,,2.32107188,,0.0,5468.0,1.306,0.923,1277.32,,1.368013009,
Kepler-1952 b,Kepler-1952,1,1,Transit,2021.0,27.21080017,0.0,,,1.23923346,,0.0,5973.0,1.305,0.922,852.062,,1.944826808,
Kepler-1953 b,Kepler-1953,1,1,Transit,2021.0,6.245659828,0.0,,,1.28574667,,0.0,4858.0,0.707,0.786,605.631,,0.249780609,
Kepler-1954 b,Kepler-1954,1,1,Transit,2021.0,5.883430004,0.0,,,1.80235934,,0.0,5840.0,0.849,0.942,1373.83,,0.752240339,
Kepler-1955 b,Kepler-1955,1,1,Transit,2021.0,14.26519966,0.0,,,1.16654878,,0.0,5825.0,1.291,1.049,449.351,,1.72157542,
Kepler-1956 b,Kepler-1956,1,1,Transit,2021.0,5.943719864,0.0,,,1.08940238,,0.0,4391.0,0.682,0.671,360.468,,0.155135914,
Kepler-1957 b,Kepler-1957,1,1,Transit,2021.0,2.186619997,0.0,,,0.94374867,,0.0,4904.0,0.772,0.745,460.899,,0.309261812,
Kepler-1958 b,Kepler-1958,1,1,Transit,2021.0,9.328619957,0.0,,,2.05124311,,0.0,5749.0,0.864,0.961,1320.38,,0.731621685,
Kepler-1959 b,Kepler-1959,1,1,Transit,2021.0,6.38669014,0.0,,,1.14315727,,0.0,5071.0,0.811,0.768,479.263,,0.390216834,
Kepler-196 b,Kepler-196,1,3,Transit,2014.0,20.739886,0.056782713,0.138,,1.9,,0.0,5128.0,0.782,,451.312,588.6041617,0.379398336,19.92219787
Kepler-196 c,Kepler-196,1,3,Transit,2014.0,47.427737,0.129850067,0.24,,2.24,,0.0,5128.0,0.782,,451.312,446.3312044,0.379398336,6.586776672
Kepler-196 d,Kepler-196,1,3,Transit,2021.0,122.0800018,0.0,,,2.66065673,,0.0,5132.0,0.77,0.805,451.312,,0.368992799,
Kepler-1960 b,Kepler-1960,1,1,Transit,2021.0,2.297940016,0.0,,,1.30749704,,0.0,6371.0,1.072,1.117,1527.56,,1.698673224,
Kepler-1961 b,Kepler-1961,1,1,Transit,2021.0,5.604710102,0.0,,,1.6187808,,0.0,5401.0,0.777,0.871,1042.45,,0.46092323,
Kepler-1962 b,Kepler-1962,1,1,Transit,2021.0,7.991459846,0.0,,,1.21463929,,0.0,5700.0,1.006,1.003,866.826,,0.958484809,
Kepler-1963 b,Kepler-1963,1,1,Transit,2021.0,1.962260008,0.0,,,0.74437023,,0.0,5726.0,0.979,0.915,492.847,,0.924401429,
Kepler-1964 b,Kepler-1964,1,1,Transit,2021.0,2.440829992,0.0,,,1.7810587,,0.0,4803.0,0.698,0.752,,,0.232622137,
Kepler-1965 b,Kepler-1965,1,1,Transit,2021.0,41.86869812,0.0,,,1.35415138,,0.0,5852.0,0.837,0.928,521.791,,0.737153676,
Kepler-1966 b,Kepler-1966,1,1,Transit,2021.0,8.617429733,0.0,,,1.10479327,,0.0,5009.0,0.84,0.797,484.601,,0.398522227,
Kepler-1967 b,Kepler-1967,1,1,Transit,2021.0,7.281690121,0.0,,,0.73022577,,0.0,4970.0,1.806,0.996,249.102,,1.785463173,
Kepler-1968 b,Kepler-1968,1,1,Transit,2021.0,7.281099796,0.0,,,1.50004034,,0.0,5008.0,0.788,0.844,750.93,,0.350428618,
Kepler-1969 b,Kepler-1969,1,1,Transit,2021.0,6.647520065,0.0,,,1.68161001,,0.0,6046.0,1.007,1.111,1204.54,,1.215685852,
Kepler-197 b,Kepler-197,2,4,Transit,2014.0,5.599308,0.01533007,0.06,,1.02,,0.0,6004.0,1.12,,330.575,1250.793306,1.462475602,406.2432227
Kepler-197 c,Kepler-197,2,4,Transit,2014.0,10.349695,0.028335921,0.09,,1.23,,0.0,6004.0,1.12,,330.575,1021.268458,1.462475602,180.5525434
Kepler-197 d,Kepler-197,2,4,Transit,2014.0,15.677563,0.042922828,0.119,,1.22,,0.0,6004.0,1.12,,330.575,888.1528072,1.462475602,103.2748819
Kepler-197 e,Kepler-197,2,4,Transit,2014.0,25.209715,0.069020438,0.164,,0.91,,0.0,6004.0,1.12,,330.575,756.5528114,1.462475602,54.37520828
Kepler-1972 b,Kepler-1972,1,2,Transit,2022.0,7.54425,0.0,,0.067,0.802,2.02,21.57644365,5818.0,1.384,1.12,287.339,,1.969050696,
Kepler-1972 c,Kepler-1972,1,2,Transit,2022.0,11.3295,0.0,,0.043,0.868,2.11,17.77767157,5818.0,1.384,1.12,287.339,,1.969050696,
Kepler-1976 b,Kepler-1976,1,1,Transit Timing Variations,2023.0,4.959319244,0.013594016,0.0565,0.0,12.21,,0.0,5712.0,1.082,0.976,1314.51,1205.283147,1.11814253,350.2678454
Kepler-1977 b,Kepler-1977,1,1,Transit,2023.0,4.53702121,0.01221775,0.0486,0.0,1.66,,0.0,4805.0,0.688,0.769,592.711,871.7279183,0.226381167,95.84462355
Kepler-1978 b,Kepler-1978,1,1,Transit,2023.0,10.84969477,0.02964213,0.0914,0.0,2.67,,0.0,5251.0,0.778,0.869,865.512,738.7035694,0.412873603,49.42250177
Kepler-1979 b,Kepler-1979,1,1,Transit,2023.0,18.5084526,0.050726712,0.1383,0.0,29.33,,0.0,5942.0,0.938,1.028,1076.27,746.1642806,0.984070282,51.44957083
Kepler-198 b,Kepler-198,1,3,Transit,2014.0,17.790037,0.048706467,0.131,,2.82,,0.0,5574.0,0.94,,495.358,719.9572708,0.765267755,44.59342436
Kepler-198 c,Kepler-198,1,3,Transit,2014.0,49.567416,0.135708189,0.259,,2.47,,0.0,5574.0,0.94,,495.358,512.026558,0.765267755,11.4081149
Kepler-198 d,Kepler-198,1,3,Transit,2016.0,1.31184443,0.0,,,1.53,,0.0,5636.0,0.93,0.97,495.358,,0.782960197,
Kepler-1980 b,Kepler-1980,1,1,Transit,2023.0,33.0257179,0.09055766,0.2049,0.0,2.21,,0.0,5819.0,0.99,1.049,1709.4,616.7461596,1.008216192,24.01429001
Kepler-1981 b,Kepler-1981,1,1,Transit,2023.0,453.54212,1.243387829,1.3292,0.0,9.23,,0.0,5874.0,3.006,1.519,659.395,425.9363869,9.651694595,5.462895664
Kepler-1982 b,Kepler-1982,1,1,Transit,2023.0,3.82315697,0.0104882,0.0511,0.0,0.77,,0.0,6202.0,1.122,1.213,558.855,1401.293859,1.671100663,639.9717612
Kepler-1983 b,Kepler-1983,1,1,Transit,2023.0,7.32851947,0.020070159,0.0689,0.0,2.33,,0.0,5135.0,0.874,0.812,424.428,881.8567265,0.47651273,100.3774279
Kepler-1984 b,Kepler-1984,1,1,Transit,2023.0,1.992812339,0.005473425,0.0238,0.0,6.81,,0.0,3638.0,0.42,0.45,,736.9030262,0.027722935,48.94240377
Kepler-1985 b,Kepler-1985,1,1,Transit,2023.0,3.42064689,0.009388898,0.0426,0.0,2.27,,0.0,5370.0,0.966,0.877,,1233.018316,0.696211585,383.6383791
Kepler-1986 b,Kepler-1986,1,1,Transit,2023.0,19.5489666,0.053639228,0.1307,0.0,1.89,,0.0,5549.0,0.732,0.776,912.085,633.2044381,0.455796422,26.68208333
Kepler-1987 b,Kepler-1987,1,4,Transit,2023.0,2.345863002,0.00634406,0.0318,0.0,1.23,,0.0,4769.0,0.714,0.799,595.683,1089.618196,0.236589553,233.9598441
Kepler-1987 c,Kepler-1987,1,4,Transit,2023.0,3.64830183,0.009871165,0.0427,0.0,1.33,,0.0,4769.0,0.714,0.799,595.683,940.3163107,0.236589553,129.7596941
Kepler-1987 d,Kepler-1987,1,4,Transit,2023.0,5.644914154,0.015264436,0.0571,0.0,2.66,,0.0,4769.0,0.714,0.799,595.683,813.1484768,0.236589553,72.56435624
Kepler-1987 e,Kepler-1987,1,4,Transit,2023.0,8.74292005,0.023671118,0.0765,0.0,1.92,,0.0,4769.0,0.714,0.799,595.683,702.5175683,0.236589553,40.4271097
Kepler-1988 b,Kepler-1988,1,1,Transit,2023.0,11.49500229,0.031501706,0.1038,0.0,1.53,,0.0,6033.0,1.788,1.127,513.426,1207.34082,3.799777617,352.6659035
Kepler-1989 b,Kepler-1989,1,1,Transit,2023.0,10.16102353,0.027827954,0.0918,0.0,4.62,,0.0,6032.0,1.06,0.999,1252.13,988.3355192,1.334587067,158.3658549
Kepler-199 b,Kepler-199,1,2,Transit,2014.0,23.637604,0.064716233,0.158,,3.11,,0.0,5644.0,0.967,,521.054,673.2605651,0.851316044,34.1017483
Kepler-199 c,Kepler-199,1,2,Transit,2014.0,67.093408,0.18369174,0.316,,3.25,,0.0,5644.0,0.967,,521.054,476.0671111,0.851316044,8.525437074
Kepler-1990 b,Kepler-1990,1,2,Transit,2023.0,1.73513619,0.004770375,0.0286,0.0,3.27,,0.0,5751.0,1.071,1.028,392.739,1696.940305,1.125750794,1376.290765
Kepler-1990 c,Kepler-1990,1,2,Transit,2023.0,4.06844957,0.011159616,0.0504,0.0,0.98,,0.0,5751.0,1.071,1.028,392.739,1278.304487,1.125750794,443.1810572
Kepler-1991 b,Kepler-1991,1,2,Transit,2023.0,13.26079792,0.036353926,0.1065,0.0,1.47,,0.0,5478.0,1.053,0.914,855.82,830.5635891,0.895848775,78.98333882
Kepler-1991 c,Kepler-1991,1,2,Transit,2023.0,22.79020351,0.062475815,0.1528,0.0,2.57,,0.0,5478.0,1.053,0.914,855.82,693.4034769,0.895848775,38.36966395
Kepler-1992 b,Kepler-1992,1,1,Transit,2023.0,15.6112238,0.042752946,0.1169,0.0,0.91,,0.0,5383.0,0.842,0.874,532.955,696.6018903,0.534086441,39.0825174
Kepler-1993 b,Kepler-1993,1,1,Transit,2023.0,26.6565737,0.073092688,0.1943,0.0,4.15,,0.0,5159.0,3.062,1.373,1031.91,987.5138591,5.958848367,157.8398767
Kepler-1994 b,Kepler-1994,1,1,Transit,2023.0,4.61225043,0.0126388,0.053,0.0,0.51,,0.0,5495.0,0.961,0.932,241.991,1128.243745,0.755452934,268.9401688
Kepler-1995 b,Kepler-1995,1,1,Transit,2023.0,73.7578875,0.202155162,0.3259,0.0,4.28,,0.0,5029.0,0.93,0.847,595.331,409.6306157,0.496343444,4.673191398
Kepler-1996 b,Kepler-1996,1,2,Transit,2023.0,32.376183,0.087491268,0.1789,0.0,2.26,,0.0,4580.0,0.675,0.748,440.561,428.9667917,0.179870237,5.620029905
Kepler-1996 c,Kepler-1996,1,2,Transit,2023.0,92.7297248,0.250581494,0.3608,0.0,2.81,,0.0,4580.0,0.675,0.748,440.561,302.0616418,0.179870237,1.381739745
Kepler-1997 b,Kepler-1997,1,1,Transit,2023.0,26.7575866,0.073359762,0.1815,0.0,2.28,,0.0,6215.0,1.052,1.111,1502.34,721.4764618,1.481446122,44.97100599
Kepler-1998 b,Kepler-1998,1,1,Transit,2023.0,3.03267135,0.008309885,0.0405,0.0,0.6,,0.0,5640.0,0.921,0.962,340.965,1296.859376,0.770061705,469.478253
Kepler-1999 b,Kepler-1999,1,1,Transit,2023.0,8.7396758,0.023948359,0.0713,0.0,3.29,,0.0,4406.0,0.628,0.632,701.255,630.5086199,0.133348185,26.23058938
Kepler-20 b,Kepler-20,2,6,Transit,2011.0,3.6961049,0.010119366,0.04565,0.083,1.773,9.7,9.589525676,5495.0,0.9164,0.929,282.563,1187.138322,0.686958969,329.6470809
Kepler-20 c,Kepler-20,2,6,Transit,2011.0,10.8540774,0.029710223,0.0936,0.076,2.894,11.1,2.523358739,5495.0,0.9164,0.929,282.563,829.055856,0.686958969,78.41138059
Kepler-20 d,Kepler-20,2,6,Transit,2011.0,77.611455,0.21244028,0.3474,0.082,2.606,13.4,4.171893018,5495.0,0.9164,0.929,282.563,430.3351378,0.686958969,5.692082287
Kepler-20 e,Kepler-20,2,6,Transit,2011.0,6.0984882,0.016680201,0.0637,0.092,0.821,0.76,7.56720884,5495.0,0.9164,0.929,282.563,1004.967459,0.686958969,169.2980412
Kepler-20 f,Kepler-20,2,6,Transit,2011.0,19.578328,0.053592848,0.1387,0.094,0.952,1.4,8.940643732,5495.0,0.9164,0.929,282.563,681.0570377,0.686958969,35.70901542
Kepler-20 g,Kepler-20,2,6,Radial Velocity,2016.0,34.94,0.095678327,0.2055,0.15,,19.96,,5495.0,0.9639,0.948,282.563,573.8379316,0.760019259,17.99703433
Kepler-200 b,Kepler-200,1,2,Transit,2014.0,8.594805,0.023531294,0.08,,2.13,,0.0,5678.0,0.944,,665.912,940.4763317,0.831027492,129.8480456
Kepler-200 c,Kepler-200,1,2,Transit,2014.0,10.222157,0.027986741,0.09,,1.59,,0.0,5678.0,0.944,,665.912,886.6895889,0.831027492,102.5959867
Kepler-2000 b,Kepler-2000,1,2,Transit,2023.0,6.383159135,0.017478993,0.0562,0.0,2.73,,0.0,3757.0,0.576,0.581,320.588,579.9569505,0.059306132,18.77703284
Kepler-2000 c,Kepler-2000,1,2,Transit,2023.0,20.6180348,0.056455919,0.1228,0.0,1.57,,0.0,3757.0,0.576,0.581,320.588,392.3419371,0.059306132,3.932809076
Kepler-2001 b,Kepler-2001,1,2,Transit,2023.0,1.090011003,0.002974695,0.0197,0.0,1.04,,0.0,5081.0,0.77,0.864,776.55,1531.697216,0.354542318,913.5569536
Kepler-2001 c,Kepler-2001,1,2,Transit,2023.0,14.09258319,0.038396095,0.1084,0.0,1.82,,0.0,5081.0,0.77,0.864,776.55,652.9672433,0.354542318,30.17237631
Kepler-201 b,Kepler-201,1,2,Transit,2014.0,25.672083,0.070286333,0.175,,2.46,,0.0,6065.0,1.229,,636.445,774.9955359,1.833651662,59.87434
Kepler-201 c,Kepler-201,1,2,Transit,2014.0,151.884058,0.415835888,0.573,,2.85,,0.0,6065.0,1.229,,636.445,428.2929388,1.833651662,5.584799584
Kepler-202 b,Kepler-202,1,2,Transit,2014.0,4.069427,0.011141484,0.045,,1.63,,0.0,4668.0,0.667,,285.111,866.5606938,0.189524303,93.59224821
Kepler-202 c,Kepler-202,1,2,Transit,2014.0,16.282493,0.044579036,0.113,,1.85,,0.0,4668.0,0.667,,285.111,546.8472358,0.189524303,14.8425329
Kepler-203 b,Kepler-203,1,3,Transit,2014.0,3.162697,0.008658992,0.043,,2.57,,0.0,5821.0,1.114,,703.302,1428.622368,1.278352511,691.3750735
Kepler-203 c,Kepler-203,1,3,Transit,2014.0,5.370647,0.01470403,0.061,,2.47,,0.0,5821.0,1.114,,703.302,1199.462724,1.278352511,343.5507957
Kepler-203 d,Kepler-203,1,3,Transit,2014.0,11.32972,0.031019083,0.1,,1.44,,0.0,5821.0,1.114,,703.302,936.8103351,1.278352511,127.8352511
Kepler-204 b,Kepler-204,1,2,Transit,2014.0,14.400974,0.039427718,0.117,,2.53,,0.0,5812.0,1.238,,686.723,911.6003342,1.569038362,114.6203785
Kepler-204 c,Kepler-204,1,2,Transit,2014.0,25.660593,0.070254875,0.173,,1.79,,0.0,5812.0,1.238,,686.723,749.6772901,1.569038362,52.42535205
Kepler-205 b,Kepler-205,1,2,Transit,2014.0,2.75564,0.007544531,0.032,,1.51,,0.0,4321.0,0.546,,159.72,860.6311818,0.093242133,91.05677067
Kepler-205 c,Kepler-205,1,2,Transit,2014.0,20.306546,0.055596293,0.122,,1.64,,0.0,4321.0,0.546,,159.72,440.7701252,0.093242133,6.264588361
Kepler-206 b,Kepler-206,1,3,Transit,2014.0,7.781987,0.021305919,0.078,,1.2,,0.0,5764.0,1.185,,594.447,1083.296462,1.390664727,228.5773713
Kepler-206 c,Kepler-206,1,3,Transit,2014.0,13.137471,0.035968435,0.111,,1.77,,0.0,5764.0,1.185,,594.447,908.0988727,1.390664727,112.8694689
Kepler-206 d,Kepler-206,1,3,Transit,2014.0,23.44281,0.064182916,0.163,,1.19,,0.0,5764.0,1.185,,594.447,749.377801,1.390664727,52.34162847
Kepler-207 b,Kepler-207,1,3,Transit,2014.0,1.611865,0.004413046,0.029,,1.57,,0.0,5920.0,1.588,,875.519,2112.318659,2.778930421,3304.316791
Kepler-207 c,Kepler-207,1,3,Transit,2014.0,3.071571,0.008409503,0.044,,1.5,,0.0,5920.0,1.588,,875.519,1714.873527,2.778930421,1435.397945
Kepler-207 d,Kepler-207,1,3,Transit,2014.0,5.868075,0.016065914,0.068,,3.31,,0.0,5920.0,1.588,,875.519,1379.443693,2.778930421,600.9797623
Kepler-208 b,Kepler-208,1,4,Transit,2014.0,4.22864,0.011577385,0.054,,1.63,,0.0,6092.0,1.314,,775.328,1449.012647,2.133635158,731.6992998
Kepler-208 c,Kepler-208,1,4,Transit,2014.0,7.466623,0.0204425,0.079,,1.39,,0.0,6092.0,1.314,,775.328,1197.996392,2.133635158,341.8739238
Kepler-208 d,Kepler-208,1,4,Transit,2014.0,11.131786,0.030477169,0.103,,1.2,,0.0,6092.0,1.314,,775.328,1049.181064,2.133635158,201.1155772
Kepler-208 e,Kepler-208,1,4,Transit,2014.0,16.259458,0.04451597,0.132,,1.48,,0.0,6092.0,1.314,,775.328,926.791603,2.133635158,122.4538084
Kepler-209 b,Kepler-209,1,2,Transit,2014.0,16.087845,0.044046119,0.122,,2.26,,0.0,5513.0,0.935,,576.946,735.9111129,0.724544463,48.67941834
Kepler-209 c,Kepler-209,1,2,Transit,2014.0,41.749882,0.114304947,0.231,,3.1,,0.0,5513.0,0.935,,576.946,534.8097135,0.724544463,13.578165
Kepler-21 b,Kepler-21,2,1,Transit,2012.0,2.7858212,0.007619619,0.0434,0.0,1.639,7.5,9.385901701,6305.0,1.902,1.408,108.522,2012.597649,5.129218958,2723.151351
Kepler-210 b,Kepler-210,1,2,Transit,2014.0,2.453234,0.006716589,0.032,,2.94,,0.0,4559.0,0.65,,232.75,990.7469864,0.163755137,159.9171257
Kepler-210 c,Kepler-210,1,2,Transit,2014.0,7.972513,0.021827551,0.07,,3.62,,0.0,4559.0,0.65,,232.75,669.8672247,0.163755137,33.41941567
Kepler-211 b,Kepler-211,1,2,Transit,2014.0,4.138575,0.011330801,0.048,,1.26,,0.0,5123.0,0.816,,309.353,1018.498269,0.411497869,178.6015058
Kepler-211 c,Kepler-211,1,2,Transit,2014.0,6.04045,0.016537851,0.062,,1.29,,0.0,5123.0,0.816,,309.353,896.1589967,0.411497869,107.0493937
Kepler-212 b,Kepler-212,1,2,Transit,2014.0,16.257582,0.044510834,0.133,,1.09,,0.0,5852.0,1.455,,687.194,933.3004436,2.227578956,125.9301801
Kepler-212 c,Kepler-212,1,2,Transit,2014.0,31.805174,0.087077821,0.207,,2.74,,0.0,5852.0,1.455,,687.194,748.1042466,2.227578956,51.98671978
Kepler-213 b,Kepler-213,1,2,Transit,2014.0,2.46236,0.006741574,0.036,,1.62,,0.0,5696.0,1.195,,634.939,1582.392302,1.348669646,1040.640159
Kepler-213 c,Kepler-213,1,2,Transit,2014.0,4.822962,0.01320455,0.057,,2.34,,0.0,5696.0,1.195,,634.939,1257.557883,1.348669646,415.1029996
Kepler-214 b,Kepler-214,1,2,Transit,2014.0,15.660544,0.042876233,0.13,,2.61,,0.0,6169.0,1.352,,1208.44,959.274541,2.375211647,140.5450679
Kepler-214 c,Kepler-214,1,2,Transit,2014.0,28.7798,0.078794798,0.194,,2.13,,0.0,6169.0,1.352,,1208.44,785.2604593,2.375211647,63.11009796
Kepler-215 b,Kepler-215,1,4,Transit,2014.0,9.360672,0.025628123,0.084,,1.62,,0.0,5739.0,1.027,,485.997,967.5942573,1.026539431,145.4846133
Kepler-215 c,Kepler-215,1,4,Transit,2014.0,14.667108,0.040156353,0.113,,1.77,,0.0,5739.0,1.027,,485.997,834.2451748,1.026539431,80.39309511
Kepler-215 d,Kepler-215,1,4,Transit,2014.0,30.864423,0.084502185,0.185,,2.39,,0.0,5739.0,1.027,,485.997,651.9991972,1.026539431,29.99384752
Kepler-215 e,Kepler-215,1,4,Transit,2014.0,68.16101,0.186614675,0.314,,1.75,,0.0,5739.0,1.027,,485.997,500.458536,1.026539431,10.4115728
Kepler-216 b,Kepler-216,1,2,Transit,2014.0,7.693641,0.021064041,0.079,,2.35,,0.0,6091.0,1.26,,1187.47,1172.929219,1.960583477,314.1457261
Kepler-216 c,Kepler-216,1,2,Transit,2014.0,17.406669,0.047656862,0.136,,3.04,,0.0,6091.0,1.26,,1187.47,893.9554913,1.960583477,106.0004042
Kepler-217 b,Kepler-217,1,3,Transit,2014.0,5.374943,0.014715792,0.065,,2.23,,0.0,6171.0,1.799,,1104.64,1565.402159,4.210894516,996.6614238
Kepler-217 c,Kepler-217,1,3,Transit,2014.0,8.586004,0.023507198,0.089,,1.85,,0.0,6171.0,1.799,,1104.64,1337.788947,4.210894516,531.6114778
Kepler-217 d,Kepler-217,1,3,Transit,2016.0,3.88689525,0.0,,,1.32,,0.0,6341.0,1.76,1.37,1104.64,,4.493101178,
Kepler-218 b,Kepler-218,1,3,Transit,2014.0,3.619337,0.009909205,0.046,,1.48,,0.0,5502.0,1.063,,656.38,1275.321793,0.92904922,439.0591779
Kepler-218 c,Kepler-218,1,3,Transit,2014.0,44.699576,0.122380769,0.248,,3.14,,0.0,5502.0,1.063,,656.38,549.2535297,0.92904922,15.10550892
Kepler-218 d,Kepler-218,1,3,Transit,2016.0,124.5244647,0.0,,,2.66,,0.0,5542.0,1.02,1.01,656.38,,0.880554578,
Kepler-219 b,Kepler-219,1,3,Transit,2014.0,4.585512,0.012554448,0.057,,2.95,,0.0,5786.0,1.491,,787.07,1426.892653,2.235418569,688.0328005
Kepler-219 c,Kepler-219,1,3,Transit,2014.0,22.714613,0.062189221,0.165,,3.58,,0.0,5786.0,1.491,,787.07,838.6615985,2.235418569,82.10903834
Kepler-219 d,Kepler-219,1,3,Transit,2014.0,47.903645,0.131153032,0.272,,2.81,,0.0,5786.0,1.491,,787.07,653.1971447,2.235418569,30.21489199
Kepler-22 b,Kepler-22,1,1,Transit,2011.0,289.863876,0.790393997,0.812,0.72,2.1,9.1,5.414210128,5596.0,0.869,0.857,194.642,279.1393469,0.66441622,1.007692828
Kepler-220 b,Kepler-220,1,4,Transit,2014.0,4.159807,0.011388931,0.046,,0.81,,0.0,4632.0,0.666,,171.109,849.8420735,0.183194534,86.57586668
Kepler-220 c,Kepler-220,1,4,Transit,2014.0,9.034199,0.024734289,0.076,,1.57,,0.0,4632.0,0.666,,171.109,661.1657497,0.183194534,31.71650518
Kepler-220 d,Kepler-220,1,4,Transit,2014.0,28.122397,0.076994927,0.163,,0.98,,0.0,4632.0,0.666,,171.109,451.4642251,0.183194534,6.895048135
Kepler-220 e,Kepler-220,1,4,Transit,2014.0,45.902733,0.125674834,0.226,,1.33,,0.0,4632.0,0.666,,171.109,383.4095484,0.183194534,3.586704791
Kepler-221 b,Kepler-221,1,4,Transit,2014.0,2.795906,0.007654773,0.037,,1.71,,0.0,5243.0,0.821,,385.231,1190.863688,0.456978318,333.8044691
Kepler-221 c,Kepler-221,1,4,Transit,2014.0,5.690586,0.015579975,0.059,,2.93,,0.0,5243.0,0.821,,385.231,943.0547548,0.456978318,131.2778852
Kepler-221 d,Kepler-221,1,4,Transit,2014.0,10.04156,0.027492293,0.087,,2.73,,0.0,5243.0,0.821,,385.231,776.6105546,0.456978318,60.3749925
Kepler-221 e,Kepler-221,1,4,Transit,2014.0,18.369917,0.050294092,0.13,,2.63,,0.0,5243.0,0.821,,385.231,635.3181151,0.456978318,27.04013717
Kepler-222 b,Kepler-222,1,3,Transit,2014.0,3.936981,0.010778867,0.048,,3.16,,0.0,5433.0,0.869,,758.854,1114.654961,0.590320986,256.2157059
Kepler-222 c,Kepler-222,1,3,Transit,2014.0,10.08881,0.027621656,0.091,,4.64,,0.0,5433.0,0.869,,758.854,809.543846,0.590320986,71.28619567
Kepler-222 d,Kepler-222,1,3,Transit,2014.0,28.081912,0.076884085,0.18,,3.69,,0.0,5433.0,0.869,,758.854,575.6053466,0.590320986,18.21978353
Kepler-223 b,Kepler-223,1,4,Transit,2014.0,7.38449,0.0,,0.078,2.99,7.4,1.525350868,,1.72,1.125,1859.71,,0.0,
Kepler-223 c,Kepler-223,1,4,Transit,2014.0,9.84564,0.0,,0.15,3.44,5.1,0.690313628,,1.72,1.125,1859.71,,0.0,
Kepler-223 d,Kepler-223,1,4,Transit,2014.0,14.78869,0.0,,0.037,5.24,8.0,0.30637105,,1.72,1.125,1859.71,,0.0,
Kepler-223 e,Kepler-223,1,4,Transit,2014.0,19.72567,0.0,,0.051,4.6,4.8,0.271718583,,1.72,1.125,1859.71,,0.0,
Kepler-224 b,Kepler-224,1,4,Transit,2014.0,3.132924,0.008577478,0.038,,1.39,,0.0,5018.0,0.676,,782.088,1020.525087,0.259959606,180.0274279
Kepler-224 c,Kepler-224,1,4,Transit,2014.0,5.925003,0.016221774,0.058,,3.12,,0.0,5018.0,0.676,,782.088,826.0407775,0.259959606,77.27693395
Kepler-224 d,Kepler-224,1,4,Transit,2014.0,11.349393,0.031072945,0.089,,2.3,,0.0,5018.0,0.676,,782.088,666.8382149,0.259959606,32.81903873
Kepler-224 e,Kepler-224,1,4,Transit,2014.0,18.643577,0.051043332,0.124,,1.97,,0.0,5018.0,0.676,,782.088,564.9430119,0.259959606,16.90684221
Kepler-225 b,Kepler-225,1,2,Transit,2014.0,6.738975,0.018450308,0.056,,1.2,,0.0,3682.0,0.48,,561.101,519.7827565,0.037993339,12.11522286
Kepler-225 c,Kepler-225,1,2,Transit,2014.0,18.794234,0.051455808,0.111,,1.84,,0.0,3682.0,0.48,,561.101,369.193794,0.037993339,3.083624615
Kepler-226 b,Kepler-226,1,3,Transit,2014.0,3.940997,0.010789862,0.047,,1.55,,0.0,5571.0,0.802,,980.138,1109.642015,0.55586742,251.6375827
Kepler-226 c,Kepler-226,1,3,Transit,2014.0,5.349555,0.014646283,0.058,,2.27,,0.0,5571.0,0.802,,980.138,998.8903658,0.55586742,165.2400179
Kepler-226 d,Kepler-226,1,3,Transit,2014.0,8.109044,0.022201352,0.076,,1.22,,0.0,5571.0,0.802,,980.138,872.6197237,0.55586742,96.23743423
Kepler-227 b,Kepler-227,1,2,Transit,2014.0,9.488015,0.025976769,0.09,,3.11,,0.0,5854.0,1.091,,1083.06,982.777754,1.25415214,154.8335975
Kepler-227 c,Kepler-227,1,2,Transit,2014.0,54.418694,0.148990264,0.29,,3.04,,0.0,5854.0,1.091,,1083.06,547.4917421,1.25415214,14.91262949
Kepler-228 b,Kepler-228,1,3,Transit,2014.0,2.566546,0.00702682,0.038,,1.53,,0.0,6043.0,1.014,,1644.61,1505.189749,1.230201173,851.9398708
Kepler-228 c,Kepler-228,1,3,Transit,2014.0,4.134444,0.011319491,0.052,,2.7,,0.0,6043.0,1.014,,1644.61,1286.712081,1.230201173,454.9560553
Kepler-228 d,Kepler-228,1,3,Transit,2014.0,11.094286,0.0303745,0.101,,4.04,,0.0,6043.0,1.014,,1644.61,923.2564778,1.230201173,120.596135
Kepler-229 b,Kepler-229,1,3,Transit,2014.0,6.252972,0.017119704,0.062,,2.2,,0.0,5120.0,0.728,,826.265,845.9628361,0.326762682,85.00590072
Kepler-229 c,Kepler-229,1,3,Transit,2014.0,16.068638,0.043993533,0.117,,4.92,,0.0,5120.0,0.728,,826.265,615.8205799,0.326762682,23.87045674
Kepler-229 d,Kepler-229,1,3,Transit,2014.0,41.194912,0.112785522,0.22,,3.85,,0.0,5120.0,0.728,,826.265,449.0924861,0.326762682,6.75129509
Kepler-23 b,Kepler-23,1,3,Transit,2011.0,7.1,0.0,,0.017,1.638,2.56,3.209592318,5828.0,1.548,1.078,835.756,,2.480332678,
Kepler-23 c,Kepler-23,1,3,Transit,2011.0,10.74,0.0,,0.021,3.005,7.81,1.585875916,5828.0,1.548,1.078,835.756,,2.480332678,
Kepler-23 d,Kepler-23,1,3,Transit,2014.0,15.27,0.0,,0.01,2.206,4.44,2.278862095,5828.0,1.548,1.078,835.756,,2.480332678,
Kepler-230 b,Kepler-230,1,2,Transit,2014.0,32.625555,0.089323901,0.191,,4.26,,0.0,5588.0,0.817,,740.754,557.2655818,0.583928339,16.00636877
Kepler-230 c,Kepler-230,1,2,Transit,2014.0,91.773242,0.251261443,0.38,,2.04,,0.0,5588.0,0.817,,740.754,395.0818748,0.583928339,4.043825062
Kepler-231 b,Kepler-231,1,2,Transit,2014.0,10.065275,0.027557221,0.074,,1.73,,0.0,3767.0,0.49,,316.618,467.4006144,0.043377497,7.921383718
Kepler-231 c,Kepler-231,1,2,Transit,2014.0,19.271566,0.052762672,0.114,,1.93,,0.0,3767.0,0.49,,316.618,376.5760651,0.043377497,3.337757559
Kepler-232 b,Kepler-232,1,2,Transit,2014.0,4.431222,0.012132025,0.054,,3.08,,0.0,5847.0,0.968,,1349.13,1193.673002,0.982591358,336.9654861
Kepler-232 c,Kepler-232,1,2,Transit,2014.0,11.379349,0.03115496,0.101,,3.83,,0.0,5847.0,0.968,,1349.13,872.8137196,0.982591358,96.3230426
Kepler-233 b,Kepler-233,1,2,Transit,2014.0,8.472382,0.023196118,0.077,,2.43,,0.0,5360.0,0.758,,856.417,810.8966543,0.425488102,71.76388964
Kepler-233 c,Kepler-233,1,2,Transit,2014.0,60.418955,0.165418084,0.287,,2.71,,0.0,5360.0,0.758,,856.417,420.0199537,0.425488102,5.165633936
Kepler-234 b,Kepler-234,1,2,Transit,2014.0,2.711506,0.007423699,0.04,,3.7,,0.0,6224.0,1.113,,1733.1,1583.064642,1.667855858,1042.409911
Kepler-234 c,Kepler-234,1,2,Transit,2014.0,7.21205,0.019745517,0.077,,3.51,,0.0,6224.0,1.113,,1733.1,1140.993794,1.667855858,281.3047491
Kepler-235 b,Kepler-235,1,4,Transit,2014.0,3.340222,0.009145029,0.037,,2.23,,0.0,4255.0,0.554,,428.018,793.8986499,0.090262558,65.93320527
Kepler-235 c,Kepler-235,1,4,Transit,2014.0,7.824904,0.02142342,0.065,,1.28,,0.0,4255.0,0.554,,428.018,598.9757598,0.090262558,21.36391906
Kepler-235 d,Kepler-235,1,4,Transit,2014.0,20.060548,0.054922787,0.122,,2.05,,0.0,4255.0,0.554,,428.018,437.205896,0.090262558,6.064401909
Kepler-235 e,Kepler-235,1,4,Transit,2014.0,46.183669,0.126443995,0.213,,2.22,,0.0,4255.0,0.554,,428.018,330.8842716,0.090262558,1.989520554
Kepler-236 b,Kepler-236,1,2,Transit,2014.0,8.295611,0.022712145,0.065,,1.57,,0.0,3750.0,0.51,,288.763,506.4903276,0.046148254,10.92266364
Kepler-236 c,Kepler-236,1,2,Transit,2014.0,23.968127,0.065621155,0.132,,2.0,,0.0,3750.0,0.51,,288.763,355.4191867,0.046148254,2.648545332
Kepler-237 b,Kepler-237,1,2,Transit,2014.0,4.715106,0.012909257,0.05,,1.41,,0.0,4861.0,0.725,,657.822,892.5264614,0.263310603,105.3242411
Kepler-237 c,Kepler-237,1,2,Transit,2014.0,8.103636,0.022186546,0.071,,2.08,,0.0,4861.0,0.725,,657.822,748.9915682,0.263310603,52.23380338
Kepler-238 b,Kepler-238,1,5,Transit,2014.0,2.090876,0.005724507,0.034,,1.73,,0.0,5751.0,1.43,,1798.75,1798.388043,2.006944651,1736.11129
Kepler-238 c,Kepler-238,1,5,Transit,2014.0,6.155557,0.016852997,0.069,,2.39,,0.0,5751.0,1.43,,1798.75,1262.403877,2.006944651,421.538469
Kepler-238 d,Kepler-238,1,5,Transit,2014.0,13.233549,0.036231483,0.115,,3.07,,0.0,5751.0,1.43,,1798.75,977.8538382,2.006944651,151.7538488
Kepler-238 e,Kepler-238,1,5,Transit,2013.0,23.654,0.0,,,5.6,169.7,5.324383883,,0.96,1.06,1798.75,,0.0,
Kepler-238 f,Kepler-238,1,5,Transit,2013.0,50.447,0.0,,,2.0,13.5,9.298125,,0.96,1.06,1798.75,,0.0,
Kepler-239 b,Kepler-239,1,2,Transit,2014.0,11.763051,0.032205478,0.095,,2.33,,0.0,4914.0,0.763,,648.109,671.50167,0.304564678,33.74677873
Kepler-239 c,Kepler-239,1,2,Transit,2014.0,56.228098,0.153944142,0.268,,2.51,,0.0,4914.0,0.763,,648.109,399.7988152,0.304564678,4.240430469
Kepler-24 b,Kepler-24,1,4,Transit,2011.0,8.14,0.0,,0.023,2.348,11.14,4.741792135,6028.0,1.099,1.06,1156.81,,1.430797621,
Kepler-24 c,Kepler-24,1,4,Transit,2011.0,12.33,0.0,,0.014,2.514,9.99,3.464346052,6028.0,1.099,1.06,1156.81,,1.430797621,
Kepler-24 d,Kepler-24,1,4,Transit,2014.0,4.244384,0.01162049,0.051,,1.67,,0.0,5897.0,1.289,,1156.81,1429.499399,1.802686456,693.0743775
Kepler-24 e,Kepler-24,1,4,Transit,2014.0,18.998355,0.052014661,0.138,,2.78,,0.0,5897.0,1.289,,1156.81,869.0195003,1.802686456,94.65902415
Kepler-240 b,Kepler-240,1,2,Transit,2014.0,4.144495,0.011347009,0.048,,1.37,,0.0,4985.0,0.739,,746.927,943.1445115,0.302579414,131.3278706
Kepler-240 c,Kepler-240,1,2,Transit,2014.0,7.953528,0.021775573,0.074,,2.2,,0.0,4985.0,0.739,,746.927,759.5965798,0.302579414,55.25555404
Kepler-241 b,Kepler-241,1,2,Transit,2014.0,12.718092,0.034820238,0.094,,2.33,,0.0,4699.0,0.668,,,604.0059656,0.195193142,22.09066795
Kepler-241 c,Kepler-241,1,2,Transit,2014.0,36.065978,0.098743266,0.189,,2.57,,0.0,4699.0,0.668,,,425.9653302,0.195193142,5.464380674
Kepler-242 b,Kepler-242,1,2,Transit,2014.0,8.20395,0.022461191,0.075,,2.61,,0.0,5020.0,0.85,,600.241,814.8806907,0.411663697,73.18465725
Kepler-242 c,Kepler-242,1,2,Transit,2014.0,14.496481,0.039689202,0.109,,2.0,,0.0,5020.0,0.85,,600.241,675.9450774,0.411663697,34.64890977
Kepler-243 b,Kepler-243,1,2,Transit,2014.0,5.715442,0.015648027,0.062,,2.45,,0.0,5228.0,0.842,,693.86,928.9819131,0.475178026,123.6155113
Kepler-243 c,Kepler-243,1,2,Transit,2014.0,20.026218,0.054828797,0.142,,1.99,,0.0,5228.0,0.842,,693.86,613.8452945,0.475178026,23.56566284
Kepler-244 b,Kepler-244,1,3,Transit,2014.0,4.311792,0.011805043,0.05,,2.76,,0.0,5554.0,0.803,,1036.49,1073.223378,0.550483672,220.193469
Kepler-244 c,Kepler-244,1,3,Transit,2014.0,9.767292,0.026741388,0.087,,2.05,,0.0,5554.0,0.803,,1036.49,813.6085435,0.550483672,72.72871878
Kepler-244 d,Kepler-244,1,3,Transit,2014.0,20.050401,0.054895006,0.14,,2.31,,0.0,5554.0,0.803,,1036.49,641.373643,0.550483672,28.08590166
Kepler-245 b,Kepler-245,1,4,Transit,2014.0,7.49019,0.020507023,0.071,,2.57,,0.0,5100.0,0.795,,861.527,822.8791241,0.383623154,76.10060584
Kepler-245 c,Kepler-245,1,4,Transit,2014.0,17.460812,0.047805098,0.124,,2.18,,0.0,5100.0,0.795,,861.527,622.6648878,0.383623154,24.94947672
Kepler-245 d,Kepler-245,1,4,Transit,2014.0,36.277108,0.099321309,0.202,,3.03,,0.0,5100.0,0.795,,861.527,487.8536227,0.383623154,9.401606559
Kepler-245 e,Kepler-245,1,4,Transit,2016.0,3.219821056,0.0,,,1.75,,0.0,5174.0,0.8,0.86,861.527,,0.411505384,
Kepler-246 b,Kepler-246,1,2,Transit,2014.0,4.60182,0.012599097,0.052,,2.34,,0.0,5206.0,0.831,,626.078,1003.493312,0.455101799,168.3068785
Kepler-246 c,Kepler-246,1,2,Transit,2014.0,11.187161,0.030628778,0.095,,1.5,,0.0,5206.0,0.831,,626.078,742.4280155,0.455101799,50.42679218
Kepler-247 b,Kepler-247,1,3,Transit,2014.0,3.33616,0.009133908,0.042,,1.64,,0.0,5100.0,0.768,,663.711,1051.568624,0.358008217,202.9525038
Kepler-247 c,Kepler-247,1,3,Transit,2014.0,9.439452,0.025843811,0.084,,4.09,,0.0,5100.0,0.768,,663.711,743.5713051,0.358008217,50.73812596
Kepler-247 d,Kepler-247,1,3,Transit,2014.0,20.477912,0.056065467,0.14,,3.94,,0.0,5100.0,0.768,,663.711,575.9678562,0.358008217,18.26572535
Kepler-248 b,Kepler-248,1,2,Transit,2014.0,6.308205,0.017270924,0.066,,3.02,,0.0,5190.0,0.831,,738.792,887.98858,0.449532742,103.1985174
Kepler-248 c,Kepler-248,1,2,Transit,2014.0,16.239494,0.044461311,0.123,,4.07,,0.0,5190.0,0.831,,738.792,650.4692828,0.449532742,29.71331493
Kepler-249 b,Kepler-249,1,3,Transit,2014.0,3.306539,0.00905281,0.035,,1.09,,0.0,3568.0,0.482,,190.401,638.4484269,0.033781841,27.57701279
Kepler-249 c,Kepler-249,1,3,Transit,2014.0,7.113702,0.019476255,0.058,,1.51,,0.0,3568.0,0.482,,190.401,495.9590811,0.033781841,10.04216429
Kepler-249 d,Kepler-249,1,3,Transit,2014.0,15.368459,0.042076548,0.097,,1.57,,0.0,3568.0,0.482,,190.401,383.5076013,0.033781841,3.590375244
Kepler-25 b,Kepler-25,2,3,Transit,2011.0,6.238297,0.0,,0.0029,2.748,8.7,2.310046203,,1.316,1.165,243.249,,0.0,
Kepler-25 c,Kepler-25,2,3,Transit,2011.0,12.7207,0.0,,0.0061,5.217,15.2,0.589837903,,1.316,1.165,243.249,,0.0,
Kepler-25 d,Kepler-25,2,3,Radial Velocity,2014.0,122.4,0.0,,0.13,,71.9,,,1.316,1.165,243.249,,0.0,
Kepler-250 b,Kepler-250,1,3,Transit,2014.0,4.148141,0.011356991,0.048,,1.13,,0.0,5160.0,0.805,,760.585,1018.916281,0.412173833,178.8948929
Kepler-250 c,Kepler-250,1,3,Transit,2014.0,7.156804,0.019594261,0.069,,2.28,,0.0,5160.0,0.805,,760.585,849.8349251,0.412173833,86.57295384
Kepler-250 d,Kepler-250,1,3,Transit,2014.0,17.648312,0.048318445,0.127,,2.18,,0.0,5160.0,0.805,,760.585,626.4079486,0.412173833,25.55482877
Kepler-251 b,Kepler-251,1,4,Transit,2014.0,4.790936,0.013116868,0.053,,1.33,,0.0,5526.0,0.89,,924.625,1091.891356,0.66269453,235.9183089
Kepler-251 c,Kepler-251,1,4,Transit,2014.0,16.514043,0.045212986,0.122,,2.77,,0.0,5526.0,0.89,,924.625,719.676708,0.66269453,44.52395388
Kepler-251 d,Kepler-251,1,4,Transit,2014.0,30.133001,0.082499661,0.182,,2.77,,0.0,5526.0,0.89,,924.625,589.2256831,0.66269453,20.00647656
Kepler-251 e,Kepler-251,1,4,Transit,2014.0,99.640161,0.272799893,0.404,,2.77,,0.0,5526.0,0.89,,924.625,395.4819619,0.66269453,4.060230183
Kepler-252 b,Kepler-252,1,2,Transit,2014.0,6.668391,0.01825706,0.058,,1.23,,0.0,4208.0,0.549,,379.424,624.251199,0.0847886,25.20469673
Kepler-252 c,Kepler-252,1,2,Transit,2014.0,10.848463,0.029701473,0.08,,2.15,,0.0,4208.0,0.549,,379.424,531.5307429,0.0847886,13.24821872
Kepler-253 b,Kepler-253,1,3,Transit,2014.0,3.783986,0.010359989,0.046,,1.63,,0.0,5208.0,0.786,,838.595,1038.041727,0.407773355,192.709525
Kepler-253 c,Kepler-253,1,3,Transit,2014.0,10.281951,0.028150448,0.089,,2.65,,0.0,5208.0,0.786,,838.595,746.2747092,0.407773355,51.4800347
Kepler-253 d,Kepler-253,1,3,Transit,2014.0,18.119869,0.049609498,0.13,,3.17,,0.0,5208.0,0.786,,838.595,617.4787994,0.407773355,24.12860088
Kepler-254 b,Kepler-254,1,3,Transit,2014.0,5.826662,0.015952531,0.064,,3.87,,0.0,5957.0,0.91,,1389.48,1083.103073,0.935584536,228.4141934
Kepler-254 c,Kepler-254,1,3,Transit,2014.0,12.412183,0.033982705,0.105,,2.15,,0.0,5957.0,0.91,,1389.48,845.6002941,0.935584536,84.8602754
Kepler-254 d,Kepler-254,1,3,Transit,2014.0,18.746477,0.051325057,0.139,,2.5,,0.0,5957.0,0.91,,1389.48,734.9408287,0.935584536,48.42319426
Kepler-255 b,Kepler-255,1,3,Transit,2014.0,5.714606,0.015645739,0.063,,1.55,,0.0,5573.0,0.933,,1052.53,1034.120313,0.753371713,189.8139867
Kepler-255 c,Kepler-255,1,3,Transit,2014.0,9.946047,0.027230793,0.092,,2.99,,0.0,5573.0,0.933,,1052.53,855.7510287,0.753371713,89.00894531
Kepler-255 d,Kepler-255,1,3,Transit,2016.0,1.045622658,0.0,,,1.32,,0.0,5431.0,0.86,0.9,1052.53,,0.577305857,
Kepler-256 b,Kepler-256,1,4,Transit,2014.0,1.620493,0.004436668,0.027,,1.59,,0.0,5551.0,1.301,,1026.43,1857.973315,1.441880779,1977.888585
Kepler-256 c,Kepler-256,1,4,Transit,2014.0,3.38802,0.009275893,0.045,,2.15,,0.0,5551.0,1.301,,1026.43,1439.179941,1.441880779,712.0398907
Kepler-256 d,Kepler-256,1,4,Transit,2014.0,5.839172,0.015986782,0.064,,2.48,,0.0,5551.0,1.301,,1026.43,1206.789068,1.441880779,352.0216745
Kepler-256 e,Kepler-256,1,4,Transit,2014.0,10.681572,0.02924455,0.096,,2.35,,0.0,5551.0,1.301,,1026.43,985.3391476,1.441880779,156.4540776
Kepler-257 b,Kepler-257,1,3,Transit,2014.0,2.382667,0.006523387,0.034,,2.61,,0.0,5180.0,1.037,,780.256,1379.402974,0.694650578,600.9088049
Kepler-257 c,Kepler-257,1,3,Transit,2014.0,6.581484,0.018019121,0.066,,5.41,,0.0,5180.0,1.037,,780.256,990.0534666,0.694650578,159.4698298
Kepler-257 d,Kepler-257,1,3,Transit,2014.0,24.664551,0.06752786,0.16,,4.95,,0.0,5180.0,1.037,,780.256,635.8733522,0.694650578,27.13478822
Kepler-258 b,Kepler-258,1,2,Transit,2014.0,13.19722,0.036132019,0.103,,4.06,,0.0,4942.0,0.915,,575.988,710.241679,0.448067044,42.2346163
Kepler-258 c,Kepler-258,1,2,Transit,2014.0,33.653079,0.092137109,0.193,,3.61,,0.0,4942.0,0.915,,575.988,518.8551266,0.448067044,12.02896841
Kepler-259 b,Kepler-259,1,2,Transit,2014.0,8.115317,0.022218527,0.079,,2.8,,0.0,5938.0,0.898,,1002.14,965.3310922,0.899504409,144.1282501
Kepler-259 c,Kepler-259,1,2,Transit,2014.0,36.924931,0.101094951,0.217,,2.7,,0.0,5938.0,0.898,,1002.14,582.4517752,0.899504409,19.10221939
Kepler-26 b,Kepler-26,1,4,Transit,2011.0,12.28,0.0,,,2.78,5.12,1.313067863,3914.0,0.512,0.544,335.307,,0.055196693,
Kepler-26 c,Kepler-26,1,4,Transit,2011.0,17.2559,0.0,,,2.72,6.2,1.697604729,3914.0,0.512,0.544,335.307,,0.055196693,
Kepler-26 d,Kepler-26,1,4,Transit,2014.0,3.543919,0.009702721,0.039,,1.07,,0.0,4486.0,0.571,,335.307,827.6686365,0.118467478,77.8878883
Kepler-26 e,Kepler-26,1,4,Transit,2014.0,46.827915,0.128207844,0.22,,2.41,,0.0,4486.0,0.571,,335.307,348.4796818,0.118467478,2.447675167
Kepler-260 b,Kepler-260,1,2,Transit,2014.0,8.187399,0.022415877,0.075,,2.01,,0.0,5250.0,0.862,,627.365,858.21042,0.506455854,90.03659623
Kepler-260 c,Kepler-260,1,2,Transit,2014.0,76.050178,0.20821404,0.332,,1.74,,0.0,5250.0,0.862,,627.365,407.9015664,0.506455854,4.594787467
Kepler-261 b,Kepler-261,1,2,Transit,2014.0,10.381227,0.028422251,0.088,,2.18,,0.0,5098.0,0.794,,317.499,738.3805103,0.382058775,49.3361022
Kepler-261 c,Kepler-261,1,2,Transit,2014.0,24.570858,0.067271343,0.156,,2.0,,0.0,5098.0,0.794,,317.499,554.5736897,0.382058775,15.69932509
Kepler-262 b,Kepler-262,1,2,Transit,2014.0,13.060855,0.035758672,0.108,,1.36,,0.0,5841.0,0.881,,613.129,804.4049998,0.810569936,69.49330727
Kepler-262 c,Kepler-262,1,2,Transit,2014.0,21.853722,0.05983223,0.152,,1.64,,0.0,5841.0,0.881,,613.129,678.0548786,0.810569936,35.08353255
Kepler-263 b,Kepler-263,1,2,Transit,2014.0,16.568087,0.04536095,0.12,,2.67,,0.0,5265.0,0.785,,754.747,649.3129424,0.424837325,29.50259201
Kepler-263 c,Kepler-263,1,2,Transit,2014.0,47.332773,0.12959007,0.242,,2.47,,0.0,5265.0,0.785,,754.747,457.2324022,0.424837325,7.254240231
Kepler-264 b,Kepler-264,1,2,Transit,2014.0,40.806231,0.111721372,0.249,,3.33,,0.0,6158.0,1.55,,942.173,740.8279153,3.099645195,49.99347099
Kepler-264 c,Kepler-264,1,2,Transit,2014.0,140.101261,0.383576348,0.566,,2.83,,0.0,6158.0,1.55,,942.173,491.3701799,3.099645195,9.675627099
Kepler-265 b,Kepler-265,1,4,Transit,2014.0,6.846262,0.018744044,0.069,,1.86,,0.0,5835.0,1.103,,1280.25,1124.90423,1.26533149,265.7701092
Kepler-265 c,Kepler-265,1,4,Transit,2014.0,17.028937,0.046622689,0.127,,2.63,,0.0,5835.0,1.103,,1280.25,829.1597936,1.26533149,78.45070928
Kepler-265 d,Kepler-265,1,4,Transit,2014.0,43.130617,0.118085194,0.236,,2.49,,0.0,5835.0,1.103,,1280.25,608.2527677,1.26533149,22.71853437
Kepler-265 e,Kepler-265,1,4,Transit,2014.0,67.831024,0.185711222,0.319,,2.59,,0.0,5835.0,1.103,,1280.25,523.1723145,1.26533149,12.43434607
Kepler-266 b,Kepler-266,1,2,Transit,2014.0,6.61833,0.01812,0.071,,2.48,,0.0,5885.0,1.028,,1370.79,1079.755261,1.137265718,225.6031975
Kepler-266 c,Kepler-266,1,2,Transit,2014.0,107.723601,0.294931146,0.457,,3.89,,0.0,5885.0,1.028,,1370.79,425.5948883,1.137265718,5.445397001
Kepler-267 b,Kepler-267,1,3,Transit,2014.0,3.353728,0.009182007,0.037,,1.98,,0.0,4258.0,0.555,,264.993,795.1750873,0.090844459,66.35826103
Kepler-267 c,Kepler-267,1,3,Transit,2014.0,6.87745,0.018829432,0.06,,2.13,,0.0,4258.0,0.555,,264.993,624.4360992,0.090844459,25.23457204
Kepler-267 d,Kepler-267,1,3,Transit,2014.0,28.464515,0.077931595,0.154,,2.27,,0.0,4258.0,0.555,,264.993,389.765385,0.090844459,3.83051355
Kepler-268 b,Kepler-268,1,2,Transit,2014.0,25.934138,0.0710038,0.18,,2.55,,0.0,6081.0,1.274,,851.87,780.0724561,1.991263438,61.45874808
Kepler-268 c,Kepler-268,1,2,Transit,2014.0,83.446393,0.228463773,0.391,,3.38,,0.0,6081.0,1.274,,851.87,529.2767507,1.991263438,13.02492421
Kepler-269 b,Kepler-269,1,2,Transit,2014.0,5.326718,0.014583759,0.061,,2.47,,0.0,5847.0,0.959,,2257.32,1117.86397,0.96440497,259.178976
Kepler-269 c,Kepler-269,1,2,Transit,2014.0,8.127899,0.022252975,0.081,,1.69,,0.0,5847.0,0.959,,2257.32,970.0885231,0.96440497,146.9905456
Kepler-27 b,Kepler-27,1,3,Transit,2011.0,15.3348,0.05027665,0.118,,4.0,2895.31,249.2680953,5400.0,0.59,0.65,1044.36,582.2241836,0.265563823,19.0723803
Kepler-27 c,Kepler-27,1,3,Transit,2011.0,31.3309,0.103536474,0.191,,4.9,4385.87,205.4088322,5400.0,0.59,0.65,1044.36,457.6300776,0.265563823,7.279510521
Kepler-27 d,Kepler-27,1,3,Transit,2021.0,6.546289921,0.0,,,2.7061946,,0.0,5251.0,0.817,0.926,1044.36,,0.455304598,
Kepler-270 b,Kepler-270,1,2,Transit,2014.0,11.476094,0.031419833,0.107,,2.01,,0.0,6067.0,1.461,,948.781,1080.982573,2.594694681,226.6306823
Kepler-270 c,Kepler-270,1,2,Transit,2014.0,25.262887,0.069166015,0.18,,1.77,,0.0,6067.0,1.461,,948.781,833.4399787,2.594694681,80.08316918
Kepler-271 b,Kepler-271,1,3,Transit,2014.0,10.43547805,0.0,,,1.23,,0.0,5555.0,0.87,0.9,404.542,,0.646643041,
Kepler-271 c,Kepler-271,1,3,Transit,2014.0,7.41086267,0.0,,,0.95,,0.0,5555.0,0.87,0.9,404.542,,0.646643041,
Kepler-271 d,Kepler-271,1,3,Transit,2016.0,5.24972541,0.0,,,0.66,,0.0,5555.0,0.87,0.9,404.542,,0.646643041,
Kepler-272 b,Kepler-272,1,3,Transit,2014.0,2.971353,0.008135121,0.038,,1.43,,0.0,5297.0,0.929,,889.608,1262.866696,0.609594682,422.1569821
Kepler-272 c,Kepler-272,1,3,Transit,2014.0,6.057342,0.016584099,0.061,,1.79,,0.0,5297.0,0.929,,889.608,996.7457465,0.609594682,163.8254991
Kepler-272 d,Kepler-272,1,3,Transit,2014.0,10.937304,0.029944706,0.091,,2.25,,0.0,5297.0,0.929,,889.608,816.0722541,0.609594682,73.61365561
Kepler-273 b,Kepler-273,1,2,Transit,2014.0,2.936532,0.008039786,0.037,,1.5,,0.0,5626.0,0.815,,713.964,1273.178068,0.597040756,436.1145042
Kepler-273 c,Kepler-273,1,2,Transit,2014.0,8.014927,0.021943674,0.073,,1.98,,0.0,5626.0,0.815,,713.964,906.418124,0.597040756,112.0361712
Kepler-274 b,Kepler-274,1,2,Transit,2014.0,11.634788,0.031854313,0.101,,1.54,,0.0,6023.0,1.007,,1333.62,917.0191185,1.19729245,117.3701058
Kepler-274 c,Kepler-274,1,2,Transit,2014.0,33.197861,0.09089079,0.204,,1.84,,0.0,6023.0,1.007,,1333.62,645.2440275,1.19729245,28.77000311
Kepler-275 b,Kepler-275,1,3,Transit,2014.0,10.300682,0.02820173,0.098,,2.34,,0.0,6165.0,1.383,,2034.25,1116.715674,2.47894296,258.1156768
Kepler-275 c,Kepler-275,1,3,Transit,2014.0,16.088134,0.04404691,0.132,,3.38,,0.0,6165.0,1.383,,2034.25,962.207381,2.47894296,142.2717493
Kepler-275 d,Kepler-275,1,3,Transit,2014.0,35.676062,0.097675734,0.224,,3.33,,0.0,6165.0,1.383,,2034.25,738.6379895,2.47894296,49.40495377
Kepler-276 b,Kepler-276,1,3,Transit,2014.0,14.12841,0.038681478,0.119,,2.87,,0.0,6105.0,1.046,,1144.86,872.7492986,1.363627943,96.29460796
Kepler-276 c,Kepler-276,1,3,Transit,2013.0,31.884,0.0,,,2.9,16.6,3.750297265,,1.03,1.1,1144.86,,0.0,
Kepler-276 d,Kepler-276,1,3,Transit,2013.0,48.648,0.0,,,2.8,16.3,4.091335641,,1.03,1.1,1144.86,,0.0,
Kepler-277 b,Kepler-277,1,2,Transit,2013.0,17.324,0.0,,,2.92,87.3,19.32045226,,1.69,1.12,976.643,,0.0,
Kepler-277 c,Kepler-277,1,2,Transit,2013.0,33.006,0.0,,,3.36,64.2,9.32542846,,1.69,1.12,976.643,,0.0,
Kepler-278 b,Kepler-278,1,2,Transit,2014.0,30.1556,0.081960533,0.202,0.696,3.955,56.0,4.987698147,4965.0,2.861,1.227,443.03,900.9775624,4.462750187,109.3704095
Kepler-278 c,Kepler-278,1,2,Transit,2014.0,51.111,0.138803547,0.287,0.616,3.268,34.9,5.509737169,4965.0,2.861,1.227,443.03,755.8727902,4.462750187,54.1799729
Kepler-279 b,Kepler-279,1,4,Transit,2014.0,12.309681,0.03370207,0.112,,3.62,,0.0,6363.0,1.746,,1037.4,1211.397046,4.48359134,357.4291566
Kepler-279 c,Kepler-279,1,4,Transit,2013.0,35.736,0.0,,,4.3,49.4,3.423522457,,1.07,1.1,1037.4,,0.0,
Kepler-279 d,Kepler-279,1,4,Transit,2013.0,54.414,0.0,,,3.1,37.5,6.935819543,,1.07,1.1,1037.4,,0.0,
Kepler-279 e,Kepler-279,1,4,Transit,2025.0,98.3531,0.0,,,,56.0,,,1.43,1.164,1037.4,,0.0,
Kepler-28 b,Kepler-28,1,2,Transit,2011.0,5.91,0.0,,,1.959,1.63,1.194636818,4499.3,0.664,0.684,438.359,,0.16210851,
Kepler-28 c,Kepler-28,1,2,Transit,2011.0,8.99,0.0,,0.017,1.857,2.06,1.772487202,4499.3,0.664,0.684,438.359,,0.16210851,
Kepler-280 b,Kepler-280,1,2,Transit,2014.0,2.139542,0.005857747,0.032,,1.45,,0.0,5744.0,0.886,,780.361,1457.363142,0.766681561,748.7124624
Kepler-280 c,Kepler-280,1,2,Transit,2014.0,4.807091,0.013161098,0.056,,2.01,,0.0,5744.0,0.886,,780.361,1101.662984,0.766681561,244.4775387
Kepler-281 b,Kepler-281,1,3,Transit,2014.0,14.646008,0.040098585,0.117,,2.82,,0.0,5723.0,0.899,,1745.45,764.9307847,0.777864975,56.82409053
Kepler-281 c,Kepler-281,1,3,Transit,2014.0,36.337373,0.099486305,0.215,,5.31,,0.0,5723.0,0.899,,1745.45,564.2815368,0.777864975,16.82779828
Kepler-281 d,Kepler-281,1,3,Transit,2021.0,148.2720032,0.0,,,5.93747806,,0.0,5717.0,0.884,0.984,1745.45,,0.748974702,
Kepler-282 b,Kepler-282,1,4,Transit,2014.0,9.220524,0.025244419,0.082,,1.01,,0.0,5602.0,0.904,,1337.61,896.8749045,0.722102966,107.3918748
Kepler-282 c,Kepler-282,1,4,Transit,2014.0,13.638723,0.037340789,0.106,,1.2,,0.0,5602.0,0.904,,1337.61,788.8344443,0.722102966,64.26690691
Kepler-282 d,Kepler-282,1,4,Transit,2013.0,24.806,0.0,,,2.46,61.0,22.5775136,,0.89,0.97,1337.61,,0.0,
Kepler-282 e,Kepler-282,1,4,Transit,2013.0,44.347,0.0,,,3.1,56.2,10.39448155,,0.89,0.97,1337.61,,0.0,
Kepler-283 b,Kepler-283,1,2,Transit,2014.0,11.008151,0.030138675,0.082,,2.13,,0.0,4351.0,0.566,,468.094,551.1906619,0.103009919,15.3197381
Kepler-283 c,Kepler-283,1,2,Transit,2014.0,92.743711,0.253918442,0.341,,1.82,,0.0,4351.0,0.566,,468.094,270.2910018,0.103009919,0.885870598
Kepler-284 b,Kepler-284,1,2,Transit,2014.0,12.699149,0.034768375,0.104,,2.24,,0.0,5615.0,0.814,,1031.95,757.4548871,0.590932264,54.63500958
Kepler-284 c,Kepler-284,1,2,Transit,2014.0,37.514456,0.102708983,0.213,,2.61,,0.0,5615.0,0.814,,1031.95,529.2777532,0.590932264,13.02502289
Kepler-285 b,Kepler-285,1,2,Transit,2014.0,2.633867,0.007211135,0.036,,1.34,,0.0,5411.0,0.808,,824.31,1236.071072,0.502137559,387.4518204
Kepler-285 c,Kepler-285,1,2,Transit,2014.0,6.186676,0.016938196,0.064,,1.12,,0.0,5411.0,0.808,,824.31,927.0533037,0.502137559,122.5921775
Kepler-286 b,Kepler-286,1,4,Transit,2014.0,1.796302,0.004918007,0.027,,1.24,,0.0,5580.0,0.863,,1226.85,1521.140023,0.647810879,888.6294638
Kepler-286 c,Kepler-286,1,4,Transit,2014.0,3.468095,0.009495127,0.042,,1.37,,0.0,5580.0,0.863,,1226.85,1219.625315,0.647810879,367.2397274
Kepler-286 d,Kepler-286,1,4,Transit,2014.0,5.914323,0.016192534,0.061,,1.33,,0.0,5580.0,0.863,,1226.85,1012.013155,0.647810879,174.0959095
Kepler-286 e,Kepler-286,1,4,Transit,2014.0,29.221289,0.080003529,0.176,,1.77,,0.0,5580.0,0.863,,1226.85,595.7921016,0.647810879,20.91331609
Kepler-287 b,Kepler-287,1,2,Transit,2014.0,20.342199,0.055693906,0.145,,2.33,,0.0,5806.0,1.032,,835.86,746.8688692,1.085818834,51.64417761
Kepler-287 c,Kepler-287,1,2,Transit,2014.0,44.851896,0.122797799,0.246,,3.26,,0.0,5806.0,1.032,,835.86,573.4041149,1.085818834,17.94267358
Kepler-288 b,Kepler-288,1,3,Transit,2014.0,6.097326,0.016693569,0.065,,1.67,,0.0,5918.0,1.091,,1194.15,1169.074362,1.309903174,310.0362542
Kepler-288 c,Kepler-288,1,3,Transit,2014.0,19.305772,0.052856323,0.14,,2.85,,0.0,5918.0,1.091,,1194.15,796.5899022,1.309903174,66.83179459
Kepler-288 d,Kepler-288,1,3,Transit,2014.0,56.633742,0.155054735,0.287,,2.67,,0.0,5918.0,1.091,,1194.15,556.362521,1.309903174,15.90286605
Kepler-289 b,Kepler-289,1,4,Transit,2014.0,34.5383,0.0,,,2.49,3.7,1.320551314,5990.0,1.0,1.08,704.438,,1.155040306,
Kepler-289 c,Kepler-289,1,4,Transit,2014.0,125.8723,0.0,,,11.23,157.18,0.61151852,5990.0,1.0,1.08,704.438,,1.155040306,
Kepler-289 d,Kepler-289,1,4,Transit,2014.0,66.0282,0.0,,,3.03,5.33,1.055725283,5990.0,1.0,1.08,704.438,,1.155040306,
Kepler-289 e,Kepler-289,1,4,Transit,2025.0,330.0716,0.0,,,,17.4,,,0.985,1.061,704.438,,0.0,
Kepler-29 b,Kepler-29,1,2,Transit,2011.0,10.33974,0.0,,0.0,2.55,5.0,1.66150274,5378.0,0.732,0.761,832.532,,0.402156603,
Kepler-29 c,Kepler-29,1,2,Transit,2011.0,13.28613,0.0,,0.0,2.34,4.5,1.935158493,5378.0,0.732,0.761,832.532,,0.402156603,
Kepler-290 b,Kepler-290,1,3,Transit,2014.0,14.589347,0.039943455,0.11,,2.25,,0.0,5147.0,0.743,,694.627,645.0059355,0.347603508,28.72756263
Kepler-290 c,Kepler-290,1,3,Transit,2014.0,36.77031,0.100671622,0.205,,2.7,,0.0,5147.0,0.743,,694.627,472.4796667,0.347603508,8.271350573
Kepler-290 d,Kepler-290,1,3,Transit,2023.0,0.764017553,0.00208517,0.0154,0.0,0.86,,0.0,5142.0,0.755,0.84,694.627,1736.027763,0.357529632,1507.546097
Kepler-291 b,Kepler-291,1,2,Transit,2014.0,3.546511,0.009709818,0.047,,2.16,,0.0,6002.0,1.016,,1786.48,1345.567208,1.201880337,544.0834483
Kepler-291 c,Kepler-291,1,2,Transit,2014.0,5.700786,0.015607901,0.065,,1.88,,0.0,6002.0,1.016,,1786.48,1144.188676,1.201880337,284.4687189
Kepler-292 b,Kepler-292,1,5,Transit,2014.0,2.580827,0.007065919,0.035,,1.32,,0.0,5299.0,0.826,,1056.48,1241.256111,0.482642568,393.9939327
Kepler-292 c,Kepler-292,1,5,Transit,2014.0,3.715335,0.010172033,0.045,,1.47,,0.0,5299.0,0.826,,1056.48,1094.684994,0.482642568,238.3420087
Kepler-292 d,Kepler-292,1,5,Transit,2014.0,7.055679,0.019317396,0.068,,2.23,,0.0,5299.0,0.826,,1056.48,890.5144387,0.482642568,104.3777179
Kepler-292 e,Kepler-292,1,5,Transit,2014.0,11.97901,0.032796742,0.097,,2.67,,0.0,5299.0,0.826,,1056.48,745.6062755,0.482642568,51.29584096
Kepler-292 f,Kepler-292,1,5,Transit,2014.0,20.834237,0.057041032,0.141,,2.35,,0.0,5299.0,0.826,,1056.48,618.4233307,0.482642568,24.27657399
Kepler-293 b,Kepler-293,1,2,Transit,2014.0,19.254196,0.052715116,0.144,,3.07,,0.0,5804.0,0.957,,974.633,721.4622389,0.932445249,44.96745994
Kepler-293 c,Kepler-293,1,2,Transit,2014.0,54.155743,0.148270344,0.286,,3.83,,0.0,5804.0,0.957,,974.633,511.9314782,0.932445249,11.39964362
Kepler-294 b,Kepler-294,1,2,Transit,2014.0,3.701212,0.010133366,0.048,,1.77,,0.0,5913.0,0.976,,1357.01,1285.652645,1.04477074,453.4595227
Kepler-294 c,Kepler-294,1,2,Transit,2014.0,6.6264,0.018142094,0.071,,2.71,,0.0,5913.0,0.976,,1357.01,1057.097613,1.04477074,207.2546598
Kepler-295 b,Kepler-295,1,3,Transit,2014.0,12.645164,0.034620572,0.099,,1.22,,0.0,5603.0,0.898,,1699.19,813.6781842,0.713058257,72.75362278
Kepler-295 c,Kepler-295,1,3,Transit,2014.0,21.526258,0.058935682,0.142,,1.17,,0.0,5603.0,0.898,,1699.19,679.4008677,0.713058257,35.36293676
Kepler-295 d,Kepler-295,1,3,Transit,2014.0,33.884054,0.092769484,0.192,,1.36,,0.0,5603.0,0.898,,1699.19,584.2781629,0.713058257,19.34294317
Kepler-296 b,Kepler-296,2,5,Transit,2014.0,10.864384,0.031464872,0.079,0.33,1.61,,0.0,3740.0,0.48,0.498,,444.5188211,0.040444431,6.48044085
Kepler-296 c,Kepler-296,2,5,Transit,2014.0,5.8416366,0.01685163,0.0521,0.33,2.0,,0.0,3740.0,0.48,0.498,,547.3748483,0.040444431,14.89989771
Kepler-296 d,Kepler-296,2,5,Transit,2014.0,19.850291,0.057439194,0.118,0.33,2.09,,0.0,3740.0,0.48,0.498,,363.7162425,0.040444431,2.904656086
Kepler-296 e,Kepler-296,2,5,Transit,2014.0,34.14211,0.098449924,0.169,0.33,1.53,,0.0,3740.0,0.48,0.498,,303.9207464,0.040444431,1.416071963
Kepler-296 f,Kepler-296,2,5,Transit,2014.0,63.33627,0.182471734,0.255,0.33,1.8,,0.0,3740.0,0.48,0.498,,247.4193202,0.040444431,0.621982797
Kepler-297 b,Kepler-297,1,3,Transit,2014.0,38.871826,0.106425259,0.217,,2.87,,0.0,5619.0,0.915,,692.14,556.3539692,0.748804019,15.90188831
Kepler-297 c,Kepler-297,1,3,Transit,2014.0,74.920137,0.205120156,0.336,,6.54,,0.0,5619.0,0.915,,692.14,447.1069482,0.748804019,6.632688657
Kepler-297 d,Kepler-297,1,3,Transit,2023.0,150.0189511,0.411213488,0.523,0.0,32.6,,0.0,5618.0,0.897,0.846,692.14,354.763222,0.71912051,2.629046683
Kepler-298 b,Kepler-298,1,3,Transit,2014.0,10.475464,0.028680257,0.08,,1.96,,0.0,4465.0,0.582,,518.204,580.6968105,0.120787411,18.87303295
Kepler-298 c,Kepler-298,1,3,Transit,2014.0,22.92881,0.062775661,0.136,,1.93,,0.0,4465.0,0.582,,518.204,445.3741228,0.120787411,6.530461229
Kepler-298 d,Kepler-298,1,3,Transit,2014.0,77.473633,0.212111247,0.305,,2.5,,0.0,4465.0,0.582,,518.204,297.4024312,0.120787411,1.298440321
Kepler-299 b,Kepler-299,1,4,Transit,2014.0,2.927128,0.00801404,0.04,,1.32,,0.0,5617.0,1.032,,1052.24,1375.706393,0.951189265,594.4932904
Kepler-299 c,Kepler-299,1,4,Transit,2014.0,6.885875,0.018852498,0.07,,2.65,,0.0,5617.0,1.032,,1052.24,1039.936284,0.951189265,194.1202581
Kepler-299 d,Kepler-299,1,4,Transit,2014.0,15.054786,0.041217758,0.118,,1.86,,0.0,5617.0,1.032,,1052.24,800.9672288,0.951189265,68.31293196
Kepler-299 e,Kepler-299,1,4,Transit,2014.0,38.285489,0.104819956,0.22,,1.87,,0.0,5617.0,1.032,,1052.24,586.603177,0.951189265,19.65267076
Kepler-30 b,Kepler-30,1,3,Transit,2012.0,29.33434,0.076752258,0.18,0.042,3.9,11.3,1.049629967,5498.0,0.95,0.99,914.221,609.0343168,0.739870996,22.83552456
Kepler-30 c,Kepler-30,1,3,Transit,2012.0,60.323105,0.165144565,0.3,0.0111,12.3,640.0,1.89503065,5498.0,0.95,0.99,914.221,471.7559533,0.739870996,8.220788842
Kepler-30 d,Kepler-30,1,3,Transit,2012.0,143.34394,0.355334527,0.5,0.022,8.8,23.1,0.186773631,5498.0,0.95,0.99,914.221,365.4205901,0.739870996,2.959483983
Kepler-300 b,Kepler-300,1,2,Transit,2014.0,10.446347,0.028600539,0.094,,1.67,,0.0,5986.0,0.9,,1098.45,893.1111659,0.933086098,105.600509
Kepler-300 c,Kepler-300,1,2,Transit,2014.0,40.714955,0.111471472,0.232,,2.25,,0.0,5986.0,0.9,,1098.45,568.4934345,0.933086098,17.33587429
Kepler-301 b,Kepler-301,1,3,Transit,2014.0,2.508553,0.006868044,0.036,,1.35,,0.0,5815.0,0.9,,719.166,1401.945729,0.830947805,641.16343
Kepler-301 c,Kepler-301,1,3,Transit,2014.0,5.419026,0.014836485,0.06,,1.35,,0.0,5815.0,0.9,,719.166,1085.942492,0.830947805,230.8188348
Kepler-301 d,Kepler-301,1,3,Transit,2014.0,13.751243,0.037648851,0.112,,1.75,,0.0,5815.0,0.9,,719.166,794.8285182,0.830947805,66.24265029
Kepler-302 b,Kepler-302,1,2,Transit,2014.0,30.184104,0.082639573,0.193,,4.06,,0.0,5740.0,1.22,,1402.58,695.8644209,1.449629709,38.91727855
Kepler-302 c,Kepler-302,1,2,Transit,2014.0,127.282184,0.348479628,0.503,,12.45,,0.0,5740.0,1.22,,1402.58,431.0417069,1.449629709,5.729557877
Kepler-303 b,Kepler-303,1,2,Transit,2014.0,1.937055,0.005303368,0.024,,0.89,,0.0,3944.0,0.485,,209.738,854.8966856,0.05106472,88.65402723
Kepler-303 c,Kepler-303,1,2,Transit,2014.0,7.061149,0.019332372,0.057,,1.14,,0.0,3944.0,0.485,,209.738,554.730221,0.05106472,15.71705746
Kepler-304 b,Kepler-304,1,4,Transit,2014.0,3.295709,0.009023159,0.039,,2.86,,0.0,4731.0,0.687,,434.684,957.4376282,0.212136362,139.4716383
Kepler-304 c,Kepler-304,1,4,Transit,2014.0,5.315946,0.014554267,0.054,,2.17,,0.0,4731.0,0.687,,434.684,813.6655249,0.212136362,72.74909526
Kepler-304 d,Kepler-304,1,4,Transit,2014.0,9.653471,0.026429763,0.08,,2.75,,0.0,4731.0,0.687,,434.684,668.4944434,0.212136362,33.14630653
Kepler-304 e,Kepler-304,1,4,Transit,2016.0,1.499146953,0.0,,,1.2,,0.0,4817.0,0.73,0.8,434.684,,0.257419923,
Kepler-305 b,Kepler-305,1,4,Transit,2013.0,5.487,0.0,,,3.6,10.5,1.240033436,,0.8,0.76,868.477,,0.0,
Kepler-305 c,Kepler-305,1,4,Transit,2013.0,8.291,0.0,,,3.3,6.0,0.919943234,,0.8,0.76,868.477,,0.0,
Kepler-305 d,Kepler-305,1,4,Transit,2014.0,16.74,0.0,,,2.76,6.2,1.624860354,5090.0,0.792,0.827,868.477,,0.377755975,
Kepler-305 e,Kepler-305,1,4,Transit,2020.0,3.20538,0.0,,,1.7938153,,0.0,4974.0,0.827279,0.82,868.477,,0.375852094,
Kepler-306 b,Kepler-306,1,4,Transit,2014.0,4.646186,0.012720564,0.05,,1.52,,0.0,4954.0,0.719,,775.679,905.8304672,0.279364771,111.7459086
Kepler-306 c,Kepler-306,1,4,Transit,2014.0,7.240193,0.019822568,0.067,,2.35,,0.0,4954.0,0.719,,775.679,782.5183395,0.279364771,62.23318589
Kepler-306 d,Kepler-306,1,4,Transit,2014.0,17.326644,0.047437766,0.12,,2.47,,0.0,4954.0,0.719,,775.679,584.7110523,0.279364771,19.40033135
Kepler-306 e,Kepler-306,1,4,Transit,2014.0,44.840975,0.122767899,0.227,,2.27,,0.0,4954.0,0.719,,775.679,425.1273029,0.279364771,5.421505783
Kepler-307 b,Kepler-307,1,2,Transit,2013.0,10.4208,0.0,,,2.43,7.44,2.856970221,5367.0,0.814,0.907,575.581,,0.493247668,
Kepler-307 c,Kepler-307,1,2,Transit,2013.0,13.0729,0.0,,,2.2,3.64,1.883583772,5367.0,0.814,0.907,575.581,,0.493247668,
Kepler-308 b,Kepler-308,1,2,Transit,2014.0,9.694928,0.026543266,0.09,,2.12,,0.0,5895.0,0.941,,1335.92,919.112865,0.959410207,118.4457046
Kepler-308 c,Kepler-308,1,2,Transit,2014.0,15.38231,0.04211447,0.123,,2.16,,0.0,5895.0,0.941,,1335.92,786.2081546,0.959410207,63.41530881
Kepler-309 b,Kepler-309,1,2,Transit,2014.0,5.923653,0.016218078,0.059,,1.56,,0.0,4713.0,0.721,,544.568,794.4206872,0.23011776,66.10679698
Kepler-309 c,Kepler-309,1,2,Transit,2014.0,105.356383,0.288450056,0.401,,2.51,,0.0,4713.0,0.721,,544.568,304.7223889,0.23011776,1.431071699
Kepler-31 b,Kepler-31,1,3,Transit,2011.0,20.8613,0.058181818,0.16,,5.5,,0.0,6340.0,1.22,1.21,1664.64,844.1520131,2.157578187,84.28039794
Kepler-31 c,Kepler-31,1,3,Transit,2011.0,42.6318,0.120522279,0.26,,5.3,1493.7,55.28246136,6340.0,1.22,1.21,1664.64,662.2073211,2.157578187,31.91683709
Kepler-31 d,Kepler-31,1,3,Transit,2014.0,87.6451,0.22998383,0.4,,3.9,2161.244,200.7527848,6340.0,1.22,1.21,1664.64,533.8886106,2.157578187,13.48486367
Kepler-310 b,Kepler-310,1,3,Transit,2014.0,13.930698,0.038140172,0.111,,1.19,,0.0,5797.0,0.876,,602.268,785.2452946,0.777519453,63.10522306
Kepler-310 c,Kepler-310,1,3,Transit,2014.0,56.47542,0.154621273,0.281,,3.38,,0.0,5797.0,0.876,,602.268,493.5301307,0.777519453,9.846879515
Kepler-310 d,Kepler-310,1,3,Transit,2014.0,92.876125,0.254280972,0.392,,2.47,,0.0,5797.0,0.876,,602.268,417.8532636,0.777519453,5.05986733
Kepler-311 b,Kepler-311,1,3,Transit,2014.0,9.176092,0.025122771,0.087,,1.7,,0.0,5905.0,1.188,,778.654,1052.155609,1.539580278,203.4060348
Kepler-311 c,Kepler-311,1,3,Transit,2014.0,19.738286,0.054040482,0.145,,1.43,,0.0,5905.0,1.188,,778.654,814.99623,1.539580278,73.22617254
Kepler-311 d,Kepler-311,1,3,Transit,2023.0,232.040326,0.635361497,0.7326,0.0,2.05,,0.0,5903.0,1.156,0.974,778.654,357.5441871,1.455783025,2.712456752
Kepler-312 b,Kepler-312,1,2,Transit,2014.0,1.772419,0.004852619,0.031,,1.29,,0.0,6115.0,1.467,,797.72,2028.346514,2.699826919,2809.393255
Kepler-312 c,Kepler-312,1,2,Transit,2014.0,19.747412,0.054065467,0.153,,3.15,,0.0,6115.0,1.467,,797.72,913.0136731,2.699826919,115.3328599
Kepler-313 b,Kepler-313,1,2,Transit,2014.0,14.970418,0.040986771,0.125,,2.53,,0.0,5727.0,1.536,,,968.0087056,2.277094288,145.7340344
Kepler-313 c,Kepler-313,1,2,Transit,2014.0,32.273273,0.088359406,0.208,,2.57,,0.0,5727.0,1.536,,,750.416893,2.277094288,52.63254178
Kepler-314 b,Kepler-314,1,2,Transit,2014.0,2.461069,0.00673804,0.035,,0.83,,0.0,5378.0,0.95,,268.881,1351.014646,0.6773611,552.9478368
Kepler-314 c,Kepler-314,1,2,Transit,2014.0,5.960392,0.016318664,0.064,,2.9,,0.0,5378.0,0.95,,268.881,999.0888039,0.6773611,165.3713623
Kepler-315 b,Kepler-315,1,2,Transit,2014.0,96.101141,0.263110585,0.402,,3.77,,0.0,5796.0,1.037,,1160.63,448.8654798,1.088831985,6.737654915
Kepler-315 c,Kepler-315,1,2,Transit,2014.0,265.469335,0.726815428,0.791,,4.15,,0.0,5796.0,1.037,,1160.63,319.9933786,1.088831985,1.740235016
Kepler-316 b,Kepler-316,1,2,Transit,2014.0,2.240508,0.006134177,0.027,,1.06,,0.0,4204.0,0.52,,384.938,889.5983643,0.075778738,103.9488857
Kepler-316 c,Kepler-316,1,2,Transit,2014.0,6.827766,0.018693405,0.058,,1.16,,0.0,4204.0,0.52,,384.938,606.9625016,0.075778738,22.52637863
Kepler-317 b,Kepler-317,1,2,Transit,2014.0,5.524242,0.01512455,0.061,,2.09,,0.0,5497.0,0.941,,940.584,1041.039264,0.725390802,194.9451229
Kepler-317 c,Kepler-317,1,2,Transit,2014.0,8.77501,0.024024668,0.083,,1.72,,0.0,5497.0,0.941,,940.584,892.4686739,0.725390802,105.2969665
Kepler-318 b,Kepler-318,1,2,Transit,2014.0,4.662715,0.012765818,0.056,,4.71,,0.0,5746.0,1.189,,489.141,1276.656363,1.382662059,440.8998914
Kepler-318 c,Kepler-318,1,2,Transit,2014.0,11.815007,0.032347726,0.105,,3.68,,0.0,5746.0,1.189,,489.141,932.3379841,1.382662059,125.4115247
Kepler-319 b,Kepler-319,1,3,Transit,2014.0,4.362705,0.011944435,0.051,,1.63,,0.0,5526.0,0.903,,503.436,1121.194984,0.682195535,262.2820206
Kepler-319 c,Kepler-319,1,3,Transit,2014.0,6.941357,0.0190044,0.069,,2.63,,0.0,5526.0,0.903,,503.436,963.9215484,0.682195535,143.2882872
Kepler-319 d,Kepler-319,1,3,Transit,2014.0,31.781925,0.087014168,0.191,,2.29,,0.0,5526.0,0.903,,503.436,579.3613917,0.682195535,18.7000229
Kepler-32 b,Kepler-32,1,5,Transit,2011.0,5.90124,0.014680505,0.05,,2.2,1303.0,674.2608941,3900.0,0.53,0.58,323.847,612.2503165,0.058304224,23.32168948
Kepler-32 c,Kepler-32,1,5,Transit,2011.0,8.7522,0.035452737,0.09,,2.0,158.9,109.442375,3900.0,0.53,0.58,323.847,456.3444423,0.058304224,7.198052309
Kepler-32 d,Kepler-32,1,5,Transit,2012.0,22.7802,0.06154617,0.13,,2.7,,0.0,3900.0,0.53,0.58,323.847,379.7015275,0.058304224,3.449954065
Kepler-32 e,Kepler-32,1,5,Transit,2012.0,2.896,0.007871489,0.033,,1.5,,0.0,3900.0,0.53,0.58,323.847,753.6280431,0.058304224,53.53923205
Kepler-32 f,Kepler-32,1,5,Transit,2012.0,0.74296,0.001946261,0.013,,0.82,,0.0,3900.0,0.53,0.58,323.847,1200.721658,0.058304224,344.9954065
Kepler-320 b,Kepler-320,1,2,Transit,2014.0,8.371554,0.022920066,0.085,,1.14,,0.0,6435.0,1.108,,826.613,1120.264173,1.888702589,261.4121231
Kepler-320 c,Kepler-320,1,2,Transit,2014.0,17.934937,0.049103181,0.142,,1.37,,0.0,6435.0,1.108,,826.613,866.7338096,1.888702589,93.66705958
Kepler-321 b,Kepler-321,1,2,Transit,2014.0,4.915379,0.013457574,0.057,,1.77,,0.0,5740.0,1.194,,384.542,1266.741814,1.388500604,427.3624514
Kepler-321 c,Kepler-321,1,2,Transit,2014.0,13.093921,0.035849202,0.11,,2.32,,0.0,5740.0,1.194,,384.542,911.8621556,1.388500604,114.7521161
Kepler-322 b,Kepler-322,1,2,Transit,2014.0,1.653888,0.004528099,0.027,,1.01,,0.0,5388.0,0.89,,400.48,1491.599355,0.598935715,821.5853435
Kepler-322 c,Kepler-322,1,2,Transit,2014.0,4.337234,0.0118747,0.051,,1.67,,0.0,5388.0,0.89,,400.48,1085.297946,0.598935715,230.2713246
Kepler-323 b,Kepler-323,1,2,Transit,2014.0,1.678328,0.004595845,0.02778,0.095,1.381,3.9,8.158966879,6004.0,1.12,1.015,454.883,1838.209697,1.462475602,1895.065158
Kepler-323 c,Kepler-323,1,2,Transit,2014.0,3.5538229,0.009728933,0.0458,0.095,1.57,6.8,9.681921438,6004.0,1.12,1.015,454.883,1431.622234,1.462475602,697.2004738
Kepler-324 b,Kepler-324,1,4,Transit,2014.0,4.385315,0.012006338,0.05,,1.14,,0.0,5194.0,0.84,,501.574,1026.521535,0.460740303,184.2961211
Kepler-324 c,Kepler-324,1,4,Transit,2014.0,51.805612,0.141836036,0.26,,3.15,,0.0,5194.0,0.84,,501.574,450.1594722,0.460740303,6.815684951
Kepler-324 e,Kepler-324,1,4,Transit,2021.0,13.97939968,0.0,,,2.03862444,,0.0,5191.0,0.826,0.844,501.574,,0.444481879,
Kepler-325 b,Kepler-325,1,3,Transit,2014.0,4.544439,0.012441996,0.053,,2.91,,0.0,5752.0,1.003,,823.242,1206.543232,0.988023389,351.7349195
Kepler-325 c,Kepler-325,1,3,Transit,2014.0,12.762172,0.034940923,0.105,,2.54,,0.0,5752.0,1.003,,823.242,857.207916,0.988023389,89.61663391
Kepler-325 d,Kepler-325,1,3,Transit,2014.0,38.715185,0.1059964,0.22,,2.79,,0.0,5752.0,1.003,,823.242,592.2014714,0.988023389,20.41370638
Kepler-326 b,Kepler-326,1,3,Transit,2014.0,2.248329,0.006155589,0.032,,1.52,,0.0,5105.0,0.801,,487.675,1231.53992,0.390964989,381.8017469
Kepler-326 c,Kepler-326,1,3,Transit,2014.0,4.580358,0.012540337,0.051,,1.4,,0.0,5105.0,0.801,,487.675,975.5249807,0.390964989,150.3133367
Kepler-326 d,Kepler-326,1,3,Transit,2014.0,6.766888,0.01852673,0.066,,1.21,,0.0,5105.0,0.801,,487.675,857.5343299,0.390964989,89.7532114
Kepler-327 b,Kepler-327,1,3,Transit,2014.0,2.549575,0.006980356,0.029,,1.11,,0.0,3799.0,0.492,,241.987,754.5088264,0.045237358,53.78996156
Kepler-327 c,Kepler-327,1,3,Transit,2014.0,5.212333,0.01427059,0.047,,1.03,,0.0,3799.0,0.492,,241.987,592.6719789,0.045237358,20.47865897
Kepler-327 d,Kepler-327,1,3,Transit,2014.0,13.969457,0.038246289,0.09,,1.73,,0.0,3799.0,0.492,,241.987,428.2940774,0.045237358,5.584858972
Kepler-328 b,Kepler-328,1,2,Transit,2013.0,34.921,0.0,,,2.3,28.5,12.90663269,,1.06,1.15,2213.19,,0.0,
Kepler-328 c,Kepler-328,1,2,Transit,2013.0,71.312,0.0,,,5.4,39.4,1.378689732,,1.06,1.15,2213.19,,0.0,
Kepler-329 b,Kepler-329,1,2,Transit,2014.0,7.416397,0.020304988,0.061,,1.4,,0.0,4257.0,0.523,,439.719,601.0367891,0.08059495,21.65948661
Kepler-329 c,Kepler-329,1,2,Transit,2014.0,18.684737,0.051156022,0.113,,1.93,,0.0,4257.0,0.523,,439.719,441.5976479,0.08059495,6.311766753
Kepler-33 b,Kepler-33,1,5,Transit,2011.0,5.66793,0.015503148,0.0677,0.0,1.74,,0.0,5904.0,1.82,1.291,1209.16,1476.043603,3.610921284,787.8448198
Kepler-33 c,Kepler-33,1,5,Transit,2011.0,13.17562,0.036083583,0.1189,0.0,3.2,,0.0,5904.0,1.82,1.291,1209.16,1113.788153,3.610921284,255.4196538
Kepler-33 d,Kepler-33,1,5,Transit,2011.0,21.77596,0.059632554,0.1662,0.0,5.35,,0.0,5904.0,1.82,1.291,1209.16,942.058802,3.610921284,130.7241969
Kepler-33 e,Kepler-33,1,5,Transit,2011.0,31.7844,0.087005845,0.2138,0.0,4.02,,0.0,5904.0,1.82,1.291,1209.16,830.5956858,3.610921284,78.99554859
Kepler-33 f,Kepler-33,1,5,Transit,2011.0,41.02902,0.112332086,0.2535,0.0,4.46,,0.0,5904.0,1.82,1.291,1209.16,762.7892073,3.610921284,56.19039614
Kepler-330 b,Kepler-330,1,2,Transit,2014.0,8.25978,0.022614045,0.075,,1.35,,0.0,5117.0,0.722,,717.527,765.5346675,0.320646064,57.00374468
Kepler-330 c,Kepler-330,1,2,Transit,2014.0,15.955387,0.043683469,0.116,,1.95,,0.0,5117.0,0.722,,717.527,615.5544847,0.320646064,23.82922591
Kepler-331 b,Kepler-331,1,3,Transit,2014.0,8.457496,0.023155362,0.065,,1.82,,0.0,4347.0,0.492,,580.119,576.6695128,0.077549431,18.35489494
Kepler-331 c,Kepler-331,1,3,Transit,2014.0,17.28111,0.047313101,0.105,,1.84,,0.0,4347.0,0.492,,580.119,453.7211463,0.077549431,7.033962006
Kepler-331 d,Kepler-331,1,3,Transit,2014.0,32.134328,0.087978995,0.159,,1.64,,0.0,4347.0,0.492,,580.119,368.7101626,0.077549431,3.067498561
Kepler-332 b,Kepler-332,1,3,Transit,2014.0,7.626324,0.020879737,0.07,,1.17,,0.0,4955.0,0.72,,344.19,766.2533137,0.280368668,57.21809548
Kepler-332 c,Kepler-332,1,3,Transit,2014.0,15.995622,0.043793626,0.114,,1.09,,0.0,4955.0,0.72,,344.19,600.4390926,0.280368668,21.57345859
Kepler-332 d,Kepler-332,1,3,Transit,2014.0,34.21154,0.093666092,0.189,,1.18,,0.0,4955.0,0.72,,344.19,466.3269163,0.280368668,7.848847116
Kepler-333 b,Kepler-333,2,2,Transit,2014.0,12.551158,0.034363198,0.087,,1.32,,0.0,4259.0,0.534,,324.413,508.7801053,0.084178838,11.12152696
Kepler-333 c,Kepler-333,2,2,Transit,2014.0,24.08821,0.065949925,0.135,,1.11,,0.0,4259.0,0.534,,324.413,408.4349172,0.084178838,4.61886626
Kepler-334 b,Kepler-334,1,3,Transit,2014.0,5.470319,0.014976917,0.061,,1.12,,0.0,5828.0,1.068,,426.59,1175.849478,1.180621065,317.2859621
Kepler-334 c,Kepler-334,1,3,Transit,2014.0,12.758005,0.034929514,0.107,,1.43,,0.0,5828.0,1.068,,426.59,887.8196627,1.180621065,103.1200162
Kepler-334 d,Kepler-334,1,3,Transit,2014.0,25.09849,0.068715921,0.168,,1.41,,0.0,5828.0,1.068,,426.59,708.5361403,1.180621065,41.83039487
Kepler-335 b,Kepler-335,1,2,Transit,2014.0,6.562331,0.017966683,0.075,,3.39,,0.0,5877.0,1.854,,1278.97,1408.936443,3.679019353,654.0478851
Kepler-335 c,Kepler-335,1,2,Transit,2014.0,67.844469,0.185748033,0.356,,3.07,,0.0,5877.0,1.854,,1278.97,646.6913251,3.679019353,29.02900007
Kepler-336 b,Kepler-336,1,3,Transit,2014.0,2.024823,0.005543663,0.033,,1.02,,0.0,5867.0,1.304,,768.86,1778.31787,1.807629356,1659.898398
Kepler-336 c,Kepler-336,1,3,Transit,2014.0,9.600001,0.02628337,0.092,,2.1,,0.0,5867.0,1.304,,768.86,1065.056014,1.807629356,213.5667953
Kepler-336 d,Kepler-336,1,3,Transit,2014.0,20.678772,0.056615392,0.154,,2.37,,0.0,5867.0,1.304,,768.86,823.2012138,1.807629356,76.21982441
Kepler-337 b,Kepler-337,1,2,Transit,2014.0,3.292781,0.009015143,0.045,,1.54,,0.0,5684.0,1.761,,677.975,1714.505841,2.904188751,1434.167285
Kepler-337 c,Kepler-337,1,2,Transit,2014.0,9.693201,0.026538538,0.093,,2.05,,0.0,5684.0,1.761,,677.975,1192.624568,2.904188751,335.7831832
Kepler-338 b,Kepler-338,1,4,Transit,2014.0,13.726976,0.037582412,0.117,,2.44,,0.0,5923.0,1.735,,552.798,1099.790642,3.323959616,242.8197543
Kepler-338 c,Kepler-338,1,4,Transit,2014.0,24.310856,0.066559496,0.172,,2.34,,0.0,5923.0,1.735,,552.798,907.0656637,3.323959616,112.3566663
Kepler-338 d,Kepler-338,1,4,Transit,2014.0,44.431014,0.121645487,0.257,,3.0,,0.0,5923.0,1.735,,552.798,742.0555014,3.323959616,50.3256615
Kepler-338 e,Kepler-338,1,4,Transit Timing Variations,2014.0,9.341,0.0,,,1.56,8.5,12.3366354,,1.735,1.14,552.798,,0.0,
Kepler-339 b,Kepler-339,1,3,Transit,2014.0,4.977656,0.013628079,0.055,,1.42,,0.0,5631.0,0.802,,616.637,1036.818757,0.58020397,191.8029652
Kepler-339 c,Kepler-339,1,3,Transit,2014.0,6.988055,0.019132252,0.069,,1.15,,0.0,5631.0,0.802,,616.637,925.6773658,0.58020397,121.8659882
Kepler-339 d,Kepler-339,1,3,Transit,2014.0,10.558345,0.028907173,0.091,,1.17,,0.0,5631.0,0.802,,616.637,806.0528056,0.58020397,70.06448131
Kepler-34 b,Kepler-34,2,1,Transit,2011.0,288.822,1.11106821,1.0896,0.182,8.564,69.92,0.613370723,5913.0,1.1618,1.0479,1800.82,294.4092808,1.480417159,1.246952531
Kepler-340 b,Kepler-340,1,2,Transit,2014.0,14.844387,0.040641717,0.134,,2.53,,0.0,6620.0,1.85,,808.762,1186.049823,5.897463539,328.4397159
Kepler-340 c,Kepler-340,1,2,Transit,2014.0,22.824669,0.062490538,0.178,,3.37,,0.0,6620.0,1.85,,808.762,1029.07098,5.897463539,186.1338069
Kepler-341 b,Kepler-341,1,4,Transit,2014.0,5.195528,0.01422458,0.06,,1.18,,0.0,6012.0,1.024,,1047.03,1197.580742,1.229038962,341.3997118
Kepler-341 c,Kepler-341,1,4,Transit,2014.0,8.01041,0.021931307,0.08,,1.7,,0.0,6012.0,1.024,,1047.03,1037.135346,1.229038962,192.0373379
Kepler-341 d,Kepler-341,1,4,Transit,2014.0,27.666313,0.075746237,0.182,,1.85,,0.0,6012.0,1.024,,1047.03,687.6140386,1.229038962,37.10418314
Kepler-341 e,Kepler-341,1,4,Transit,2014.0,42.473269,0.116285473,0.242,,1.99,,0.0,6012.0,1.024,,1047.03,596.3108972,1.229038962,20.98625371
Kepler-342 b,Kepler-342,1,4,Transit,2014.0,15.170318,0.041534067,0.128,,2.25,,0.0,6175.0,1.472,,781.611,1009.711635,2.826528167,172.5175883
Kepler-342 c,Kepler-342,1,4,Transit,2014.0,26.234138,0.071825155,0.185,,1.96,,0.0,6175.0,1.472,,781.611,839.8785337,2.826528167,82.58665207
Kepler-342 d,Kepler-342,1,4,Transit,2014.0,39.459357,0.108033832,0.242,,2.49,,0.0,6175.0,1.472,,781.611,734.3357346,2.826528167,48.26391925
Kepler-342 e,Kepler-342,1,4,Transit,2016.0,1.644224613,0.0,,,0.88,,0.0,6366.0,1.34,1.26,781.611,,2.645854658,
Kepler-343 b,Kepler-343,1,2,Transit,2014.0,8.96855,0.024554552,0.088,,2.41,,0.0,5807.0,1.433,,927.193,1129.913152,2.095026568,270.5354556
Kepler-343 c,Kepler-343,1,2,Transit,2014.0,23.22182,0.063577878,0.167,,2.02,,0.0,5807.0,1.433,,927.193,820.2158629,2.095026568,75.12017528
Kepler-344 b,Kepler-344,1,2,Transit,2014.0,21.963945,0.060134004,0.153,,2.61,,0.0,5774.0,0.976,,1002.94,703.1815246,0.949940937,40.58015877
Kepler-344 c,Kepler-344,1,2,Transit,2014.0,125.596809,0.343865322,0.488,,2.95,,0.0,5774.0,0.976,,1002.94,393.7343056,0.949940937,3.988935
Kepler-345 b,Kepler-345,1,2,Transit,2014.0,7.415563,0.020302705,0.066,,0.74,,0.0,4504.0,0.623,,,667.2397578,0.143304382,32.89815933
Kepler-345 c,Kepler-345,1,2,Transit,2014.0,9.387427,0.025701374,0.077,,1.2,,0.0,4504.0,0.623,,,617.7439791,0.143304382,24.17007624
Kepler-346 b,Kepler-346,1,2,Transit,2014.0,6.511127,0.017826494,0.071,,2.66,,0.0,6033.0,1.021,,984.105,1103.134585,1.239009497,245.7864506
Kepler-346 c,Kepler-346,1,2,Transit,2014.0,23.851549,0.065301982,0.168,,3.07,,0.0,6033.0,1.021,,984.105,717.1384928,1.239009497,43.89914603
Kepler-347 b,Kepler-347,1,3,Transit,2014.0,12.79836,0.03504,0.11,,1.97,,0.0,6088.0,1.005,,1298.88,887.3047587,1.244860104,102.8810003
Kepler-347 c,Kepler-347,1,3,Transit,2014.0,27.320871,0.074800468,0.183,,1.75,,0.0,6088.0,1.005,,1298.88,687.9289852,1.244860104,37.17220889
Kepler-347 d,Kepler-347,1,3,Transit,2023.0,85.517344,0.234432689,0.3802,0.0,3.04,,0.0,5592.0,1.451,1.0,1298.88,526.7521189,1.847112408,12.77818292
Kepler-348 b,Kepler-348,1,2,Transit,2014.0,7.05677,0.019320383,0.076,,1.52,,0.0,6177.0,1.359,,570.783,1259.482136,2.412343614,417.6495177
Kepler-348 c,Kepler-348,1,2,Transit,2014.0,17.265427,0.047270163,0.138,,1.33,,0.0,6177.0,1.359,,570.783,934.6720697,2.412343614,126.6721074
Kepler-349 b,Kepler-349,1,2,Transit,2014.0,5.929778,0.016234847,0.065,,1.9,,0.0,5956.0,0.927,,940.724,1084.549445,0.970215201,229.6367339
Kepler-349 c,Kepler-349,1,2,Transit,2014.0,12.247629,0.033532181,0.105,,1.96,,0.0,5956.0,0.927,,940.724,853.3189401,0.970215201,88.00137875
Kepler-35 b,Kepler-35,2,1,Transit,2011.0,131.458,0.497565681,0.60347,0.042,8.16,40.363,0.409321503,5606.0,1.0284,0.8877,1819.17,352.8724587,0.937187224,2.573445584
Kepler-350 b,Kepler-350,1,3,Transit,2014.0,11.189562,0.030635351,0.104,,1.85,,0.0,6186.0,1.534,,956.859,1145.558849,3.091578169,285.8337804
Kepler-350 c,Kepler-350,1,3,Transit,2013.0,17.849,0.0,,,3.1,6.1,1.128226646,,1.25,1.0,956.859,,0.0,
Kepler-350 d,Kepler-350,1,3,Transit,2013.0,26.136,0.0,,,2.8,14.9,3.73993258,,1.25,1.0,956.859,,0.0,
Kepler-351 b,Kepler-351,1,3,Transit,2014.0,37.054919,0.101450839,0.214,,3.06,,0.0,5643.0,0.854,,1083.91,543.5551033,0.663507433,14.48832721
Kepler-351 c,Kepler-351,1,3,Transit,2014.0,57.24809,0.156736728,0.287,,3.19,,0.0,5643.0,0.854,,1083.91,469.3637185,0.663507433,8.055305187
Kepler-351 d,Kepler-351,1,3,Transit,2016.0,142.544247,0.0,,,2.72,,0.0,5225.0,0.78,0.81,1083.91,,0.406840552,
Kepler-352 b,Kepler-352,1,3,Transit,2014.0,10.05537,0.027530103,0.085,,0.86,,0.0,5212.0,0.781,,252.733,761.784163,0.403840198,55.89483706
Kepler-352 c,Kepler-352,1,3,Transit,2014.0,16.332995,0.044717303,0.118,,1.24,,0.0,5212.0,0.781,,252.733,646.5474437,0.403840198,29.00317421
Kepler-352 d,Kepler-352,1,3,Transit,2021.0,6.887279987,0.0,,,0.80628032,,0.0,5208.0,0.772,0.796,252.733,,0.393376446,
Kepler-353 b,Kepler-353,2,2,Transit,2014.0,5.795278,0.015866606,0.051,,0.89,,0.0,3903.0,0.504,,384.694,591.6164077,0.052886537,20.33315521
Kepler-353 c,Kepler-353,2,2,Transit,2014.0,8.410894,0.023027773,0.065,,1.38,,0.0,3903.0,0.504,,384.694,524.045046,0.052886537,12.51752348
Kepler-354 b,Kepler-354,1,3,Transit,2014.0,5.47666,0.014994278,0.054,,1.84,,0.0,4648.0,0.674,,554.064,791.7911921,0.190227859,65.23589138
Kepler-354 c,Kepler-354,1,3,Transit,2014.0,16.934402,0.046363866,0.115,,1.31,,0.0,4648.0,0.674,,554.064,542.5735595,0.190227859,14.38395911
Kepler-354 d,Kepler-354,1,3,Transit,2014.0,24.209842,0.066282935,0.146,,1.24,,0.0,4648.0,0.674,,554.064,481.538614,0.190227859,8.9241818
Kepler-355 b,Kepler-355,1,2,Transit,2014.0,11.03189,0.030203669,0.102,,1.46,,0.0,6184.0,1.066,,1432.17,963.9610276,1.491015585,143.3117633
Kepler-355 c,Kepler-355,1,2,Transit,2014.0,25.762294,0.070533317,0.179,,2.71,,0.0,6184.0,1.066,,1432.17,727.667614,1.491015585,46.53461456
Kepler-356 b,Kepler-356,1,2,Transit,2014.0,4.612696,0.012628873,0.057,,1.57,,0.0,6133.0,1.335,,707.559,1431.158217,2.262268978,696.2970076
Kepler-356 c,Kepler-356,1,2,Transit,2014.0,13.121632,0.03592507,0.115,,1.81,,0.0,6133.0,1.335,,707.559,1007.572153,2.262268978,171.0600361
Kepler-357 b,Kepler-357,1,3,Transit,2014.0,6.475434,0.017728772,0.063,,1.84,,0.0,5036.0,0.834,,688.573,883.5069102,0.401388418,101.1308688
Kepler-357 c,Kepler-357,1,3,Transit,2014.0,16.85837,0.046155702,0.12,,2.67,,0.0,5036.0,0.834,,688.573,640.1615747,0.401388418,27.8741957
Kepler-357 d,Kepler-357,1,3,Transit,2014.0,49.499875,0.135523272,0.246,,3.43,,0.0,5036.0,0.834,,688.573,447.108238,0.401388418,6.632765188
Kepler-358 b,Kepler-358,1,2,Transit,2014.0,34.060467,0.093252476,0.21,,2.72,,0.0,5908.0,0.954,,1101.1,607.1786682,0.99482925,22.5584864
Kepler-358 c,Kepler-358,1,2,Transit,2014.0,83.488369,0.228578697,0.381,,2.85,,0.0,5908.0,0.954,,1101.1,450.7789886,0.99482925,6.853281873
Kepler-359 b,Kepler-359,1,3,Transit,2014.0,25.563222,0.069988287,0.178,,3.53,,0.0,6248.0,1.086,,1443.21,744.1447309,1.612551464,50.8948196
Kepler-359 c,Kepler-359,1,3,Transit,2014.0,57.68802,0.157941191,0.307,,4.3,,0.0,6248.0,1.086,,1443.21,566.6282517,1.612551464,17.10948089
Kepler-359 d,Kepler-359,1,3,Transit,2014.0,77.095691,0.211076498,0.372,,4.01,,0.0,6248.0,1.086,,1443.21,514.7495103,1.612551464,11.65273055
Kepler-36 b,Kepler-36,1,2,Transit,2012.0,13.86825,0.0,,0.0,1.498,3.83,6.277907794,5979.0,1.634,1.034,527.956,,3.061316047,
Kepler-36 c,Kepler-36,1,2,Transit,2012.0,16.21865,0.0,,0.0,3.679,7.13,0.78895415,5979.0,1.634,1.034,527.956,,3.061316047,
Kepler-360 b,Kepler-360,1,2,Transit,2014.0,3.289672,0.009006631,0.044,,1.65,,0.0,6053.0,1.058,,876.044,1431.194466,1.348167585,696.3675545
Kepler-360 c,Kepler-360,1,2,Transit,2014.0,7.186434,0.019675384,0.075,,2.1,,0.0,6053.0,1.058,,876.044,1096.211502,1.348167585,239.6742374
Kepler-361 b,Kepler-361,1,2,Transit,2014.0,8.486616,0.023235088,0.086,,1.45,,0.0,6169.0,1.343,,930.32,1175.479419,2.343694259,316.8867306
Kepler-361 c,Kepler-361,1,2,Transit,2014.0,55.188023,0.151096572,0.3,,2.52,,0.0,6169.0,1.343,,930.32,629.3665077,2.343694259,26.04104733
Kepler-362 b,Kepler-362,1,2,Transit,2014.0,10.327186,0.028274294,0.087,,0.88,,0.0,5788.0,0.722,,1090.51,803.9869019,0.52490213,69.34894038
Kepler-362 c,Kepler-362,1,2,Transit,2014.0,37.866281,0.103672227,0.207,,1.45,,0.0,5788.0,0.722,,1090.51,521.2228266,0.52490213,12.25004387
Kepler-363 b,Kepler-363,1,3,Transit,2014.0,3.614568,0.009896148,0.048,,1.16,,0.0,5593.0,1.485,,762.596,1500.026412,1.936074365,840.3100542
Kepler-363 c,Kepler-363,1,3,Transit,2014.0,7.542427,0.02065004,0.079,,1.69,,0.0,5593.0,1.485,,762.596,1169.246232,1.936074365,310.2186132
Kepler-363 d,Kepler-363,1,3,Transit,2014.0,11.932125,0.032668378,0.107,,2.05,,0.0,5593.0,1.485,,762.596,1004.67972,1.936074365,169.1042331
Kepler-364 b,Kepler-364,1,2,Transit,2014.0,25.745718,0.070487934,0.178,,1.55,,0.0,6108.0,1.284,,891.462,791.0119011,2.058808777,64.9794463
Kepler-364 c,Kepler-364,1,2,Transit,2014.0,59.980627,0.164218007,0.312,,2.15,,0.0,6108.0,1.284,,891.462,597.469475,2.058808777,21.14982718
Kepler-365 b,Kepler-365,1,2,Transit,2014.0,10.664903,0.029198913,0.098,,2.04,,0.0,6012.0,1.048,,1038.99,947.9775533,1.287325295,134.0405347
Kepler-365 c,Kepler-365,1,2,Transit,2014.0,17.784129,0.048690292,0.137,,1.64,,0.0,6012.0,1.048,,1038.99,801.7718575,1.287325295,68.58784672
Kepler-366 b,Kepler-366,1,2,Transit,2014.0,3.281959,0.008985514,0.045,,1.46,,0.0,6209.0,1.048,,1856.28,1444.799301,1.464532638,723.2259941
Kepler-366 c,Kepler-366,1,2,Transit,2014.0,12.51616,0.034267379,0.11,,1.79,,0.0,6209.0,1.048,,1856.28,924.096738,1.464532638,121.0357552
Kepler-367 b,Kepler-367,1,2,Transit,2014.0,37.815724,0.10353381,0.201,,1.3,,0.0,4710.0,0.695,,188.027,422.3055211,0.213276541,5.278991623
Kepler-367 c,Kepler-367,1,2,Transit,2014.0,53.578637,0.146690313,0.253,,1.2,,0.0,4710.0,0.695,,188.027,376.4129249,0.213276541,3.331977387
Kepler-368 b,Kepler-368,1,2,Transit,2014.0,26.84768,0.073504942,0.186,,3.26,,0.0,5502.0,2.019,,770.978,874.0650439,3.35154328,96.87661234
Kepler-368 c,Kepler-368,1,2,Transit,2014.0,72.379334,0.198163817,0.36,,3.88,,0.0,5502.0,2.019,,770.978,628.2738353,3.35154328,25.86067346
Kepler-369 b,Kepler-369,1,2,Transit,2014.0,2.732756,0.007481878,0.03,,1.13,,0.0,3591.0,0.471,,,686.0830815,0.033097355,36.7748386
Kepler-369 c,Kepler-369,1,2,Transit,2014.0,14.871572,0.040716145,0.094,,1.41,,0.0,3591.0,0.471,,,387.5907559,0.033097355,3.745739558
Kepler-37 b,Kepler-37,1,4,Transit,2013.0,13.36702,0.036597189,0.1019,0.098,0.3098,0.79,146.3977661,5357.0,0.789,0.79,63.9207,718.7610502,0.45997099,44.29779142
Kepler-37 c,Kepler-37,1,4,Transit,2013.0,21.301848,0.058305383,0.139,0.099,0.755,1.3,16.64386162,5357.0,0.789,0.79,63.9207,615.409543,0.45997099,23.80679002
Kepler-37 d,Kepler-37,1,4,Transit,2013.0,39.7922622,0.108968588,0.2109,0.1,2.03,2.0,1.317326659,5357.0,0.789,0.79,63.9207,499.6125473,0.45997099,10.34135108
Kepler-37 e,Kepler-37,1,4,Transit Timing Variations,2014.0,51.196,0.0,,,,,,,0.772,0.8,63.9207,,0.0,
Kepler-370 b,Kepler-370,1,2,Transit,2014.0,4.57953,0.01253807,0.054,,1.59,,0.0,5852.0,0.9,,1167.94,1151.967352,0.852299314,292.2837152
Kepler-370 c,Kepler-370,1,2,Transit,2014.0,19.02293,0.052081944,0.14,,1.91,,0.0,5852.0,0.9,,1167.94,715.4396956,0.852299314,43.48465885
Kepler-371 b,Kepler-371,1,2,Transit,2014.0,34.763278,0.095176668,0.2,,1.89,,0.0,5666.0,0.992,,813.192,608.4555923,0.909954077,22.74885192
Kepler-371 c,Kepler-371,1,2,Transit,2014.0,67.968015,0.186086283,0.313,,1.78,,0.0,5666.0,0.992,,813.192,486.3755289,0.909954077,9.288183779
Kepler-372 b,Kepler-372,1,3,Transit,2014.0,6.849692,0.018753435,0.075,,1.36,,0.0,6509.0,1.137,,1493.95,1222.011663,2.081938352,370.1223737
Kepler-372 c,Kepler-372,1,3,Transit,2014.0,20.053763,0.054904211,0.154,,2.09,,0.0,6509.0,1.137,,1493.95,852.7969179,2.081938352,87.78623511
Kepler-372 d,Kepler-372,1,3,Transit,2014.0,30.092568,0.082388961,0.201,,1.69,,0.0,6509.0,1.137,,1493.95,746.4624292,2.081938352,51.53185198
Kepler-373 b,Kepler-373,1,2,Transit,2014.0,5.535309,0.01515485,0.06,,1.36,,0.0,5787.0,0.845,,1090.45,1047.171202,0.718484159,199.578933
Kepler-373 c,Kepler-373,1,2,Transit,2014.0,16.725948,0.04579315,0.126,,1.24,,0.0,5787.0,0.845,,1090.45,722.6167812,0.718484159,45.25599389
Kepler-374 b,Kepler-374,1,3,Transit,2014.0,1.897806,0.00519591,0.029,,1.03,,0.0,5977.0,0.911,,1265.61,1615.306438,0.950297589,1129.961461
Kepler-374 c,Kepler-374,1,3,Transit,2014.0,3.282807,0.008987836,0.042,,1.1,,0.0,5977.0,0.911,,1265.61,1342.237221,0.950297589,538.7174539
Kepler-374 d,Kepler-374,1,3,Transit,2014.0,5.028219,0.013766513,0.056,,1.31,,0.0,5977.0,0.911,,1265.61,1162.411531,0.950297589,303.0285678
Kepler-375 b,Kepler-375,1,2,Transit,2014.0,12.125934,0.033198998,0.101,,1.45,,0.0,5826.0,0.837,,1238.81,808.6935905,0.724140249,70.98718255
Kepler-375 c,Kepler-375,1,2,Transit,2014.0,19.986326,0.054719578,0.141,,2.65,,0.0,5826.0,0.837,,1238.81,684.4396044,0.724140249,36.42373367
Kepler-376 b,Kepler-376,1,2,Transit,2014.0,4.920199,0.013470771,0.057,,1.07,,0.0,5900.0,1.175,,923.067,1291.650438,1.500975591,461.9807913
Kepler-376 c,Kepler-376,1,2,Transit,2014.0,14.172327,0.038801717,0.115,,1.79,,0.0,5900.0,1.175,,923.067,909.3550928,1.500975591,113.4953188
Kepler-377 b,Kepler-377,1,2,Transit,2014.0,12.509529,0.034249224,0.109,,1.39,,0.0,5949.0,1.224,,823.804,961.2423743,1.683559855,141.7018647
Kepler-377 c,Kepler-377,1,2,Transit,2014.0,27.014976,0.073962973,0.182,,2.06,,0.0,5949.0,1.224,,823.804,743.8929836,1.683559855,50.82598282
Kepler-378 b,Kepler-378,1,2,Transit,2014.0,16.092361,0.044058483,0.112,,0.75,,0.0,4661.0,0.671,,152.094,550.1015014,0.190656362,15.19900846
Kepler-378 c,Kepler-378,1,2,Transit,2014.0,28.906009,0.079140339,0.166,,0.7,,0.0,4661.0,0.671,,152.094,451.8536529,0.190656362,6.918869288
Kepler-379 b,Kepler-379,1,2,Transit,2014.0,20.09838,0.055026366,0.152,,1.66,,0.0,6054.0,1.306,,731.274,855.6648457,2.055634369,88.97309425
Kepler-379 c,Kepler-379,1,2,Transit,2014.0,62.784697,0.171895132,0.326,,2.29,,0.0,6054.0,1.306,,731.274,584.2741653,2.055634369,19.3424138
Kepler-38 b,Kepler-38,2,1,Transit,2012.0,105.599,0.324981033,0.4632,0.032,4.3,122.0,8.454853032,5623.0,1.752,0.941,1174.59,527.3055443,2.753153258,12.83196854
Kepler-380 b,Kepler-380,1,2,Transit,2014.0,3.930821,0.010762001,0.05,,1.19,,0.0,6045.0,1.224,,813.713,1442.160149,1.794890283,717.9561131
Kepler-380 c,Kepler-380,1,2,Transit,2014.0,7.630004,0.020889812,0.078,,1.27,,0.0,6045.0,1.224,,813.713,1154.652211,1.794890283,295.0181267
Kepler-381 b,Kepler-381,1,3,Transit,2014.0,5.629021,0.01541142,0.066,,0.99,,0.0,6152.0,1.568,,267.323,1445.868735,3.159710358,725.3696873
Kepler-381 c,Kepler-381,1,3,Transit,2014.0,13.391635,0.036664298,0.117,,1.12,,0.0,6152.0,1.568,,267.323,1085.945184,3.159710358,230.8211234
Kepler-381 d,Kepler-381,1,3,Transit,2021.0,8.256299973,0.0,,,1.0667865,,0.0,6197.0,2.188,1.198,267.323,,6.334472716,
Kepler-382 b,Kepler-382,1,2,Transit,2014.0,5.262155,0.014406995,0.055,,1.32,,0.0,5600.0,0.945,,935.446,1119.267943,0.787962546,260.4834864
Kepler-382 c,Kepler-382,1,2,Transit,2014.0,12.162701,0.033299661,0.097,,1.59,,0.0,5600.0,0.945,,935.446,842.8097338,0.787962546,83.74562083
Kepler-383 b,Kepler-383,1,2,Transit,2014.0,12.904532,0.035330683,0.095,,1.32,,0.0,4710.0,0.672,,,604.025425,0.199393972,22.09351489
Kepler-383 c,Kepler-383,1,2,Transit,2014.0,31.200751,0.085423001,0.172,,1.24,,0.0,4710.0,0.672,,,448.9033008,0.199393972,6.739926039
Kepler-384 b,Kepler-384,1,2,Transit,2014.0,22.597053,0.061867359,0.148,,1.12,,0.0,5577.0,0.882,,895.678,656.4710187,0.675195592,30.82521876
Kepler-384 c,Kepler-384,1,2,Transit,2014.0,45.348269,0.124156794,0.236,,1.13,,0.0,5577.0,0.882,,895.678,519.8648022,0.675195592,12.12287403
Kepler-385 b,Kepler-385,1,3,Transit,2014.0,10.043686,0.027498114,0.097,,2.73,,0.0,6326.0,1.126,,1432.61,1039.259479,1.821727362,193.6154067
Kepler-385 c,Kepler-385,1,3,Transit,2014.0,15.163161,0.041514472,0.127,,3.04,,0.0,6326.0,1.126,,1432.61,908.2554258,1.821727362,112.9473223
Kepler-385 d,Kepler-385,1,3,Transit,2020.0,56.4159,0.0,,,2.6186448,,0.0,5829.0,1.157,1.05,1432.61,,1.386541233,
Kepler-386 b,Kepler-386,1,2,Transit,2014.0,12.31043,0.03370412,0.096,,1.39,,0.0,5178.0,0.767,,882.462,705.7251426,0.379427463,41.17051468
Kepler-386 c,Kepler-386,1,2,Transit,2014.0,25.193458,0.068975929,0.155,,1.58,,0.0,5178.0,0.767,,882.462,555.3993378,0.379427463,15.79302657
Kepler-387 b,Kepler-387,1,2,Transit,2014.0,6.791636,0.018594486,0.068,,1.03,,0.0,5774.0,1.046,,801.052,1091.942184,1.091089402,235.9622408
Kepler-387 c,Kepler-387,1,2,Transit,2014.0,11.837549,0.032409443,0.098,,0.89,,0.0,5774.0,1.046,,801.052,909.5803354,1.091089402,113.6078094
Kepler-388 b,Kepler-388,1,2,Transit,2014.0,3.173315,0.008688063,0.036,,0.81,,0.0,4498.0,0.586,,,875.0411713,0.12611388,97.31009238
Kepler-388 c,Kepler-388,1,2,Transit,2014.0,13.297004,0.036405213,0.093,,0.86,,0.0,4498.0,0.586,,,544.4252553,0.12611388,14.58132498
Kepler-389 b,Kepler-389,1,2,Transit,2014.0,3.244107,0.008881881,0.041,,1.51,,0.0,5376.0,0.792,,816.559,1139.308667,0.470085931,279.6465977
Kepler-389 c,Kepler-389,1,2,Transit,2014.0,14.51143,0.03973013,0.11,,1.46,,0.0,5376.0,0.792,,816.559,695.5638247,0.470085931,38.85007692
Kepler-39 b,Kepler-39,1,1,Transit,2011.0,21.08721,0.058475092,0.164,0.112,13.9,6388.1,13.10626377,6350.0,1.4,1.29,1057.41,894.5967122,2.859175558,106.3048616
Kepler-390 b,Kepler-390,2,2,Transit,2014.0,6.738088,0.01844788,0.065,,0.82,,0.0,5166.0,0.776,,435.277,860.6767332,0.384796311,91.07604994
Kepler-390 c,Kepler-390,2,2,Transit,2014.0,13.060022,0.035756392,0.101,,0.79,,0.0,5166.0,0.776,,435.277,690.4560735,0.384796311,37.72143035
Kepler-391 b,Kepler-391,1,2,Transit,2014.0,7.4175,0.021218529,0.083,0.46,2.5,1100.0,387.904,5038.0,2.879,1.27,869.236,1430.709392,4.790775637,695.4239567
Kepler-391 c,Kepler-391,1,2,Transit,2014.0,20.501,0.058933728,0.164,0.27,2.88,450.0,103.7974416,5038.0,2.879,1.27,869.236,1017.814304,4.790775637,178.1222352
Kepler-392 b,Kepler-392,1,2,Transit,2014.0,5.341853,0.014625196,0.059,,1.0,,0.0,5938.0,1.129,,681.428,1252.485299,1.42179999,408.445846
Kepler-392 c,Kepler-392,1,2,Transit,2014.0,10.423118,0.028536942,0.093,,1.1,,0.0,5938.0,1.129,,681.428,997.6016725,1.42179999,164.3889456
Kepler-393 b,Kepler-393,1,2,Transit,2014.0,9.182417,0.025140088,0.091,,1.29,,0.0,6189.0,1.382,,881.404,1162.961364,2.51413079,303.6023174
Kepler-393 c,Kepler-393,1,2,Transit,2014.0,14.613612,0.040009889,0.124,,1.33,,0.0,6189.0,1.382,,881.404,996.2656124,2.51413079,163.510067
Kepler-394 b,Kepler-394,1,3,Transit,2014.0,8.005013,0.021916531,0.083,,1.6,,0.0,6402.0,1.132,,1058.72,1140.016969,1.931280622,280.3426654
Kepler-394 c,Kepler-394,1,3,Transit,2014.0,12.130686,0.033212008,0.11,,1.66,,0.0,6402.0,1.132,,1058.72,990.2709049,1.931280622,159.6099688
Kepler-394 d,Kepler-394,1,3,Transit,2021.0,5.613580227,0.0,,,1.50066814,,0.0,6398.0,1.101,1.141,1058.72,,1.82239045,
Kepler-395 b,Kepler-395,1,2,Transit,2014.0,7.054346,0.019313747,0.061,,1.03,,0.0,4262.0,0.556,,421.382,620.4365901,0.091515196,24.59424781
Kepler-395 c,Kepler-395,1,2,Transit,2014.0,34.989262,0.095795379,0.177,,1.32,,0.0,4262.0,0.556,,421.382,364.2299772,0.091515196,2.92110173
Kepler-396 b,Kepler-396,1,2,Transit,2013.0,42.994,0.0,,,3.5,75.5,9.702740525,,1.06,0.85,223.757,,0.0,
Kepler-396 c,Kepler-396,1,2,Transit,2013.0,88.505,0.0,,,5.3,17.9,0.662486482,,1.06,0.85,223.757,,0.0,
Kepler-397 b,Kepler-397,1,2,Transit,2014.0,22.250949,0.060919778,0.144,,2.46,,0.0,5307.0,0.767,,,590.5776429,0.418674903,20.19072642
Kepler-397 c,Kepler-397,1,2,Transit,2014.0,135.498527,0.370974749,0.48,,6.18,,0.0,5307.0,0.767,,,323.472697,0.418674903,1.817165378
Kepler-398 b,Kepler-398,1,3,Transit,2014.0,4.081423,0.011174327,0.044,,0.93,,0.0,4493.0,0.613,,177.355,808.6336246,0.137390427,70.96612966
Kepler-398 c,Kepler-398,1,3,Transit,2014.0,11.419412,0.031264646,0.087,,1.01,,0.0,4493.0,0.613,,177.355,575.0670817,0.137390427,18.15172771
Kepler-398 d,Kepler-398,1,3,Transit,2016.0,6.83437001,0.0,,,0.88,,0.0,4557.0,0.67,0.72,177.355,,0.173682303,
Kepler-399 b,Kepler-399,1,3,Transit,2014.0,14.425281,0.039494267,0.103,,0.96,,0.0,5502.0,0.68,,740.537,681.6601545,0.380180659,35.83567343
Kepler-399 c,Kepler-399,1,3,Transit,2014.0,26.67569,0.073034059,0.155,,1.43,,0.0,5502.0,0.68,,740.537,555.6747617,0.380180659,15.82437708
Kepler-399 d,Kepler-399,1,3,Transit,2014.0,58.034616,0.158890119,0.261,,1.89,,0.0,5502.0,0.68,,740.537,428.2193297,0.380180659,5.580961222
Kepler-4 b,Kepler-4,1,1,Transit,2009.0,3.21346,0.008805095,0.0456,0.0,4.002,24.472,2.103729078,5857.0,1.487,1.223,487.916,1612.722947,2.334601086,1122.74983
Kepler-40 b,Kepler-40,1,1,Transit,2010.0,6.87349,0.018599622,0.08,0.0,13.11,699.2,1.709798546,6510.0,2.13,1.48,2305.01,1619.710044,7.310936488,1142.333826
Kepler-400 b,Kepler-400,1,2,Transit,2014.0,9.024389,0.024707431,0.087,,1.65,,0.0,5886.0,1.145,,845.97,1029.614982,1.411828207,186.527706
Kepler-400 c,Kepler-400,1,2,Transit,2014.0,17.340824,0.047476589,0.134,,1.49,,0.0,5886.0,1.145,,845.97,829.6254773,1.411828207,78.62709995
Kepler-401 b,Kepler-401,1,3,Transit,2014.0,14.383035,0.039378604,0.122,,1.71,,0.0,6117.0,1.333,,965.56,974.9562293,2.23205078,149.9631
Kepler-401 c,Kepler-401,1,3,Transit,2014.0,47.318218,0.12955022,0.269,,2.15,,0.0,6117.0,1.333,,965.56,656.581881,2.23205078,30.84604663
Kepler-401 d,Kepler-401,1,3,Transit,2016.0,184.256405,0.0,,,2.27,,0.0,6184.0,1.29,1.17,965.56,,2.183469824,
Kepler-402 b,Kepler-402,1,4,Transit,2014.0,4.028751,0.011030119,0.051,,1.22,,0.0,6090.0,1.264,,625.339,1461.898499,1.971755988,758.0761199
Kepler-402 c,Kepler-402,1,4,Transit,2014.0,6.124821,0.016768846,0.068,,1.56,,0.0,6090.0,1.264,,625.339,1266.041238,1.971755988,426.4178175
Kepler-402 d,Kepler-402,1,4,Transit,2014.0,8.921099,0.024424638,0.087,,1.38,,0.0,6090.0,1.264,,625.339,1119.29015,1.971755988,260.5041601
Kepler-402 e,Kepler-402,1,4,Transit,2014.0,11.242861,0.030781276,0.102,,1.46,,0.0,6090.0,1.264,,625.339,1033.718342,1.971755988,189.51903
Kepler-403 b,Kepler-403,1,3,Transit,2014.0,7.031462,0.019251094,0.076,,1.25,,0.0,6090.0,1.329,,840.269,1227.960694,2.179761524,377.3825353
Kepler-403 c,Kepler-403,1,3,Transit,2014.0,54.280749,0.148612591,0.297,,1.75,,0.0,6090.0,1.329,,840.269,621.1736675,2.179761524,24.71132791
Kepler-403 d,Kepler-403,1,3,Transit,2016.0,13.61159129,0.0,,,1.42,,0.0,6209.0,1.45,1.25,840.269,,2.803577035,
Kepler-404 b,Kepler-404,1,2,Transit,2014.0,11.829851,0.032388367,0.102,,1.27,,0.0,5654.0,0.884,,812.524,802.5892333,0.716502313,68.86796548
Kepler-404 c,Kepler-404,1,2,Transit,2014.0,14.751166,0.040386491,0.118,,1.72,,0.0,5654.0,0.884,,812.524,746.1951322,0.716502313,51.4580805
Kepler-405 b,Kepler-405,1,2,Transit,2014.0,10.613839,0.029059107,0.095,,2.08,,0.0,5818.0,0.893,,1065.08,860.1003459,0.819761722,90.83232375
Kepler-405 c,Kepler-405,1,2,Transit,2014.0,29.726682,0.08138722,0.188,,4.66,,0.0,5818.0,0.893,,1065.08,611.4092436,0.819761722,23.19380155
Kepler-406 b,Kepler-406,1,2,Transit,2014.0,2.42629,0.0,,,1.43,6.35,11.96512422,5538.0,1.07,1.07,364.03,,0.966204845,
Kepler-406 c,Kepler-406,1,2,Transit,2014.0,4.62332,0.0,,,0.85,2.71,24.3144311,5538.0,1.07,1.07,364.03,,0.966204845,
Kepler-407 b,Kepler-407,1,2,Transit,2014.0,0.6693124,0.0,,,1.19,1.93,6.310561793,5487.0,1.04,0.99,338.368,,0.87962258,
Kepler-407 c,Kepler-407,1,2,Radial Velocity,2014.0,3000.0,0.0,,,,4000.0,,5476.0,1.01,1.0,338.368,,0.822974456,
Kepler-408 b,Kepler-408,1,1,Transit,2014.0,2.46502,0.0,,,0.82,5.0,49.96662846,6104.0,1.23,1.08,88.7832,,1.884335251,
Kepler-409 b,Kepler-409,1,1,Transit,2014.0,68.9583216,0.18873782,0.3192,0.69,1.199,6.0,19.17985413,5421.0,0.897,0.913,68.173,438.1831429,0.623436701,6.118804816
Kepler-41 b,Kepler-41,1,1,Transit,2011.0,1.8555582,0.00509218,0.03101,0.0,14.46,177.98,0.324353002,5750.0,1.29,1.15,1093.08,1788.229666,1.632077018,1697.215998
Kepler-410 A b,Kepler-410 A,2,1,Transit,2013.0,17.833648,0.038960665,0.1226,0.17,2.838,,0.0,6273.0,1.352,1.214,147.527,1004.453594,2.539477582,168.9520412
Kepler-411 b,Kepler-411,2,4,Transit,2013.0,3.005156,0.007785514,0.0375,0.146,2.401,25.6,10.1909597,,0.82,0.87,153.676,0.0,0.0,0.0
Kepler-411 c,Kepler-411,2,4,Transit,2016.0,7.834435,0.021538082,0.0739,0.108,4.421,26.4,1.683425808,,0.82,0.87,153.676,0.0,0.0,0.0
Kepler-411 d,Kepler-411,2,4,Transit,2018.0,58.02035,0.157996213,0.279,0.128,3.319,15.2,2.2907275,,0.82,0.87,153.676,0.0,0.0,0.0
Kepler-411 e,Kepler-411,2,4,Transit Timing Variations,2018.0,31.509728,0.086002245,0.186,0.016,,10.8,,,0.82,0.87,153.676,0.0,0.0,0.0
Kepler-412 b,Kepler-412,1,1,Transit,2014.0,1.7208604,0.004564438,0.02897,,15.031269,299.07803,0.485231704,5750.0,1.287,1.167,1086.24,1847.967585,1.624494789,1935.625488
Kepler-413 b,Kepler-413,2,1,Transit,2014.0,66.262,0.233876123,0.3553,0.1181,4.347,67.0,4.494252627,4700.0,0.7761,0.82,847.536,334.9427445,0.263703958,2.088941287
Kepler-414 b,Kepler-414,1,2,Transit Timing Variations,2014.0,4.7,0.0,,,1.71,3.5,3.856837241,,0.946,0.89,413.46,,0.0,
Kepler-414 c,Kepler-414,1,2,Transit Timing Variations,2014.0,7.171,0.0,,,3.01,29.9,6.041201206,,0.946,0.89,413.46,,0.0,
Kepler-415 b,Kepler-415,1,2,Transit Timing Variations,2014.0,4.176,0.0,,,1.21,119.9,372.9191374,,0.643,0.67,530.487,,0.0,
Kepler-415 c,Kepler-415,1,2,Transit Timing Variations,2014.0,8.708,0.0,,,,,,,0.643,0.67,530.487,,0.0,
Kepler-416 b,Kepler-416,1,3,Transit Timing Variations,2014.0,6.319,0.0,,,2.48,58.2,21.02420299,,1.075,1.0,690.819,,0.0,
Kepler-416 c,Kepler-416,1,3,Transit Timing Variations,2014.0,12.209,0.0,,,,,,,1.075,1.0,690.819,,0.0,
Kepler-416 d,Kepler-416,1,3,Transit,2023.0,3.07644709,0.008428659,0.0407,0.0,1.61,,0.0,5670.0,1.022,0.949,690.819,1370.006983,0.968554085,584.7026453
Kepler-417 b,Kepler-417,1,2,Transit Timing Variations,2014.0,12.331,0.0,,,2.31,11.0,4.917092116,,0.806,0.9,973.989,,0.0,
Kepler-417 c,Kepler-417,1,2,Transit Timing Variations,2014.0,15.943,0.0,,,,,,,0.806,0.9,973.989,,0.0,
Kepler-418 b,Kepler-418,1,2,Transit,2014.0,86.67856,0.0,,0.2,13.45,349.6112477,0.791717313,5820.0,1.09,0.98,1002.53,,1.223023451,
Kepler-418 c,Kepler-418,1,2,Transit,2021.0,12.21829987,0.0,,,5.22108654,,0.0,5822.0,1.081,0.957,1002.53,,1.204564451,
Kepler-419 b,Kepler-419,1,2,Transit,2014.0,69.7546,0.190895278,0.37,0.833,10.8,794.5,3.475155432,6430.0,1.74,1.39,1011.36,672.3512454,4.643358742,33.91788709
Kepler-419 c,Kepler-419,1,2,Transit Timing Variations,2014.0,675.47,1.846955886,1.68,0.184,,2320.1,,6430.0,1.74,1.39,1011.36,315.5312913,4.643358742,1.64518096
Kepler-42 b,Kepler-42,1,3,Transit,2011.0,1.2137672,0.003465096,0.0116,,0.78,,0.0,3068.0,0.17,0.13,40.0595,566.3205224,0.002297255,17.07234331
Kepler-42 c,Kepler-42,1,3,Transit,2011.0,0.45328509,0.001289007,0.006,,0.73,,0.0,3068.0,0.17,0.13,40.0595,787.4367314,0.002297255,63.81262543
Kepler-42 d,Kepler-42,1,3,Transit,2011.0,1.865169,0.005300409,0.0154,,0.57,,0.0,3068.0,0.17,0.13,40.0595,491.5083884,0.002297255,9.686517606
Kepler-421 b,Kepler-421,1,1,Transit,2014.0,704.1984,1.510411582,1.219,0.041,4.16,,0.0,5308.0,0.757,0.794,348.558,201.6919105,0.40813634,0.274661542
Kepler-422 b,Kepler-422,1,1,Transit,2014.0,7.8914483,0.021896357,0.082,,12.89,136.66,0.351588178,5972.0,1.24,1.15,722.795,1119.786414,1.754738547,260.9664704
Kepler-423 b,Kepler-423,1,1,Transit,2014.0,2.6843285,0.007362483,0.03585,0.019,13.361,189.101,0.43684617,5560.0,0.95,0.85,758.753,1380.077555,0.773813366,602.0851376
Kepler-424 b,Kepler-424,1,2,Transit,2014.0,3.3118644,0.009183714,0.044,,9.98,327.35,1.814564124,5460.0,0.94,1.01,698.646,1216.863067,0.70455699,363.9240651
Kepler-424 c,Kepler-424,1,2,Radial Velocity,2014.0,223.3,0.620616908,0.73,,,2215.18,,5460.0,0.94,1.01,698.646,298.7491086,0.70455699,1.322118578
Kepler-425 b,Kepler-425,1,1,Transit,2014.0,3.79701816,0.010364193,0.0464,0.33,10.962,79.45,0.33233502,5170.0,0.86,0.93,646.647,1073.228648,0.474077043,220.197794
Kepler-426 b,Kepler-426,1,1,Transit,2014.0,3.21751883,0.008830389,0.0414,0.18,12.22,108.06,0.326289384,5725.0,0.92,0.91,843.695,1301.309837,0.815769509,475.9559786
Kepler-427 b,Kepler-427,1,1,Transit,2014.0,10.290994,0.028017312,0.091,0.57,13.79,92.17,0.193663773,5800.0,1.35,0.96,1017.8,1077.173499,1.850415941,223.453199
Kepler-428 b,Kepler-428,1,1,Transit,2014.0,3.52563254,0.009659891,0.0433,0.22,12.11,403.63,1.252283353,5150.0,0.8,0.87,686.284,1067.381701,0.403923146,215.4383168
Kepler-43 b,Kepler-43,1,1,Transit,2011.0,3.0240949,0.008587164,0.046,,13.663771,1026.5909,2.217365493,6041.0,1.42,1.32,1005.84,1618.398886,2.40936103,1138.639428
Kepler-430 b,Kepler-430,1,2,Transit,2015.0,35.968,0.098443037,0.2244,,3.25,,0.0,5884.0,1.485,1.166,917.477,729.8539171,2.37155616,47.09639967
Kepler-430 c,Kepler-430,1,2,Transit,2015.0,110.979,0.303843851,0.4757,,1.75,,0.0,5884.0,1.485,1.166,917.477,501.2804804,2.37155616,10.48014064
Kepler-431 b,Kepler-431,1,3,Transit,2015.0,6.803,0.018629389,0.0719,,0.764,,0.0,6004.0,1.092,1.071,486.546,1128.233618,1.390265869,268.930513
Kepler-431 c,Kepler-431,1,3,Transit,2015.0,8.703,0.023819376,0.0847,,0.668,,0.0,6004.0,1.092,1.071,486.546,1039.493496,1.390265869,193.7898561
Kepler-431 d,Kepler-431,1,3,Transit,2015.0,11.922,0.032642221,0.1045,,1.11,,0.0,6004.0,1.092,1.071,486.546,935.8480422,1.390265869,127.3108096
Kepler-432 b,Kepler-432,2,2,Transit,2015.0,52.501129,0.143735081,0.301,0.5134,12.834305,1719.4603,4.481533883,4995.0,4.06,1.32,848.023,884.5588667,9.206273809,101.6133796
Kepler-432 c,Kepler-432,2,2,Radial Velocity,2015.0,406.2,0.0,,0.498,,772.3269,,4995.0,4.06,1.32,848.023,,9.206273809,
Kepler-433 b,Kepler-433,1,1,Transit,2015.0,5.33408384,0.014642938,0.0679,0.119,16.25,896.24,1.150842325,6360.0,2.26,1.46,1878.31,1769.244795,7.49782312,1626.281203
Kepler-434 b,Kepler-434,1,1,Transit,2015.0,12.8747099,0.035305384,0.1143,0.131,12.67,908.96,2.462444927,5977.0,1.38,1.198,1222.54,1001.408244,2.180625298,166.9123937
Kepler-435 b,Kepler-435,1,1,Transit,2015.0,8.6001536,0.023536091,0.0948,0.114,22.31,266.97,0.132469333,6161.0,3.21,1.538,1418.77,1728.66578,13.32001611,1482.136065
Kepler-436 b,Kepler-436,1,2,Transit,2015.0,64.00205,0.231172294,0.339,0.19,2.73,,0.0,4651.0,0.697,0.729,588.867,321.5691355,0.203958009,1.774767094
Kepler-436 c,Kepler-436,1,2,Transit,2016.0,16.79713874,0.0,,,2.33,,0.0,4685.0,0.71,0.75,588.867,,0.217893828,
Kepler-437 b,Kepler-437,1,1,Transit,2015.0,66.65062,0.183814186,0.288,0.02,2.14,,0.0,4551.0,0.68,0.707,,337.1914288,0.177965171,2.145606331
Kepler-438 b,Kepler-438,1,1,Transit,2015.0,35.23319,0.091698595,0.166,0.03,1.12,,0.0,3748.0,0.52,0.544,,319.8590836,0.047873465,1.737315483
Kepler-439 b,Kepler-439,1,1,Transit,2015.0,178.1396,0.449300043,0.563,0.03,2.24,,0.0,5431.0,0.866,0.884,757.048,324.7850498,0.585389388,1.846834826
Kepler-44 b,Kepler-44,1,1,Transit,2011.0,3.2467293,0.008900067,0.0446,0.066,12.22,317.82,0.959664002,5800.0,1.35,1.12,1188.0,1538.646761,1.850415941,930.2499252
Kepler-440 b,Kepler-440,1,1,Transit,2015.0,101.11141,0.156996195,0.242,0.34,1.86,,0.0,4134.0,0.559,0.575,301.03,302.9564282,0.081883303,1.39818495
Kepler-441 b,Kepler-441,1,1,Transit,2015.0,207.2482,0.676973933,0.64,0.1,1.64,,0.0,4340.0,0.55,0.572,268.003,193.9959064,0.096288439,0.235079197
Kepler-442 b,Kepler-442,1,1,Transit,2015.0,112.3053,0.335178626,0.409,0.04,1.34,,0.0,4402.0,0.598,0.609,365.965,256.6554287,0.120473734,0.720187791
Kepler-443 b,Kepler-443,1,1,Transit,2015.0,177.6693,0.405396148,0.495,0.11,2.33,,0.0,4723.0,0.706,0.738,802.271,271.9751189,0.222521016,0.908156376
Kepler-444 b,Kepler-444,3,5,Transit,2015.0,3.6001053,0.009808849,0.04178,0.16,0.403,,0.0,5046.0,0.752,0.758,36.4396,1032.24652,0.328938355,188.4419738
Kepler-444 c,Kepler-444,3,5,Transit,2015.0,4.5458841,0.01238593,0.04881,0.31,0.497,,0.0,5046.0,0.752,0.758,36.4396,955.0217034,0.328938355,138.0692293
Kepler-444 d,Kepler-444,3,5,Transit,2015.0,6.189392,0.016880771,0.06,0.18,0.53,,0.0,5046.0,0.752,0.758,36.4396,861.374518,0.328938355,91.37176521
Kepler-444 e,Kepler-444,3,5,Transit,2015.0,7.743493,0.02109013,0.0696,0.1,0.546,,0.0,5046.0,0.752,0.758,36.4396,799.7661621,0.328938355,67.90410613
Kepler-444 f,Kepler-444,3,5,Transit,2015.0,9.740486,0.026527522,0.0811,0.29,0.741,,0.0,5046.0,0.752,0.758,36.4396,740.8959452,0.328938355,50.01183705
Kepler-445 b,Kepler-445,1,3,Transit,2015.0,2.984151,0.0,,0.0,1.58,,0.0,3157.0,0.21,0.18,127.201,,0.00393031,
Kepler-445 c,Kepler-445,1,3,Transit,2015.0,4.871229,0.0,,0.0,2.51,,0.0,3157.0,0.21,0.18,127.201,,0.00393031,
Kepler-445 d,Kepler-445,1,3,Transit,2015.0,8.15275,0.0,,0.0,1.25,,0.0,3157.0,0.21,0.18,127.201,,0.00393031,
Kepler-446 b,Kepler-446,1,3,Transit,2015.0,1.565409,0.0,,0.0,1.5,,0.0,3359.0,0.24,0.22,96.339,,0.006578886,
Kepler-446 c,Kepler-446,1,3,Transit,2015.0,3.036179,0.0,,0.0,1.11,,0.0,3359.0,0.24,0.22,96.339,,0.006578886,
Kepler-446 d,Kepler-446,1,3,Transit,2015.0,5.148921,0.0,,0.0,1.35,,0.0,3359.0,0.24,0.22,96.339,,0.006578886,
Kepler-447 b,Kepler-447,1,1,Transit,2015.0,7.79430132,0.021325023,0.0769,0.123,18.49,435.41,0.379524017,5493.0,1.05,1.0,268.041,978.7066907,0.900547955,152.283961
Kepler-448 c,KOI-12,1,2,Transit Timing Variations,2017.0,2500.0,7.027944223,4.2,0.65,,6992.26,,,1.4,1.5,399.398,0.0,0.0,0.0
Kepler-449 b,Kepler-449,1,2,Transit,2015.0,12.58242,0.034448789,,0.03,2.056,,0.0,5649.18,,,241.949,,0.0,
Kepler-449 c,Kepler-449,1,2,Transit,2015.0,33.6727,0.092190828,,0.05,2.764,,0.0,5649.18,,,241.949,,0.0,
Kepler-45 b,Kepler-45,1,1,Transit,2011.0,2.455239,0.006764814,0.03,0.11,10.76,160.497,0.709874709,3820.0,0.55,0.59,381.949,788.6704318,0.057792127,64.21347473
Kepler-450 b,Kepler-450,1,3,Transit,2015.0,28.454851,0.0,,0.02,6.14,,0.0,6197.21,1.64162,1.19,455.982,,3.566317223,
Kepler-450 c,Kepler-450,1,3,Transit,2015.0,15.413135,0.0,,0.02,2.62,,0.0,6197.21,1.64162,1.19,455.982,,3.566317223,
Kepler-450 d,Kepler-450,1,3,Transit,2015.0,7.51464,0.0,,0.14,0.837,,0.0,6197.21,1.64162,1.19,455.982,,3.566317223,
Kepler-451 c,2MASS J19383260+4603591,2,3,Eclipse Timing Variations,2022.0,1460.0,0.0,,0.29,,511.7037353,,29564.0,0.203,0.48,396.332,,28.24455263,
Kepler-451 d,2MASS J19383260+4603591,2,3,Eclipse Timing Variations,2022.0,43.0,0.0,,0.0,,559.3779963,,29564.0,0.203,0.48,396.332,,28.24455263,
Kepler-452 b,Kepler-452,1,1,Transit,2015.0,384.843,1.050529249,1.046,,1.63,,0.0,5757.0,1.11,1.037,551.727,285.9587271,1.214285266,1.10983229
Kepler-453 b,Kepler-453,2,1,Transit,2015.0,240.503,0.723106018,0.7903,0.0359,6.204,16.0,0.369195343,5527.0,0.833,0.944,442.846,273.6071567,0.580948602,0.930151621
Kepler-454 b,Kepler-454,2,3,Transit,2015.0,10.5737534,0.028979041,0.09528,0.32,2.37,5.4,2.235117303,5687.0,1.066,1.03,230.869,917.217717,1.066441832,117.4718141
Kepler-454 c,Kepler-454,2,3,Radial Velocity,2015.0,524.19,1.438630316,1.287,0.0053,,1433.406116,,5687.0,1.066,1.03,230.869,249.5652055,1.066441832,0.643843149
Kepler-454 d,Kepler-454,2,3,Radial Velocity,2023.0,4073.0,11.3484527,5.1,0.089,,734.1836202,,5687.0,1.066,1.03,230.869,125.3684398,1.066441832,0.041001224
Kepler-457 d,KOI-7892,1,3,Transit,2021.0,10.6906004,0.0,,,2.98467257,,0.0,6474.0,1.242,1.148,1072.3,,2.431217549,
Kepler-458 c,KIC 9663113,1,2,Transit,2016.0,20.74028413,0.0,,,4.2,,0.0,6117.21,2.21562,1.15,1594.74,,6.167284211,
Kepler-46 b,Kepler-46,1,3,Transit,2012.0,33.60134,0.091925155,0.1968,0.01,9.057,1907.0,14.14324904,5155.0,0.938,0.902,777.06,542.6615118,0.557455501,14.39328805
Kepler-46 c,Kepler-46,1,3,Transit Timing Variations,2012.0,57.011,0.155919732,0.2799,0.0146,,119.499,,5155.0,0.938,0.902,777.06,455.0300919,0.557455501,7.115483375
Kepler-46 d,Kepler-46,1,3,Transit,2014.0,6.766589,0.018525911,0.067,,1.64,,0.0,5309.0,0.79,,777.06,879.0232217,0.444830886,99.09353661
Kepler-460 c,KIC 5437945,1,2,Transit,2016.0,220.1303357,0.0,,,5.52,,0.0,6146.0,1.26,1.17,1274.01,,2.032362458,
Kepler-461 b,Kepler-461,1,1,Transit,2016.0,8.313783059,0.0,,,2.58,,0.0,5634.0,0.91,0.98,692.158,,0.748583077,
Kepler-462 b,Kepler-462,1,2,Transit,2016.0,84.6866,0.0,,0.042,3.0,53.9,10.99959259,7500.0,1.57,1.59,596.625,,6.997359844,
Kepler-462 c,Kepler-462,1,2,Transit,2020.0,207.62,0.0,,0.11,4.0,6.0,0.5165625,7500.0,1.57,1.59,596.625,,6.997359844,
Kepler-463 b,Kepler-463,1,1,Transit,2016.0,8.981016833,0.0,,,3.05,,0.0,5661.0,0.9,0.87,394.804,,0.746358509,
Kepler-464 b,Kepler-464,1,1,Transit,2016.0,7.256965224,0.0,,,3.3,,0.0,5933.0,1.59,1.21,667.604,,2.810486425,
Kepler-465 b,Kepler-465,1,1,Transit,2016.0,9.940672466,0.0,,,2.95,,0.0,6310.0,1.29,1.23,553.077,,2.366937049,
Kepler-466 b,Kepler-466,1,2,Transit,2016.0,51.07926307,0.0,,,2.85,,0.0,5927.0,1.05,1.04,530.122,,1.220697786,
Kepler-466 c,Kepler-466,1,2,Transit,2016.0,3.709213846,0.0,,,1.25,,0.0,5927.0,1.05,1.04,530.122,,1.220697786,
Kepler-467 b,Kepler-467,1,1,Transit,2016.0,24.99324193,0.0,,,2.25,,0.0,5809.0,1.37,1.05,466.265,,1.917504934,
Kepler-468 b,Kepler-468,1,1,Transit,2016.0,38.47875707,0.0,,,13.34,,0.0,5498.0,0.87,0.96,442.871,,0.620507874,
Kepler-47 b,Kepler-47,2,3,Transit,2012.0,49.4643,0.157744354,0.2877,0.021,3.05,2.07,0.401996643,,0.936,0.957,1025.02,0.0,0.0,0.0
Kepler-47 c,Kepler-47,2,3,Transit,2012.0,303.227,0.967218098,0.9638,0.044,4.65,3.17,0.173720873,,0.936,0.957,1025.02,0.0,0.0,0.0
Kepler-47 d,Kepler-47,2,3,Transit,2019.0,187.366,0.59764895,0.6992,0.024,7.04,19.02,0.30036141,,0.936,0.957,1025.02,0.0,0.0,0.0
Kepler-471 b,Kepler-471,1,1,Transit,2016.0,5.014234575,0.0,,,14.96,,0.0,6733.0,1.8,1.49,1249.41,,5.974056395,
Kepler-472 b,Kepler-472,1,1,Transit,2016.0,4.176255514,0.0,,,3.22,,0.0,4996.0,0.78,0.85,306.602,,0.340070355,
Kepler-473 b,Kepler-473,1,1,Transit,2016.0,14.55731705,0.0,,,4.08,,0.0,5816.0,1.34,1.06,905.937,,1.843304308,
Kepler-474 b,Kepler-474,1,1,Transit,2016.0,5.660672935,0.0,,,3.06,,0.0,5785.0,1.08,0.99,841.496,,1.172062616,
Kepler-475 b,Kepler-475,1,1,Transit,2016.0,3.105508189,0.0,,,2.49,,0.0,5009.0,0.79,0.86,280.069,,0.352491103,
Kepler-476 b,Kepler-476,1,1,Transit,2016.0,14.00640607,0.0,,,3.08,,0.0,5837.0,1.09,1.03,813.535,,1.237375803,
Kepler-477 b,Kepler-477,2,1,Transit,2016.0,11.11990653,0.0,,,2.07,,0.0,5240.0,0.79,0.87,,,0.42215232,
Kepler-478 b,Kepler-478,1,1,Transit,2016.0,13.2217576,0.0,,,2.71,,0.0,5210.0,0.8,0.85,,,0.423078267,
Kepler-479 b,Kepler-479,1,1,Transit,2016.0,12.49341307,0.0,,,2.12,,0.0,5247.0,0.81,0.86,344.901,,0.446173882,
Kepler-48 b,Kepler-48,1,5,Transit,2012.0,4.778,0.0,,,1.88,3.94,3.26718911,5194.0,0.89,0.88,306.738,,0.51722278,
Kepler-48 c,Kepler-48,1,5,Transit,2012.0,9.67395,0.0,,,2.71,14.61,4.044771034,5194.0,0.89,0.88,306.738,,0.51722278,
Kepler-48 d,Kepler-48,1,5,Transit,2014.0,42.8961,0.0,,,2.04,7.93,5.146764348,5194.0,0.89,0.88,306.738,,0.51722278,
Kepler-48 e,Kepler-48,1,5,Radial Velocity,2014.0,982.0,0.0,,,,657.0,,5194.0,0.89,0.88,306.738,,0.51722278,
Kepler-48 f,Kepler-48,1,5,Radial Velocity,2023.0,5219.681854,14.29071007,5.719187877,0.015283,,298.5809968,,,,0.916,306.738,0.0,0.0,0.0
Kepler-480 b,Kepler-480,1,1,Transit,2016.0,4.919583795,0.0,,,2.78,,0.0,6322.0,1.34,1.25,847.508,,2.573459943,
Kepler-481 b,Kepler-481,1,1,Transit,2016.0,10.06082567,0.0,,,2.5,,0.0,5802.0,1.09,1.01,813.724,,1.207963311,
Kepler-482 b,Kepler-482,1,1,Transit,2016.0,56.35418576,0.0,,,2.36,,0.0,4871.0,0.72,0.75,313.068,,0.261834796,
Kepler-483 b,Kepler-483,1,1,Transit,2016.0,30.229104,0.0,,,3.21,,0.0,6346.0,1.47,1.28,860.355,,3.144305899,
Kepler-484 b,Kepler-484,1,1,Transit,2016.0,10.04556931,0.0,,,2.28,,0.0,5668.0,0.87,0.96,382.136,,0.700886543,
Kepler-485 b,Kepler-485,1,1,Transit,2016.0,3.243259796,0.0,,,14.41,,0.0,5958.0,1.09,1.07,1140.95,,1.343212861,
Kepler-487 b,Kepler-487,1,3,Transit,2016.0,15.3587684,0.0,,,11.42,,0.0,5444.0,0.88,0.91,872.343,,0.610277924,
Kepler-487 c,Kepler-487,1,3,Transit,2016.0,38.6519976,0.0,,,2.68,,0.0,5444.0,0.88,0.91,872.343,,0.610277924,
Kepler-487 d,Kepler-487,1,3,Transit,2021.0,2.418390036,0.0,,,2.77513568,,0.0,5422.0,0.887,0.874,872.343,,0.610063641,
Kepler-489 b,Kepler-489,1,1,Transit,2016.0,17.27629612,0.0,,,7.72,,0.0,5014.0,0.76,0.82,369.645,,0.327532464,
Kepler-49 b,Kepler-49,1,4,Transit,2012.0,7.2,0.0,,,2.579,9.77,3.13828323,4095.6,0.618,0.607,311.222,,0.096413298,
Kepler-49 c,Kepler-49,1,4,Transit,2012.0,10.91,0.0,,0.008,2.444,8.38,3.162947714,4095.6,0.618,0.607,311.222,,0.096413298,
Kepler-49 d,Kepler-49,1,4,Transit,2014.0,2.576549,0.007054207,0.031,,1.6,,0.0,4252.0,0.559,,311.222,870.6223092,0.091640297,95.35931034
Kepler-49 e,Kepler-49,1,4,Transit,2014.0,18.596108,0.050913369,0.116,,1.56,,0.0,4252.0,0.559,,311.222,450.0716357,0.091640297,6.810366917
Kepler-490 b,Kepler-490,1,1,Transit,2016.0,3.268695154,0.0,,,11.65,,0.0,6045.0,1.12,1.08,1523.0,,1.50283436,
Kepler-491 b,Kepler-491,1,1,Transit,2016.0,4.225384512,0.0,,,8.92,,0.0,5582.0,1.03,1.04,630.785,,0.924109911,
Kepler-493 b,Kepler-493,1,1,Transit,2016.0,3.003876581,0.0,,,15.13,,0.0,6457.0,1.54,1.36,1745.77,,3.698745393,
Kepler-495 b,Kepler-495,1,2,Transit,2016.0,3.413036221,0.0,,,5.23,,0.0,5346.0,0.83,0.86,658.924,,0.504849409,
Kepler-495 c,Kepler-495,1,2,Transit,2021.0,5.896609783,0.0,,,1.21936414,,0.0,5392.0,1.087,0.888,658.924,,0.896083483,
Kepler-496 b,Kepler-496,1,1,Transit,2016.0,8.30864937,0.0,,,2.32,,0.0,5293.0,0.82,0.86,605.274,,0.473505612,
Kepler-497 b,Kepler-497,1,1,Transit,2016.0,3.573203671,0.0,,,6.04,,0.0,5834.0,1.11,1.09,1291.98,,1.280564643,
Kepler-498 b,Kepler-498,1,1,Transit,2016.0,9.61375356,0.0,,,3.03,,0.0,5744.0,0.96,0.98,938.844,,0.900098506,
Kepler-499 b,Kepler-499,1,1,Transit,2016.0,5.632528453,0.0,,,2.17,,0.0,5312.0,0.83,0.87,556.726,,0.492128255,
Kepler-5 b,Kepler-5,1,1,Transit,2009.0,3.5484657,0.010645843,0.0538,,15.984034,670.93913,0.905264596,6297.0,1.793,1.374,899.777,1752.847683,4.535082608,1566.825572
Kepler-50 b,Kepler-50,1,2,Transit,2012.0,7.81254,0.019187803,0.077,,1.71,,0.0,6225.0,1.58,1.24,250.11,1359.671565,3.363267781,567.2571734
Kepler-50 c,Kepler-50,1,2,Transit,2012.0,9.37647,0.02304454,0.087,,2.17,,0.0,6225.0,1.58,1.24,250.11,1279.144923,3.363267781,444.3477053
Kepler-500 b,Kepler-500,1,1,Transit,2016.0,8.508324398,0.0,,,2.58,,0.0,5813.0,1.03,1.02,807.48,,1.086839943,
Kepler-501 b,Kepler-501,1,2,Transit,2016.0,5.640677572,0.0,,,4.3,,0.0,5904.0,1.04,1.03,1125.24,,1.179076338,
Kepler-501 c,Kepler-501,1,2,Transit,2021.0,3.622760057,0.0,,,1.68119739,,0.0,5794.0,1.216,1.032,1125.24,,1.495102485,
Kepler-502 b,Kepler-502,1,1,Transit,2016.0,4.28686431,0.0,,,4.77,,0.0,6125.0,1.22,1.15,1591.04,,1.879463446,
Kepler-504 b,Kepler-504,2,1,Transit,2016.0,9.549275422,0.0,,,1.59,,0.0,3519.0,0.33,0.33,99.0688,,0.014982863,
Kepler-505 b,Kepler-505,1,1,Transit,2016.0,27.52197994,0.0,,,2.6,,0.0,3931.0,0.53,0.55,283.41,,0.060180219,
Kepler-506 b,Kepler-506,1,1,Transit,2016.0,6.8834055,0.0,,,2.73,,0.0,6236.0,1.19,1.19,228.439,,1.921357583,
Kepler-507 b,Kepler-507,1,1,Transit,2016.0,3.568096926,0.0,,,1.3,,0.0,6113.0,1.32,1.16,391.644,,2.183007841,
Kepler-508 b,Kepler-508,1,1,Transit,2016.0,25.30889748,0.0,,,1.64,,0.0,6025.0,1.25,1.16,324.618,,1.847302768,
Kepler-509 b,Kepler-509,1,1,Transit,2016.0,41.74600392,0.0,,,2.49,,0.0,6060.0,1.2,1.1,332.443,,1.742379845,
Kepler-51 b,Kepler-51,1,4,Transit,2012.0,45.154,0.123603634,0.2514,0.04,7.1,2.1,0.032329266,6018.0,0.94,1.04,783.831,561.1060509,1.039810721,16.45219105
Kepler-51 c,Kepler-51,1,4,Transit,2012.0,85.312,0.23333515,0.384,0.014,9.0,4.0,0.030233196,6018.0,0.94,1.04,783.831,454.0064017,1.039810721,7.051667756
Kepler-51 d,Kepler-51,1,4,Transit,2014.0,130.194,0.356090185,0.509,0.008,9.7,7.6,0.045882808,6018.0,0.94,1.04,783.831,394.3380619,1.039810721,4.013458033
Kepler-51 e,Kepler-51,1,4,Transit Timing Variations,2024.0,264.284,0.0,,0.02,,5.4,,5674.0,0.87,0.96,783.831,,0.703859021,
Kepler-510 b,Kepler-510,1,1,Transit,2016.0,19.55659418,0.0,,,2.47,,0.0,5746.0,1.41,0.91,386.177,,1.94442216,
Kepler-511 b,Kepler-511,1,2,Transit,2016.0,296.637865,0.0,,,6.35,,0.0,5770.0,1.2,1.0,651.999,,1.43204147,
Kepler-511 c,Kepler-511,1,2,Transit,2021.0,26.62949944,0.0,,,4.20964327,,0.0,5866.0,1.417,0.958,651.999,,2.133034034,
Kepler-512 b,Kepler-512,1,1,Transit,2016.0,34.43587975,0.0,,,2.69,,0.0,5997.0,1.3,1.17,467.375,,1.96115875,
Kepler-513 b,Kepler-513,1,1,Transit,2016.0,28.86235584,0.0,,,2.2,,0.0,5849.0,1.06,1.02,468.258,,1.179853448,
Kepler-514 b,Kepler-514,2,1,Transit,2016.0,5.65179605,0.0,,,1.72,,0.0,6106.0,1.44,1.28,455.336,,2.586080467,
Kepler-515 b,Kepler-515,2,1,Transit,2016.0,19.96371318,0.0,,,1.46,,0.0,5293.0,0.83,0.9,,,0.48512495,
Kepler-516 b,Kepler-516,1,1,Transit,2016.0,24.85462415,0.0,,,5.74,,0.0,7099.0,2.02,1.62,687.094,,9.29782341,
Kepler-517 b,Kepler-517,2,1,Transit,2016.0,60.92832271,0.0,,,2.67,,0.0,5690.0,0.98,0.95,289.907,,0.903214845,
Kepler-518 b,Kepler-518,1,1,Transit,2016.0,8.512035877,0.0,,,2.11,,0.0,5842.0,0.88,0.96,337.901,,0.80928484,
Kepler-519 b,Kepler-519,2,1,Transit,2016.0,24.3078946,0.0,,,2.1,,0.0,5260.0,0.8,0.89,246.61,,0.439554571,
Kepler-52 b,Kepler-52,1,3,Transit,2012.0,7.8773565,0.0,,,2.1,135.0,80.32069971,4075.0,0.52,0.54,321.542,,0.066897053,
Kepler-52 c,Kepler-52,1,3,Transit,2012.0,16.3850021,0.0,,,1.84,45.4,40.15632705,4075.0,0.52,0.54,321.542,,0.066897053,
Kepler-52 d,Kepler-52,1,3,Transit,2014.0,36.445171,0.09978144,0.182,,1.95,,0.0,4263.0,0.556,,321.542,359.2762533,0.091601116,2.765400186
Kepler-520 b,Kepler-520,1,2,Transit,2016.0,19.67416124,0.0,,,1.66,,0.0,6112.0,1.09,1.1,623.901,,1.487565947,
Kepler-520 c,Kepler-520,1,2,Transit,2016.0,5.21104261,0.0,,,1.07,,0.0,6112.0,1.09,1.1,623.901,,1.487565947,
Kepler-521 b,Kepler-521,1,1,Transit,2016.0,22.20813214,0.0,,,3.18,,0.0,6406.0,1.46,1.34,830.638,,3.220648278,
Kepler-522 b,Kepler-522,1,1,Transit,2016.0,38.58422849,0.0,,,6.91,,0.0,6392.0,1.98,1.54,639.239,,5.871746475,
Kepler-523 b,Kepler-523,1,1,Transit,2016.0,5.835983111,0.0,,,1.96,,0.0,5515.0,0.86,0.93,253.295,,0.613859271,
Kepler-524 b,Kepler-524,1,2,Transit,2016.0,7.97419807,0.0,,,1.91,,0.0,6014.0,1.1,1.09,1058.24,,1.42013266,
Kepler-524 c,Kepler-524,1,2,Transit,2016.0,1.88897906,0.0,,,0.96,,0.0,6014.0,1.1,1.09,1058.24,,1.42013266,
Kepler-525 b,Kepler-525,1,1,Transit,2016.0,18.68404933,0.0,,,2.63,,0.0,5573.0,1.15,0.95,992.852,,1.144568272,
Kepler-526 b,Kepler-526,1,1,Transit,2016.0,5.458498316,0.0,,,1.99,,0.0,5894.0,1.14,1.15,666.146,,1.407148975,
Kepler-527 b,Kepler-527,1,1,Transit,2016.0,13.28535633,0.0,,,2.84,,0.0,6388.0,1.45,1.28,750.04,,3.141126916,
Kepler-528 b,Kepler-528,1,1,Transit,2016.0,19.78297415,0.0,,,2.08,,0.0,5807.0,1.06,1.01,784.23,,1.146327958,
Kepler-529 b,Kepler-529,1,3,Transit,2016.0,1.980357663,0.0,,,1.86,,0.0,6087.0,1.14,1.07,799.008,,1.600710374,
Kepler-529 c,Kepler-529,1,3,Transit,2016.0,12.8345022,0.0,,,2.0,,0.0,6087.0,1.14,1.07,799.008,,1.600710374,
Kepler-529 d,Kepler-529,1,3,Transit,2021.0,35.86619949,0.0,,,2.79502603,,0.0,6078.0,1.189,1.005,799.008,,1.730997108,
Kepler-53 b,Kepler-53,1,3,Transit,2012.0,18.6489525,0.0,,,2.89,111.0,25.33850861,5858.0,0.89,0.98,1366.07,,0.836887985,
Kepler-53 c,Kepler-53,1,3,Transit,2012.0,38.5583038,0.0,,,3.17,36.0,6.226963398,5858.0,0.89,0.98,1366.07,,0.836887985,
Kepler-53 d,Kepler-53,1,3,Transit,2014.0,9.751962,0.026699417,0.091,,2.12,,0.0,6085.0,0.958,,1366.07,951.9937991,1.128920081,136.3265404
Kepler-530 b,Kepler-530,2,1,Transit,2016.0,39.30941904,0.0,,,3.01,,0.0,5697.0,0.89,0.97,457.709,,0.748608478,
Kepler-531 b,Kepler-531,1,1,Transit,2016.0,29.88485741,0.0,,,2.78,,0.0,4893.0,0.75,0.78,252.762,,0.289276557,
Kepler-532 b,Kepler-532,1,1,Transit,2016.0,12.92491623,0.0,,,2.57,,0.0,5192.0,0.79,0.87,312.798,,0.406895388,
Kepler-533 b,Kepler-533,1,1,Transit,2016.0,28.51120525,0.0,,,3.38,,0.0,4758.0,0.72,0.78,302.955,,0.238370547,
Kepler-534 b,Kepler-534,1,2,Transit,2016.0,15.95994513,0.0,,,2.24,,0.0,5884.0,0.98,1.05,570.659,,1.032839069,
Kepler-534 c,Kepler-534,1,2,Transit,2021.0,7.378689766,0.0,,,1.227,,0.0,5936.0,0.965,1.075,570.659,,1.037337423,
Kepler-535 b,Kepler-535,1,1,Transit,2016.0,4.903321551,0.0,,,2.36,,0.0,6123.0,1.27,1.18,685.599,,2.034015835,
Kepler-536 b,Kepler-536,1,1,Transit,2016.0,1.827082299,0.0,,,3.1,,0.0,5524.0,0.89,0.92,462.322,,0.661735666,
Kepler-537 b,Kepler-537,1,1,Transit,2016.0,3.247555219,0.0,,,1.41,,0.0,5763.0,0.99,1.07,439.4,,0.969961994,
Kepler-538 b,Kepler-538,2,1,Transit,2016.0,81.73778,0.224333281,0.3554,0.21,2.215,12.9,6.540638064,5534.0,0.8717,0.892,155.956,417.9029575,0.639411674,5.062274772
Kepler-539 b,Kepler-539,1,2,Transit,2016.0,125.63243,0.344119296,0.4988,0.39,8.373123,308.2951,2.89371535,5820.0,0.952,1.048,307.318,387.694567,0.932944235,3.749754161
Kepler-539 c,Kepler-539,1,2,Transit Timing Variations,2016.0,1000.0,3.677413005,2.42,0.5,,762.792,,5820.0,0.952,1.048,307.318,176.0132064,0.932944235,0.159303366
Kepler-54 b,Kepler-54,1,3,Transit,2012.0,8.0109434,0.0,,,2.1,,0.0,3705.0,0.5,0.51,271.701,,0.042265179,
Kepler-54 c,Kepler-54,1,3,Transit,2012.0,12.0717249,0.0,,,1.23,,0.0,3705.0,0.5,0.51,271.701,,0.042265179,
Kepler-54 d,Kepler-54,1,3,Transit,2014.0,20.995694,0.057483077,0.126,,1.53,,0.0,4252.0,0.554,,271.701,429.9068294,0.090008268,5.669455001
Kepler-540 b,Kepler-540,1,1,Transit,2016.0,172.7049784,0.0,,,2.71,,0.0,5946.0,1.08,1.02,390.374,,1.308088057,
Kepler-541 b,Kepler-541,1,1,Transit,2016.0,5.08005848,0.0,,,3.36,,0.0,6166.0,2.06,1.41,1060.68,,5.503492415,
Kepler-542 b,Kepler-542,1,1,Transit,2016.0,13.14497566,0.0,,,1.57,,0.0,5526.0,0.9,0.93,436.016,,0.677670204,
Kepler-543 b,Kepler-543,1,1,Transit,2016.0,13.89961966,0.0,,,2.5,,0.0,4671.0,0.67,0.7,221.802,,0.191725079,
Kepler-544 b,Kepler-544,1,1,Transit,2016.0,21.41616926,0.0,,,2.12,,0.0,6206.0,1.22,1.16,963.18,,1.980872835,
Kepler-545 b,Kepler-545,1,1,Transit,2016.0,13.24934059,0.0,,,2.69,,0.0,5882.0,1.07,1.04,818.001,,1.229581969,
Kepler-546 b,Kepler-546,1,1,Transit,2016.0,4.147020258,0.0,,,7.0,,0.0,5967.0,1.15,1.11,1019.65,,1.504214193,
Kepler-547 b,Kepler-547,1,1,Transit,2016.0,6.010384289,0.0,,,4.0,,0.0,4828.0,0.73,0.78,378.972,,0.259779344,
Kepler-548 b,Kepler-548,1,1,Transit,2016.0,4.454194338,0.0,,,11.99,,0.0,5535.0,0.9,0.93,751.776,,0.682095791,
Kepler-549 b,Kepler-549,1,3,Transit,2016.0,42.9495649,0.0,,,2.57,,0.0,5360.0,0.84,0.88,635.145,,0.52252561,
Kepler-549 c,Kepler-549,1,3,Transit,2016.0,117.040498,0.0,,,2.93,,0.0,5360.0,0.84,0.88,635.145,,0.52252561,
Kepler-549 d,Kepler-549,1,3,Transit,2023.0,24.61480613,0.067441039,0.1575,0.0,4.2,,0.0,5312.0,0.986,0.859,635.145,640.8667259,0.694505909,27.99721478
Kepler-55 b,Kepler-55,1,5,Transit,2012.0,27.9481449,0.0,,,2.43,,0.0,4362.0,0.58,0.62,578.796,,0.109266865,
Kepler-55 c,Kepler-55,1,5,Transit,2012.0,42.1516418,0.0,,,2.21,,0.0,4362.0,0.58,0.62,578.796,,0.109266865,
Kepler-55 d,Kepler-55,1,5,Transit,2014.0,2.211099,0.006053659,0.029,,1.59,,0.0,4503.0,0.619,,578.796,1003.135849,0.141344507,168.0671904
Kepler-55 e,Kepler-55,1,5,Transit,2014.0,4.617534,0.012642119,0.048,,1.55,,0.0,4503.0,0.619,,578.796,779.7190256,0.141344507,61.34744234
Kepler-55 f,Kepler-55,1,5,Transit,2014.0,10.198545,0.027922094,0.081,,1.59,,0.0,4503.0,0.619,,578.796,600.2279858,0.141344507,21.54313476
Kepler-550 b,Kepler-550,1,1,Transit,2016.0,8.600104109,0.0,,,4.42,,0.0,5322.0,0.83,0.87,531.944,,0.495844517,
Kepler-551 b,Kepler-551,1,1,Transit,2016.0,12.3764661,0.0,,,2.73,,0.0,4286.0,0.63,0.65,311.175,,0.12016545,
Kepler-552 b,Kepler-552,1,1,Transit,2016.0,5.263415765,0.0,,,3.95,,0.0,5863.0,1.04,1.03,843.689,,1.146663808,
Kepler-553 b,Kepler-553,1,2,Transit,2016.0,4.030467,0.011035199,0.04766,,4.74139884,116.0073686,5.99677435,5191.0,0.902,0.889,728.525,1088.901904,0.530038041,233.3452499
Kepler-553 c,Kepler-553,1,2,Transit,2016.0,328.24017,0.90253411,0.898,0.346,11.57887706,2129.450327,7.558224445,5191.0,0.902,0.889,728.525,250.8577992,0.530038041,0.657285978
Kepler-554 b,Kepler-554,1,1,Transit,2016.0,1.902208556,0.0,,,4.29,,0.0,5447.0,0.92,0.93,690.525,,0.66849014,
Kepler-555 b,Kepler-555,1,1,Transit,2016.0,16.21775407,0.0,,,2.83,,0.0,5894.0,1.04,1.03,973.121,,1.171108288,
Kepler-556 b,Kepler-556,1,1,Transit,2016.0,11.72292176,0.0,,,2.24,,0.0,5740.0,0.98,1.0,674.598,,0.935383212,
Kepler-557 b,Kepler-557,1,1,Transit,2016.0,3.705989551,0.0,,,2.67,,0.0,6068.0,1.16,1.11,2097.12,,1.636771736,
Kepler-558 b,Kepler-558,1,1,Transit,2016.0,29.00790538,0.0,,,2.37,,0.0,5242.0,0.81,0.85,661.876,,0.44447563,
Kepler-559 b,Kepler-559,1,1,Transit,2016.0,17.58752333,0.0,,,3.61,,0.0,5630.0,0.95,0.96,776.708,,0.813524506,
Kepler-56 b,Kepler-56,1,3,Transit,2012.0,10.5016,0.028688161,0.1028,,6.51,22.1,0.441368065,4840.0,4.23,1.32,912.994,1497.029873,8.809515647,833.6155399
Kepler-56 c,Kepler-56,1,3,Transit,2012.0,21.40239,0.058442408,0.1652,,9.8,181.0,1.059624391,4840.0,4.23,1.32,912.994,1180.924146,8.809515647,322.7988251
Kepler-56 d,Kepler-56,1,3,Radial Velocity,2016.0,1002.0,2.743326489,2.16,0.2,,1784.0,,4819.44,4.21799,,912.994,324.7386297,8.611667495,1.845779213
Kepler-560 b,Kepler-560,2,1,Transit,2016.0,18.47764449,0.0,,,1.72,,0.0,3556.0,0.33,0.34,109.308,,0.015623011,
Kepler-561 b,Kepler-561,1,2,Transit,2016.0,58.3620495,0.0,,,6.96,,0.0,5646.0,0.94,0.96,621.378,,0.805580699,
Kepler-561 c,Kepler-561,1,2,Transit,2016.0,5.350161983,0.0,,,2.68,,0.0,5646.0,0.94,0.96,621.378,,0.805580699,
Kepler-562 b,Kepler-562,1,1,Transit,2016.0,18.00931444,0.0,,,5.21,,0.0,5575.0,0.9,0.93,992.769,,0.702027873,
Kepler-563 b,Kepler-563,1,1,Transit,2016.0,22.18432708,0.0,,,3.09,,0.0,5066.0,0.77,0.8,565.207,,0.350374138,
Kepler-564 b,Kepler-564,1,1,Transit,2016.0,3.750832285,0.0,,,4.63,,0.0,5626.0,0.92,0.95,863.037,,0.760789335,
Kepler-565 b,Kepler-565,1,1,Transit,2016.0,4.243747226,0.0,,,3.64,,0.0,5735.0,0.95,0.98,,,0.87593272,
Kepler-566 b,Kepler-566,1,1,Transit,2016.0,18.42794624,0.0,,,2.15,,0.0,5132.0,0.79,0.83,564.277,,0.388410197,
Kepler-567 b,Kepler-567,1,1,Transit,2016.0,16.54297375,0.0,,,2.25,,0.0,5148.0,0.79,0.84,558.81,,0.393276671,
Kepler-568 b,Kepler-568,1,1,Transit,2016.0,11.02347475,0.0,,,2.26,,0.0,3768.0,0.53,0.55,130.645,,0.050802509,
Kepler-569 b,Kepler-569,1,1,Transit,2016.0,34.18890521,0.0,,,3.16,,0.0,5616.0,0.93,0.95,638.301,,0.771905515,
Kepler-57 b,Kepler-57,1,2,Transit,2012.0,5.72,0.0,,0.0162,3.135,25.06,4.481465217,5187.9,0.826,0.859,644.14,,0.443421074,
Kepler-57 c,Kepler-57,1,2,Transit,2012.0,11.6,0.0,,0.0725,2.196,6.86,3.569264292,5187.9,0.826,0.859,644.14,,0.443421074,
Kepler-570 b,Kepler-570,1,1,Transit,2016.0,4.301662003,0.0,,,2.45,,0.0,5496.0,0.9,0.93,568.148,,0.663073643,
Kepler-571 b,Kepler-571,1,1,Transit,2016.0,4.798599388,0.0,,,2.64,,0.0,5527.0,0.9,0.93,723.875,,0.67816087,
Kepler-572 b,Kepler-572,1,1,Transit,2016.0,17.20523483,0.0,,,2.58,,0.0,5212.0,0.79,0.83,504.667,,0.413201282,
Kepler-573 b,Kepler-573,1,1,Transit,2016.0,22.18329658,0.0,,,2.79,,0.0,5746.0,1.02,0.99,771.471,,1.017542787,
Kepler-574 b,Kepler-574,1,1,Transit,2016.0,7.65880414,0.0,,,2.39,,0.0,5612.0,0.91,0.95,682.896,,0.736958927,
Kepler-575 b,Kepler-575,1,1,Transit,2016.0,9.37891944,0.0,,,2.39,,0.0,5710.0,0.95,0.97,853.977,,0.860758844,
Kepler-576 b,Kepler-576,1,1,Transit,2016.0,29.91136794,0.0,,,3.27,,0.0,5672.0,0.97,0.99,617.55,,0.87373193,
Kepler-577 b,Kepler-577,1,1,Transit,2016.0,25.69578251,0.0,,,2.55,,0.0,4984.0,0.73,0.78,524.247,,0.29501745,
Kepler-578 b,Kepler-578,1,1,Transit,2016.0,1.616883696,0.0,,,2.0,,0.0,5334.0,0.83,0.87,541.432,,0.50033177,
Kepler-579 b,Kepler-579,1,1,Transit,2016.0,9.66857723,0.0,,,2.0,,0.0,5636.0,0.96,0.99,530.765,,0.834288493,
Kepler-58 b,Kepler-58,1,4,Transit,2012.0,10.2184954,0.0,,,2.78,35.5,9.104279125,5843.0,1.03,0.95,969.252,,1.109450281,
Kepler-58 c,Kepler-58,1,4,Transit,2012.0,15.5741568,0.0,,,2.86,53.0,12.48329889,5843.0,1.03,0.95,969.252,,1.109450281,
Kepler-58 d,Kepler-58,1,4,Transit,2014.0,40.101371,0.10979157,0.236,,2.94,,0.0,6099.0,1.127,,969.252,642.6523034,1.57678404,28.31054367
Kepler-58 e,Kepler-58,1,4,Transit,2023.0,4.45814897,0.012201981,0.0533,0.0,1.61,,0.0,6100.0,1.083,1.017,969.252,1325.842504,1.45702198,512.8751833
Kepler-580 b,Kepler-580,1,1,Transit,2016.0,8.222419656,0.0,,,2.57,,0.0,4298.0,0.64,0.67,323.899,,0.12540517,
Kepler-581 b,Kepler-581,1,1,Transit,2016.0,40.6069821,0.0,,,2.63,,0.0,5772.0,1.0,1.0,703.758,,0.995852779,
Kepler-582 b,Kepler-582,1,1,Transit,2016.0,18.49235668,0.0,,,3.68,,0.0,5564.0,0.91,0.93,613.179,,0.712067427,
Kepler-583 b,Kepler-583,1,1,Transit,2016.0,6.5100253,0.0,,,2.28,,0.0,5523.0,0.91,0.94,867.271,,0.69130995,
Kepler-584 b,Kepler-584,1,1,Transit,2016.0,35.1810304,0.0,,,4.21,,0.0,6195.0,1.24,1.17,1848.84,,2.031881907,
Kepler-585 b,Kepler-585,1,1,Transit,2016.0,2.752359753,0.0,,,2.83,,0.0,5593.0,0.93,0.96,585.187,,0.759337808,
Kepler-586 b,Kepler-586,1,1,Transit,2016.0,2.104722184,0.0,,,2.79,,0.0,5575.0,0.92,0.94,693.766,,0.733575793,
Kepler-587 b,Kepler-587,1,1,Transit,2016.0,10.94027841,0.0,,,2.23,,0.0,5549.0,0.89,0.92,787.894,,0.673796518,
Kepler-588 b,Kepler-588,1,1,Transit,2016.0,4.221625357,0.0,,,2.63,,0.0,5835.0,1.0,1.01,1209.4,,1.04004778,
Kepler-589 b,Kepler-589,1,2,Transit,2016.0,16.54964934,0.0,,,2.27,,0.0,5296.0,0.83,0.88,612.803,,0.486225734,
Kepler-589 c,Kepler-589,1,2,Transit,2021.0,3.52466011,0.0,,,1.11727238,,0.0,5372.0,0.916,0.832,612.803,,0.626938316,
Kepler-59 b,Kepler-59,1,2,Transit,2012.0,11.8681707,0.0,,,1.1,,0.0,6074.0,0.94,1.04,1163.22,,1.079057798,
Kepler-59 c,Kepler-59,1,2,Transit,2012.0,17.9801235,0.0,,,1.98,,0.0,6074.0,0.94,1.04,1163.22,,1.079057798,
Kepler-590 b,Kepler-590,1,1,Transit,2016.0,5.85296257,0.0,,,4.02,,0.0,6000.0,1.15,1.1,1421.81,,1.537766984,
Kepler-591 b,Kepler-591,1,1,Transit,2016.0,81.1694299,0.0,,,3.39,,0.0,5677.0,0.94,0.97,785.137,,0.823419474,
Kepler-592 b,Kepler-592,1,1,Transit,2016.0,2.820192408,0.0,,,2.39,,0.0,5913.0,1.04,1.04,1153.13,,1.186282284,
Kepler-593 b,Kepler-593,1,1,Transit,2016.0,21.21708973,0.0,,,2.87,,0.0,5967.0,1.1,1.08,973.76,,1.376256464,
Kepler-594 b,Kepler-594,1,1,Transit,2016.0,13.64618192,0.0,,,2.18,,0.0,5485.0,0.87,0.91,769.2,,0.614659903,
Kepler-595 b,Kepler-595,1,2,Transit,2016.0,25.3029092,0.0,,,3.708,17.4,1.880536082,,0.821,0.93,643.009,,0.0,
Kepler-595 c,Kepler-595,1,2,Transit,2020.0,12.38602,0.0,,,1.009,3.3,17.70076515,,0.821,0.93,643.009,,0.0,
Kepler-596 b,Kepler-596,1,1,Transit,2016.0,21.30022655,0.0,,,3.46,,0.0,6267.0,1.32,1.21,1023.85,,2.41144017,
Kepler-597 b,Kepler-597,1,1,Transit,2016.0,13.02365861,0.0,,,2.37,,0.0,5683.0,0.95,0.97,663.418,,0.844593403,
Kepler-598 b,Kepler-598,1,2,Transit,2016.0,3.70175428,0.0,,,1.5,,0.0,5307.0,0.86,0.87,681.086,,0.526360272,
Kepler-598 c,Kepler-598,1,2,Transit,2020.0,86.4945,0.0,,,3.02420941,,0.0,5245.0,0.900316,0.9,681.086,,0.550378876,
Kepler-599 b,Kepler-599,1,1,Transit,2016.0,15.65562652,0.0,,,2.84,,0.0,5127.0,0.79,0.83,558.517,,0.386898728,
Kepler-6 b,Kepler-6,1,1,Transit,2009.0,3.2346996,0.00972004,0.04852,,14.616536,212.31044,0.374618799,5647.0,1.391,1.209,587.039,1457.915775,1.765286748,749.8487581
Kepler-60 b,Kepler-60,1,3,Transit,2012.0,7.1334,0.0,,,1.71,4.19,4.617185155,5905.0,1.257,1.041,1025.1,,1.723614001,
Kepler-60 c,Kepler-60,1,3,Transit,2012.0,8.9187,0.0,,,1.9,3.85,3.092797784,5905.0,1.257,1.041,1025.1,,1.723614001,
Kepler-60 d,Kepler-60,1,3,Transit,2012.0,11.8981,0.0,,,1.99,4.16,2.908611389,5905.0,1.257,1.041,1025.1,,1.723614001,
Kepler-600 b,Kepler-600,1,1,Transit,2016.0,23.67517607,0.0,,,2.9,,0.0,5279.0,0.81,0.84,619.723,,0.457158223,
Kepler-601 b,Kepler-601,1,1,Transit,2016.0,5.378868441,0.0,,,1.9,,0.0,5160.0,0.79,0.85,414.825,,0.396956428,
Kepler-602 b,Kepler-602,1,1,Transit,2016.0,15.28469497,0.0,,,2.09,,0.0,6062.0,1.13,1.08,1159.31,,1.547071783,
Kepler-603 b,Kepler-603,1,3,Transit,2016.0,21.05358596,0.0,,,2.65,,0.0,5808.0,1.01,1.01,1539.63,,1.041451448,
Kepler-603 c,Kepler-603,1,3,Transit,2016.0,127.9075774,0.0,,,6.5,,0.0,5808.0,1.01,1.01,1539.63,,1.041451448,
Kepler-603 d,Kepler-603,1,3,Transit,2016.0,6.2171292,0.0,,,1.32,,0.0,5808.0,1.01,1.01,1539.63,,1.041451448,
Kepler-604 b,Kepler-604,1,1,Transit,2016.0,25.85501786,0.0,,,2.59,,0.0,5890.0,1.03,1.02,1026.49,,1.145580147,
Kepler-605 b,Kepler-605,1,2,Transit,2016.0,3.383538066,0.0,,,1.44,,0.0,5462.0,0.88,0.91,556.58,,0.618389316,
Kepler-605 c,Kepler-605,1,2,Transit,2016.0,2.358951515,0.0,,,0.86,,0.0,5462.0,0.88,0.91,556.58,,0.618389316,
Kepler-606 b,Kepler-606,1,1,Transit,2016.0,24.31575992,0.0,,,3.31,,0.0,6161.0,1.22,1.13,1215.11,,1.924041107,
Kepler-607 b,Kepler-607,1,2,Transit,2016.0,0.638163204,0.0,,,0.87,,0.0,5196.0,0.8,0.84,519.122,,0.418549082,
Kepler-607 c,Kepler-607,1,2,Transit,2021.0,39.67679977,0.0,,,2.76001201,,0.0,5244.0,0.888,0.808,519.122,,0.535015684,
Kepler-608 b,Kepler-608,1,1,Transit,2016.0,6.412515037,0.0,,,3.64,,0.0,5820.0,1.01,1.0,946.683,,1.050085197,
Kepler-609 b,Kepler-609,1,1,Transit,2016.0,6.521210666,0.0,,,3.35,,0.0,5971.0,1.14,1.09,1065.82,,1.482135254,
Kepler-61 b,Kepler-61,1,1,Transit,2013.0,59.87756,0.0,,0.25,2.15,,0.0,4017.0,0.62,0.635,335.079,,0.089800872,
Kepler-610 b,Kepler-610,1,2,Transit,2016.0,6.996926554,0.0,,,4.19,,0.0,5943.0,1.13,1.1,845.824,,1.429123162,
Kepler-610 c,Kepler-610,1,2,Transit,2016.0,151.86392,0.0,,,3.3,,0.0,5943.0,1.13,1.1,845.824,,1.429123162,
Kepler-611 b,Kepler-611,1,1,Transit,2016.0,2.437033302,0.0,,,1.65,,0.0,5761.0,1.01,1.01,1395.56,,1.008147549,
Kepler-612 b,Kepler-612,1,1,Transit,2016.0,3.722156413,0.0,,,2.84,,0.0,5693.0,0.96,0.98,1445.53,,0.868554453,
Kepler-613 b,Kepler-613,1,1,Transit,2016.0,15.77979614,0.0,,,2.29,,0.0,5723.0,0.96,0.98,861.494,,0.887007516,
Kepler-614 b,Kepler-614,1,1,Transit,2016.0,14.03491514,0.0,,,2.39,,0.0,5268.0,0.81,0.85,527.995,,0.453359742,
Kepler-615 b,Kepler-615,1,1,Transit,2016.0,10.35584657,0.0,,,1.74,,0.0,4655.0,0.69,0.73,,,0.200570369,
Kepler-616 b,Kepler-616,1,3,Transit,2016.0,9.99761851,0.0,,,2.43,,0.0,5753.0,0.97,0.98,945.775,,0.924721201,
Kepler-616 c,Kepler-616,1,3,Transit,2016.0,90.4113556,0.0,,,3.41,,0.0,5753.0,0.97,0.98,945.775,,0.924721201,
Kepler-616 d,Kepler-616,1,3,Transit,2021.0,51.06740189,0.0,,,2.653,,0.0,6004.0,0.977,1.061,945.775,,1.112863021,
Kepler-617 b,Kepler-617,1,1,Transit,2016.0,1.682696148,0.0,,,1.32,,0.0,3712.0,0.48,0.51,173.354,,0.039246795,
Kepler-618 b,Kepler-618,1,1,Transit,2016.0,3.595769645,0.0,,,2.6,,0.0,5860.0,1.08,1.05,1221.96,,1.234035988,
Kepler-619 b,Kepler-619,1,3,Transit,2016.0,5.404272197,0.0,,,3.16,,0.0,5980.0,1.11,1.09,900.678,,1.413645593,
Kepler-619 c,Kepler-619,1,3,Transit,2016.0,1.208465026,0.0,,,1.69,,0.0,5980.0,1.11,1.09,900.678,,1.413645593,
Kepler-619 d,Kepler-619,1,3,Transit,2023.0,11.67894236,0.031975198,0.1021,0.0,4.17,,0.0,6122.0,0.964,1.041,900.678,907.0483754,1.171162664,112.3481006
Kepler-62 b,Kepler-62,1,5,Transit,2013.0,5.714932,0.015655363,0.0553,,1.31,9.0,22.05871559,4925.0,0.64,0.69,300.874,807.8767967,0.216209482,70.70082388
Kepler-62 c,Kepler-62,1,5,Transit,2013.0,12.4417,0.034087804,0.0929,,0.54,4.0,139.9685007,4925.0,0.64,0.69,300.874,623.3038988,0.216209482,25.05205228
Kepler-62 d,Kepler-62,1,5,Transit,2013.0,18.16406,0.050043459,0.12,,1.95,14.0,10.40341206,4925.0,0.64,0.69,300.874,548.4247897,0.216209482,15.0145474
Kepler-62 e,Kepler-62,1,5,Transit,2013.0,122.3874,0.335905618,0.427,,1.61,36.0,47.53094747,4925.0,0.64,0.69,300.874,290.7326206,0.216209482,1.185820591
Kepler-62 f,Kepler-62,1,5,Transit,2013.0,267.291,0.732423248,0.718,,1.41,35.0,68.79586019,4925.0,0.64,0.69,300.874,224.2050954,0.216209482,0.419397511
Kepler-620 b,Kepler-620,1,1,Transit,2016.0,12.91375431,0.0,,,3.32,,0.0,6155.0,1.22,1.15,1355.28,,1.916557001,
Kepler-621 b,Kepler-621,1,1,Transit,2016.0,2.628113746,0.0,,,2.3,,0.0,4521.0,0.68,0.72,,,0.173318812,
Kepler-622 b,Kepler-622,1,1,Transit,2016.0,14.28226676,0.0,,,2.13,,0.0,4201.0,0.61,0.64,284.761,,0.103982498,
Kepler-623 b,Kepler-623,1,1,Transit,2016.0,9.07097734,0.0,,,3.01,,0.0,5443.0,0.86,0.9,737.702,,0.582425109,
Kepler-624 b,Kepler-624,1,1,Transit,2016.0,14.58649607,0.0,,,2.31,,0.0,6117.0,1.18,1.1,748.188,,1.749072399,
Kepler-625 b,Kepler-625,1,2,Transit,2016.0,7.75192492,0.0,,,1.99,,0.0,5789.0,0.96,1.04,760.708,,0.928638135,
Kepler-625 c,Kepler-625,1,2,Transit,2016.0,4.1653651,0.0,,,1.05,,0.0,5789.0,0.96,1.04,760.708,,0.928638135,
Kepler-626 b,Kepler-626,1,1,Transit,2016.0,14.48585199,0.0,,,2.29,,0.0,5813.0,1.05,1.01,635.643,,1.1294571,
Kepler-627 b,Kepler-627,1,1,Transit,2016.0,40.6994443,0.0,,,3.73,,0.0,6424.0,1.49,1.3,984.307,,3.392223949,
Kepler-629 b,Kepler-629,1,1,Transit,2016.0,7.2385854,0.0,,,1.38,,0.0,5444.0,0.84,0.93,372.05,,0.556059018,
Kepler-63 b,Kepler-63,1,1,Transit,2013.0,9.4341505,0.022810638,0.08,0.45,6.11,120.0,2.898739671,5576.0,0.901,0.984,194.033,902.3014301,0.704093755,110.0146492
Kepler-630 b,Kepler-630,1,1,Transit,2016.0,161.4743937,0.0,,,3.18,,0.0,5829.0,1.04,1.02,839.784,,1.120295908,
Kepler-631 b,Kepler-631,1,1,Transit,2016.0,17.97979059,0.0,,,2.9,,0.0,6185.0,1.33,1.24,761.966,,2.322479813,
Kepler-632 b,Kepler-632,1,1,Transit,2016.0,30.99660733,0.0,,,2.21,,0.0,5322.0,0.84,0.91,,,0.507864554,
Kepler-633 b,Kepler-633,1,2,Transit,2016.0,8.50340718,0.0,,,1.63,,0.0,5899.0,1.15,1.02,680.54,,1.43680925,
Kepler-633 c,Kepler-633,1,2,Transit,2021.0,23.78319931,0.0,,,2.296,,0.0,5877.0,1.265,0.997,680.54,,1.712748768,
Kepler-634 b,Kepler-634,1,1,Transit,2016.0,5.16950177,0.0,,,1.89,,0.0,6075.0,1.24,1.03,888.027,,1.878963524,
Kepler-635 b,Kepler-635,1,1,Transit,2016.0,23.44971004,0.0,,,2.64,,0.0,6174.0,1.51,1.33,1141.08,,2.972420481,
Kepler-636 b,Kepler-636,2,1,Transit,2016.0,16.08066115,0.0,,,4.45,,0.0,5203.0,0.8,0.85,310.301,,0.420809105,
Kepler-637 b,Kepler-637,1,1,Transit,2016.0,23.20584623,0.0,,,4.75,,0.0,6096.0,2.56,1.64,786.091,,8.119880054,
Kepler-638 b,Kepler-638,1,1,Transit,2016.0,6.07972888,0.0,,,1.83,,0.0,5382.0,0.93,0.88,991.214,,0.651074252,
Kepler-639 b,Kepler-639,1,1,Transit,2016.0,10.21420496,0.0,,,2.38,,0.0,5896.0,1.29,1.14,850.242,,1.804260203,
Kepler-640 b,Kepler-640,1,1,Transit,2016.0,22.24813967,0.0,,,2.56,,0.0,5653.0,0.94,1.01,557.787,,0.809583222,
Kepler-641 b,Kepler-641,1,1,Transit,2016.0,9.48961571,0.0,,,1.85,,0.0,5713.0,1.13,1.02,969.918,,1.22040403,
Kepler-642 b,Kepler-642,1,1,Transit,2016.0,4.41745855,0.0,,,2.9,,0.0,6570.0,1.66,1.4,781.582,,4.606462121,
Kepler-643 b,Kepler-643,1,1,Transit,2016.0,16.33889626,0.0,,,10.16,,0.0,4908.0,2.52,1.0,1063.58,,3.306047947,
Kepler-644 b,Kepler-644,1,1,Transit,2016.0,3.173917103,0.0,,,3.15,,0.0,6747.0,1.81,1.49,1318.05,,6.091017403,
Kepler-645 b,Kepler-645,1,1,Transit,2016.0,3.275822621,0.0,,,2.1,,0.0,6170.0,1.21,1.13,1173.57,,1.903711997,
Kepler-646 b,Kepler-646,1,1,Transit,2016.0,15.87364565,0.0,,,1.99,,0.0,5634.0,0.91,0.93,451.794,,0.748583077,
Kepler-647 b,Kepler-647,1,2,Transit,2016.0,16.2254649,0.0,,,1.17,,0.0,6020.0,1.07,1.03,1087.87,,1.349097602,
Kepler-647 c,Kepler-647,1,2,Transit,2020.0,29.6663,0.0,,,4.00135002,,0.0,5906.74,1.54571,1.07,1087.87,,2.609379836,
Kepler-648 b,Kepler-648,1,1,Transit,2016.0,17.4211749,0.0,,,3.22,,0.0,5741.0,0.98,1.05,636.03,,0.936035217,
Kepler-649 b,Kepler-649,1,1,Transit,2016.0,29.90722674,0.0,,,2.26,,0.0,5871.0,0.94,0.97,513.748,,0.941876321,
Kepler-65 b,Kepler-65,1,4,Transit,2012.0,2.15491,0.00585662,0.035,,1.42,,0.0,6211.0,1.41,1.25,303.728,1900.853041,2.654447818,2166.896178
Kepler-65 c,Kepler-65,1,4,Transit,2012.0,5.859944,0.015860189,0.068,,2.58,,0.0,6211.0,1.41,1.25,303.728,1363.7291,2.654447818,574.0587842
Kepler-65 d,Kepler-65,1,4,Transit,2012.0,8.13123,0.021775289,0.084,,1.52,,0.0,6211.0,1.41,1.25,303.728,1226.995362,2.654447818,376.1972531
Kepler-65 e,Kepler-65,1,4,Radial Velocity,2019.0,258.8,0.0,,0.283,,260.0,,,1.437,1.248,303.728,,0.0,
Kepler-650 b,Kepler-650,1,1,Transit,2016.0,3.032145588,0.0,,,2.96,,0.0,5849.0,1.35,1.08,884.378,,1.913744134,
Kepler-651 b,Kepler-651,1,1,Transit,2016.0,21.38521506,0.0,,,2.37,,0.0,5522.0,0.87,0.92,509.408,,0.631413647,
Kepler-652 b,Kepler-652,1,1,Transit,2016.0,4.182002531,0.0,,,2.49,,0.0,5490.0,0.88,0.97,394.55,,0.631167419,
Kepler-653 b,Kepler-653,1,2,Transit,2016.0,14.70748976,0.0,,,1.95,,0.0,5665.0,1.19,1.02,595.634,,1.308529234,
Kepler-653 c,Kepler-653,1,2,Transit,2016.0,0.900376476,0.0,,,0.78,,0.0,5665.0,1.19,1.02,595.634,,1.308529234,
Kepler-654 b,Kepler-654,1,1,Transit,2016.0,13.72465129,0.0,,,2.07,,0.0,5865.0,1.11,1.04,974.124,,1.30800039,
Kepler-655 b,Kepler-655,1,1,Transit,2016.0,46.4063358,0.0,,,2.71,,0.0,6170.0,1.24,1.15,752.562,,1.999281174,
Kepler-656 b,Kepler-656,1,2,Transit,2016.0,1.260259094,0.0,,,3.12,,0.0,5281.0,0.82,0.86,890.352,,0.469226169,
Kepler-656 c,Kepler-656,1,2,Transit,2023.0,5.25449393,0.014414517,0.0602,0.0,1.41,,0.0,5550.0,0.954,1.05,890.352,1065.320792,0.774744554,213.7792501
Kepler-657 b,Kepler-657,1,1,Transit,2016.0,24.54350418,0.0,,,3.52,,0.0,5808.0,1.01,1.01,1691.88,,1.041451448,
Kepler-658 b,Kepler-658,1,1,Transit,2016.0,1.287076762,0.0,,,1.63,,0.0,4103.0,0.6,0.63,388.384,,0.091537368,
Kepler-659 b,Kepler-659,1,1,Transit,2016.0,17.671796,0.0,,,2.5,,0.0,4870.0,0.74,0.79,722.64,,0.27635615,
Kepler-66 b,Kepler-66,1,1,Transit,2013.0,17.815815,0.048793993,0.1352,,2.8,,0.0,5962.0,0.966,1.038,1202.96,768.4288606,1.057820525,57.87068278
Kepler-660 b,Kepler-660,1,1,Transit,2016.0,9.27358194,0.0,,,2.57,,0.0,4779.0,0.71,0.75,568.431,,0.235914519,
Kepler-661 b,Kepler-661,1,1,Transit,2016.0,6.029301321,0.0,,,3.07,,0.0,4483.0,0.67,0.7,534.788,,0.162672601,
Kepler-662 b,Kepler-662,1,1,Transit,2016.0,21.67697486,0.0,,,2.18,,0.0,4897.0,0.74,0.79,815.637,,0.282535943,
Kepler-663 b,Kepler-663,1,1,Transit,2016.0,4.99678284,0.0,,,2.6,,0.0,5264.0,0.82,0.86,1063.09,,0.46321336,
Kepler-664 b,Kepler-664,1,1,Transit,2016.0,2.525593315,0.0,,,2.66,,0.0,5754.0,1.02,1.01,1210.12,,1.023221422,
Kepler-665 b,Kepler-665,1,1,Transit,2016.0,16.01310205,0.0,,,2.6,,0.0,4913.0,0.74,0.79,612.838,,0.286246606,
Kepler-666 b,Kepler-666,1,1,Transit,2016.0,4.49876092,0.0,,,2.4,,0.0,5887.0,1.05,1.03,1508.71,,1.188077008,
Kepler-667 b,Kepler-667,1,1,Transit,2016.0,41.43962808,0.0,,,4.73,,0.0,5327.0,0.87,0.91,2302.45,,0.546838574,
Kepler-668 b,Kepler-668,1,1,Transit,2016.0,8.35390639,0.0,,,2.7,,0.0,5352.0,0.82,0.87,784.618,,0.494973529,
Kepler-669 b,Kepler-669,1,1,Transit,2016.0,4.125546869,0.0,,,4.83,,0.0,6038.0,1.2,1.15,2063.41,,1.717215409,
Kepler-67 b,Kepler-67,1,1,Transit,2013.0,15.7259,0.043085118,0.1171,,2.94,,0.0,5331.0,0.778,0.865,1131.19,662.5696097,0.438615297,31.98674027
Kepler-670 b,Kepler-670,1,1,Transit,2016.0,2.816504852,0.0,,,13.18,,0.0,5709.0,0.99,0.99,939.744,,0.93411514,
Kepler-671 b,Kepler-671,1,1,Transit,2016.0,4.280958588,0.0,,,2.69,,0.0,5624.0,0.95,0.97,1168.26,,0.810062091,
Kepler-672 b,Kepler-672,1,1,Transit,2016.0,38.3774623,0.0,,,2.5,,0.0,5627.0,0.92,0.95,1033.93,,0.761330389,
Kepler-673 b,Kepler-673,1,1,Transit,2016.0,3.728731093,0.0,,,6.54,,0.0,5355.0,0.84,0.88,918.21,,0.520578614,
Kepler-674 b,Kepler-674,1,1,Transit,2016.0,2.243381847,0.0,,,1.69,,0.0,4192.0,0.57,0.6,342.254,,0.090017025,
Kepler-675 b,Kepler-675,1,1,Transit,2016.0,2.33743801,0.0,,,2.44,,0.0,4945.0,0.75,0.79,665.68,,0.301771041,
Kepler-676 b,Kepler-676,1,1,Transit,2016.0,11.59822172,0.0,,,3.04,,0.0,3701.0,0.49,0.51,295.196,,0.040416467,
Kepler-677 b,Kepler-677,1,1,Transit,2016.0,6.57531678,0.0,,,5.38,,0.0,5723.0,0.99,1.0,1954.08,,0.943311704,
Kepler-678 b,Kepler-678,1,1,Transit,2016.0,7.27503724,0.0,,,5.14,,0.0,5520.0,0.91,0.94,1826.15,,0.689809142,
Kepler-679 b,Kepler-679,1,1,Transit,2016.0,12.39358604,0.0,,,3.01,,0.0,5403.0,0.84,0.87,922.244,,0.539496079,
Kepler-68 b,Kepler-68,2,4,Transit,2013.0,5.39875259,0.014780338,0.06135,0.09,2.357,8.03,3.379001593,5847.0,1.2564,1.057,144.166,1275.854803,1.655305205,439.7936421
Kepler-68 c,Kepler-68,2,4,Transit,2013.0,9.605027,0.026296931,0.09008,0.099,0.979,1.3,7.633907191,5847.0,1.2564,1.057,144.166,1052.917509,1.655305205,203.9958469
Kepler-68 d,Kepler-68,2,4,Radial Velocity,2013.0,632.62,1.73178989,1.469,0.102,,238.0534768,,5847.0,1.2564,1.057,144.166,260.7339826,1.655305205,0.767069102
Kepler-68 e,Kepler-68,2,4,Radial Velocity,2023.0,3455.0,9.596199185,4.6,0.33,,86.4493267,,5847.0,1.2564,1.057,144.166,147.3430381,1.655305205,0.078228034
Kepler-680 b,Kepler-680,1,1,Transit,2016.0,3.689926291,0.0,,,2.42,,0.0,5890.0,1.11,1.08,1492.48,,1.330445187,
Kepler-681 b,Kepler-681,1,1,Transit,2016.0,26.39435646,0.0,,,3.08,,0.0,5021.0,0.76,0.8,686.923,,0.329365359,
Kepler-682 b,Kepler-682,1,1,Transit,2016.0,12.61190667,0.0,,,7.37,,0.0,5559.0,0.89,0.92,1979.25,,0.67866673,
Kepler-683 b,Kepler-683,1,1,Transit,2016.0,2.539183179,0.0,,,1.97,,0.0,5703.0,0.95,0.96,1023.07,,0.856545715,
Kepler-684 b,Kepler-684,1,1,Transit,2016.0,6.770302008,0.0,,,3.36,,0.0,5493.0,0.86,0.89,1731.27,,0.604122691,
Kepler-685 b,Kepler-685,1,1,Transit,2016.0,1.6255222,0.0,,,10.58,,0.0,5963.0,1.16,1.11,938.715,,1.526388431,
Kepler-686 b,Kepler-686,1,1,Transit,2016.0,1.594745463,0.0,,,12.15,,0.0,5649.0,0.92,0.94,1490.94,,0.773306755,
Kepler-687 b,Kepler-687,1,1,Transit,2016.0,20.50586978,0.0,,,3.52,,0.0,4841.0,0.73,0.77,633.66,,0.26258862,
Kepler-688 b,Kepler-688,1,1,Transit,2016.0,3.895936844,0.0,,,9.76,,0.0,5715.0,0.96,0.98,1357.75,,0.882058227,
Kepler-689 b,Kepler-689,1,1,Transit,2016.0,22.36656079,0.0,,,2.89,,0.0,5518.0,0.88,0.91,1131.73,,0.644142536,
Kepler-69 b,Kepler-69,1,2,Transit,2013.0,13.722341,0.03202206,0.094,0.16,2.24,,0.0,5638.0,0.93,0.81,730.625,855.0944696,0.784072159,88.73609769
Kepler-69 c,Kepler-69,1,2,Transit,2013.0,242.4613,0.568888889,0.64,0.14,1.71,,0.0,5638.0,0.93,0.81,730.625,327.70875,0.784072159,1.91423867
Kepler-690 b,Kepler-690,1,1,Transit,2016.0,7.748094374,0.0,,,5.95,,0.0,5913.0,1.16,1.11,1665.31,,1.475833433,
Kepler-691 b,Kepler-691,1,1,Transit,2016.0,8.114379,0.0,,,2.09,,0.0,3715.0,0.5,0.53,279.115,,0.042723333,
Kepler-692 b,Kepler-692,1,1,Transit,2016.0,21.81293494,0.0,,,3.11,,0.0,5440.0,0.86,0.9,991.336,,0.581142117,
Kepler-693 b,Kepler-693,2,1,Transit,2016.0,15.37563332,0.0,,,10.18,,0.0,4881.0,0.72,0.76,1151.51,,0.263991579,
Kepler-694 b,Kepler-694,1,1,Transit,2016.0,6.365841612,0.0,,,2.8,,0.0,5700.0,0.95,0.97,1023.06,,0.854744831,
Kepler-695 b,Kepler-695,1,1,Transit,2016.0,3.040330424,0.0,,,9.21,,0.0,5181.0,0.8,0.84,842.947,,0.41373684,
Kepler-696 b,Kepler-696,1,1,Transit,2016.0,4.190425575,0.0,,,6.14,,0.0,5903.0,1.08,1.06,1416.44,,1.27065747,
Kepler-697 b,Kepler-697,1,1,Transit,2016.0,3.709870645,0.0,,,4.13,,0.0,5513.0,0.88,0.92,1277.33,,0.641811012,
Kepler-698 b,Kepler-698,1,1,Transit,2016.0,16.32976218,0.0,,,3.68,,0.0,5612.0,0.91,0.94,1995.57,,0.736958927,
Kepler-7 b,Kepler-7,1,1,Transit,2009.0,4.8854892,0.012818915,0.06067,,18.180998,140.16303,0.128508519,5933.0,1.966,1.359,922.562,1628.510587,4.29689034,1167.363958
Kepler-700 b,Kepler-700,1,1,Transit,2016.0,80.8720639,0.0,,,5.99,,0.0,5692.0,0.96,0.98,1491.76,,0.867944353,
Kepler-701 b,Kepler-701,1,1,Transit,2016.0,10.35533177,0.0,,,2.84,,0.0,5343.0,0.84,0.88,774.152,,0.515928025,
Kepler-702 b,Kepler-702,1,1,Transit,2016.0,10.52629406,0.0,,,9.17,,0.0,5419.0,0.86,0.9,992.071,,0.572220426,
Kepler-703 b,Kepler-703,1,1,Transit,2016.0,4.583521756,0.0,,,8.2,,0.0,6185.0,1.27,1.18,1156.83,,2.117659387,
Kepler-704 b,Kepler-704,1,1,Transit,2016.0,3.76182115,0.0,,,2.61,,0.0,5616.0,0.96,0.97,1228.83,,0.822509102,
Kepler-705 b,Kepler-705,1,1,Transit,2016.0,56.0560538,0.0,,,2.11,,0.0,3722.0,0.51,0.53,276.881,,0.04478532,
Kepler-707 b,Kepler-707,1,1,Transit,2016.0,2.237492751,0.0,,,1.33,,0.0,5099.0,0.76,0.8,591.776,,0.350313668,
Kepler-708 b,Kepler-708,1,1,Transit,2016.0,3.167891938,0.0,,,2.93,,0.0,5692.0,0.96,0.97,1394.22,,0.867944353,
Kepler-709 b,Kepler-709,1,1,Transit,2016.0,16.08524954,0.0,,,2.92,,0.0,5071.0,0.77,0.8,664.843,,0.351759425,
Kepler-710 b,Kepler-710,1,1,Transit,2016.0,4.347285527,0.0,,,1.88,,0.0,5611.0,0.91,0.94,1448.34,,0.736433794,
Kepler-711 b,Kepler-711,1,1,Transit,2016.0,23.58914398,0.0,,,3.41,,0.0,5222.0,0.8,0.84,624.575,,0.426989597,
Kepler-712 b,Kepler-712,1,2,Transit,2016.0,21.02247699,0.0,,,3.41,,0.0,5148.0,0.78,0.84,872.493,,0.383383315,
Kepler-712 c,Kepler-712,1,2,Transit,2016.0,226.89047,0.0,,,4.85,,0.0,5148.0,0.78,0.84,872.493,,0.383383315,
Kepler-713 b,Kepler-713,1,1,Transit,2016.0,7.411141,0.0,,,2.48,,0.0,5785.0,0.99,0.98,1089.87,,0.984858171,
Kepler-714 b,Kepler-714,1,1,Transit,2016.0,8.098887986,0.0,,,9.67,,0.0,5995.0,1.12,1.09,2083.37,,1.453726292,
Kepler-715 b,Kepler-715,1,1,Transit,2016.0,10.00652995,0.0,,,3.75,,0.0,5871.0,1.04,1.04,1327.44,,1.152935071,
Kepler-716 b,Kepler-716,1,2,Transit,2016.0,10.37168453,0.0,,,2.9,,0.0,5099.0,0.78,0.83,635.009,,0.368993829,
Kepler-716 c,Kepler-716,1,2,Transit,2020.0,3.96999,0.0,,,1.39281536,,0.0,5012.0,0.742183,0.83,635.009,,0.311857436,
Kepler-717 b,Kepler-717,1,1,Transit,2016.0,4.40840023,0.0,,,2.42,,0.0,5485.0,0.85,0.88,2805.48,,0.586724507,
Kepler-718 b,Kepler-718,1,1,Transit,2016.0,2.052349905,0.0,,,16.56,,0.0,6191.0,1.3,1.18,1302.33,,2.227510555,
Kepler-719 b,Kepler-719,1,1,Transit,2016.0,5.007317779,0.0,,,8.52,,0.0,5777.0,0.98,0.99,2497.51,,0.959735306,
Kepler-720 b,Kepler-720,1,1,Transit,2016.0,4.708326542,0.0,,,8.41,,0.0,5618.0,0.92,0.95,1065.37,,0.75647128,
Kepler-721 b,Kepler-721,1,1,Transit,2016.0,5.392025388,0.0,,,2.64,,0.0,5075.0,0.78,0.82,926.598,,0.362095595,
Kepler-722 b,Kepler-722,1,2,Transit,2016.0,4.093573252,0.0,,,2.63,,0.0,5863.0,1.05,1.03,1239.5,,1.168821051,
Kepler-722 c,Kepler-722,1,2,Transit,2016.0,105.144749,0.0,,,2.82,,0.0,5863.0,1.05,1.03,1239.5,,1.168821051,
Kepler-723 b,Kepler-723,1,1,Transit,2016.0,4.082275068,0.0,,,12.19,,0.0,5539.0,0.89,0.92,1071.8,,0.668952566,
Kepler-724 b,Kepler-724,1,1,Transit,2016.0,3.314946338,0.0,,,3.29,,0.0,5437.0,0.86,0.9,853.119,,0.579861246,
Kepler-725 b,Kepler-725,1,2,Transit,2016.0,39.64372,0.108624633,0.2238,0.231,10.8,,0.0,5395.0,0.88,0.95,758.469,515.8390579,0.588600993,11.75170351
Kepler-725 c,Kepler-725,1,2,Transit Timing Variations,2025.0,207.541,0.568217415,0.6744,0.436,,9.7,,5395.0,0.88,0.95,758.469,297.15667,0.588600993,1.294153726
Kepler-726 b,Kepler-726,1,1,Transit,2016.0,21.80451088,0.0,,,3.26,,0.0,5452.0,0.85,0.88,762.081,,0.572731527,
Kepler-727 b,Kepler-727,1,1,Transit,2016.0,5.154484417,0.0,,,2.53,,0.0,5441.0,0.86,0.89,831.842,,0.581569545,
Kepler-728 b,Kepler-728,1,1,Transit,2016.0,5.743477265,0.0,,,3.34,,0.0,5660.0,0.93,0.95,1765.23,,0.796382067,
Kepler-729 b,Kepler-729,1,1,Transit,2016.0,3.166353714,0.0,,,3.58,,0.0,5633.0,0.91,0.94,1921.15,,0.748051744,
Kepler-730 b,Kepler-730,1,2,Transit,2016.0,6.491682808,0.017867585,0.0694,,12.3299,,0.0,5620.0,1.411,1.047,1935.04,1221.888467,1.781923846,369.9731429
Kepler-730 c,Kepler-730,1,2,Transit,2018.0,2.85188338,0.007809584,0.03997,,1.56926,,0.0,5620.0,1.411,1.047,1935.04,1610.068031,1.781923846,1115.374839
Kepler-731 b,Kepler-731,1,1,Transit,2016.0,3.855603551,0.0,,,13.88,,0.0,5849.0,1.06,1.03,1257.16,,1.179853448,
Kepler-732 b,Kepler-732,1,2,Transit,2016.0,9.467814048,0.0,,,2.18,,0.0,3631.0,0.46,0.49,174.826,,0.032999739,
Kepler-732 c,Kepler-732,1,2,Transit,2016.0,0.893041236,0.0,,,1.27,,0.0,3631.0,0.46,0.49,174.826,,0.032999739,
Kepler-733 b,Kepler-733,1,1,Transit,2016.0,20.83424726,0.0,,,2.82,,0.0,5418.0,0.86,0.9,916.706,,0.571798162,
Kepler-734 b,Kepler-734,1,1,Transit,2016.0,6.104852856,0.0,,,3.56,,0.0,5326.0,0.78,0.85,1157.21,,0.439221614,
Kepler-735 b,Kepler-735,1,1,Transit,2016.0,11.51516988,0.0,,,2.95,,0.0,5107.0,0.8,0.85,695.059,,0.390600914,
Kepler-736 b,Kepler-736,1,1,Transit,2016.0,3.60147201,0.0,,,2.93,,0.0,5217.0,0.81,0.86,1005.43,,0.436056972,
Kepler-737 b,Kepler-737,1,1,Transit,2016.0,28.59915399,0.0,,,1.96,,0.0,3813.0,0.48,0.51,205.118,,0.043695785,
Kepler-738 b,Kepler-738,1,1,Transit,2016.0,24.58721573,0.0,,,2.5,,0.0,5327.0,0.82,0.86,1113.65,,0.485789744,
Kepler-739 b,Kepler-739,1,1,Transit,2016.0,12.53248465,0.0,,,3.32,,0.0,5601.0,0.9,0.93,1370.65,,0.715215898,
Kepler-74 b,Kepler-74,1,1,Transit,2013.0,7.340711,0.020092573,0.0781,0.0,10.76,200.22,0.885568667,6000.0,1.12,1.18,1177.55,1095.585368,1.458582158,239.1271177
Kepler-740 b,Kepler-740,1,1,Transit,2016.0,3.584101216,0.0,,,4.57,,0.0,5438.0,0.87,0.91,1442.02,,0.593861496,
Kepler-741 b,Kepler-741,1,1,Transit,2016.0,7.03902374,0.0,,,2.97,,0.0,6129.0,1.24,1.16,1661.87,,1.946667175,
Kepler-742 b,Kepler-742,1,1,Transit,2016.0,8.360868238,0.0,,,3.24,,0.0,4642.0,0.71,0.76,489.253,,0.21000377,
Kepler-743 b,Kepler-743,2,1,Transit,2016.0,3.179262921,0.0,,,1.21,,0.0,5486.0,0.85,0.94,278.987,,0.5871525,
Kepler-744 b,Kepler-744,1,1,Transit,2016.0,12.06222443,0.0,,,1.62,,0.0,5594.0,0.93,0.94,449.964,,0.759881017,
Kepler-745 b,Kepler-745,1,1,Transit,2016.0,9.93143556,0.0,,,2.16,,0.0,5849.0,1.04,1.04,1780.38,,1.135750702,
Kepler-746 b,Kepler-746,1,1,Transit,2016.0,3.48159251,0.0,,,1.11,,0.0,5418.0,0.93,0.91,,,0.668669863,
Kepler-747 b,Kepler-747,1,1,Transit,2016.0,35.61760587,0.0,,,5.27,,0.0,5096.0,0.78,0.82,3347.16,,0.368126204,
Kepler-748 b,Kepler-748,1,1,Transit,2016.0,7.40742793,0.0,,,2.52,,0.0,5934.0,1.1,1.07,1705.99,,1.346063005,
Kepler-749 b,Kepler-749,1,1,Transit,2016.0,17.31716585,0.0,,,3.1,,0.0,5009.0,0.75,0.79,721.027,,0.31769948,
Kepler-75 b,Kepler-75,1,1,Transit,2013.0,8.8849116,0.024525014,0.0818,0.57,11.77,3209.9,10.84710173,5200.0,0.89,0.91,835.356,827.0526809,0.519616864,77.65628857
Kepler-750 b,Kepler-750,1,2,Transit,2016.0,9.42887179,0.0,,,3.07,,0.0,6160.0,1.23,1.15,1296.02,,1.954442606,
Kepler-750 c,Kepler-750,1,2,Transit,2016.0,4.08899022,0.0,,,1.62,,0.0,6160.0,1.23,1.15,1296.02,,1.954442606,
Kepler-751 b,Kepler-751,1,1,Transit,2016.0,17.44490636,0.0,,,2.46,,0.0,5387.0,0.84,0.87,760.43,,0.533133932,
Kepler-752 b,Kepler-752,1,1,Transit,2016.0,18.82747265,0.0,,,2.81,,0.0,5373.0,0.83,0.87,1232.29,,0.515125913,
Kepler-753 b,Kepler-753,1,1,Transit,2016.0,5.747725012,0.0,,,1.91,,0.0,4346.0,0.65,0.68,274.767,,0.135230748,
Kepler-754 b,Kepler-754,1,1,Transit,2016.0,14.5596237,0.0,,,2.01,,0.0,5935.0,1.08,1.06,1770.27,,1.298435121,
Kepler-755 b,Kepler-755,2,2,Transit,2016.0,1.269090374,0.0,,,1.76,,0.0,5043.0,0.77,0.82,399.034,,0.344054445,
Kepler-755 c,Kepler-755,2,2,Transit,2016.0,2.853133644,0.0,,,1.26,,0.0,5043.0,0.77,0.82,399.034,,0.344054445,
Kepler-756 b,Kepler-756,1,1,Transit,2016.0,1.224866322,0.0,,,1.12,,0.0,5282.0,0.79,0.82,,,0.435850572,
Kepler-757 b,Kepler-757,1,1,Transit,2016.0,1.022678821,0.0,,,1.36,,0.0,6014.0,1.13,1.08,1068.68,,1.498650738,
Kepler-758 b,Kepler-758,1,4,Transit,2016.0,12.1097104,0.0,,,2.48,,0.0,6228.0,1.42,1.16,1502.32,,2.721829735,
Kepler-758 c,Kepler-758,1,4,Transit,2016.0,4.75793986,0.0,,,1.69,,0.0,6228.0,1.42,1.16,1502.32,,2.721829735,
Kepler-758 d,Kepler-758,1,4,Transit,2016.0,20.4966197,0.0,,,2.12,,0.0,6228.0,1.42,1.16,1502.32,,2.721829735,
Kepler-758 e,Kepler-758,1,4,Transit,2016.0,8.1934719,0.0,,,1.53,,0.0,6228.0,1.42,1.16,1502.32,,2.721829735,
Kepler-759 b,Kepler-759,1,1,Transit,2016.0,41.805985,0.0,,,2.27,,0.0,5860.0,1.04,1.04,1073.48,,1.144318694,
Kepler-76 b,Kepler-76,1,1,Orbital Brightness Modulation,2013.0,1.5449298,0.004140333,0.0274,,15.24424,638.8383,0.993631181,6409.0,1.32,1.2,822.96,2144.931535,2.637538445,3513.157927
Kepler-760 b,Kepler-760,1,2,Transit,2016.0,8.70419416,0.0,,,3.06,,0.0,5322.0,0.85,0.89,792.336,,0.520028544,
Kepler-760 c,Kepler-760,1,2,Transit,2016.0,2.46697439,0.0,,,1.48,,0.0,5322.0,0.85,0.89,792.336,,0.520028544,
Kepler-761 b,Kepler-761,1,1,Transit,2016.0,10.12804789,0.0,,,2.03,,0.0,5706.0,0.93,0.95,830.707,,0.822588846,
Kepler-762 b,Kepler-762,1,1,Transit,2016.0,3.770552098,0.0,,,12.68,,0.0,5944.0,1.08,1.06,1898.26,,1.306328987,
Kepler-763 b,Kepler-763,1,3,Transit,2016.0,1.19655156,0.0,,,1.22,,0.0,5166.0,0.8,0.84,962.459,,0.408966214,
Kepler-763 c,Kepler-763,1,3,Transit,2023.0,4.09667624,0.011246927,0.0466,0.0,1.42,,0.0,4999.0,0.843,0.8,962.459,1025.216163,0.398178262,183.3604697
Kepler-763 d,Kepler-763,1,3,Transit,2023.0,6.50327035,0.017847973,0.0634,0.0,1.67,,0.0,4999.0,0.843,0.8,962.459,878.9491971,0.398178262,99.06016122
Kepler-764 b,Kepler-764,1,1,Transit,2016.0,7.33683936,0.0,,,1.64,,0.0,5557.0,0.89,0.92,1047.84,,0.677690582,
Kepler-765 b,Kepler-765,1,1,Transit,2016.0,27.6655226,0.0,,,2.43,,0.0,5901.0,1.06,1.05,1076.28,,1.222373818,
Kepler-766 b,Kepler-766,1,1,Transit,2016.0,6.10027804,0.0,,,3.39,,0.0,5992.0,1.15,1.1,2297.62,,1.529581948,
Kepler-767 b,Kepler-767,1,1,Transit,2016.0,161.5280101,0.0,,,6.64,,0.0,5694.0,0.94,0.96,2251.03,,0.833326914,
Kepler-768 b,Kepler-768,1,1,Transit,2016.0,11.3910025,0.0,,,1.79,,0.0,5108.0,0.78,0.82,784.56,,0.371605908,
Kepler-769 b,Kepler-769,1,2,Transit,2016.0,7.42608998,0.0,,,2.92,,0.0,6186.0,1.28,1.19,1169.57,,2.152531184,
Kepler-769 c,Kepler-769,1,2,Transit,2016.0,15.9870174,0.0,,,1.79,,0.0,6186.0,1.28,1.19,1169.57,,2.152531184,
Kepler-77 b,Kepler-77,1,1,Transit,2013.0,3.57878087,0.009797194,0.04501,0.0,10.761,136.661,0.604280109,5520.0,0.99,0.95,639.411,1248.284699,0.81642548,402.9939481
Kepler-770 b,Kepler-770,1,3,Transit,2016.0,18.92540274,0.0,,,2.3,,0.0,5598.0,0.92,0.94,930.457,,0.745756558,
Kepler-770 c,Kepler-770,1,3,Transit,2016.0,1.475322314,0.0,,,1.2,,0.0,5598.0,0.92,0.94,930.457,,0.745756558,
Kepler-770 d,Kepler-770,1,3,Transit,2016.0,4.15244722,0.0,,,1.4,,0.0,5598.0,0.92,0.94,930.457,,0.745756558,
Kepler-771 b,Kepler-771,1,1,Transit,2016.0,8.73485836,0.0,,,1.82,,0.0,5906.0,1.05,1.03,1393.85,,1.203489259,
Kepler-772 b,Kepler-772,1,1,Transit,2016.0,12.99207337,0.0,,,1.82,,0.0,5714.0,1.11,0.98,1130.21,,1.178410902,
Kepler-773 b,Kepler-773,1,1,Transit,2016.0,3.749100061,0.0,,,1.43,,0.0,5850.0,1.01,1.04,547.026,,1.07190442,
Kepler-774 b,Kepler-774,1,1,Transit,2016.0,11.0895723,0.0,,,3.17,,0.0,6403.0,2.42,1.57,917.804,,8.831909073,
Kepler-775 b,Kepler-775,1,1,Transit,2016.0,0.974868926,0.0,,,1.19,,0.0,5468.0,0.84,0.92,398.676,,0.565929647,
Kepler-776 b,Kepler-776,1,1,Transit,2016.0,4.89718784,0.0,,,1.28,,0.0,5071.0,0.78,0.83,727.904,,0.360955362,
Kepler-777 b,Kepler-777,1,1,Transit,2016.0,5.72812599,0.0,,,1.47,,0.0,4043.0,0.56,0.58,443.106,,0.075176287,
Kepler-778 b,Kepler-778,1,1,Transit,2016.0,3.75574426,0.0,,,1.68,,0.0,5102.0,0.77,0.81,938.168,,0.360440113,
Kepler-779 b,Kepler-779,2,1,Transit,2016.0,7.09714223,0.0,,,0.92,,0.0,3804.0,0.44,0.46,283.155,,0.036371167,
Kepler-78 b,Kepler-78,2,1,Transit,2013.0,0.35500745,0.000968988,0.00901,0.0,1.201,1.68,5.343574373,5058.0,0.7475,0.779,124.376,2221.434471,0.328116102,4041.829246
Kepler-780 b,Kepler-780,1,1,Transit,2016.0,0.677375164,0.0,,,0.89,,0.0,5769.0,1.02,1.01,557.652,,1.033932887,
Kepler-781 b,Kepler-781,1,1,Transit,2016.0,13.2140732,0.0,,,2.89,,0.0,5162.0,0.78,0.81,1064.47,,0.387570806,
Kepler-782 b,Kepler-782,1,1,Transit,2016.0,158.6853308,0.0,,,3.21,,0.0,5867.0,1.01,0.98,446.844,,1.084418581,
Kepler-783 b,Kepler-783,1,2,Transit,2016.0,4.29264638,0.0,,,0.78,,0.0,5521.0,0.89,0.93,516.09,,0.660299323,
Kepler-783 c,Kepler-783,1,2,Transit,2020.0,7.05395,0.0,,,2.33153725,,0.0,5411.49,0.872088,0.94,516.09,,0.585164421,
Kepler-784 b,Kepler-784,1,2,Transit,2016.0,31.5922646,0.0,,,1.58,,0.0,5674.0,1.32,1.0,1303.72,,1.620298531,
Kepler-784 c,Kepler-784,1,2,Transit,2023.0,17.157236,0.046985366,0.1309,0.0,1.55,,0.0,5676.0,1.487,1.016,1303.72,922.442972,2.05911847,120.1716547
Kepler-785 b,Kepler-785,1,1,Transit,2016.0,1.973760926,0.0,,,13.02,,0.0,4739.0,0.71,0.77,642.051,,0.228114758,
Kepler-786 b,Kepler-786,1,1,Transit,2016.0,53.5293487,0.0,,,2.43,,0.0,4838.0,0.74,0.81,485.318,,0.269163859,
Kepler-787 b,Kepler-787,1,1,Transit,2016.0,0.928310498,0.0,,,1.28,,0.0,4248.0,0.62,0.65,503.568,,0.112308147,
Kepler-788 b,Kepler-788,1,1,Transit,2016.0,8.39846269,0.0,,,2.55,,0.0,6159.0,1.23,1.16,1775.8,,1.953173796,
Kepler-789 b,Kepler-789,1,1,Transit,2016.0,8.63847725,0.0,,,2.12,,0.0,5870.0,1.02,1.01,1480.16,,1.108262398,
Kepler-79 b,Kepler-79,1,4,Transit,2012.0,13.4845,0.03707796,0.117,0.015,3.47,10.9,1.437439823,6174.0,1.302,1.165,1020.72,993.094702,2.20992899,161.4383074
Kepler-79 c,Kepler-79,1,4,Transit,2012.0,27.4029,0.07492029,0.187,0.03,3.72,5.9,0.631502088,6174.0,1.302,1.165,1020.72,785.5300305,2.20992899,63.19680259
Kepler-79 d,Kepler-79,1,4,Transit,2014.0,52.0902,0.142449157,0.287,0.025,7.16,6.0,0.090066603,6174.0,1.302,1.165,1020.72,634.077945,2.20992899,26.82962024
Kepler-79 e,Kepler-79,1,4,Transit,2014.0,81.0659,0.222186667,0.386,0.012,3.49,4.1,0.531446039,6174.0,1.302,1.165,1020.72,546.7514501,2.20992899,14.83213636
Kepler-790 b,Kepler-790,1,1,Transit,2016.0,13.73469807,0.0,,,2.18,,0.0,5208.0,0.8,0.84,703.168,,0.422429001,
Kepler-791 b,Kepler-791,1,1,Transit,2016.0,14.5539759,0.0,,,3.05,,0.0,6383.0,1.47,1.3,1266.34,,3.218280525,
Kepler-792 b,Kepler-792,1,1,Transit,2016.0,11.30119217,0.0,,,1.96,,0.0,5971.0,1.12,1.09,1425.47,,1.43058669,
Kepler-793 b,Kepler-793,1,1,Transit,2016.0,4.24153639,0.0,,,1.37,,0.0,5745.0,0.97,0.98,985.699,,0.919588329,
Kepler-794 b,Kepler-794,1,1,Transit,2016.0,11.13125132,0.0,,,2.11,,0.0,5839.0,1.38,1.19,931.192,,1.986103715,
Kepler-795 b,Kepler-795,2,1,Transit,2016.0,29.6193421,0.0,,,1.68,,0.0,5631.0,0.96,0.94,492.122,,0.831331861,
Kepler-796 b,Kepler-796,1,1,Transit,2016.0,6.40087618,0.0,,,1.3,,0.0,5475.0,1.09,0.93,817.584,,0.95780994,
Kepler-797 b,Kepler-797,1,1,Transit,2016.0,27.07237711,0.0,,,2.17,,0.0,5680.0,0.95,0.96,1315.26,,0.842811404,
Kepler-798 b,Kepler-798,1,1,Transit,2016.0,13.71933369,0.0,,,2.39,,0.0,6224.0,1.29,1.19,972.274,,2.240513714,
Kepler-799 b,Kepler-799,1,2,Transit,2016.0,133.4605235,0.0,,,6.88,,0.0,5681.0,0.93,0.95,,,0.808267105,
Kepler-799 c,Kepler-799,1,2,Transit,2021.0,15.19419956,0.0,,,2.78068551,,0.0,5588.0,1.593,1.031,,,2.219969416,
Kepler-8 b,Kepler-8,1,1,Transit,2010.0,3.5224991,0.009369947,0.0474,,15.871944,187.5197,0.258409295,6213.0,1.486,1.213,1021.87,1677.386201,2.952112361,1313.942015
Kepler-80 b,Kepler-80,1,6,Transit,2012.0,7.05246,0.01930639,0.0648,,2.67,6.93,2.006092939,4540.0,0.678,0.73,369.451,708.1001322,0.175215551,41.72752609
Kepler-80 c,Kepler-80,1,6,Transit,2012.0,9.52355,0.026087132,0.0792,,2.74,6.74,1.805343335,4540.0,0.678,0.73,369.451,640.5006689,0.175215551,27.93330259
Kepler-80 d,Kepler-80,1,6,Transit,2014.0,3.07222,0.008397557,0.0372,,1.53,6.75,10.38439213,4540.0,0.678,0.73,369.451,934.5675738,0.175215551,126.6154694
Kepler-80 e,Kepler-80,1,6,Transit,2014.0,4.64489,0.012733882,0.0491,,1.6,4.13,5.555737305,4540.0,0.678,0.73,369.451,813.4697961,0.175215551,72.67912078
Kepler-80 f,Kepler-80,1,6,Transit,2016.0,0.9867873,0.00270954,0.0175,,1.21,,0.0,4540.0,0.678,0.73,369.451,1362.583589,0.175215551,572.132412
Kepler-80 g,Kepler-80,1,6,Transit,2017.0,14.64558,0.0,,,1.13,,0.0,4540.0,0.678,0.83,369.451,,0.175215551,
Kepler-800 b,Kepler-800,1,1,Transit,2016.0,14.13176026,0.0,,,2.85,,0.0,5315.0,0.82,0.85,1019.26,,0.481427207,
Kepler-801 b,Kepler-801,1,1,Transit,2016.0,11.41928253,0.0,,,2.0,,0.0,4435.0,0.63,0.67,440.426,,0.137767077,
Kepler-802 b,Kepler-802,1,1,Transit,2016.0,40.0587473,0.0,,,3.54,,0.0,5507.0,0.9,0.93,780.585,,0.668398051,
Kepler-803 b,Kepler-803,1,1,Transit,2016.0,50.28638192,0.0,,,3.79,,0.0,5919.0,1.12,1.05,639.771,,1.381399375,
Kepler-804 b,Kepler-804,1,2,Transit,2016.0,14.37457351,0.0,,,1.94,,0.0,5817.0,1.05,1.01,649.65,,1.132569086,
Kepler-804 c,Kepler-804,1,2,Transit,2016.0,9.65185017,0.0,,,1.14,,0.0,5817.0,1.05,1.01,649.65,,1.132569086,
Kepler-805 b,Kepler-805,1,1,Transit,2016.0,30.8638931,0.0,,,2.89,,0.0,6112.0,1.65,1.19,638.49,,3.408718367,
Kepler-806 b,Kepler-806,1,1,Transit,2016.0,8.09219642,0.0,,,1.14,,0.0,5770.0,1.16,0.99,361.896,,1.338163196,
Kepler-808 b,Kepler-808,1,1,Transit,2016.0,0.631332353,0.0,,,1.46,,0.0,4653.0,0.71,0.76,,,0.212001414,
Kepler-809 b,Kepler-809,1,1,Transit,2016.0,55.63934,0.0,,,3.01,,0.0,5734.0,0.98,0.99,961.405,,0.93147833,
Kepler-81 b,Kepler-81,1,3,Transit,2012.0,5.955,0.0,,,2.42,,0.0,,0.59,0.64,348.291,,0.0,
Kepler-81 c,Kepler-81,1,3,Transit,2012.0,12.04,0.0,,,2.37,,0.0,,0.59,0.64,348.291,,0.0,
Kepler-81 d,Kepler-81,1,3,Transit,2014.0,20.837846,0.057050913,0.128,,1.21,,0.0,4500.0,0.595,,348.291,467.8186059,0.130248832,7.949757795
Kepler-810 b,Kepler-810,1,1,Transit,2016.0,4.59725385,0.0,,,1.93,,0.0,5803.0,1.04,1.03,1458.59,,1.100441122,
Kepler-811 b,Kepler-811,1,1,Transit,2016.0,23.58447697,0.0,,,2.7,,0.0,5747.0,1.24,1.01,985.041,,1.504866619,
Kepler-812 b,Kepler-812,1,1,Transit,2016.0,10.11716531,0.0,,,3.55,,0.0,6761.0,1.71,1.45,1482.74,,5.481833171,
Kepler-813 b,Kepler-813,1,1,Transit,2016.0,19.12947337,0.0,,,2.14,,0.0,5743.0,0.93,0.95,,,0.84413326,
Kepler-814 b,Kepler-814,1,1,Transit,2016.0,6.1469851,0.0,,,2.12,,0.0,6162.0,1.22,1.15,2055.77,,1.925290586,
Kepler-815 b,Kepler-815,1,1,Transit,2016.0,8.57503552,0.0,,,4.11,,0.0,5028.0,3.42,1.25,1259.28,,6.706920186,
Kepler-816 b,Kepler-816,1,1,Transit,2016.0,10.50682565,0.0,,,10.24,,0.0,5286.0,0.85,0.9,983.697,,0.506099999,
Kepler-817 b,Kepler-817,1,1,Transit,2016.0,3.990106229,0.0,,,9.03,,0.0,5861.0,1.03,1.03,1484.46,,1.123184716,
Kepler-818 b,Kepler-818,1,1,Transit,2016.0,10.03538581,0.0,,,5.11,,0.0,5638.0,0.92,0.94,925.037,,0.767301047,
Kepler-819 b,Kepler-819,1,1,Transit,2016.0,33.1995648,0.0,,,2.76,,0.0,5279.0,0.81,0.86,664.306,,0.457158223,
Kepler-82 b,Kepler-82,1,5,Transit,2012.0,26.44,0.072377817,0.1683,0.0033,4.07,12.15,0.992989484,,0.898,0.91,904.326,0.0,0.0,0.0
Kepler-82 c,Kepler-82,1,5,Transit,2012.0,51.54,0.141065686,0.2626,0.007,5.34,13.9,0.502970632,,0.898,0.91,904.326,0.0,0.0,0.0
Kepler-82 d,Kepler-82,1,5,Transit,2014.0,2.382961,0.006524192,0.034,,1.77,,0.0,5428.0,0.945,,904.326,1379.836927,0.695525125,601.665333
Kepler-82 e,Kepler-82,1,5,Transit,2014.0,5.902206,0.016159359,0.063,,2.47,,0.0,5428.0,0.945,,904.326,1013.670825,0.695525125,175.2393865
Kepler-82 f,Kepler-82,1,5,Transit Timing Variations,2019.0,75.732,0.207366679,0.3395,0.0014,,20.9,,,0.898,0.91,904.326,0.0,0.0,0.0
Kepler-820 b,Kepler-820,1,1,Transit,2016.0,127.8338098,0.0,,,6.09,,0.0,6260.0,1.36,1.23,1387.2,,2.548384762,
Kepler-821 b,Kepler-821,1,1,Transit,2016.0,1.92279873,0.0,,,1.31,,0.0,5191.0,0.8,0.84,614.571,,0.416940362,
Kepler-822 b,Kepler-822,1,1,Transit,2016.0,3.222969273,0.0,,,1.77,,0.0,5928.0,1.08,1.06,860.391,,1.292320224,
Kepler-823 b,Kepler-823,1,1,Transit,2016.0,4.16809082,0.0,,,1.57,,0.0,5643.0,0.96,0.98,1389.27,,0.838441019,
Kepler-824 b,Kepler-824,1,1,Transit,2016.0,4.51436633,0.0,,,1.87,,0.0,6035.0,1.22,1.15,1201.4,,1.77140803,
Kepler-825 b,Kepler-825,1,2,Transit,2016.0,3.77360059,0.0,,,1.53,,0.0,5976.0,1.08,1.03,807.85,,1.334687878,
Kepler-825 c,Kepler-825,1,2,Transit,2016.0,8.1818246,0.0,,,1.84,,0.0,5976.0,1.08,1.03,807.85,,1.334687878,
Kepler-826 b,Kepler-826,1,1,Transit,2016.0,4.48758907,0.0,,,1.25,,0.0,6079.0,1.15,1.05,779.596,,1.620369665,
Kepler-827 b,Kepler-827,1,1,Transit,2016.0,51.92927591,0.0,,,5.63,,0.0,5602.0,0.91,0.93,2046.68,,0.731720214,
Kepler-828 b,Kepler-828,1,1,Transit,2016.0,0.567857136,0.0,,,1.51,,0.0,5039.0,0.77,0.81,575.322,,0.342964156,
Kepler-829 b,Kepler-829,1,1,Transit,2016.0,6.88337562,0.0,,,2.11,,0.0,5698.0,0.97,0.98,1073.76,,0.889862895,
Kepler-83 b,Kepler-83,2,3,Transit,2012.0,9.77,0.0,,,2.83,,0.0,,0.61,0.66,400.409,,0.0,
Kepler-83 c,Kepler-83,2,3,Transit,2012.0,20.09,0.0,,,2.36,,0.0,,0.61,0.66,400.409,,0.0,
Kepler-83 d,Kepler-83,2,3,Transit,2014.0,5.169796,0.01415413,0.051,,1.94,,0.0,4648.0,0.594,,400.409,764.866663,0.147749907,56.80503938
Kepler-830 b,Kepler-830,1,1,Transit,2016.0,11.29695137,0.0,,,1.7,,0.0,6037.0,1.11,1.07,,,1.468319312,
Kepler-831 b,Kepler-831,1,1,Transit,2016.0,5.62153941,0.0,,,1.27,,0.0,5732.0,0.97,0.99,593.54,,0.911293023,
Kepler-832 b,Kepler-832,1,1,Transit,2016.0,7.1396941,0.0,,,2.06,,0.0,5596.0,0.9,0.92,1688.12,,0.712665429,
Kepler-833 b,Kepler-833,1,1,Transit,2016.0,18.7546998,0.0,,,2.02,,0.0,4339.0,0.62,0.64,467.37,,0.122245204,
Kepler-834 b,Kepler-834,1,1,Transit,2016.0,13.32388301,0.0,,,2.02,,0.0,4554.0,0.66,0.7,633.937,,0.168093077,
Kepler-835 b,Kepler-835,1,1,Transit,2016.0,11.41909375,0.0,,,2.79,,0.0,5954.0,1.11,1.08,2406.33,,1.389220325,
Kepler-836 b,Kepler-836,1,1,Transit,2016.0,11.36112327,0.0,,,2.73,,0.0,5895.0,1.04,1.03,980.035,,1.171903271,
Kepler-837 b,Kepler-837,1,1,Transit,2016.0,16.56059504,0.0,,,2.56,,0.0,5403.0,0.81,0.85,901.907,,0.501648777,
Kepler-838 b,Kepler-838,1,1,Transit,2016.0,15.74957994,0.0,,,2.73,,0.0,5770.0,0.96,0.98,1104.04,,0.916506541,
Kepler-839 b,Kepler-839,1,1,Transit,2016.0,37.8144514,0.0,,,2.57,,0.0,6058.0,1.31,1.22,944.561,,2.07371714,
Kepler-84 b,Kepler-84,1,5,Transit,2012.0,8.726,0.0,,,2.23,,0.0,,1.43,1.0,1023.9,,0.0,
Kepler-84 c,Kepler-84,1,5,Transit,2012.0,12.883,0.0,,,2.36,,0.0,,1.43,1.0,1023.9,,0.0,
Kepler-84 d,Kepler-84,1,5,Transit,2014.0,4.224537,0.011566152,0.052,,1.38,,0.0,6031.0,1.169,,1023.9,1378.816243,1.622094629,599.8870668
Kepler-84 e,Kepler-84,1,5,Transit,2014.0,27.434389,0.075111264,0.181,,2.6,,0.0,6031.0,1.169,,1023.9,739.041413,1.622094629,49.51297667
Kepler-84 f,Kepler-84,1,5,Transit,2014.0,44.552169,0.121977191,0.25,,2.2,,0.0,6031.0,1.169,,1023.9,628.8369583,1.622094629,25.95351406
Kepler-841 b,Kepler-841,1,1,Transit,2016.0,124.4198398,0.0,,,5.23,,0.0,5324.0,0.81,0.85,998.961,,0.472946564,
Kepler-842 b,Kepler-842,1,1,Transit,2016.0,1.21956827,0.0,,,1.6,,0.0,4848.0,0.73,0.78,532.726,,0.264110711,
Kepler-843 b,Kepler-843,1,1,Transit,2016.0,2.053879821,0.0,,,2.59,,0.0,5830.0,1.03,1.02,1165.66,,1.099609589,
Kepler-844 b,Kepler-844,1,1,Transit,2016.0,2.613020856,0.0,,,1.68,,0.0,4128.0,0.57,0.59,431.776,,0.084644417,
Kepler-845 b,Kepler-845,1,1,Transit,2016.0,0.927859821,0.0,,,2.04,,0.0,4913.0,0.75,0.79,431.051,,0.294035274,
Kepler-846 b,Kepler-846,1,1,Transit,2016.0,19.80792185,0.0,,,2.48,,0.0,5579.0,0.91,0.94,1127.12,,0.719777191,
Kepler-847 b,Kepler-847,1,1,Transit,2016.0,2.343231895,0.0,,,1.18,,0.0,4940.0,0.77,0.83,513.103,,0.316795567,
Kepler-848 b,Kepler-848,1,1,Transit,2016.0,6.91134416,0.0,,,1.7,,0.0,5695.0,1.2,1.01,1378.47,,1.359024405,
Kepler-849 b,Kepler-849,1,1,Transit,2016.0,394.62508,1.080507615,1.137,0.078,8.08167508,298.7587026,3.118659828,5950.0,1.822,1.259,822.134,363.1803964,3.732969643,2.8875767
Kepler-85 b,Kepler-85,1,4,Transit,2012.0,8.3,0.0,,0.02,1.778,1.84,1.803740895,5505.2,0.875,0.928,765.025,,0.630954963,
Kepler-85 c,Kepler-85,1,4,Transit,2012.0,12.51,0.0,,0.027,1.978,2.15,1.530774422,5505.2,0.875,0.928,765.025,,0.630954963,
Kepler-85 d,Kepler-85,1,4,Transit,2014.0,17.91323,0.049043751,0.13,,1.2,,0.0,5436.0,0.893,,765.025,686.981402,0.624756179,36.96782123
Kepler-85 e,Kepler-85,1,4,Transit,2014.0,25.216751,0.069039702,0.163,,1.27,,0.0,5436.0,0.893,,765.025,613.5117064,0.624756179,23.51447848
Kepler-850 b,Kepler-850,1,1,Transit,2016.0,7.19303878,0.0,,,1.78,,0.0,5932.0,1.09,1.06,1661.28,,1.31991941,
Kepler-851 b,Kepler-851,1,1,Transit,2016.0,8.50699658,0.0,,,1.68,,0.0,5455.0,0.85,0.89,839.255,,0.573993165,
Kepler-852 b,Kepler-852,1,1,Transit,2016.0,44.9309804,0.0,,,2.54,,0.0,6100.0,1.16,1.19,1619.03,,1.67157231,
Kepler-853 b,Kepler-853,1,1,Transit,2016.0,7.16892463,0.0,,,1.69,,0.0,6350.0,1.55,1.3,568.676,,3.504678203,
Kepler-855 b,Kepler-855,1,1,Transit,2016.0,7.886631104,0.0,,,8.35,,0.0,5835.0,1.03,1.03,1506.58,,1.10338669,
Kepler-856 b,Kepler-856,1,1,Transit,2016.0,8.027680595,0.0,,,9.3,,0.0,5535.0,0.93,0.96,1351.17,,0.728326728,
Kepler-857 b,Kepler-857,1,1,Transit,2016.0,85.35129427,0.0,,,6.8,,0.0,5773.0,0.99,0.99,983.502,,0.976711878,
Kepler-858 b,Kepler-858,1,1,Transit,2016.0,76.13602028,0.0,,,4.87,,0.0,5653.0,0.91,0.96,298.532,,0.758732306,
Kepler-859 b,Kepler-859,1,1,Transit,2016.0,20.38177573,0.0,,,3.09,,0.0,5020.0,0.77,0.81,839.903,,0.337820631,
Kepler-860 b,Kepler-860,1,1,Transit,2016.0,5.101379454,0.0,,,3.24,,0.0,5836.0,1.06,1.04,1056.36,,1.169398987,
Kepler-861 b,Kepler-861,1,1,Transit,2016.0,3.949631375,0.0,,,2.28,,0.0,5047.0,0.78,0.82,850.327,,0.35417041,
Kepler-862 b,Kepler-862,1,1,Transit,2016.0,3.148664534,0.0,,,2.21,,0.0,5333.0,0.84,0.88,1039.03,,0.512076395,
Kepler-863 b,Kepler-863,1,1,Transit,2016.0,15.59461874,0.0,,,2.9,,0.0,5678.0,0.95,0.96,1499.66,,0.841624973,
Kepler-864 b,Kepler-864,1,2,Transit,2016.0,5.83376092,0.0,,,2.4,,0.0,5754.0,1.0,1.0,2022.9,,0.983488487,
Kepler-864 c,Kepler-864,1,2,Transit,2023.0,2.42150341,0.006625111,0.0382,0.0,1.62,,0.0,6213.0,1.195,1.27,2022.9,1675.579751,1.909110538,1308.290986
Kepler-865 b,Kepler-865,1,2,Transit,2016.0,14.16399294,0.0,,,2.49,,0.0,5570.0,0.92,0.93,586.137,,0.730947669,
Kepler-865 c,Kepler-865,1,2,Transit,2023.0,6.20920207,0.017036931,0.061,0.0,0.89,,0.0,5440.0,0.885,0.782,586.137,999.1187199,0.615420545,165.3911703
Kepler-866 b,Kepler-866,1,1,Transit,2016.0,2.617032536,0.0,,,1.63,,0.0,4751.0,0.71,0.75,646.667,,0.230434059,
Kepler-867 b,Kepler-867,1,1,Transit,2016.0,150.242127,0.0,,,4.64,,0.0,5541.0,0.91,0.92,1195.54,,0.700366291,
Kepler-868 b,Kepler-868,1,1,Transit,2016.0,5.03251791,0.0,,,2.05,,0.0,5614.0,0.89,0.93,1593.13,,0.705926518,
Kepler-869 b,Kepler-869,1,1,Transit,2016.0,40.4287755,0.0,,,3.61,,0.0,5664.0,0.95,0.97,939.455,,0.833354988,
Kepler-87 b,Kepler-87,1,2,Transit,2013.0,114.73635,0.318068948,0.481,0.036,13.49,324.2,0.727660433,5600.0,1.82,1.1,1232.9,525.2458884,2.922703327,12.63265342
Kepler-87 c,Kepler-87,1,2,Transit,2013.0,191.2318,0.529936339,0.676,0.039,6.14,6.4,0.152344388,5600.0,1.82,1.1,1232.9,443.0592945,2.922703327,6.395747976
Kepler-870 b,Kepler-870,1,1,Transit,2016.0,21.3587621,0.0,,,2.78,,0.0,5857.0,1.02,1.01,1259.46,,1.098477307,
Kepler-871 b,Kepler-871,1,1,Transit,2016.0,22.0459018,0.0,,,3.74,,0.0,5993.0,1.14,1.11,1976.05,,1.504099834,
Kepler-872 b,Kepler-872,1,1,Transit,2016.0,2.578855068,0.0,,,1.99,,0.0,5902.0,1.08,1.05,879.683,,1.269796664,
Kepler-873 b,Kepler-873,1,1,Transit,2016.0,20.5533844,0.0,,,3.75,,0.0,6163.0,1.27,1.18,1182.22,,2.087689769,
Kepler-874 b,Kepler-874,1,1,Transit,2016.0,40.0686727,0.0,,,3.94,,0.0,6020.0,1.13,1.09,1082.16,,1.504640342,
Kepler-875 b,Kepler-875,1,1,Transit,2016.0,27.5073799,0.0,,,2.9,,0.0,5958.0,1.11,1.06,1242.62,,1.392957298,
Kepler-876 b,Kepler-876,1,1,Transit,2016.0,5.14438011,0.0,,,1.43,,0.0,5060.0,0.77,0.81,820.913,,0.348717199,
Kepler-877 b,Kepler-877,1,1,Transit,2016.0,18.45847097,0.0,,,2.12,,0.0,5261.0,0.81,0.85,602.176,,0.450954884,
Kepler-878 b,Kepler-878,1,1,Transit,2016.0,25.9422033,0.0,,,1.93,,0.0,5044.0,0.77,0.81,791.625,,0.344327423,
Kepler-879 b,Kepler-879,1,2,Transit,2016.0,33.3855938,0.0,,,2.57,,0.0,5792.0,1.02,1.02,802.672,,1.050520197,
Kepler-879 c,Kepler-879,1,2,Transit,2024.0,0.646716,0.0,,,0.4,,0.0,5456.75,1.022,0.974,802.672,,0.830860036,
Kepler-88 d,KOI-142,1,3,Radial Velocity,2020.0,1403.0,0.0,,0.41,,965.1469966,,5466.0,0.897,0.99,376.863,,0.644396608,
Kepler-880 b,Kepler-880,1,2,Transit,2016.0,7.71468975,0.0,,,2.66,,0.0,6761.0,1.74,1.46,601.324,,5.675865432,
Kepler-880 c,Kepler-880,1,2,Transit,2023.0,11.8061737,0.032388807,0.1216,0.0,2.87,,0.0,6900.0,2.599,1.714,601.324,1538.143738,13.73721742,929.0340296
Kepler-881 b,Kepler-881,1,1,Transit,2016.0,4.44448017,0.0,,,1.78,,0.0,5961.0,1.09,1.06,1375.18,,1.345920268,
Kepler-882 b,Kepler-882,1,1,Transit,2016.0,3.989539666,0.0,,,1.23,,0.0,5476.0,0.87,0.9,504.605,,0.61063559,
Kepler-883 b,Kepler-883,1,1,Transit,2016.0,12.98495573,0.0,,,1.78,,0.0,6116.0,1.09,1.06,627.455,,1.491463923,
Kepler-884 b,Kepler-884,1,1,Transit,2016.0,5.69919514,0.0,,,1.23,,0.0,5715.0,0.94,1.0,476.733,,0.845688639,
Kepler-885 b,Kepler-885,1,1,Transit,2016.0,18.11472949,0.0,,,2.5,,0.0,6187.0,1.35,1.21,651.318,,2.395950553,
Kepler-886 b,Kepler-886,1,1,Transit,2016.0,6.24146367,0.0,,,1.52,,0.0,6098.0,1.16,1.1,711.297,,1.669381162,
Kepler-887 b,Kepler-887,1,2,Transit,2016.0,20.42228798,0.0,,,1.84,,0.0,6194.0,1.29,1.19,886.588,,2.197627468,
Kepler-887 c,Kepler-887,1,2,Transit,2016.0,7.63846023,0.0,,,1.13,,0.0,6194.0,1.29,1.19,886.588,,2.197627468,
Kepler-888 b,Kepler-888,1,1,Transit,2016.0,70.6979061,0.0,,,1.76,,0.0,5875.0,0.9,0.97,420.817,,0.865777615,
Kepler-889 b,Kepler-889,1,1,Transit,2016.0,3.744439,0.0,,,1.09,,0.0,5961.0,1.25,1.14,598.313,,1.770053378,
Kepler-890 b,Kepler-890,1,1,Transit,2016.0,52.75875577,0.0,,,8.89,,0.0,5954.0,1.13,1.09,1712.12,,1.439733328,
Kepler-891 b,Kepler-891,1,1,Transit,2016.0,53.44945593,0.0,,,6.41,,0.0,5887.0,1.07,1.06,2340.58,,1.233768133,
Kepler-892 b,Kepler-892,1,1,Transit,2016.0,13.7521072,0.0,,,2.81,,0.0,4747.0,0.72,0.75,570.727,,0.236173828,
Kepler-893 b,Kepler-893,1,1,Transit,2016.0,6.33855761,0.0,,,3.03,,0.0,5820.0,0.99,1.0,1285.59,,1.008909422,
Kepler-894 b,Kepler-894,1,1,Transit,2016.0,9.803224,0.0,,,2.78,,0.0,5603.0,0.85,0.87,1162.91,,0.638866611,
Kepler-895 b,Kepler-895,1,1,Transit,2016.0,2.806242328,0.0,,,1.54,,0.0,4315.0,0.61,0.65,540.134,,0.115737133,
Kepler-896 b,Kepler-896,1,2,Transit,2016.0,144.547396,0.0,,,2.53,,0.0,5262.0,0.81,0.84,2334.93,,0.451297848,
Kepler-896 c,Kepler-896,1,2,Transit,2023.0,29.5422566,0.081004139,0.1792,0.0,3.15,,0.0,5510.0,0.803,0.877,2334.93,562.4084633,0.533245668,16.60547585
Kepler-897 b,Kepler-897,1,1,Transit,2016.0,8.0472642,0.0,,,2.39,,0.0,5839.0,1.04,1.03,1519.25,,1.128003454,
Kepler-898 b,Kepler-898,1,1,Transit,2016.0,5.8706191,0.0,,,1.49,,0.0,4223.0,0.62,0.65,484.891,,0.109687605,
Kepler-899 b,Kepler-899,1,1,Transit,2016.0,19.17891293,0.0,,,2.68,,0.0,5595.0,0.91,0.93,1246.43,,0.728069768,
Kepler-9 b,Kepler-9,1,3,Transit,2010.0,19.23891,0.05349074,0.143,0.0609,8.29,43.4,0.419737466,5774.0,0.958,1.022,628.257,720.6144956,0.915225235,44.75647881
Kepler-9 c,Kepler-9,1,3,Transit,2010.0,38.9853,0.106982647,0.227,0.06691,8.08,29.9,0.312312024,5774.0,0.958,1.022,628.257,571.950026,0.915225235,17.76136225
Kepler-9 d,Kepler-9,1,3,Transit,2010.0,1.592851,0.004360659,0.0273,,1.64,,0.0,5777.0,1.02,1.07,628.257,1702.678329,1.039679938,1395.00052
Kepler-90 i,KOI-351,1,8,Transit,2017.0,14.44912,0.0,,,1.32,,0.0,6015.0,1.29,1.12,848.254,,1.954392545,
Kepler-900 b,Kepler-900,1,1,Transit,2016.0,6.9913086,0.0,,,2.08,,0.0,4836.0,0.73,0.78,487.525,,0.261505447,
Kepler-901 b,Kepler-901,1,1,Transit,2016.0,3.517494394,0.0,,,1.37,,0.0,4184.0,0.57,0.59,253.867,,0.089331837,
Kepler-902 b,Kepler-902,1,1,Transit,2016.0,40.1099547,0.0,,,2.54,,0.0,5647.0,0.93,0.95,1165.34,,0.789090651,
Kepler-903 b,Kepler-903,1,2,Transit,2016.0,10.3507721,0.0,,,2.01,,0.0,5682.0,0.97,0.98,1369.24,,0.879909965,
Kepler-903 c,Kepler-903,1,2,Transit,2016.0,62.9228557,0.0,,,2.53,,0.0,5682.0,0.97,0.98,1369.24,,0.879909965,
Kepler-904 b,Kepler-904,1,1,Transit,2016.0,3.021668632,0.0,,,1.77,,0.0,6160.0,1.25,1.16,978.125,,2.018518456,
Kepler-905 b,Kepler-905,1,1,Transit,2016.0,5.082746517,0.0,,,1.41,,0.0,5461.0,0.86,0.95,529.268,,0.59016773,
Kepler-906 b,Kepler-906,1,1,Transit,2016.0,41.6979976,0.0,,,2.11,,0.0,6035.0,1.02,1.06,757.791,,1.23822421,
Kepler-907 b,Kepler-907,1,1,Transit,2016.0,15.86621821,0.0,,,1.2,,0.0,6106.0,1.38,1.08,,,2.375063484,
Kepler-908 b,Kepler-908,3,1,Transit,2016.0,1.340597468,0.0,,,1.22,,0.0,5973.0,1.12,1.11,290.843,,1.432504366,
Kepler-909 b,Kepler-909,1,1,Transit,2016.0,13.93290318,0.0,,,1.47,,0.0,6154.0,1.23,1.17,309.596,,1.946839013,
Kepler-91 b,Kepler-91,1,1,Transit,2013.0,6.24658,0.017267935,0.0731,,15.322703,257.4423,0.394298708,4550.0,6.3,1.31,1294.69,2036.734695,15.26217874,2856.155061
Kepler-910 b,Kepler-910,1,1,Transit,2016.0,2.364369015,0.0,,,0.82,,0.0,6230.0,1.5,1.26,400.289,,3.04105696,
Kepler-911 b,Kepler-911,1,1,Transit,2016.0,20.310501,0.0,,,2.6,,0.0,6112.0,1.99,1.34,556.168,,4.958261012,
Kepler-912 b,Kepler-912,1,1,Transit,2016.0,2.534756273,0.0,,,2.8,,0.0,5998.0,1.11,1.07,2004.72,,1.430743077,
Kepler-913 b,Kepler-913,1,2,Transit,2016.0,10.29672521,0.0,,,2.06,,0.0,4687.0,0.61,0.63,991.618,,0.161112536,
Kepler-913 c,Kepler-913,1,2,Transit,2021.0,5.939119816,0.0,,,3.8580709,,0.0,6068.0,1.797,1.294,991.618,,3.92797118,
Kepler-914 b,Kepler-914,1,1,Transit,2016.0,4.40966548,0.0,,,1.38,,0.0,5877.0,1.15,1.1,753.723,,1.41549485,
Kepler-915 b,Kepler-915,1,1,Transit,2016.0,4.59489604,0.0,,,1.5,,0.0,6173.0,1.38,1.21,849.036,,2.481036369,
Kepler-916 b,Kepler-916,1,1,Transit,2016.0,32.2968798,0.0,,,1.76,,0.0,5248.0,0.81,0.85,830.712,,0.446514116,
Kepler-917 b,Kepler-917,1,1,Transit,2016.0,2.970414375,0.0,,,1.91,,0.0,5418.0,0.76,0.8,3460.51,,0.446553027,
Kepler-918 b,Kepler-918,1,1,Transit,2016.0,4.85386933,0.0,,,1.74,,0.0,6028.0,1.14,1.11,1025.03,,1.539545495,
Kepler-919 b,Kepler-919,1,1,Transit,2016.0,11.04603384,0.0,,,2.25,,0.0,6113.0,1.21,1.15,1119.87,,1.834332977,
Kepler-92 b,Kepler-92,1,3,Transit,2013.0,13.749,0.0,,,3.51,64.3,8.192967317,,1.7,1.21,477.992,,0.0,
Kepler-92 c,Kepler-92,1,3,Transit,2013.0,26.723,0.0,,,2.6,6.1,1.912323623,,1.7,1.21,477.992,,0.0,
Kepler-92 d,Kepler-92,1,3,Transit,2015.0,49.3568,0.0,,0.07,2.067,,0.0,5904.34,1.81719,1.07,477.992,,3.600608974,
Kepler-920 b,Kepler-920,1,2,Transit,2016.0,6.53192704,0.0,,,2.42,,0.0,5403.0,0.85,0.89,1001.68,,0.552417682,
Kepler-920 c,Kepler-920,1,2,Transit,2016.0,100.8274113,0.0,,,3.8,,0.0,5403.0,0.85,0.89,1001.68,,0.552417682,
Kepler-921 b,Kepler-921,1,1,Transit,2016.0,51.300634,0.0,,,2.87,,0.0,5663.0,0.91,0.93,934.49,,0.764115274,
Kepler-922 b,Kepler-922,1,1,Transit,2016.0,0.938466832,0.0,,,1.42,,0.0,5671.0,0.93,0.95,536.323,,0.802591094,
Kepler-923 b,Kepler-923,1,1,Transit,2016.0,6.93366476,0.0,,,1.38,,0.0,5988.0,1.26,1.11,1000.28,,1.831294145,
Kepler-924 b,Kepler-924,1,1,Transit,2016.0,61.0370117,0.0,,,3.07,,0.0,6167.0,1.23,1.14,1053.04,,1.96334159,
Kepler-925 b,Kepler-925,1,1,Transit,2016.0,33.8678531,0.0,,,2.34,,0.0,4673.0,0.72,0.77,611.115,,0.22178796,
Kepler-926 b,Kepler-926,1,1,Transit,2016.0,52.0688601,0.0,,,2.31,,0.0,5806.0,1.01,1.01,921.361,,1.040017683,
Kepler-927 b,Kepler-927,1,1,Transit,2016.0,9.1149903,0.0,,,1.72,,0.0,5743.0,0.99,0.99,831.685,,0.956567242,
Kepler-928 b,Kepler-928,1,1,Transit,2016.0,3.932461302,0.0,,,1.59,,0.0,4700.0,0.7,0.73,508.809,,0.214524729,
Kepler-929 b,Kepler-929,1,1,Transit,2016.0,0.921032135,0.0,,,1.11,,0.0,5869.0,1.02,1.01,1311.23,,1.107507387,
Kepler-93 b,Kepler-93,1,2,Transit,2014.0,4.72673978,0.012939532,0.05343,0.0,1.478,4.66,7.952692923,5669.0,0.919,0.911,95.9115,1133.660733,0.782612357,274.1424895
Kepler-93 c,Kepler-93,1,2,Radial Velocity,2014.0,1460.0,0.0,,,,954.0,,5669.0,0.92,0.91,95.9115,,0.784316466,
Kepler-930 b,Kepler-930,1,1,Transit,2016.0,71.4517775,0.0,,,2.13,,0.0,6335.0,1.4,1.25,848.396,,2.8322553,
Kepler-931 b,Kepler-931,1,1,Transit,2016.0,8.03755877,0.0,,,1.33,,0.0,5241.0,0.81,0.86,,,0.444136562,
Kepler-932 b,Kepler-932,1,1,Transit,2016.0,1.921437396,0.0,,,1.37,,0.0,5331.0,0.84,0.87,465.612,,0.511308664,
Kepler-933 b,Kepler-933,1,1,Transit,2016.0,14.20443009,0.0,,,2.46,,0.0,5346.0,0.84,0.87,1017.2,,0.517087739,
Kepler-934 b,Kepler-934,1,1,Transit,2016.0,55.6738309,0.0,,,2.09,,0.0,5001.0,0.77,0.81,608.738,,0.332735178,
Kepler-935 b,Kepler-935,1,1,Transit,2016.0,4.88083852,0.0,,,1.35,,0.0,4830.0,0.73,0.78,471.782,,0.260210066,
Kepler-936 b,Kepler-936,1,1,Transit,2016.0,10.56134221,0.0,,,1.45,,0.0,5482.0,0.89,0.92,823.399,,0.641838831,
Kepler-937 b,Kepler-937,1,2,Transit,2016.0,67.668827,0.0,,,3.72,,0.0,6095.0,1.22,1.15,1571.46,,1.842910953,
Kepler-937 c,Kepler-937,1,2,Transit,2016.0,153.343364,0.0,,,2.67,,0.0,6095.0,1.22,1.15,1571.46,,1.842910953,
Kepler-938 b,Kepler-938,1,1,Transit,2016.0,52.6298417,0.0,,,2.22,,0.0,5533.0,0.89,0.92,1182.05,,0.666058759,
Kepler-939 b,Kepler-939,1,1,Transit,2016.0,14.878296,0.0,,,1.75,,0.0,5471.0,0.85,0.88,2093.62,,0.580757144,
Kepler-94 b,Kepler-94,1,2,Transit,2014.0,2.50806,0.0,,,3.51,10.84,1.38120942,4781.0,0.76,0.81,191.904,,0.270764678,
Kepler-94 c,Kepler-94,1,2,Radial Velocity,2014.0,820.3,0.0,,,,3126.0,,4781.0,0.76,0.81,191.904,,0.270764678,
Kepler-940 b,Kepler-940,1,1,Transit,2016.0,59.6225257,0.0,,,3.34,,0.0,5769.0,0.96,0.97,1260.78,,0.915871346,
Kepler-941 b,Kepler-941,1,1,Transit,2016.0,17.42395198,0.0,,,3.08,,0.0,5539.0,0.86,0.89,1088.36,,0.624614717,
Kepler-942 b,Kepler-942,1,1,Transit,2016.0,44.96417488,0.0,,,2.13,,0.0,4861.0,0.75,0.81,216.354,,0.281783047,
Kepler-943 b,Kepler-943,1,1,Transit,2016.0,49.7701438,0.0,,,5.93,,0.0,5612.0,0.91,0.93,2300.53,,0.736958927,
Kepler-944 b,Kepler-944,1,1,Transit,2016.0,43.3167737,0.0,,,2.63,,0.0,5409.0,0.83,0.86,1349.43,,0.529071004,
Kepler-945 b,Kepler-945,1,1,Transit,2016.0,31.0033814,0.0,,,2.63,,0.0,5718.0,0.97,0.97,1651.25,,0.902422516,
Kepler-946 b,Kepler-946,1,1,Transit,2016.0,11.79162572,0.0,,,1.93,,0.0,5665.0,0.93,0.94,1137.29,,0.799199869,
Kepler-947 b,Kepler-947,1,1,Transit,2016.0,26.9644317,0.0,,,2.28,,0.0,5508.0,0.87,0.9,1730.78,,0.625034632,
Kepler-948 b,Kepler-948,1,1,Transit,2016.0,7.76846622,0.0,,,1.85,,0.0,5679.0,0.94,0.96,868.017,,0.824580446,
Kepler-949 b,Kepler-949,1,2,Transit,2016.0,8.689307296,0.0,,,2.91,,0.0,5403.0,0.86,0.89,486.105,,0.565492205,
Kepler-949 c,Kepler-949,1,2,Transit,2023.0,20.99757968,0.057581521,0.1394,0.0,2.97,,0.0,5211.0,0.895,0.817,486.105,636.6675023,0.529932083,27.27059827
Kepler-95 b,Kepler-95,1,1,Transit,2014.0,11.5231,0.0,,,3.42,13.0,1.790674434,5699.0,1.41,1.08,445.656,,1.881580065,
Kepler-950 b,Kepler-950,1,1,Transit,2016.0,98.7180406,0.0,,,8.98,,0.0,5857.0,1.02,1.02,2161.6,,1.098477307,
Kepler-951 b,Kepler-951,2,1,Transit,2016.0,71.52530845,0.0,,,5.59,,0.0,4834.0,0.73,0.77,382.509,,0.261073117,
Kepler-952 b,Kepler-952,1,1,Transit,2016.0,130.3546919,0.0,,,7.65,,0.0,5730.0,0.99,1.0,1304.25,,0.947935367,
Kepler-953 b,Kepler-953,1,2,Transit,2016.0,88.40655258,0.0,,,4.21,,0.0,5416.0,0.99,0.95,258.893,,0.756614852,
Kepler-953 c,Kepler-953,1,2,Transit,2016.0,9.10967112,0.0,,,1.19,,0.0,5416.0,0.99,0.95,258.893,,0.756614852,
Kepler-954 b,Kepler-954,1,1,Transit,2016.0,16.78176602,0.0,,,2.32,,0.0,4990.0,0.76,0.82,215.814,,0.321306282,
Kepler-955 b,Kepler-955,1,1,Transit,2016.0,14.53244172,0.0,,,3.13,,0.0,5350.0,0.84,0.89,550.383,,0.518637064,
Kepler-956 b,Kepler-956,1,1,Transit,2016.0,5.248672631,0.0,,,3.0,,0.0,6040.0,1.15,1.1,544.939,,1.579186,
Kepler-957 b,Kepler-957,1,1,Transit,2016.0,5.907413537,0.0,,,5.5,,0.0,4963.0,0.75,0.81,824.688,,0.306188925,
Kepler-958 b,Kepler-958,1,1,Transit,2016.0,9.7678805,0.0,,,2.06,,0.0,5421.0,0.86,0.91,449.773,,0.573065656,
Kepler-959 b,Kepler-959,1,1,Transit,2016.0,14.80074836,0.0,,,4.38,,0.0,7005.0,2.01,1.6,807.729,,8.727995694,
Kepler-96 b,Kepler-96,1,1,Transit,2014.0,16.2385,0.0,,,2.67,8.46,2.448996575,5690.0,1.02,1.0,122.881,,0.9784514,
Kepler-960 b,Kepler-960,1,1,Transit,2016.0,3.12686223,0.0,,,2.29,,0.0,4755.0,0.72,0.77,284.916,,0.237769929,
Kepler-961 b,Kepler-961,1,1,Transit,2016.0,16.87727414,0.0,,,2.55,,0.0,5582.0,0.9,0.96,574.314,,0.705560399,
Kepler-962 b,Kepler-962,1,1,Transit,2016.0,12.05707239,0.0,,,1.97,,0.0,5478.0,0.86,0.93,411.486,,0.597550844,
Kepler-963 b,Kepler-963,1,2,Transit,2016.0,9.97683705,0.0,,,2.66,,0.0,5461.0,0.87,0.91,771.494,,0.603972356,
Kepler-963 c,Kepler-963,1,2,Transit,2024.0,0.919783,0.0,,,0.6,,0.0,5169.47,0.928,0.821,771.494,,0.551784987,
Kepler-964 b,Kepler-964,1,1,Transit,2016.0,13.5225106,0.0,,,2.12,,0.0,5427.0,0.84,0.93,454.626,,0.549145853,
Kepler-965 b,Kepler-965,1,1,Transit,2016.0,134.2527298,0.0,,,3.38,,0.0,5886.0,1.15,1.05,582.828,,1.424185506,
Kepler-966 b,Kepler-966,1,1,Transit,2016.0,99.747622,0.0,,,4.13,,0.0,5840.0,1.02,1.02,1027.8,,1.085779361,
Kepler-967 b,Kepler-967,1,2,Transit,2016.0,13.22713379,0.0,,,2.35,,0.0,5178.0,0.8,0.84,568.546,,0.412779393,
Kepler-967 c,Kepler-967,1,2,Transit,2016.0,198.7112502,0.0,,,3.65,,0.0,5178.0,0.8,0.84,568.546,,0.412779393,
Kepler-968 b,Kepler-968,1,3,Transit,2016.0,3.692983728,0.0,,,2.0,,0.0,4598.0,0.7,0.76,290.324,,0.196499657,
Kepler-968 c,Kepler-968,1,3,Transit,2016.0,5.709404918,0.0,,,1.69,,0.0,4598.0,0.7,0.76,290.324,,0.196499657,
Kepler-969 b,Kepler-969,1,2,Transit,2016.0,34.1731714,0.0,,,2.07,,0.0,5214.0,0.82,0.92,390.354,,0.445863234,
Kepler-969 c,Kepler-969,1,2,Transit,2016.0,1.682934604,0.0,,,0.99,,0.0,5214.0,0.82,0.92,390.354,,0.445863234,
Kepler-97 b,Kepler-97,1,2,Transit,2014.0,2.58664,0.0,,,1.48,3.51,5.965867027,5779.0,0.98,0.94,400.907,,0.961065039,
Kepler-97 c,Kepler-97,1,2,Radial Velocity,2014.0,789.0,0.0,,,,344.0,,5779.0,0.98,0.94,400.907,,0.961065039,
Kepler-970 b,Kepler-970,2,1,Transit,2016.0,16.736525,0.06331182,0.139,0.34,2.609,,0.0,4290.0,0.71,0.67,331.545,467.5096127,0.153191869,7.928775399
Kepler-971 b,Kepler-971,1,1,Transit,2016.0,9.59070716,0.0,,,2.13,,0.0,5431.0,0.85,0.88,338.522,,0.563958196,
Kepler-972 b,Kepler-972,1,1,Transit,2016.0,7.03932553,0.0,,,4.65,,0.0,6146.0,1.22,1.15,1198.03,,1.905371808,
Kepler-973 b,Kepler-973,1,1,Transit,2016.0,49.6077331,0.0,,,1.96,,0.0,5213.0,0.78,0.86,328.52,,0.403115925,
Kepler-974 b,Kepler-974,1,2,Transit,2016.0,4.194496514,0.0,,,1.57,,0.0,3687.0,0.5,0.52,134.311,,0.041449797,
Kepler-975 b,Kepler-975,1,2,Transit,2016.0,1.970342457,0.0,,,1.48,,0.0,4897.0,0.75,0.8,426.088,,0.290223645,
Kepler-975 c,Kepler-975,1,2,Transit,2023.0,5.05821338,0.013844725,0.0567,0.0,10.69,,0.0,4883.0,1.667,0.951,426.088,1276.657713,1.417450648,440.9017565
Kepler-976 b,Kepler-976,1,1,Transit,2016.0,105.9564148,0.0,,,3.96,,0.0,5232.0,0.83,0.87,1012.41,,0.463144996,
Kepler-977 b,Kepler-977,1,1,Transit,2016.0,26.85328322,0.0,,,2.62,,0.0,5315.0,0.83,0.87,568.751,,0.493240933,
Kepler-978 b,Kepler-978,1,1,Transit,2016.0,49.6221509,0.0,,,2.99,,0.0,6002.0,1.09,1.07,682.522,,1.383333232,
Kepler-979 b,Kepler-979,1,1,Transit,2016.0,8.0880135,0.0,,,2.72,,0.0,5310.0,0.83,0.87,576.503,,0.491387516,
Kepler-98 b,Kepler-98,1,1,Transit,2014.0,1.54168,0.0,,,1.99,3.55,2.482108276,5539.0,1.11,0.99,350.315,,1.040545962,
Kepler-980 b,Kepler-980,1,1,Transit,2016.0,11.55102504,0.0,,,2.67,,0.0,5935.0,1.06,1.05,961.468,,1.250790211,
Kepler-981 b,Kepler-981,1,1,Transit,2016.0,4.469757736,0.0,,,2.31,,0.0,5718.0,0.96,0.98,878.082,,0.883911777,
Kepler-982 b,Kepler-982,1,1,Transit,2016.0,15.7738221,0.0,,,2.25,,0.0,6139.0,1.29,1.16,801.479,,2.120605112,
Kepler-983 b,Kepler-983,1,1,Transit,2016.0,60.0855082,0.0,,,2.36,,0.0,6052.0,1.08,1.13,714.437,,1.403889864,
Kepler-984 b,Kepler-984,1,1,Transit,2016.0,43.0342272,0.0,,,2.12,,0.0,5610.0,0.93,0.96,460.188,,0.768612056,
Kepler-985 b,Kepler-985,1,1,Transit,2016.0,116.331901,0.0,,,2.98,,0.0,5434.0,0.85,0.91,679.361,,0.565205316,
Kepler-986 b,Kepler-986,1,1,Transit,2016.0,56.4349938,0.0,,,2.36,,0.0,5642.0,0.98,0.96,548.364,,0.873120788,
Kepler-987 b,Kepler-987,1,1,Transit,2016.0,105.3033148,0.0,,,3.26,,0.0,5637.0,0.91,0.97,914.126,,0.750178778,
Kepler-988 b,Kepler-988,1,1,Transit,2016.0,17.76080053,0.0,,,2.07,,0.0,4005.0,0.53,0.55,304.889,,0.064841294,
Kepler-989 b,Kepler-989,1,1,Transit,2016.0,7.964315352,0.0,,,2.21,,0.0,5074.0,0.78,0.82,491.978,,0.361810284,
Kepler-99 b,Kepler-99,2,1,Transit,2014.0,4.60358,0.0,,,1.48,6.15,10.45301488,4782.0,0.73,0.79,208.369,,0.250019486,
Kepler-990 b,Kepler-990,1,2,Transit,2016.0,9.91723428,0.0,,,2.6,,0.0,5948.0,1.08,1.05,802.163,,1.309848902,
Kepler-990 c,Kepler-990,1,2,Transit,2016.0,0.538354308,0.0,,,1.53,,0.0,5948.0,1.08,1.05,802.163,,1.309848902,
Kepler-991 b,Kepler-991,1,1,Transit,2016.0,82.5342519,0.0,,,2.54,,0.0,4392.0,0.61,0.64,389.561,,0.124222094,
Kepler-992 b,Kepler-992,1,1,Transit,2016.0,20.16034462,0.0,,,1.62,,0.0,4944.0,0.74,0.8,259.639,,0.293539897,
Kepler-993 b,Kepler-993,1,1,Transit,2016.0,22.08557563,0.0,,,2.97,,0.0,3843.0,0.54,0.57,324.423,,0.057063566,
Kepler-994 b,Kepler-994,1,1,Transit,2016.0,1.151166506,0.0,,,1.6,,0.0,3934.0,0.54,0.56,188.158,,0.062663521,
Kepler-995 b,Kepler-995,1,1,Transit,2016.0,28.26731672,0.0,,,2.7,,0.0,5206.0,0.8,0.83,609.638,,0.421780482,
Kepler-996 b,Kepler-996,1,1,Transit,2016.0,3.770590584,0.0,,,1.98,,0.0,6014.0,1.14,1.09,1216.58,,1.525292897,
Kepler-997 b,Kepler-997,1,1,Transit,2016.0,2.707306716,0.0,,,1.36,,0.0,6150.0,1.56,1.22,467.568,,3.123485612,
Kepler-998 b,Kepler-998,1,1,Transit,2016.0,5.65377733,0.0,,,2.32,,0.0,6058.0,1.18,1.12,986.364,,1.682561474,
Kepler-999 b,Kepler-999,1,1,Transit,2016.0,5.991857017,0.0,,,2.34,,0.0,6237.0,1.65,1.29,545.063,,3.696244698,
L 168-9 b,L 168-9,1,1,Transit,2020.0,1.40152604,0.003828343,0.0208,0.0,1.63,4.07,5.178252158,3842.0,0.604,0.614,25.1496,998.287518,0.071317017,164.8414778
L 363-38 b,L 363-38,1,1,Radial Velocity,2023.0,8.781,0.022948389,0.048,,,4.67,,3129.0,0.274,0.21,10.2295,360.4721397,0.006456739,2.80240406
L 98-59 b,L 98-59,1,5,Transit,2019.0,2.253114,0.006159464,0.0223,0.031,0.837,0.46,4.322480638,3415.0,0.3155,0.2923,10.6194,619.3689603,0.012146507,24.42539991
L 98-59 c,L 98-59,1,5,Transit,2019.0,3.6906764,0.010046697,0.0309,0.002,1.329,2.0,4.694687097,3415.0,0.3155,0.2923,10.6194,526.1658152,0.012146507,12.72138658
L 98-59 d,L 98-59,1,5,Transit,2019.0,7.450729,0.020308414,0.0494,0.006,1.627,1.64,2.098131906,3415.0,0.3155,0.2923,10.6194,416.1389758,0.012146507,4.977342328
L 98-59 e,L 98-59,1,5,Radial Velocity,2021.0,12.8278,0.03514031,0.0712,0.012,,2.82,,3415.0,0.3155,0.2923,10.6194,346.6265875,0.012146507,2.396025424
L 98-59 f,L 98-59,1,5,Radial Velocity,2025.0,23.064,0.063111602,0.1052,0.044,,2.8,,3415.0,0.3155,0.2923,10.6194,285.1635407,0.012146507,1.097538919
LHS 1140 b,LHS 1140,1,2,Transit,2017.0,24.73723,0.067757324,0.0946,0.043,1.73,5.6,5.959383257,3096.0,0.2159,0.1844,14.9861,225.524217,0.003842368,0.429355143
LHS 1140 c,LHS 1140,1,2,Transit,2018.0,3.77794,0.010331543,0.027,0.05,1.272,1.91,5.11356325,3096.0,0.2159,0.1844,14.9861,422.1403537,0.003842368,5.270737826
LHS 1478 b,LHS 1478,1,1,Transit,2021.0,1.9495378,0.005171267,0.01848,,1.242,2.33,6.701048055,3381.0,0.246,0.236,18.2276,594.8030948,0.00709481,20.77479818
LHS 1678 b,LHS 1678,2,3,Transit,2021.0,0.8602325,0.002347996,0.01239,0.033,0.685,,0.0,3490.0,0.329,0.345,19.8782,867.1599294,0.014407325,93.85139686
LHS 1678 c,LHS 1678,2,3,Transit,2021.0,3.694284,0.010067278,0.0327,0.039,0.941,,0.0,3490.0,0.329,0.345,19.8782,533.7783787,0.014407325,13.47373025
LHS 1678 d,LHS 1678,2,3,Transit,2024.0,4.9652229,0.013620104,0.04,0.036,0.981,,0.0,3490.0,0.329,0.345,19.8782,482.6194928,0.014407325,9.004578138
LHS 1815 b,LHS 1815,1,1,Transit,2020.0,3.814334,0.0,,0.0,1.088,1.58,6.759615602,3643.0,0.501,0.502,29.8424,,0.0396645,
LHS 1903 b,LHS 1903,1,4,Transit,2026.0,2.1555098,0.005901345,0.02656,0.015,1.382,3.28,6.847015539,3664.0,0.539,0.538,35.6917,795.8794495,0.046977429,66.59369289
LHS 1903 c,LHS 1903,1,4,Transit,2026.0,6.226185,0.017046269,0.05387,0.089,2.046,4.55,2.927157611,3664.0,0.539,0.538,35.6917,558.8404561,0.046977429,16.18807803
LHS 1903 d,LHS 1903,1,4,Transit,2026.0,12.566287,0.034408003,0.08604,0.112,2.5,5.96,2.1017344,3664.0,0.539,0.538,35.6917,442.1922486,0.046977429,6.34583005
LHS 1903 e,LHS 1903,1,4,Transit,2026.0,29.31773,0.080275404,0.15135,0.014,1.732,5.79,6.140256302,3664.0,0.539,0.538,35.6917,333.4034685,0.046977429,2.050805105
LHS 3154 b,LHS 3154,1,1,Radial Velocity,2023.0,3.71778,0.010174615,0.02262,0.076,,13.15,,2861.0,0.1405,0.1118,15.7606,343.8121326,0.001186626,2.319149409
LHS 3844 b,LHS 3844,1,1,Transit,2019.0,0.46292913,0.0012624,0.00622,,1.303,,0.0,3036.0,0.189,0.151,14.8846,806.9543287,0.00272283,70.37845973
LHS 475 b,LHS 475,1,1,Transit,2023.0,2.029088,0.0,,,0.991,,0.0,3300.0,0.2789,0.262,12.4814,,0.008276422,
LP 261-75 b,LP 261-75 A,1,1,Imaging,2006.0,,20352.01576,450.0,,,6674.396547,,,,0.22,33.928,0.0,0.0,0.0
LP 714-47 b,LP 714-47,1,1,Transit,2020.0,4.052037,0.011086082,0.0417,0.04,4.7,30.8,1.634589638,3950.0,0.584,0.59,52.616,712.7659923,0.074491021,42.83825944
LP 791-18 b,LP 791-18,1,3,Transit,2019.0,0.9479981,0.002594185,0.00978,,1.212,,0.0,2960.0,0.182,0.139,26.4927,615.7004291,0.00228139,23.85183304
LP 791-18 c,LP 791-18,1,3,Transit,2019.0,4.98991,0.013666277,0.02961,0.0001,2.488,7.16,2.56161285,2960.0,0.182,0.139,26.4927,353.8503911,0.00228139,2.602092047
LP 791-18 d,LP 791-18,1,3,Transit,2023.0,2.75485,0.007540959,0.01992,0.0011,1.032,0.91,4.561985487,2960.0,0.182,0.139,26.4927,431.4139823,0.00228139,5.749377195
LP 890-9 b,LP 890-9,1,2,Transit,2022.0,2.7299025,0.007474134,0.01875,,1.32,13.2,31.62304867,2850.0,0.1556,0.118,32.4298,395.8772082,0.00143314,4.076485775
LP 890-9 c,LP 890-9,1,2,Transit,2022.0,8.457463,0.023149307,0.03984,,1.367,25.3,54.57158607,2850.0,0.1556,0.118,32.4298,271.5823051,0.00143314,0.902921129
LSPM J2116+0234 b,LSPM J2116+0234,1,1,Radial Velocity,2019.0,14.4399,0.039538659,0.0876,0.183,,13.3,,3475.0,0.431,0.43,17.6297,371.6660307,0.024303209,3.167053601
LTT 1445 A b,LTT 1445 A,3,2,Transit,2019.0,5.3587635,0.014669689,0.0381,,1.34,2.73,6.25172478,,0.271,0.257,6.86929,0.0,0.0,0.0
LTT 1445 A c,LTT 1445 A,3,2,Transit,2022.0,3.1239035,0.008562503,0.02661,0.223,1.147,1.54,5.62318104,3340.0,0.265,0.257,6.86929,508.2278326,0.007840928,11.07331657
LTT 3780 b,LTT 3780,2,2,Transit,2020.0,0.76837931,0.002116359,0.01195,0.0,1.325,2.46,5.826920209,3358.0,0.38,0.381,21.9814,913.0614691,0.01647327,115.3570124
LTT 3780 c,LTT 3780,2,2,Transit,2020.0,12.252284,0.033742817,0.0757,0.024,2.39,8.04,3.244994348,3358.0,0.38,0.381,21.9814,362.7738959,0.01647327,2.874670362
LTT 9779 b,LTT 9779,1,1,Transit,2020.0,0.792052,0.00215415,0.01679,0.0,4.72,29.32,1.536347892,5443.0,0.949,1.02,80.4373,1973.138502,0.709211244,2515.789034
LkCa 15 b,LkCa 15,1,2,Imaging,2015.0,,0.0,14.7,,,,,4194.0,1.60711,,158.152,66.86579909,0.716959727,0.003317876
LkCa 15 c,LkCa 15,1,2,Imaging,2015.0,,0.0,18.6,,,,,4194.0,1.60711,,158.152,59.44375484,0.716959727,0.002072378
Luhman 16 b,Luhman 16 A,1,1,Imaging,2017.0,9697.0,35.92159773,3.52,0.344,,9344.155166,,,,0.0338,,0.0,0.0,0.0
Lupus-TR-3 b,Lupus-TR-3,1,1,Transit,2007.0,3.91405,0.010715621,0.0464,0.0,9.976,257.431,1.428706831,5000.0,0.82,0.87,773.409,1013.513222,0.377048808,175.1304288
M62H b,M62H,1,1,Pulsar Timing,2024.0,0.132935028,0.0,,,,785.0361653,,,,1.4,,,0.0,
MASCARA-1 b,MASCARA-1,1,1,Transit,2017.0,2.14877381,0.005880589,0.040352,0.00034,17.90074218,,0.0,7490.0,2.082,1.9,182.273,2594.186091,12.23991977,7517.067349
MASCARA-4 b,MASCARA-4,2,1,Transit,2020.0,2.8240932,0.007800968,0.0474,,16.98160576,532.3625817,0.598994533,7800.0,1.79,1.75,170.696,2311.231383,10.64080103,4736.064838
MOA-2007-BLG-192L b,MOA-2007-BLG-192L,1,1,Microlensing,2008.0,,1.993021157,0.62,,,3.3,,,,0.06,1000.0,0.0,0.0,0.0
MOA-2007-BLG-400L b,MOA-2007-BLG-400L,1,1,Microlensing,2008.0,,17.25255705,5.9,,,540.3082919,,,,0.69,6890.0,0.0,0.0,0.0
MOA-2008-BLG-310L b,MOA-2008-BLG-310L,1,1,Microlensing,2009.0,,2.517557395,1.1,,,23.4,,,,0.21,7700.0,0.0,0.0,0.0
MOA-2008-BLG-379L b,MOA-2008-BLG-379L,1,1,Microlensing,2013.0,,5.928592943,2.7,,,1300.0,,,,0.56,3300.0,0.0,0.0,0.0
MOA-2009-BLG-266L b,MOA-2009-BLG-266L,1,1,Microlensing,2011.0,2800.0,7.6494631,3.2,,,10.4,,,,0.56,3040.0,0.0,0.0,0.0
MOA-2009-BLG-319L b,MOA-2009-BLG-319L,1,1,Microlensing,2010.0,,3.995566961,2.03,,,67.3,,,,0.524,7050.0,0.0,0.0,0.0
MOA-2009-BLG-387L b,MOA-2009-BLG-387L,1,1,Microlensing,2010.0,1980.0,5.540283101,1.8,,,830.0,,,,0.19,5690.0,0.0,0.0,0.0
MOA-2010-BLG-073L b,MOA-2010-BLG-073L,1,1,Microlensing,2012.0,,3.3275,1.21,,,3500.0,,,,0.16,2800.0,0.0,0.0,0.0
MOA-2010-BLG-117L b,MOA-2010-BLG-117L,1,1,Microlensing,2018.0,,4.943209902,2.42,,,170.0,,,,0.58,3500.0,0.0,0.0,0.0
MOA-2010-BLG-328L b,MOA-2010-BLG-328L,1,1,Microlensing,2013.0,,2.660635604,0.92,,,9.2,,,,0.11,810.0,0.0,0.0,0.0
MOA-2010-BLG-353L b,MOA-2010-BLG-353L,1,1,Microlensing,2015.0,,5.316874604,1.72,,,86.0,,,,0.18,6430.0,0.0,0.0,0.0
MOA-2010-BLG-477L b,MOA-2010-BLG-477L,1,1,Microlensing,2012.0,,3.455473702,2.0,,,480.0,,5950.0,,0.67,2300.0,0.0,0.0,0.0
MOA-2011-BLG-028L b,MOA-2011-BLG-028L,1,1,Microlensing,2016.0,,9.726797623,4.14,,,30.0,,,,0.75,7380.0,0.0,0.0,0.0
MOA-2011-BLG-262L b,MOA-2011-BLG-262L,1,1,Microlensing,2014.0,,2.791830615,0.95,,,17.0,,,,0.11,7200.0,0.0,0.0,0.0
MOA-2011-BLG-291L b,MOA-2011-BLG-291L,1,1,Microlensing,2018.0,,1.479885131,0.69,,,18.0,,,,0.15,4400.0,0.0,0.0,0.0
MOA-2011-BLG-293L b,MOA-2011-BLG-293L,1,1,Microlensing,2012.0,,1.244055633,1.1,,,1500.0,,,,0.86,7720.0,0.0,0.0,0.0
MOA-2011-BLG-322L b,MOA-2011-BLG-322L,1,1,Microlensing,2013.0,,14.2780987,4.3,,,3690.0,,,,0.39,7560.0,0.0,0.0,0.0
MOA-2012-BLG-006L b,MOA-2012-BLG-006L,1,1,Microlensing,2017.0,,46.53741089,10.2,,,2700.0,,,,0.49,5300.0,0.0,0.0,0.0
MOA-2012-BLG-505L b,MOA-2012-BLG-505L,1,1,Microlensing,2017.0,,2.7,0.9,,,6.7,,,,0.1,7210.0,0.0,0.0,0.0
MOA-2013-BLG-220L b,MOA-2013-BLG-220L,1,1,Microlensing,2014.0,,5.622411222,3.03,,,871.0,,,,0.88,6720.0,0.0,0.0,0.0
MOA-2013-BLG-605L b,MOA-2013-BLG-605L,1,1,Microlensing,2016.0,,5.789203313,0.93,,,3.24,,,,0.024,850.0,0.0,0.0,0.0
MOA-2015-BLG-337L b,MOA-2015-BLG-337L,1,1,Microlensing,2018.0,,1.212698766,0.24,,,33.7,,,,0.0094,7100.0,0.0,0.0,0.0
MOA-2016-BLG-227L b,MOA-2016-BLG-227L,1,1,Microlensing,2017.0,,3.043148891,1.39,,,890.0,,,,0.29,6500.0,0.0,0.0,0.0
MOA-2016-BLG-319L b,MOA-2016-BLG-319L,1,1,Microlensing,2018.0,,2.390780905,0.95,,,200.0,,,,0.15,6800.0,0.0,0.0,0.0
MOA-2016-BLG-526L b,MOA-2016-BLG-526L,1,1,Microlensing,2024.0,,4.896149342,2.07,,,14.93793513,,,,0.37,6930.0,0.0,0.0,0.0
MOA-2019-BLG-008L b,MOA-2019-BLG-008L,1,1,Microlensing,2022.0,,0.0,,,,5720.911326,,,,0.9,2700.0,,0.0,
MOA-2020-BLG-135L b,MOA-2020-BLG-135L,1,1,Microlensing,2022.0,,2.438487593,1.11,,,11.3,,,,0.23,7900.0,0.0,0.0,0.0
MOA-2020-BLG-208L b,MOA-2020-BLG-208L,1,1,Microlensing,2023.0,,6.916583375,2.74,,,46.0,,,,0.43,7490.0,0.0,0.0,0.0
MOA-2022-BLG-033L b,MOA-2022-BLG-033L,1,1,Microlensing,2025.0,,4.414409338,2.15,,,12.15,,,,0.51,1840.0,0.0,0.0,0.0
MOA-2022-BLG-091L b,MOA-2022-BLG-091L,1,1,Microlensing,2025.0,,7.367277561,3.44,,,1141.003981,,,,0.75,4250.0,0.0,0.0,0.0
MOA-2022-BLG-249L b,MOA-2022-BLG-249L,1,1,Microlensing,2023.0,,4.905069373,1.63,,,4.83,,,,0.18,2000.0,0.0,0.0,0.0
MOA-2022-BLG-563L b,MOA-2022-BLG-563L,1,1,Microlensing,2024.0,,4.550268994,2.15,,,127.1313628,,,,0.48,6530.0,0.0,0.0,0.0
MOA-bin-1L b,MOA-bin-1L,1,1,Microlensing,2012.0,,27.61127789,8.3,,,1200.0,,,,0.75,5100.0,0.0,0.0,0.0
MOA-bin-29 b,MOA-bin-29,1,1,Microlensing,2019.0,,1.92,0.48,,,190.0,,,,0.03,7120.0,0.0,0.0,0.0
MWC 758 c,MWC 758,1,1,Imaging,2023.0,,816.4965809,100.0,,,,,,,1.5,159.537,0.0,0.0,0.0
MXB 1658-298 b,MXB 1658-298,2,1,Eclipse Timing Variations,2017.0,760.0,2.080766598,1.613,,,7532.571,,,,,,0.0,0.0,0.0
NGC 2682 Sand 1429 b,NGC 2682 Sand 1429,1,1,Radial Velocity,2024.0,77.48,0.21198814,0.384,0.0,,572.0911326,,6000.0,2.13,1.26,852.793,681.3761351,5.275383764,35.77598581
NGC 2682 Sand 978 b,NGC 2682 Sand 978,1,1,Radial Velocity,2017.0,511.21,0.0,,0.16,,692.8694,,4200.0,,1.37,821.918,,0.0,
NGC 2682 YBP 1194 b,NGC 2682 YBP 1194,1,1,Radial Velocity,2014.0,6.959,0.0,,0.3,,101.7056,,5780.0,,1.01,872.92,,0.0,
NGC 2682 YBP 1514 b,NGC 2682 YBP 1514,1,1,Radial Velocity,2014.0,5.118,0.0,,0.28,,127.132,,5725.0,,0.96,914.221,,0.0,
NGC 2682 YBP 401 b,NGC 2682 YBP 401,1,1,Radial Velocity,2016.0,4.087,0.0,,0.15,,146.2018,,6165.0,,1.14,830.822,,0.0,
NGTS-1 b,NGTS-1,1,1,Transit,2017.0,2.647298,0.007493485,0.0326,0.016,14.90797,258.07796,0.429187422,3916.0,0.573,0.617,218.121,791.6307813,0.06927393,65.18304227
NGTS-10 b,NGTS-10,1,1,Transit,2020.0,0.7668944,0.002049743,0.0143,0.0,13.506845,687.14846,1.536527821,4600.0,0.697,0.696,,1548.523073,0.195158168,954.3653387
NGTS-11 b,NGTS-11,1,1,Transit,2020.0,35.45533,0.097060037,0.201,0.13,9.157753,109.33352,0.784401025,5050.0,0.832,0.862,190.422,495.4119649,0.403926192,9.99792559
NGTS-12 b,NGTS-12,1,1,Transit,2020.0,7.532806,0.020612513,0.0757,0.0,11.747032,66.10864,0.224711535,5690.0,1.589,1.021,446.442,1257.007167,2.374579477,414.3763408
NGTS-13 b,NGTS-13,1,1,Transit,2021.0,4.119027,0.011282019,0.0549,0.086,12.800678,1538.2972,4.041037952,5819.0,1.788,1.3,647.595,1601.243651,3.288654939,1091.12277
NGTS-14 A b,NGTS-14 A,2,1,Transit,2021.0,3.5357173,0.008537278,0.0403,0.0,4.976796,29.24036,1.307027714,5187.0,0.842,0.898,322.148,1143.223779,0.46044634,283.5103595
NGTS-15 b,NGTS-15,1,1,Transit,2021.0,3.27623,0.00928424,0.0441,0.0,12.32987877,238.6891337,0.701629479,5600.0,0.954,0.995,786.485,1255.898085,0.803042827,412.9158259
NGTS-16 b,NGTS-16,1,1,Transit,2021.0,4.84532,0.011948645,0.0523,0.0,14.57167491,211.9915475,0.377521529,5550.0,1.213,1.002,898.168,1288.79552,1.252516294,457.9098719
NGTS-17 b,NGTS-17,1,1,Transit,2021.0,3.24253,0.007636656,0.0391,0.0,13.89913607,242.820903,0.49828091,5650.0,1.337,1.025,1040.28,1593.078775,1.634355225,1069.037503
NGTS-18 b,NGTS-18,1,1,Transit,2021.0,3.05125,0.009468181,0.0448,0.0,13.56286665,129.9918185,0.287086746,5610.0,1.392,1.003,1096.19,1507.838925,1.721946942,857.9534749
NGTS-2 b,NGTS-2,1,1,Transit,2018.0,4.511164,0.01234778,0.063,0.0,17.878355,235.1942,0.226775189,6478.0,1.702,1.64,356.391,1623.536009,4.576913832,1153.16549
NGTS-20 b,NGTS-20,1,1,Transit,2022.0,54.18915,0.144430142,0.313,0.432,11.99360935,947.1286529,3.024898989,5980.0,1.78,1.47,382.898,687.6231586,3.635252573,37.10615167
NGTS-21 b,NGTS-21,1,1,Transit,2022.0,1.5433897,0.004272694,0.0236,0.0,14.90794433,750.0750405,1.247392206,4660.0,0.86,0.72,592.891,1356.408865,0.312917909,561.8319247
NGTS-23 b,NGTS-23,1,1,Transit,2022.0,4.0764326,0.011258619,0.0504,0.0,14.20177855,194.8288135,0.374780145,6057.0,1.24,1.01,1074.95,1448.653856,1.856793106,730.9748622
NGTS-24 b,NGTS-24,1,1,Transit,2022.0,3.4678796,0.009339379,0.0479,0.0,13.60770257,165.2707716,0.361404228,5820.0,1.64,1.26,683.062,1642.05852,2.768659097,1206.697625
NGTS-25 b,NGTS-25,1,1,Transit,2022.0,2.823093,0.008011741,0.0388,0.0,11.46678726,203.0923521,0.74219821,5321.0,0.86,0.91,521.233,1207.9198,0.531936496,353.3428738
NGTS-26 b,NGTS-26,1,1,Transit,2024.0,4.5199279,0.011070277,0.049,0.0,14.88552637,92.80589484,0.15503672,5550.0,1.16,0.96,1093.69,1302.073249,1.145454284,477.0738377
NGTS-27 b,NGTS-27,1,1,Transit,2024.0,3.3704181,0.009105638,0.0446,0.0,15.64773706,188.4722454,0.271046862,5700.0,1.77,1.07,942.122,1731.432392,2.967124744,1491.647099
NGTS-3 A b,NGTS-3 A,2,1,Transit,2018.0,1.6753728,0.003458846,0.023,,16.58932,756.4354,0.912930444,5600.0,0.93,1.017,743.972,1717.026753,0.763146392,1442.620778
NGTS-30 b,NGTS-30,1,1,Transit,2024.0,98.29838,0.268798176,0.408,0.294,10.40193409,305.1152707,1.493733944,5455.0,0.913,0.94,238.377,393.4699234,0.6622324,3.978231928
NGTS-31 b,NGTS-31,1,1,Transit,2025.0,4.162734,0.016524729,0.064,0.0,18.04645893,355.9678158,0.333723155,5710.0,1.7,0.96,497.376,1418.998906,2.756335799,672.9335447
NGTS-32 b,NGTS-32,1,1,Transit,2025.0,3.31211,0.008922512,0.044,0.0,15.91675259,181.162192,0.247545918,5680.0,1.85,1.07,837.457,1775.903406,3.196146294,1650.902011
NGTS-33 b,NGTS-33,1,1,Transit,2024.0,2.827972,0.008313844,0.048,0.0,18.38272835,1153.717117,1.023342536,7437.0,1.47,1.6,437.855,1984.482661,5.930832318,2574.145971
NGTS-34 b,NGTS-34,1,1,Transit,2025.0,43.12655,0.11579314,0.257,,3.65,19.1,2.16424475,6134.0,1.367,1.266,120.475,682.1391032,2.373569571,35.93649519
NGTS-35 b,NGTS-35,1,1,Transit,2025.0,25.241192,0.072051242,0.16,0.192,10.9,152.0,0.646719108,4717.0,0.753,0.789,183.078,493.4178444,0.251850784,9.837921255
NGTS-4 b,NGTS-4,1,1,Transit,2019.0,1.3373508,0.003024125,0.019,0.0,3.18,20.6,3.529697272,5143.0,0.84,0.75,280.555,1648.886816,0.442909014,1226.894777
NGTS-5 b,NGTS-5,1,1,Transit,2019.0,3.3569866,0.009183206,0.0382,0.0,12.733424,72.78307,0.194243443,4987.0,0.739,0.661,306.779,1057.648565,0.30306529,207.6870769
NGTS-6 b,NGTS-6,1,1,Transit,2019.0,0.882059,0.002479716,0.01677,0.0,14.863134,425.57437,0.714160596,4730.0,0.754,0.767,308.262,1529.296734,0.255315455,907.8434812
NGTS-8 b,NGTS-8,1,1,Transit,2019.0,2.4997,0.006940761,0.035,0.01,12.21781,295.5819,0.892995631,5241.0,0.98,0.89,428.976,1337.225513,0.650127655,530.7164528
NGTS-9 b,NGTS-9,1,1,Transit,2019.0,4.43527,0.01206673,0.058,0.06,11.99363,921.707,2.943693196,6330.0,1.38,1.34,609.128,1488.814998,2.743234051,815.4679104
NN Ser c,NN Ser,2,2,Eclipse Timing Variations,2010.0,,0.0,,,,,,,,,,,0.0,
NN Ser d,NN Ser,2,2,Eclipse Timing Variations,2010.0,,0.0,,,,,,,,,,,0.0,
NSVS 14256825 b,NSVS 14256825,2,1,Eclipse Timing Variations,2019.0,3225.0,8.513828145,3.12,0.12,,4497.2945,,40000.0,0.188,0.419,820.877,473.4488844,81.17933957,8.339429196
NY Vir b,NY Vir,2,2,Eclipse Timing Variations,2011.0,3160.0,0.0,,0.15,,845.4278,,32780.0,0.151,0.459,544.024,,23.61998087,
NY Vir c,NY Vir,2,2,Eclipse Timing Variations,2019.0,8799.0,0.0,,0.15,,1760.7782,,32780.0,0.151,0.459,544.024,,23.61998087,
OGLE-2003-BLG-235L b,OGLE-2003-BLG-235L,1,1,Microlensing,2004.0,,11.23394798,4.3,,,830.0,,,,0.63,5800.0,0.0,0.0,0.0
OGLE-2005-BLG-071L b,OGLE-2005-BLG-071L,1,1,Microlensing,2005.0,,10.07105193,3.6,,,1200.0,,,,0.46,3200.0,0.0,0.0,0.0
OGLE-2005-BLG-169L b,OGLE-2005-BLG-169L,1,1,Microlensing,2006.0,,7.882745788,3.5,,,14.1,,,,0.69,4100.0,0.0,0.0,0.0
OGLE-2005-BLG-390L b,OGLE-2005-BLG-390L,1,1,Microlensing,2005.0,3285.0,8.938171462,2.6,,,5.5,,,,0.22,6600.0,0.0,0.0,0.0
OGLE-2006-BLG-109L b,OGLE-2006-BLG-109L,1,2,Microlensing,2008.0,1788.5,4.884348753,2.3,,,231.0,,,,0.51,1510.0,0.0,0.0,0.0
OGLE-2006-BLG-109L c,OGLE-2006-BLG-109L,1,2,Microlensing,2008.0,4927.5,13.36699183,4.5,0.15,,86.0,,,,0.51,1510.0,0.0,0.0,0.0
OGLE-2006-BLG-284L A b,OGLE-2006-BLG-284L A,2,1,Microlensing,2020.0,,5.403256426,2.17,,,144.0,,,,0.35,4000.0,0.0,0.0,0.0
OGLE-2007-BLG-349L AB c,OGLE-2007-BLG-349L A,2,1,Microlensing,2016.0,2557.0,6.509651184,2.59,,,80.0,,,,0.41,2760.0,0.0,0.0,0.0
OGLE-2007-BLG-368L b,OGLE-2007-BLG-368L,1,1,Microlensing,2009.0,,5.856620186,2.8,,,20.0,,,,0.64,5900.0,0.0,0.0,0.0
OGLE-2008-BLG-092L b,OGLE-2008-BLG-092L,2,1,Microlensing,2014.0,,68.94578397,15.0,,,57.0,,,,0.71,8100.0,0.0,0.0,0.0
OGLE-2008-BLG-355L b,OGLE-2008-BLG-355L,1,1,Microlensing,2014.0,,3.64395093,1.7,,,1500.0,,,,0.37,6800.0,0.0,0.0,0.0
OGLE-2011-BLG-0173L b,OGLE-2011-BLG-0173L,1,1,Microlensing,2018.0,,35.33808834,8.0,,,60.0,,,,0.41,6100.0,0.0,0.0,0.0
OGLE-2011-BLG-0251L b,OGLE-2011-BLG-0251L,1,1,Microlensing,2012.0,,8.797650036,2.72,,,170.0,,,,0.26,2570.0,0.0,0.0,0.0
OGLE-2011-BLG-0265L b,OGLE-2011-BLG-0265L,1,1,Microlensing,2015.0,,5.656548024,1.89,,,280.0,,,,0.211,4380.0,0.0,0.0,0.0
OGLE-2012-BLG-0026L b,OGLE-2012-BLG-0026L,1,2,Microlensing,2012.0,,7.770286899,4.0,,,46.1,,,,1.06,4019.0,0.0,0.0,0.0
OGLE-2012-BLG-0026L c,OGLE-2012-BLG-0026L,1,2,Microlensing,2012.0,,10.21430739,4.8,,,270.0,,,,1.06,4019.0,0.0,0.0,0.0
OGLE-2012-BLG-0358L b,OGLE-2012-BLG-0358L,1,1,Microlensing,2013.0,,5.471010377,0.87,,,588.0,,,,0.022,1760.0,0.0,0.0,0.0
OGLE-2012-BLG-0406L b,OGLE-2012-BLG-0406L,1,1,Microlensing,2013.0,,9.660560049,3.45,,,868.0,,,,0.44,4970.0,0.0,0.0,0.0
OGLE-2012-BLG-0563L b,OGLE-2012-BLG-0563L,1,1,Microlensing,2015.0,,1.091712093,0.74,,,120.0,,,,0.34,1300.0,0.0,0.0,0.0
OGLE-2012-BLG-0724L b,OGLE-2012-BLG-0724L,1,1,Microlensing,2016.0,,3.758209405,1.6,,,150.0,,,,0.29,6700.0,0.0,0.0,0.0
OGLE-2012-BLG-0838L b,OGLE-2012-BLG-0838L,1,1,Microlensing,2020.0,,14.7426513,4.43,,,53.1,,,,0.4,6320.0,0.0,0.0,0.0
OGLE-2012-BLG-0950L b,OGLE-2012-BLG-0950L,1,1,Microlensing,2016.0,,5.552935054,2.6,,,35.0,,,,0.57,2600.0,0.0,0.0,0.0
OGLE-2013-BLG-0102L b,OGLE-2013-BLG-0102L,1,1,Microlensing,2014.0,,2.309401077,0.8,,,4100.0,,,,0.096,3040.0,0.0,0.0,0.0
OGLE-2013-BLG-0132L b,OGLE-2013-BLG-0132L,1,1,Microlensing,2017.0,,9.295160031,3.6,,,92.0,,,,0.54,3900.0,0.0,0.0,0.0
OGLE-2013-BLG-0341L B b,OGLE-2013-BLG-0341L B,2,1,Microlensing,2014.0,,1.752038762,0.702,,,1.66,,,,0.1127,911.0,0.0,0.0,0.0
OGLE-2013-BLG-0911L b,OGLE-2013-BLG-0911L,1,1,Microlensing,2019.0,,0.452270136,0.39,,,3020.0,,,,0.29,3220.0,0.0,0.0,0.0
OGLE-2013-BLG-1721L b,OGLE-2013-BLG-1721L,1,1,Microlensing,2017.0,,6.181318278,2.6,,,200.0,,,,0.46,6300.0,0.0,0.0,0.0
OGLE-2013-BLG-1761L b,OGLE-2013-BLG-1761L,1,1,Microlensing,2018.0,,4.203894298,1.8,,,860.0,,,,0.33,6900.0,0.0,0.0,0.0
OGLE-2014-BLG-0124L b,OGLE-2014-BLG-0124L,1,1,Microlensing,2015.0,,6.843016879,3.48,,,206.5884646,,,,0.9,3500.0,0.0,0.0,0.0
OGLE-2014-BLG-0221L b,OGLE-2014-BLG-0221L,1,1,Microlensing,2024.0,,8.77722481,3.76,,,1382.55357,,,,0.69,3680.0,0.0,0.0,0.0
OGLE-2014-BLG-0319L b,OGLE-2014-BLG-0319L,1,1,Microlensing,2022.0,,9.04141635,3.49,,,181.162192,,,,0.52,7730.0,0.0,0.0,0.0
OGLE-2014-BLG-0676L b,OGLE-2014-BLG-0676L,1,1,Microlensing,2016.0,,11.2845923,4.53,,,1169.608538,,,,0.73,2670.0,0.0,0.0,0.0
OGLE-2014-BLG-1722L b,OGLE-2014-BLG-1722L,1,2,Microlensing,2018.0,,2.90473751,1.5,,,55.3,,,,0.4,6400.0,0.0,0.0,0.0
OGLE-2014-BLG-1722L c,OGLE-2014-BLG-1722L,1,2,Microlensing,2018.0,,3.504639782,1.7,,,83.7,,,,0.4,6400.0,0.0,0.0,0.0
OGLE-2014-BLG-1760L b,OGLE-2014-BLG-1760L,1,1,Microlensing,2016.0,,3.24169376,1.75,,,180.0,,,,0.51,6860.0,0.0,0.0,0.0
OGLE-2015-BLG-0051L b,OGLE-2015-BLG-0051L,1,1,Microlensing,2016.0,,1.972351389,0.73,,,230.0,,,,0.1,8200.0,0.0,0.0,0.0
OGLE-2015-BLG-0954L b,OGLE-2015-BLG-0954L,1,1,Microlensing,2016.0,,3.695041723,1.6,,,1100.0,,,,0.3,1200.0,0.0,0.0,0.0
OGLE-2015-BLG-0966L b,OGLE-2015-BLG-0966L,1,1,Microlensing,2016.0,,7.197038865,2.7,,,21.0,,,,0.38,3300.0,0.0,0.0,0.0
OGLE-2015-BLG-1609L b,OGLE-2015-BLG-1609L,1,1,Microlensing,2025.0,,0.0,,,,76.27881768,,,,0.17,3300.0,,0.0,
OGLE-2015-BLG-1649L b,OGLE-2015-BLG-1649L,1,1,Microlensing,2019.0,,5.107590372,2.07,,,807.0,,,,0.34,4230.0,0.0,0.0,0.0
OGLE-2015-BLG-1670L b,OGLE-2015-BLG-1670L,1,1,Microlensing,2019.0,,5.71834814,2.62,,,17.9,,,,0.55,6700.0,0.0,0.0,0.0
OGLE-2015-BLG-1771L b,OGLE-2015-BLG-1771L,1,1,Microlensing,2020.0,,2.824119217,0.85,,,138.0,,,,0.077,7070.0,0.0,0.0,0.0
OGLE-2016-BLG-0007L b,OGLE-2016-BLG-0007L,1,1,Microlensing,2025.0,14200.0,41.78842999,10.1,,,1.32,,,,0.59,4300.0,0.0,0.0,0.0
OGLE-2016-BLG-0263L b,OGLE-2016-BLG-0263L,1,1,Microlensing,2017.0,,34.80318288,5.4,,,1300.0,,,,0.13,6500.0,0.0,0.0,0.0
OGLE-2016-BLG-0613L AB b,OGLE-2016-BLG-0613L AB,2,1,Microlensing,2017.0,,19.08111341,6.4,,,1330.0,,,,0.72,3410.0,0.0,0.0,0.0
OGLE-2016-BLG-1067L b,OGLE-2016-BLG-1067L,1,1,Microlensing,2019.0,,4.046809443,1.7,,,140.0,,,,0.3,3730.0,0.0,0.0,0.0
OGLE-2016-BLG-1093L b,OGLE-2016-BLG-1093L,1,1,Microlensing,2022.0,,4.5834288,2.13,,,225.658169,,,,0.46,8120.0,0.0,0.0,0.0
OGLE-2016-BLG-1190L b,OGLE-2016-BLG-1190L,1,1,Microlensing,2017.0,1220.0,3.407597294,2.17,0.42,,4253.0,,,,0.88,6770.0,0.0,0.0,0.0
OGLE-2016-BLG-1195L b,OGLE-2016-BLG-1195L,1,1,Microlensing,2017.0,,4.473420076,1.16,,,1.43,,,,0.078,3910.0,0.0,0.0,0.0
OGLE-2016-BLG-1227L b,OGLE-2016-BLG-1227L,1,1,Microlensing,2020.0,,19.82523644,3.4,,,250.0,,,,0.1,,0.0,0.0,0.0
OGLE-2016-BLG-1266L b,OGLE-2016-BLG-1266L,1,1,Microlensing,2018.0,,2.302274238,0.43,,,3813.940884,,,,0.015,3080.0,0.0,0.0,0.0
OGLE-2016-BLG-1598L b,OGLE-2016-BLG-1598L,1,1,Microlensing,2024.0,,5.330017909,2.5,,,120.7747947,,,,0.55,5910.0,0.0,0.0,0.0
OGLE-2016-BLG-1800L b,OGLE-2016-BLG-1800L,1,1,Microlensing,2024.0,,4.025731868,1.88,,,823.1755741,,,,0.41,6480.0,0.0,0.0,0.0
OGLE-2017-BLG-0173L b,OGLE-2017-BLG-0173L,1,1,Microlensing,2018.0,,12.30034178,3.913,,,3.269,,,,0.396,4705.0,0.0,0.0,0.0
OGLE-2017-BLG-0364L b,OGLE-2017-BLG-0364L,1,1,Microlensing,2024.0,,10.54048938,3.79,,,75.8,,,,0.49,7860.0,0.0,0.0,0.0
OGLE-2017-BLG-0373L b,OGLE-2017-BLG-0373L,1,1,Microlensing,2018.0,,7.578322497,2.424,,,127.0,,,,0.248,5915.0,0.0,0.0,0.0
OGLE-2017-BLG-0406L b,OGLE-2017-BLG-0406L,1,1,Microlensing,2020.0,,8.75,3.5,,,130.0,,,,0.56,5200.0,0.0,0.0,0.0
OGLE-2017-BLG-0448L b,OGLE-2017-BLG-0448L,1,1,Microlensing,2024.0,,19.4991987,5.75,,,15.6,,,,0.5,7530.0,0.0,0.0,0.0
OGLE-2017-BLG-0482L b,OGLE-2017-BLG-0482L,1,1,Microlensing,2018.0,,5.4,1.8,,,9.0,,,,0.2,5800.0,0.0,0.0,0.0
OGLE-2017-BLG-0604L b,OGLE-2017-BLG-0604L,1,1,Microlensing,2020.0,,9.777774798,4.06,,,160.0,,,,0.7,3950.0,0.0,0.0,0.0
OGLE-2017-BLG-0640L b,OGLE-2017-BLG-0640L,1,1,Microlensing,2024.0,,2.151702814,1.14,,,514.8820193,,,,0.32,6630.0,0.0,0.0,0.0
OGLE-2017-BLG-1049L b,OGLE-2017-BLG-1049L,1,1,Microlensing,2020.0,,10.46520538,3.92,,,1760.0,,,,0.55,5670.0,0.0,0.0,0.0
OGLE-2017-BLG-1099L b,OGLE-2017-BLG-1099L,1,1,Microlensing,2021.0,,6.724154965,2.73,,,959.8417891,,,,0.45,7250.0,0.0,0.0,0.0
OGLE-2017-BLG-1140L b,OGLE-2017-BLG-1140L,1,1,Microlensing,2018.0,,2.242637242,1.02,,,505.0,,,,0.211,,0.0,0.0,0.0
OGLE-2017-BLG-1237L b,OGLE-2017-BLG-1237L,1,1,Microlensing,2024.0,,5.933375936,2.53,,,1207.747947,,,,0.46,6030.0,0.0,0.0,0.0
OGLE-2017-BLG-1275L b,OGLE-2017-BLG-1275L,1,1,Microlensing,2024.0,,3.806704403,2.09,,,1875.187601,,,,0.63,7690.0,0.0,0.0,0.0
OGLE-2017-BLG-1375L b,OGLE-2017-BLG-1375L,1,1,Microlensing,2020.0,,5.889356795,3.04,,,3585.0,,,,0.81,3930.0,0.0,0.0,0.0
OGLE-2017-BLG-1434L b,OGLE-2017-BLG-1434L,1,1,Microlensing,2018.0,,2.64981212,1.18,,,4.43,,,,0.234,860.0,0.0,0.0,0.0
OGLE-2017-BLG-1522L b,OGLE-2017-BLG-1522L,1,1,Microlensing,2018.0,,2.13634683,0.59,,,240.0,,,,0.045,7490.0,0.0,0.0,0.0
OGLE-2017-BLG-1691L b,OGLE-2017-BLG-1691L,1,1,Microlensing,2022.0,,5.57723966,2.41,,,14.62010672,,,,0.45,7290.0,0.0,0.0,0.0
OGLE-2017-BLG-1806L b,OGLE-2017-BLG-1806L,1,1,Microlensing,2023.0,,3.755478454,1.75,,,5.27,,,,0.38,6400.0,0.0,0.0,0.0
OGLE-2018-BLG-0298L b,OGLE-2018-BLG-0298L,1,1,Microlensing,2022.0,,5.822701201,2.86,,,44.49597698,,,,0.69,6540.0,0.0,0.0,0.0
OGLE-2018-BLG-0383L b,OGLE-2018-BLG-0383L,1,1,Microlensing,2022.0,,7.636753237,1.8,,,6.4,,,,0.1,7700.0,0.0,0.0,0.0
OGLE-2018-BLG-0506L b,OGLE-2018-BLG-0506L,1,1,Microlensing,2022.0,,6.546536707,3.0,,,16.3,,,,0.63,5600.0,0.0,0.0,0.0
OGLE-2018-BLG-0516L b,OGLE-2018-BLG-0516L,1,1,Microlensing,2022.0,,4.759760409,2.2,,,20.1,,,,0.47,7000.0,0.0,0.0,0.0
OGLE-2018-BLG-0532L b,OGLE-2018-BLG-0532L,1,1,Microlensing,2020.0,,2.485393374,1.064,,,6.228,,,,0.195,773.0,0.0,0.0,0.0
OGLE-2018-BLG-0567L b,OGLE-2018-BLG-0567L,1,1,Microlensing,2021.0,,8.971877841,2.72,,,101.7050902,,,,0.25,7060.0,0.0,0.0,0.0
OGLE-2018-BLG-0596L b,OGLE-2018-BLG-0596L,1,1,Microlensing,2019.0,,1.987703541,0.97,,,13.93,,,,0.231,5650.0,0.0,0.0,0.0
OGLE-2018-BLG-0677L b,OGLE-2018-BLG-0677L,1,1,Microlensing,2020.0,,1.443511344,0.63,,,3.96,,,,0.12,7580.0,0.0,0.0,0.0
OGLE-2018-BLG-0740L b,OGLE-2018-BLG-0740L,1,1,Microlensing,2019.0,5480.0,11.18033989,5.0,0.0,,1500.0,,5912.0,,1.0,3200.0,0.0,0.0,0.0
OGLE-2018-BLG-0799L b,OGLE-2018-BLG-0799L,1,1,Microlensing,2022.0,,4.748686293,1.28,,,82.63538582,,,,0.093,4050.0,0.0,0.0,0.0
OGLE-2018-BLG-0932L b,OGLE-2018-BLG-0932L,1,1,Microlensing,2022.0,,2.728291845,1.75,,,282.8672822,,,,0.72,6620.0,0.0,0.0,0.0
OGLE-2018-BLG-0962L b,OGLE-2018-BLG-0962L,1,1,Microlensing,2021.0,,9.256457106,3.59,,,425.8900654,,,,0.54,6500.0,0.0,0.0,0.0
OGLE-2018-BLG-0977L b,OGLE-2018-BLG-0977L,1,1,Microlensing,2022.0,,4.125684985,2.0,,,6.4,,,,0.47,6500.0,0.0,0.0,0.0
OGLE-2018-BLG-1011L b,OGLE-2018-BLG-1011L,1,2,Microlensing,2019.0,,5.692099788,1.8,,,570.0,,,,0.18,7100.0,0.0,0.0,0.0
OGLE-2018-BLG-1011L c,OGLE-2018-BLG-1011L,1,2,Microlensing,2019.0,,1.686548085,0.8,,,890.0,,,,0.18,7100.0,0.0,0.0,0.0
OGLE-2018-BLG-1119L b,OGLE-2018-BLG-1119L,1,1,Microlensing,2022.0,,11.80778486,4.06,,,289.2238504,,,,0.48,5760.0,0.0,0.0,0.0
OGLE-2018-BLG-1126L b,OGLE-2018-BLG-1126L,1,1,Microlensing,2022.0,,6.988423865,3.23,,,17.79839079,,,,0.69,5700.0,0.0,0.0,0.0
OGLE-2018-BLG-1185L b,OGLE-2018-BLG-1185L,1,1,Microlensing,2021.0,,3.141812181,1.54,,,8.4,,,,0.37,7400.0,0.0,0.0,0.0
OGLE-2018-BLG-1212L b,OGLE-2018-BLG-1212L,1,1,Microlensing,2022.0,,5.443822187,1.68,,,63.5656814,,,,0.16,1550.0,0.0,0.0,0.0
OGLE-2018-BLG-1269L b,OGLE-2018-BLG-1269L,1,1,Microlensing,2020.0,,9.090825541,4.51,,,210.0,,,,1.11,2510.0,0.0,0.0,0.0
OGLE-2018-BLG-1367L b,OGLE-2018-BLG-1367L,1,1,Microlensing,2022.0,,0.0,,,,301.9369867,,,,0.28,5370.0,,0.0,
OGLE-2018-BLG-1428L b,OGLE-2018-BLG-1428L,1,1,Microlensing,2021.0,,9.141904539,3.3,,,240.0,,,,0.43,6220.0,0.0,0.0,0.0
OGLE-2018-BLG-1647L b,OGLE-2018-BLG-1647L,1,1,Microlensing,2022.0,,5.228949516,1.36,,,308.2935548,,,,0.092,7880.0,0.0,0.0,0.0
OGLE-2018-BLG-1700L b,OGLE-2018-BLG-1700L,2,1,Microlensing,2020.0,,7.229568913,2.8,,,1400.0,,,,0.42,7600.0,0.0,0.0,0.0
OGLE-2019-BLG-0249L b,OGLE-2019-BLG-0249L,1,1,Microlensing,2023.0,,2.616411434,1.84,,,2262.938258,,,,0.91,6370.0,0.0,0.0,0.0
OGLE-2019-BLG-0299L b,OGLE-2019-BLG-0299L,1,1,Microlensing,2021.0,,6.099736032,2.8,,,1976.892692,,,,0.59,5830.0,0.0,0.0,0.0
OGLE-2019-BLG-0304L b,OGLE-2019-BLG-0304L,2,1,Microlensing,2021.0,,2.625280937,1.23,,,162.0924876,,,,0.27,6980.0,0.0,0.0,0.0
OGLE-2019-BLG-0362L b,OGLE-2019-BLG-0362L,1,1,Microlensing,2022.0,,4.966610418,2.18,,,1036.120607,,,,0.42,5830.0,0.0,0.0,0.0
OGLE-2019-BLG-0468L b,OGLE-2019-BLG-0468L,1,2,Microlensing,2022.0,,6.221569161,3.29,,,1090.151436,,,,0.92,4400.0,0.0,0.0,0.0
OGLE-2019-BLG-0468L c,OGLE-2019-BLG-0468L,1,2,Microlensing,2022.0,,4.80646451,2.77,,,3248.20632,,,,0.92,4400.0,0.0,0.0,0.0
OGLE-2019-BLG-0679L b,OGLE-2019-BLG-0679L,1,1,Microlensing,2023.0,,22.74803018,6.99,,,1061.546879,,,,0.66,5630.0,0.0,0.0,0.0
OGLE-2019-BLG-0954L b,OGLE-2019-BLG-0954L,1,1,Microlensing,2021.0,,4.823072802,2.65,,,4513.163379,,,,0.8,3630.0,0.0,0.0,0.0
OGLE-2019-BLG-0960L b,OGLE-2019-BLG-0960L,1,1,Microlensing,2021.0,,3.703781851,1.9,,,2.5,,,,0.5,980.0,0.0,0.0,0.0
OGLE-2019-BLG-1053L b,OGLE-2019-BLG-1053L,1,1,Microlensing,2021.0,,8.027003606,3.4,,,2.48,,,,0.61,6800.0,0.0,0.0,0.0
OGLE-2019-BLG-1180L b,OGLE-2019-BLG-1180L,1,1,Microlensing,2023.0,,16.015953,5.19,,,555.246227,,,,0.545,6070.0,0.0,0.0,0.0
OGLE-2019-BLG-1470L AB c,OGLE-2019-BLG-1470L A,2,1,Microlensing,2022.0,,7.582065635,3.2,,,699.2224954,,,,0.57,5900.0,0.0,0.0,0.0
OGLE-2019-BLG-1492L b,OGLE-2019-BLG-1492L,1,1,Microlensing,2022.0,,5.38011043,2.7,,,37.1,,,,0.68,5600.0,0.0,0.0,0.0
OGLE-2023-BLG-0836L b,OGLE-2023-BLG-0836L,2,1,Microlensing,2024.0,,8.446434367,3.7,,,1385.731855,,,,0.71,5120.0,0.0,0.0,0.0
OGLE-TR-10 b,OGLE-TR-10,1,1,Transit,2004.0,3.101278,0.008468026,0.0434,,14.011,197.046,0.394740624,5950.0,1.17,1.14,1344.97,1489.623484,1.539321858,817.2406816
OGLE-TR-111 b,OGLE-TR-111,1,1,Transit,2004.0,4.0144463,0.010990955,0.0473,,11.421971,,0.0,,0.83,,1068.33,0.0,0.0,0.0
OGLE-TR-113 b,OGLE-TR-113,1,1,Transit,2004.0,1.4324752,0.003923738,0.02289,,12.251,400.449,1.200008142,4790.0,0.774,0.779,566.459,1343.057406,0.282952689,540.0354129
OGLE-TR-132 b,OGLE-TR-132,1,1,Transit,2004.0,1.689868,0.00462842,0.03035,,13.45,375.02,0.849257078,6210.0,1.32,1.305,2012.62,1974.743517,2.32489912,2523.984725
OGLE-TR-182 b,OGLE-TR-182,1,1,Transit,2007.0,3.9791,0.010787054,0.051,0.0,12.666,320.995,0.870425119,5924.0,1.14,1.14,2501.75,1350.497753,1.436017565,552.102101
OGLE-TR-211 b,OGLE-TR-211,1,1,Transit,2007.0,3.67724,0.009986871,0.051,0.0,15.244,327.351,0.509176616,6325.0,1.64,1.33,1515.26,1729.45332,3.86206577,1484.83882
OGLE-TR-56 b,OGLE-TR-56,1,1,Transit,2002.0,1.2119189,0.003319609,0.02383,,15.278,441.77,0.682571738,6050.0,1.363,1.228,,2206.240029,2.233073718,3932.375445
OGLE2-TR-L9 b,OGLE2-TR-L9,1,1,Transit,2008.0,2.4855335,0.004384341,0.0308,,18.046,1430.175,1.340904727,6933.0,1.53,1.52,1627.63,2356.150545,4.852410261,5115.122977
Oph 11 b,Oph 11,1,1,Imaging,2006.0,7300000.0,29946.73083,243.0,,,4449.62,,2375.0,,0.016,,0.0,0.0,0.0
PDS 70 b,PDS 70,1,2,Imaging,2018.0,,0.0,20.0,0.19,30.48848,953.49,0.185378952,3972.0,,,113.064,0.0,0.0,0.0
PDS 70 c,PDS 70,1,2,Imaging,2019.0,,0.0,34.0,0.11,22.86636,635.66,0.292944516,3972.0,,,113.064,0.0,0.0,0.0
PH1 b,PH1,4,1,Transit,2012.0,138.317,0.425902036,0.652,0.0702,6.18,169.0,3.945235008,6407.0,1.734,1.528,1033.16,503.8101947,4.545764495,10.69329975
PH2 b,PH2,1,1,Transit,2013.0,282.52542,0.773533165,0.833,0.215,9.33708092,87.08498352,0.589469725,5734.0,0.949,0.966,343.863,295.1071777,0.873480128,1.258818238
POTS-1 b,POTS-1,1,1,Transit,2013.0,3.1606296,0.00865504,0.03734,,10.548,734.16,3.446925955,4400.0,0.588,0.695,747.959,841.9099871,0.116266663,83.38858046
PSR B0329+54 b,PSR B0329+54,1,1,Pulsar Timing,2017.0,10140.0,27.38670572,10.26,0.236,,1.97,,,,1.44,,0.0,0.0,0.0
PSR B1257+12 b,PSR B1257+12,1,3,Pulsar Timing,1994.0,25.262,0.069994898,0.19,0.0,,0.02,,,,1.4,600.0,0.0,0.0,0.0
PSR B1257+12 c,PSR B1257+12,1,3,Pulsar Timing,1992.0,66.5419,0.182553319,0.36,0.0186,,4.3,,,,1.4,600.0,0.0,0.0,0.0
PSR B1257+12 d,PSR B1257+12,1,3,Pulsar Timing,1992.0,98.2114,0.263677292,0.46,,,3.9,,,,1.4,600.0,0.0,0.0,0.0
PSR B1620-26 b,PSR B1620-26,2,1,Pulsar Timing,2003.0,,94.9346754,23.0,,,794.575,,,,1.35,,0.0,0.0,0.0
PSR J1719-1438 b,PSR J1719-1438,1,1,Pulsar Timing,2011.0,0.090706293,0.000246669,0.0044,0.06,,382.8,,4500.0,,1.4,1200.0,0.0,0.0,0.0
PSR J2322-2650 b,PSR J2322-2650,1,1,Pulsar Timing,2017.0,0.322963997,0.000870635,0.0102,0.0017,,252.643067,,,,1.4,230.0,0.0,0.0,0.0
PZ Tel b,PZ Tel,1,1,Imaging,2023.0,44000.0,120.3029265,27.0,0.52,,8581.366989,,,,1.36,47.0648,0.0,0.0,0.0
Pr0201 b,Pr0201,1,1,Radial Velocity,2012.0,4.4264,0.01319824,0.06,0.0,,171.6282,,6174.0,1.15,1.24,180.64,1303.321017,1.724058632,478.9051755
Pr0211 b,Pr0211,2,2,Radial Velocity,2012.0,2.1461,0.005853491,0.03176,0.011,,597.5204,,5300.0,0.827,0.935,182.714,1304.066853,0.484177214,480.002346
Pr0211 c,Pr0211,2,2,Radial Velocity,2016.0,4850.0,13.33945938,5.5,0.71,,2475.8957,,5300.0,0.827,0.935,182.714,99.09660094,0.484177214,0.016005858
Proxima Cen b,Proxima Cen,3,2,Radial Velocity,2016.0,11.18465,0.030548232,0.04848,0.0,,1.055,,2900.0,0.141,0.1221,1.30119,238.472183,0.001261595,0.536778169
Proxima Cen d,Proxima Cen,3,2,Radial Velocity,2025.0,5.12338,0.013994489,0.02881,0.0,,0.26,,2900.0,0.141,0.1221,1.30119,309.3480649,0.001261595,1.519964869
Qatar-1 b,Qatar-1,1,1,Transit,2010.0,1.4200242,0.00389019,0.02332,0.0,12.811887,411.27202,1.077560007,5013.0,0.803,0.838,185.615,1418.412934,0.365352227,671.8226889
Qatar-10 b,Qatar-10,1,1,Transit,2019.0,1.645321,0.004498525,0.0286,0.0,17.295487,233.92288,0.249129935,6124.0,1.254,1.156,559.068,1955.295552,1.9843837,2426.015576
Qatar-2 b,Qatar-2,1,1,Transit,2011.0,1.33711647,0.00366498,0.02153,0.0,14.056,792.635,1.572677229,4645.0,0.776,0.743,181.374,1344.64005,0.251510526,542.5854033
Qatar-3 b,Qatar-3,1,1,Transit,2017.0,2.5079204,0.006876252,0.03783,0.0,12.285064,1369.8473,4.070909868,6007.0,1.272,1.145,735.601,1679.556026,1.890142731,1320.753949
Qatar-4 b,Qatar-4,1,1,Transit,2017.0,1.8053564,0.004957705,0.02803,0.0,12.722215,1938.763,5.187858591,5215.0,0.849,0.896,329.036,1383.910765,0.478324341,608.8023021
Qatar-5 b,Qatar-5,1,1,Transit,2017.0,2.8792319,0.007894001,0.04127,0.0,12.408363,1373.0256,3.959923202,5747.0,1.076,1.128,367.658,1414.951575,1.133128548,665.2888477
Qatar-6 b,Qatar-6,2,1,Transit,2017.0,3.506195,0.009595655,0.0423,0.0,11.903958,212.31044,0.693503714,5052.0,0.722,0.822,100.848,1006.406042,0.304661526,170.2695067
Qatar-7 b,Qatar-7,1,1,Transit,2019.0,2.032046,0.005563633,0.0352,0.0,19.0553,597.5204,0.475835637,6387.0,1.564,1.409,705.981,2052.841588,3.65217023,2947.58057
Qatar-8 b,Qatar-8,1,1,Transit,2019.0,3.71495,0.010173253,0.0474,0.0,14.403565,117.91493,0.217425464,5738.0,1.315,1.029,281.498,1457.289139,1.681835562,748.5603989
Qatar-9 b,Qatar-9,1,1,Transit,2019.0,1.540731,0.004221428,0.0234,0.0,11.309881,378.2177,1.440520164,4309.0,0.696,0.719,213.771,1133.142853,0.149835357,273.6418959
ROXs 12 b,ROXs 12,2,1,Imaging,2013.0,,3262.641198,210.0,,,5085.0,,3850.0,,0.87,136.65,0.0,0.0,0.0
ROXs 42 B b,ROXs 42 B,2,1,Imaging,2013.0,,1967.204362,157.0,,,2860.0,,,,1.0,143.59,0.0,0.0,0.0
RR Cae b,RR Cae,2,1,Eclipse Timing Variations,2012.0,4343.5,18.39447793,5.3,0.0,,1334.886,,,,0.44,21.1916,0.0,0.0,0.0
Ross 128 b,Ross 128,1,1,Radial Velocity,2017.0,9.8658,0.026950565,0.0496,0.116,,1.4,,3192.0,0.1967,0.168,3.37454,306.5036869,0.003603712,1.464828387
Ross 176 b,Ross 176,1,1,Transit,2025.0,5.0066338,0.013157975,0.0464,0.25,1.84,4.57,4.042167723,4041.0,0.569,0.577,46.4488,682.3347223,0.077458625,35.9777354
Ross 458 c,Ross 458,2,1,Imaging,2010.0,,0.0,1100.0,,14.01125,1906.98,3.820032789,,,,11.5094,0.0,0.0,0.0
Ross 508 b,Ross 508,1,1,Radial Velocity,2022.0,10.77,0.029512038,0.05366,0.33,,4.0,,3071.0,0.2113,0.1774,11.2103,293.8432437,0.003562937,1.237390488
SPECULOOS-3 b,SPECULOOS-3,1,1,Transit,2024.0,0.71912603,0.001975652,0.00733,,0.977,,0.0,2800.0,0.123,0.1009,,553.0572354,0.000834319,15.52831202
SR 12 AB c,SR 12 AB,2,1,Imaging,2010.0,,0.0,,,,4131.62,,,,,,,0.0,
SWEEPS-11 b,SWEEPS-11,1,1,Transit,2006.0,1.796,0.004954337,0.03,,12.666,3082.82,8.359519508,,1.45,1.1,,0.0,0.0,0.0
SWEEPS-4 b,SWEEPS-4,1,1,Transit,2006.0,4.2,0.011583324,0.055,,9.079,1207.7,8.89194191,,1.18,1.24,,0.0,0.0,0.0
TAP 26 b,TAP 26,1,1,Radial Velocity,2017.0,10.79,0.029532238,0.0968,,,527.5978,,4620.0,1.17,1.04,121.402,774.4773237,0.559537858,59.71435712
TCP J05074264+2447555 b,TCP J05074264+2447555,1,1,Microlensing,2018.0,,1.190537206,0.94,,,20.0,,,,0.586,505.0,0.0,0.0,0.0
TIC 139270665 b,TIC 139270665,1,2,Transit,2024.0,23.624,0.064686139,0.163,0.105,7.22979255,147.1545524,2.145595221,5844.0,1.016,1.035,189.875,703.5172289,1.080234628,40.6577074
TIC 139270665 c,TIC 139270665,1,2,Radial Velocity,2024.0,1010.0,2.780192187,2.0,0.566,,1554.18091,,5844.0,1.016,1.035,189.875,200.8415397,1.080234628,0.270058657
TIC 172900988 b,TIC 172900988 Aa,2,1,Transit,2021.0,200.452,0.770839693,0.90281,0.0271,11.25,942.0,3.64539786,6050.0,1.3842,1.2384,250.956,361.2169284,2.303080077,2.82563666
TIC 237913194 b,TIC 237913194,1,1,Transit,2020.0,15.168865,0.04139875,0.1207,0.575,12.520453,617.22586,1.732748715,5788.0,1.088,1.026,306.063,837.9166374,1.191960134,81.81768559
TIC 241249530 b,TIC 241249530,2,1,Transit,2024.0,165.7719,0.455212594,0.641,0.9412,13.29385111,1582.785467,3.712113287,6166.0,1.397,1.271,324.448,438.9188042,2.5310268,6.159999611
TIC 257060897 b,TIC 257060897,1,1,Transit,2021.0,3.66003639,0.010022754,0.04922,0.039,17.26183028,201.50321,0.215860432,5993.0,1.863,1.187,505.703,1777.834702,4.016915265,1658.095161
TIC 279401253 b,TIC 279401253,1,2,Transit,2023.0,76.8,0.210862974,0.369,0.448,11.2089807,1951.466419,7.635092747,5951.0,1.06,1.13,285.584,486.3413303,1.264332732,9.28557173
TIC 279401253 c,TIC 279401253,1,2,Transit,2023.0,155.3,0.427407363,0.591,0.254,,2548.983824,,5951.0,1.06,1.13,285.584,384.2913606,1.264332732,3.61981537
TIC 365102760 b,TIC 365102760,1,1,Transit,2024.0,4.21285367,0.014341436,0.0622,0.406,6.21,19.2,0.441751494,4900.0,3.13,1.17,555.546,1676.040602,5.067139319,1309.730906
TIC 393818343 b,TIC 393818343,2,1,Transit,2024.0,16.24921,0.044593928,0.1291,0.6058,12.18416202,1379.375286,4.201912874,5756.0,1.086,1.082,93.7345,804.9780817,1.161535911,69.69155534
TIC 434398831 b,TIC 434398831,1,2,Transit,2025.0,3.685504,0.010038331,0.04641,0.04,3.51,,0.0,5638.0,0.909,0.992,217.011,1203.13042,0.749062236,347.7721223
TIC 434398831 c,TIC 434398831,1,2,Transit,2025.0,6.210291,0.01691572,0.06572,0.013,5.63,,0.0,5638.0,0.909,0.992,217.011,1011.043204,0.749062236,173.4294285
TIC 46432937 b,TIC 46432937,1,1,Transit,2024.0,1.44044527,0.003954812,0.02065,0.009,13.31626907,1017.050902,2.37326701,3572.0,0.5299,0.563,90.5369,872.4887998,0.041013184,96.17969109
TIC 4672985 b,TIC 4672985,1,1,Transit,2024.0,69.048,0.188629765,0.33,0.018,11.5004142,4049.133905,14.66808072,5757.0,1.15,1.01,253.385,518.2026843,1.303378187,11.96857839
TIC 88785435 b,TIC 88785435,1,1,Transit,2025.0,10.508843,0.028775747,0.08432,0.131,5.03,,0.0,3998.0,0.911,0.724,122.386,633.6481306,0.190238215,26.75694755
TOI-1011 b,TOI-1011,1,1,Transit,2025.0,2.470498,0.0,,0.0,1.45,4.04,7.301783591,5475.0,0.92,0.91,52.62,,0.682341834,
TOI-1052 b,TOI-1052,1,2,Transit,2023.0,9.139703,0.025030157,0.09103,0.18,2.87,16.9,3.939060156,6146.0,1.264,1.204,129.804,1104.295494,2.045286829,246.8227212
TOI-1052 c,TOI-1052,1,2,Radial Velocity,2023.0,35.806,0.09811007,0.2263,0.237,,34.3,,6146.0,1.264,1.204,129.804,700.3825136,2.045286829,39.93788974
TOI-1054.01,TOI-1054,1,1,Transit,2021.0,15.5077855,0.042458003,,,2.43432,,0.0,6122.0,1.17,,88.4343,,1.725181826,
TOI-1062 b,TOI-1062,1,2,Transit,2021.0,4.11296,0.012230412,0.052,0.177,2.265,10.15,4.81296853,5328.0,0.84,0.94,82.1733,1032.556122,0.510158688,188.6681537
TOI-1062 c,TOI-1062,1,2,Radial Velocity,2021.0,7.972,0.023338399,0.08,0.14,,9.78,,5328.0,0.84,0.94,82.1733,832.4733596,0.510158688,79.71229494
TOI-1064 b,TOI-1064,1,2,Transit,2022.0,6.443868,0.017643051,0.06152,0.047,2.587,13.5,4.296314658,4734.0,0.726,0.748,68.0726,784.1513223,0.237506831,62.7542946
TOI-1064 c,TOI-1064,1,2,Transit,2022.0,12.226574,0.033477087,0.09429,0.088,2.651,2.5,0.73937102,4734.0,0.726,0.748,68.0726,633.3958662,0.237506831,26.7143637
TOI-1075 b,TOI-1075,1,1,Transit,2022.0,0.6047328,0.001605487,0.01159,0.0,1.791,9.95,9.543065882,3875.0,0.581,0.604,61.4592,1322.907668,0.06828557,508.3491131
TOI-1107 b,TOI-1107,1,1,Transit,2022.0,4.0782387,0.011436086,0.0561,0.025,14.57167491,1064.725163,1.896097632,6311.0,1.81,1.35,281.314,1728.492564,4.662724122,1481.542103
TOI-1117 b,TOI-1117,1,3,Transit,2025.0,2.22816,0.006086744,0.033,0.0,2.46,8.9,3.294096247,5635.0,1.05,0.97,167.598,1532.650314,0.997342049,915.832919
TOI-1117 c,TOI-1117,1,3,Radial Velocity,2025.0,4.579,0.012529277,0.0534,0.0,,8.78,,5635.0,1.05,0.97,167.598,1204.840118,0.997342049,349.7531347
TOI-1117 d,TOI-1117,1,3,Radial Velocity,2025.0,8.665,0.023710855,0.0817,0.0,,10.71,,5635.0,1.05,0.97,167.598,974.067426,0.997342049,149.4170014
TOI-1130 b,TOI-1130,1,2,Transit,2020.0,4.074554,0.011170411,0.0453,0.052162,3.66,19.8,2.225222963,4360.0,0.697,0.745,58.2609,824.6416312,0.157507545,76.75469658
TOI-1130 c,TOI-1130,1,2,Transit,2020.0,8.3501898,0.02289802,0.0731,0.0398,13.0,336.0,0.842676377,4360.0,0.697,0.745,58.2609,649.1658548,0.157507545,29.47586843
TOI-1135 b,TOI-1135,1,1,Transit,2024.0,8.0277283,0.021974019,0.082337403,,9.34085,,0.0,5962.7,1.15,1.156039,114.048,1074.495932,1.499882949,221.2396885
TOI-1136 b,TOI-1136,1,6,Transit,2022.0,4.1727,0.011412894,0.05106,0.027,,3.5,,5770.0,0.968,1.022,84.5362,1211.39162,0.931845296,357.4227536
TOI-1136 c,TOI-1136,1,6,Transit,2022.0,6.2574,0.017116451,0.0669,0.11,,6.32,,5770.0,0.968,1.022,84.5362,1058.307592,0.931845296,208.2052047
TOI-1136 d,TOI-1136,1,6,Transit,2022.0,12.5199,0.03423429,0.1062,0.042,,8.35,,5770.0,0.968,1.022,84.5362,839.9679436,0.931845296,82.621825
TOI-1136 e,TOI-1136,1,6,Transit,2022.0,18.801,0.0,,0.0425,,6.07,,5770.0,0.968,1.022,84.5362,,0.931845296,
TOI-1136 f,TOI-1136,1,6,Transit,2022.0,26.321,0.071795698,0.174,0.001,,9.7,,5770.0,0.968,1.022,84.5362,656.2213354,0.931845296,30.77834905
TOI-1136 g,TOI-1136,1,6,Transit,2022.0,39.545,0.108399624,0.229,0.04,,5.6,,5770.0,0.968,1.022,84.5362,572.0147521,0.931845296,17.76940363
TOI-1173 b,TOI-1173,2,1,Transit,2024.0,7.06466,0.019237767,0.0696,0.023,9.19,27.4,0.194516133,5350.0,0.934,0.911,132.353,945.0049403,0.641207702,132.3671601
TOI-1174 b,TOI-1174,1,1,Transit,2024.0,8.953487683,0.024515274,0.07994,,2.562,,0.0,5030.0,0.76,0.85,94.6375,747.8322463,0.331733228,51.91115441
TOI-1180 b,TOI-1180,1,1,Transit,2024.0,9.686760378,0.026520295,0.080799,,3.072,,0.0,4738.0,0.73,0.75,72.0238,686.6967187,0.240943822,36.90658183
TOI-1181 b,TOI-1181,1,1,Transit,2022.0,2.103189,0.0,,0.011,17.02644168,374.7196919,0.418298618,6054.0,1.961,1.467,302.819,,4.634626108,
TOI-1184 b,TOI-1184,1,1,Transit,2024.0,5.748433803,0.015738628,0.056027,,2.39,,0.0,4534.0,0.69,0.71,58.5946,767.2181273,0.180515332,57.50682064
TOI-1194 b,TOI-1194,1,1,Transit,2023.0,2.3106446,0.006321661,0.034,0.0,8.71664516,120.0,0.998354418,5394.0,0.9608,0.9835,149.667,1382.609254,0.701131707,606.5153171
TOI-1199 b,TOI-1199,1,1,Transit,2024.0,3.671463,0.010044703,0.04988,0.03,10.5140239,75.96098927,0.360110124,5710.0,1.45,1.23,248.427,1484.459542,2.005258138,805.9672555
TOI-1201 b,TOI-1201,2,1,Transit,2021.0,2.4919863,0.006794975,0.0287,0.0,2.415,6.28,2.456743622,3476.0,0.508,0.512,37.8871,705.1510455,0.033801529,41.0367116
TOI-1203 b,TOI-1203,1,4,Radial Velocity,2025.0,4.1572888,0.01141413,0.04869,0.067,1.52,3.51,5.507163262,5737.0,1.179,0.886,64.9943,1361.235742,1.351004699,569.871989
TOI-1203 c,TOI-1203,1,4,Radial Velocity,2025.0,13.0766,0.0,,0.092,,5.46,,5737.0,1.179,0.886,64.9943,,1.351004699,
TOI-1203 e,TOI-1203,1,4,Radial Velocity,2025.0,204.59,0.0,,0.152,,42.1,,5737.0,1.179,0.886,64.9943,,1.351004699,
TOI-1203.01,TOI-1203,1,4,Transit,2021.0,25.502672,0.070042779,0.1632,0.032,2.918,7.39,1.638853657,5737.0,1.179,0.886,64.9943,743.5208538,1.351004699,50.72435704
TOI-122 b,TOI-122,1,1,Transit,2020.0,5.07803,0.013894784,0.0392,0.0,2.72,,0.0,3403.0,0.334,0.312,62.118,478.9648332,0.013422412,8.734910228
TOI-1221 b,TOI-1221,1,1,Transit,2023.0,91.68278,0.249646208,0.387,0.21,2.91,1112.399425,248.7329883,5592.0,1.031,0.93,138.411,440.1011379,0.932557956,6.226642068
TOI-1224 b,TOI-1224,1,2,Transit,2024.0,4.1782745,0.010575783,0.0355,,2.104,,0.0,3326.0,0.404,0.4,37.3312,541.01615,0.017920147,14.21951729
TOI-1224 c,TOI-1224,1,2,Transit,2024.0,17.945466,0.0,,0.0,2.884,,0.0,3326.0,0.404,0.4,37.3312,,0.017920147,
TOI-1227 b,TOI-1227,1,1,Transit,2022.0,27.36397,0.063962602,0.0886,,9.57246952,,0.0,3072.0,0.56,0.17,100.641,372.400146,0.025058251,3.192150109
TOI-1230.01,TOI-1230,1,1,Transit,2021.0,25.05713123,0.068602686,,,3.23968384,,0.0,5696.0,1.15281,,143.138,,1.255119979,
TOI-1231 b,TOI-1231,1,1,Transit,2021.0,24.245586,0.066374754,0.1288,0.087,3.65,15.4,1.744993149,3553.0,0.476,0.485,27.6227,329.345877,0.032395492,1.952777935
TOI-1233.01,HD 108236,1,5,Transit,2021.0,14.175685,0.037756918,0.1074,0.055,2.539,,0.0,5660.0,0.877,0.869,64.5978,779.8760185,0.708198107,61.39686537
TOI-1235 b,TOI-1235,1,1,Transit,2020.0,3.444714,0.0,,0.049,1.69,6.69,7.636908773,3997.0,0.619,0.63,39.6345,,0.087742043,
TOI-1238 b,TOI-1238,1,2,Transit,2022.0,0.764597,0.002133517,0.0139,0.25,1.21,3.76,11.69454509,4089.0,0.58,0.59,70.7145,1273.606262,0.084375096,436.7014951
TOI-1238 c,TOI-1238,1,2,Transit,2022.0,3.294736,0.009265665,0.037,0.15,2.11,8.32,4.880086941,4089.0,0.58,0.59,70.7145,780.6236846,0.084375096,61.63264856
TOI-1243 b,TOI-1243,1,1,Transit,2026.0,4.6594779,0.0,,,2.33,7.7,3.354088835,3515.0,0.511,0.515,43.1865,,0.03576292,
TOI-1244 b,TOI-1244,1,1,Transit,2024.0,6.400316483,0.017500772,0.060694,,2.467,,0.0,4599.0,0.721,0.73,102.551,764.3101735,0.2086479,56.63990249
TOI-1246 b,TOI-1246,1,4,Transit,2022.0,4.30744,0.011628789,0.049,,3.01,8.1,1.636579591,5151.0,0.86,0.87,169.422,1040.529061,0.467146341,194.5632409
TOI-1246 c,TOI-1246,1,4,Transit,2022.0,5.904137,0.015979688,0.061,0.0,2.45109846,9.1,3.404949851,5213.0,0.8649,0.8889,169.422,946.4926256,0.495647071,133.2026527
TOI-1246 d,TOI-1246,1,4,Transit,2022.0,18.654874,0.050866803,0.132,0.0,3.43139739,5.4,0.736431419,5213.0,0.8649,0.8889,169.422,643.4209336,0.495647071,28.44622766
TOI-1246 e,TOI-1246,1,4,Transit,2022.0,37.92548,0.103532652,0.212,0.0,3.5141875,14.5,1.840961949,5213.0,0.8649,0.8889,169.422,507.7082513,0.495647071,11.02810321
TOI-1248 b,TOI-1248,1,1,Transit,2024.0,4.3601561,0.012112199,0.051,0.0,6.8084859,27.4,0.478355239,5205.0,0.8686,0.9042,168.735,1035.754996,0.496835289,191.0170278
TOI-1249 b,TOI-1249,1,1,Transit,2024.0,13.079151,0.035875469,0.109,0.0,3.2710301,11.9,1.873462216,5497.0,0.9785,1.0062,139.49,794.1533671,0.78435823,66.01786298
TOI-125 b,TOI-125,1,3,Transit,2019.0,4.65382,0.012742428,0.05186,0.194,2.726,9.5,2.584030584,5320.0,0.848,0.859,111.059,1037.300962,0.516806639,192.1600304
TOI-125 c,TOI-125,1,3,Transit,2019.0,9.15059,0.025057632,0.0814,0.066,2.759,6.63,1.739442295,5320.0,0.848,0.859,111.059,827.9590062,0.516806639,77.99724697
TOI-125 d,TOI-125,1,3,Transit,2020.0,19.98,0.054712211,0.137,0.168,2.93,13.6,2.979117593,5320.0,0.848,0.859,111.059,638.2058099,0.516806639,27.53511847
TOI-1259 A b,TOI-1259 A,2,1,Transit,2021.0,3.477978,0.009519303,0.0407,0.0,11.45557828,140.1623275,0.513726356,4775.0,0.711,0.744,118.106,962.326511,0.235788465,142.3422206
TOI-1260 b,TOI-1260,1,3,Transit,2021.0,3.127463,0.008532263,0.0367,0.0,2.41,8.56,3.369568083,4227.0,0.672,0.679,73.5977,872.1583255,0.129347306,96.03405317
TOI-1260 c,TOI-1260,1,3,Transit,2021.0,7.493134,0.020436813,0.0657,0.0,2.76,13.2,3.459380108,4227.0,0.672,0.679,73.5977,651.8470106,0.129347306,29.96585325
TOI-1260 d,TOI-1260,1,3,Transit,2022.0,16.608164,0.045244043,0.1116,0.0,3.12,11.84,2.148025928,4227.0,0.672,0.679,73.5977,500.1453849,0.129347306,10.38553798
TOI-1266 b,TOI-1266,1,3,Transit,2020.0,10.8945,0.029836204,0.073,0.039,2.52,4.46,1.535623803,3563.0,0.4232,0.437,36.0118,413.6554022,0.025896702,4.859580013
TOI-1266 c,TOI-1266,1,3,Transit,2020.0,18.8027,0.051468704,0.105,0.071,1.98,3.17,2.250169793,3563.0,0.4232,0.437,36.0118,344.9097577,0.025896702,2.348907201
TOI-1266 d,TOI-1266,1,3,Transit Timing Variations,2025.0,32.509,0.089026167,0.1513,0.087,,3.68,,3563.0,0.4232,0.437,36.0118,287.3297973,0.025896702,1.131270862
TOI-1268 b,TOI-1268,1,1,Transit,2022.0,8.1577094,0.019349457,0.0711,0.105,9.1,96.4,0.704862581,5300.0,0.92,0.96,109.557,919.2771422,0.599196107,118.5304086
TOI-1269 b,TOI-1269,1,1,Transit,2024.0,4.2529913,0.011626548,0.0496,0.0,2.40144286,6.4,2.546330666,5499.0,0.8521,0.9027,172.138,1099.004935,0.59567018,242.1266015
TOI-1272 b,TOI-1272,1,2,Transit,2022.0,3.31599,0.009091903,0.0417,0.35,4.13204907,27.0,2.10872017,5065.0,0.7934,0.8772,137.572,1065.292817,0.371699555,213.7567959
TOI-1272 c,TOI-1272,1,2,Radial Velocity,2022.0,8.6811,0.023707804,0.079,0.12,,21.7,,5065.0,0.7934,0.8772,137.572,773.9688478,0.371699555,59.55769186
TOI-1273 b,TOI-1273,1,1,Transit,2024.0,4.631296,0.012494117,0.0549,0.055,11.09689089,70.55790635,0.284507249,5690.0,1.06,1.06,177.118,1205.564651,1.056697418,350.595193
TOI-1278 b,TOI-1278,1,1,Transit,2021.0,14.47567,0.039846348,0.095,0.013,12.21778896,5879.82553,17.76389432,3799.0,0.573,0.54,75.5759,449.8795795,0.061358717,6.798749776
TOI-1279 b,TOI-1279,1,1,Transit,2024.0,9.61419,0.026441265,0.085,0.0,2.66146528,10.6,3.098097271,5457.0,0.8426,0.8784,107.055,828.4507528,0.564870084,78.18271058
TOI-128.01,TOI-128,1,1,Transit,2024.0,4.9404681,0.013523369,0.05381019,,2.21898,,0.0,6086.0,1.13,0.851969,68.4727,1344.77735,1.571717646,542.8070479
TOI-1288 b,TOI-1288,1,2,Transit,2022.0,2.6998279,0.007400486,0.0374,0.0,4.96846551,44.1,1.981177331,5388.0,0.9583,0.9552,114.865,1315.085559,0.694389547,496.4322306
TOI-1288 c,TOI-1288,1,2,Radial Velocity,2022.0,416.0,1.132474703,1.07,0.0,,85.7,,5388.0,0.9583,0.9552,114.865,245.8656859,0.694389547,0.606506723
TOI-1294 b,TOI-1294,1,2,Transit,2024.0,3.915292,0.010703812,0.051,0.0,10.12369881,63.9,0.339339807,5718.0,1.5566,1.1578,332.648,1523.207448,2.323916429,893.4703688
TOI-1294 c,TOI-1294,1,2,Radial Velocity,2024.0,159.9,0.442769788,0.61,0.0,,147.0,,5718.0,1.5566,1.1578,332.648,440.4323648,2.323916429,6.245408302
TOI-1295 b,TOI-1295,1,1,Transit,2024.0,3.1968838,0.008673757,0.047,0.024,15.69257298,451.3163379,0.643502418,6280.0,1.7,1.38,388.227,1821.153925,4.032981851,1825.704777
TOI-1296 b,TOI-1296,1,1,Transit,2021.0,3.9443736,0.010704737,0.051,0.0,14.11645916,95.3,0.186666838,5567.0,1.7031,1.1576,323.265,1551.199608,2.499510889,960.980734
TOI-1298 b,TOI-1298,1,1,Transit,2021.0,4.537143,0.012327184,0.057,0.0,9.65807033,99.0,0.605502168,5752.0,1.4536,1.2187,319.036,1400.604074,2.075177204,638.7125898
TOI-1301.01,TOI-1301,1,1,Transit,2024.0,6.096407209,0.016692639,0.059866,,2.477,,0.0,4820.0,0.732,0.77,90.8693,812.6881677,0.259477775,72.40018607
TOI-132 b,TOI-132,1,1,Transit,2020.0,2.1097019,0.004256711,0.026,0.059,3.42,22.4,3.085469793,5397.0,0.9,0.97,163.678,1531.082094,0.616573054,912.090317
TOI-1333 b,TOI-1333,2,1,Transit,2021.0,4.720219,0.012944669,0.0626,0.073,15.647764,753.2571,1.083273129,6274.0,1.925,1.464,200.492,1677.583683,5.15144865,1314.560894
TOI-1338 b,TOI-1338 A,2,2,Transit,2020.0,95.4001,0.0,,0.0331,7.661,11.3,0.138475727,,1.313,1.0936,399.017,,0.0,
TOI-1338 c,TOI-1338 A,2,2,Radial Velocity,2023.0,215.79,0.0,,0.037,,75.4,,,1.313,1.0936,399.017,,0.0,
TOI-1346 b,TOI-1346,1,2,Transit,2025.0,1.7622538,0.0,,,2.39,,0.0,5099.0,0.78,0.82,115.45,,0.368993829,
TOI-1346 c,TOI-1346,1,2,Transit,2025.0,5.502558,0.0,,,2.23,,0.0,5099.0,0.78,0.82,115.45,,0.368993829,
TOI-1347 b,TOI-1347,1,2,Transit,2024.0,0.84742346,0.0,,0.0,1.8,11.1,10.48713992,5464.0,0.83,0.913,147.476,,0.550920328,
TOI-1347 c,TOI-1347,1,2,Transit,2024.0,4.841962,0.0,,0.0,1.6,6.4,8.609375,5464.0,0.83,0.913,147.476,,0.550920328,
TOI-1386 b,TOI-1386,1,2,Transit,2024.0,25.8401,0.070684861,0.173,0.0,6.2163865,45.8,1.050516918,5735.0,1.0235,1.0363,146.858,672.6137989,1.016715005,33.97089795
TOI-1386 c,TOI-1386,1,2,Radial Velocity,2024.0,232.0,0.638041821,0.75,0.38,,75.2,,5735.0,1.0235,1.0363,146.858,323.0414066,1.016715005,1.807493342
TOI-139 b,TOI-139,1,1,Transit,2023.0,11.07085,0.0,,,2.4566,,0.0,4570.0,0.7007,0.69,42.4061,,0.192140486,
TOI-1408 b,TOI-1408,1,2,Transit,2023.0,4.42587,0.012125493,0.05778,0.0023,25.0,593.0,0.20911552,6117.0,1.53,1.312,139.484,1517.77329,2.9405369,880.7883437
TOI-1408 c,TOI-1408,1,2,Transit Timing Variations,2024.0,2.1664,0.00593103,0.03587,0.1353,2.22,7.6,3.827421285,6117.0,1.53,1.312,139.484,1926.326886,2.9405369,2285.408721
TOI-1410 c,TOI-1410,1,2,Radial Velocity,2024.0,47.56,0.131117075,0.239,0.0,,27.0,,4635.0,0.7558,0.7941,72.7512,397.4346339,0.236538903,4.141014747
TOI-1410.01,TOI-1410,1,2,Transit,2024.0,1.21687,0.003342088,0.0207,0.0,3.10083009,12.5,2.310083631,4635.0,0.7558,0.7941,72.7512,1350.453044,0.236538903,552.0289934
TOI-1411 b,TOI-1411,1,1,Transit,2022.0,1.4520527,0.003975758,0.02122,0.0,1.19880592,2.0,6.396390325,4115.0,0.614,0.6045,32.4778,1067.315494,0.096985308,215.3848694
TOI-1416 b,TOI-1416,1,1,Transit,2023.0,1.0697568,0.002931764,0.019,0.0,1.62,3.48,4.510096135,4884.0,0.793,0.798,55.0135,1521.412314,0.321024993,889.2659096
TOI-1420 b,TOI-1420,1,1,Transit,2023.0,6.9561063,0.019042718,0.071,0.17,11.89,25.1,0.082277248,5510.0,0.923,0.987,201.918,957.9321597,0.704530254,139.7600187
TOI-1422 b,TOI-1422,1,2,Transit,2022.0,12.99894,0.035589158,0.107,0.2,3.83,9.5,0.931705978,,,,155.141,0.0,0.0,0.0
TOI-1422 c,TOI-1422,1,2,Radial Velocity,2025.0,34.5633,0.094629158,0.205,0.2,2.61,14.0,4.338684922,,,,155.141,0.0,0.0,0.0
TOI-1431 b,TOI-1431,1,1,Transit,2021.0,2.650237,0.007157477,0.046,0.0022,16.70138124,991.6246298,1.172848009,7690.0,1.92,1.9,148.925,2395.573592,11.5663856,5466.155764
TOI-1437 b,TOI-1437,1,1,Transit,2024.0,18.840942,0.049945425,0.14,0.17,2.24,9.6,4.706290999,6008.0,1.17,1.1,103.297,837.4720383,1.600225805,81.64417371
TOI-1438 b,TOI-1438,1,2,Transit,2025.0,5.13967,0.013894267,0.0553,0.0,3.04,9.4,1.843566049,5230.0,0.82,0.876,110.513,971.0856311,0.45136129,147.5958164
TOI-1438 c,TOI-1438,1,2,Transit,2025.0,9.428089,0.025548481,0.083,0.0,2.75,10.6,2.808402705,5230.0,0.82,0.876,110.513,792.6492399,0.45136129,65.51913052
TOI-1439 b,TOI-1439,1,1,Transit,2024.0,27.644,0.075817577,0.192,0.157,4.2427861,38.5,2.777531009,5841.0,1.6184,1.2313,230.306,817.6943659,2.735334319,74.20069225
TOI-1442 b,TOI-1442,1,1,Transit,2022.0,0.4090677,0.001110935,0.0071,,1.17,,0.0,3330.0,0.31,0.29,41.1659,1060.980458,0.010602058,210.3165622
TOI-1443 b,TOI-1443,1,1,Transit,2024.0,23.540678,0.064383798,0.147,0.0,2.30381001,30.0,13.51863588,5224.0,0.7511,0.7663,85.8034,569.3834774,0.376962411,17.44469487
TOI-1444 b,TOI-1444,1,1,Transit,2021.0,0.4702743,0.001280938,0.0116,0.0,1.41792246,3.58,6.919539296,5460.0,0.9105,0.9513,125.463,2332.464818,0.661028708,4912.520125
TOI-1448 b,TOI-1448,1,1,Transit,2024.0,8.112245,0.022136202,0.0567,0.36,2.749,19.5,5.172041378,3412.0,0.38,0.372,73.3345,425.9128763,0.017558731,5.46168961
TOI-1450 A b,TOI-1450 A,2,2,Transit,2024.0,2.0439274,0.0,,,1.13,1.258,4.803932644,3437.0,0.483,0.48,22.4467,,0.029208028,
TOI-1450 A c,TOI-1450 A,2,2,Transit,2024.0,5.0688,0.0,,,,1.527,,3437.0,0.483,0.48,22.4467,,0.029208028,
TOI-1451 b,TOI-1451,1,1,Transit,2024.0,16.537944,0.045209362,0.127,0.0,2.61143902,15.2,4.702789282,5801.0,1.0162,1.0022,91.9362,791.2287856,1.049203409,65.05074146
TOI-1452 b,TOI-1452,2,1,Transit,2022.0,11.06201,0.030192222,0.061,0.0,1.672,4.82,5.681850701,3185.0,0.275,0.249,30.5212,326.0786353,0.006982211,1.87643409
TOI-1453 b,TOI-1453,2,2,Transit,2025.0,4.3135225,0.0,,0.0,1.173,2.32,7.920371409,4975.0,0.72,0.715,78.7415,,0.284922787,
TOI-1453 c,TOI-1453,2,2,Transit,2025.0,6.5886982,0.0,,0.0,2.224,2.95,1.477642134,4975.0,0.72,0.715,78.7415,,0.284922787,
TOI-1467 b,TOI-1467,1,1,Transit,2024.0,5.97114713,0.016348352,0.050748,,1.92,,0.0,3834.0,0.491,0.489,37.4418,575.0357791,0.046737047,18.14777583
TOI-1468 b,TOI-1468,1,2,Transit,2022.0,1.8805201,0.005149844,0.02107,0.0099,1.401,3.04,6.091311043,3376.0,0.3714,0.3527,24.7399,683.4434701,0.0160762,36.21215156
TOI-1468 c,TOI-1468,1,2,Transit,2022.0,15.532477,0.04252562,0.08608,0.111,2.126,4.1,2.350962355,3376.0,0.3714,0.3527,24.7399,338.1300254,0.0160762,2.169596062
TOI-1470 b,TOI-1470,1,2,Transit,2023.0,2.527093,0.007010627,0.0285,0.3,2.18,7.32,3.893078842,3709.0,0.469,0.471,51.9503,725.4914579,0.037347615,45.98044274
TOI-1470 c,TOI-1470,1,2,Transit,2023.0,18.08816,0.050286145,0.106,0.5,2.47,7.24,2.647276505,3709.0,0.469,0.471,51.9503,376.1852825,0.037347615,3.323924405
TOI-1472 b,TOI-1472,1,2,Transit,2024.0,6.36338574,0.017358426,0.064,0.041,4.058,18.05,1.488307523,5100.0,0.84,0.87,121.84,890.9048245,0.428281314,104.5608677
TOI-1472 c,TOI-1472,1,2,Radial Velocity,2025.0,15.5381747,0.042357211,0.116,0.172,3.334,21.13,3.141624748,5100.0,0.84,0.87,121.84,661.7474906,0.428281314,31.82827839
TOI-1478 b,TOI-1478,1,1,Transit,2021.0,10.1802117,0.027871901,0.0818,0.055,11.99360935,279.6889982,0.893258762,,,,152.892,0.0,0.0,0.0
TOI-150.01,TOI-150,1,1,Transit,2019.0,5.857487,0.0160603,0.07037,0.262,14.067295,797.7533,1.579022881,6255.0,1.526,1.351,336.267,1404.501748,3.198218811,645.8520929
TOI-1516 b,TOI-1516,1,1,Transit,2022.0,2.056014,0.0,,,15.24421375,1004.337766,1.562126873,6520.0,1.14,1.14,247.054,,2.107123233,
TOI-1518 b,TOI-1518,1,1,Transit,2021.0,1.90261131,0.005215945,0.03712,,21.05046575,581.6259848,0.343566074,7299.0,1.942,1.88,225.888,2545.631119,9.603770113,6969.88834
TOI-157 b,TOI-157,1,1,Transit,2020.0,2.0845435,0.0057092,0.03138,0.0,14.414774,375.0394,0.689929922,5404.0,1.167,0.948,355.683,1589.043468,1.042060475,1058.246998
TOI-1601 b,TOI-1601,1,1,Transit,2021.0,5.33175,0.014771794,0.069,0.0,14.19902343,387.0,0.744881411,5982.0,2.195,1.5055,336.608,1626.861585,5.535342957,1162.642923
TOI-163 b,TOI-163,1,1,Transit,2019.0,4.231306,0.011659657,0.058,0.0,16.690201,387.7526,0.459538198,6495.0,1.648,1.4352,411.719,1669.380134,4.336315634,1289.035563
TOI-1630.01,TOI-1630,1,1,Transit,2024.0,12.05573473,0.033006044,0.101151,,2.417,,0.0,5504.0,0.83,0.95,66.0929,760.2279976,0.56723071,55.43950888
TOI-1634 b,TOI-1634,2,2,Transit,2021.0,0.9893455,0.0,,0.0,1.773,7.57,7.483784471,3472.0,0.45,0.451,35.2736,,0.026401813,
TOI-1634 c,TOI-1634,2,2,Radial Velocity,2022.0,103.0,0.0,,0.0,,,,3472.0,0.45,0.451,35.2736,,0.026401813,
TOI-1648 b,TOI-1648,1,1,Transit,2025.0,7.331602,0.020067818,0.0694,0.178,2.54,7.4,2.488182142,4850.0,0.81,0.83,69.835,798.9433595,0.325706812,67.62509703
TOI-1659.01,TOI-1659,1,1,Transit,2024.0,5.877556328,0.016077431,0.065757,,2.255,,0.0,5977.0,1.006,1.1,122.494,1127.25645,1.158827612,268.0000358
TOI-1669 b,TOI-1669,1,2,Radial Velocity,2023.0,500.0,1.440830912,1.27,0.0,,191.0,,5497.0,1.0561,0.9867,111.276,241.7062477,0.913698439,0.566494165
TOI-1669 c,TOI-1669,1,2,Transit,2024.0,2.6800535,0.007339884,0.0376,0.0,2.2963977,13.0,5.914984917,5497.0,1.0561,0.9867,111.276,1404.739564,0.913698439,646.2896385
TOI-1670 b,TOI-1670,1,2,Transit,2022.0,10.98462,0.030051292,0.103,0.59,2.06,41.31769291,26.04269959,6170.0,1.316,1.21,168.067,1063.422818,2.251864657,212.2598413
TOI-1670 c,TOI-1670,1,2,Transit,2022.0,40.74976,0.112955228,0.249,0.09,11.06326395,200.2318964,0.814770014,6170.0,1.316,1.21,168.067,683.9508817,2.251864657,36.31981188
TOI-1680 b,TOI-1680,1,1,Transit,2023.0,4.8026345,0.01314707,0.03144,,1.466,,0.0,3225.0,0.2106,0.1798,37.2209,402.4659212,0.004304527,4.354721493
TOI-1683.01,TOI-1683,1,1,Transit,2024.0,3.0575356,0.008369285,0.036507593,,2.6382,,0.0,4402.0,0.7,0.694661,51.1884,929.4348158,0.165076816,123.8567507
TOI-1685 b,TOI-1685,1,1,Transit,2021.0,0.66913923,0.001839656,0.01164,,1.421,3.07,5.895324844,3470.0,0.462,0.466,37.6153,1054.108829,0.027764618,204.920657
TOI-169 b,TOI-169,1,1,Transit,2020.0,2.2554477,0.006176922,0.03524,0.0,12.172974,251.40353,0.767949898,5880.0,1.288,1.147,407.84,1714.070917,1.779225033,1432.712602
TOI-1691 b,TOI-1691,1,1,Transit,2024.0,16.73688894,0.045846541,0.129365,,3.66,,0.0,5759.0,1.0,1.03,111.445,772.0584147,0.986911397,58.9718264
TOI-1693 b,TOI-1693,1,1,Transit,2022.0,1.7666957,0.004853607,0.0226,,1.41,,0.0,3499.0,0.46,0.49,30.7947,761.1672909,0.028456487,55.71400835
TOI-1694 b,TOI-1694,1,2,Transit,2023.0,3.770107,0.010335804,0.045,0.0,5.3422266,31.3,1.131172973,5058.0,0.8036,0.853,124.68,1030.632921,0.379214562,187.2664504
TOI-1694 c,TOI-1694,1,2,Radial Velocity,2023.0,393.1,0.034239348,0.1,0.0,,297.0,,5058.0,0.8036,0.853,124.68,691.3695813,0.379214562,37.92145621
TOI-1695 b,TOI-1695,1,1,Transit,2022.0,3.1342791,0.008579091,0.033548,0.097,1.9,6.36,5.109141274,3690.0,0.515,0.513,45.1309,697.1209624,0.044117386,39.19913684
TOI-1696 b,TOI-1696,1,1,Transit,2022.0,2.500311,0.006862512,0.0229,,3.09,48.8,9.113726315,3185.0,0.2775,0.255,64.9172,534.6070331,0.007109738,13.55759346
TOI-1710 b,TOI-1710,2,1,Transit,2022.0,24.283377,0.066777597,0.166,0.0,5.20315158,22.4,0.876193814,5684.0,0.9574,1.0258,81.2271,658.2005114,0.858406452,31.15134461
TOI-1716.01,TOI-1716,1,1,Transit,2024.0,8.082376554,0.0220785,0.080496,,3.143,,0.0,5879.0,1.24,1.07,104.158,1112.598913,1.647961499,254.3305094
TOI-172 b,TOI-172,1,1,Transit,2019.0,9.47725,0.026017451,0.0914,0.3806,10.816685,1722.6386,7.500033889,5645.0,1.777,1.128,342.831,1200.179048,2.876871677,344.3722112
TOI-1723 b,TOI-1723,1,1,Transit,2024.0,13.72701264,0.037493343,0.113496,,3.435,,0.0,5777.0,1.09,1.04,100.727,863.2504576,1.187277714,92.17034319
TOI-1728 b,TOI-1728,1,1,Transit,2020.0,3.49151,0.00961942,0.0391,0.057,5.05,26.78,1.145745175,3980.0,0.6243,0.646,60.798,766.8366115,0.087742258,57.39251988
TOI-1736 b,TOI-1736,1,2,Transit,2023.0,7.073076,0.019365651,0.073,0.0,3.18175535,12.3,2.104051478,5636.0,1.4286,1.0373,88.9482,1202.198982,1.84754523,346.6964215
TOI-1736 c,TOI-1736,1,2,Radial Velocity,2023.0,571.25,1.574449233,1.37,0.3685,,2441.0,,5636.0,1.4286,1.0373,88.9482,277.5092747,1.84754523,0.984359971
TOI-1739 b,TOI-1739,1,1,Transit,2024.0,8.303341406,0.022733824,0.073872,,1.946,,0.0,4814.0,0.781,0.78,70.9819,754.7500542,0.293911285,53.8587844
TOI-1742 b,TOI-1742,1,1,Transit,2024.0,21.269084,0.057989074,0.154,0.3,2.36507598,9.7,4.040062103,5815.0,1.131,1.0861,72.8871,759.8574743,1.312242007,55.33150645
TOI-1743 b,TOI-1743,1,1,Transit,2025.0,4.266046,0.011677781,0.03589,,1.83,,0.0,3277.0,0.338,0.339,41.2758,484.9082142,0.011820314,9.176606292
TOI-1744.01,TOI-1744,1,1,Transit,2024.0,22.34170293,0.061188004,0.164086,,2.68,,0.0,6179.0,1.14,1.18,114.39,785.3194169,1.699700231,63.12905339
TOI-1749 b,TOI-1749,1,3,Transit,2021.0,2.38839,0.006518167,0.0291,0.14,1.39,57.0,116.9451065,3985.0,0.55,0.58,99.5561,835.3618826,0.06844292,80.82441202
TOI-1749 c,TOI-1749,1,3,Transit,2021.0,4.4929,0.012243106,0.0443,0.019,2.12,14.0,8.096028937,3985.0,0.55,0.58,99.5561,677.0477295,0.06844292,34.87555113
TOI-1749 d,TOI-1749,1,3,Transit,2021.0,9.0497,0.024683976,0.0707,0.062,2.52,15.0,5.164654045,3985.0,0.55,0.58,99.5561,535.9341633,0.06844292,13.69271927
TOI-1751 b,TOI-1751,1,1,Transit,2024.0,37.46852,0.102922417,0.215,0.327,2.9507845,19.5,4.18190083,5970.0,1.3137,0.9382,113.335,711.5651665,1.966887745,42.55030275
TOI-1753 b,TOI-1753,1,1,Transit,2024.0,5.3846104,0.014716521,0.059,0.0,2.47852533,16.6,6.007303888,5621.0,0.9715,0.9483,226.671,1099.817082,0.84533685,242.8431053
TOI-1758 b,TOI-1758,1,1,Transit,2024.0,20.70507469,0.056685795,0.141409,,3.62,,0.0,5169.0,0.81,0.88,96.6215,596.5158595,0.420228997,21.01512193
TOI-1759 b,TOI-1759,1,1,Transit,2022.0,18.85019,0.051871449,0.1177,0.0,3.14,10.8,1.922146168,4065.0,0.597,0.606,40.0654,441.4392677,0.087313362,6.302716696
TOI-1768.01,TOI-1768,1,1,Transit,2024.0,7.337703649,0.020127121,0.076381,,3.453,,0.0,5994.0,1.1,1.1,157.597,1096.811233,1.401335663,240.1991658
TOI-1772.01,TOI-1772,1,1,Transit,2024.0,8.054246874,0.022052038,0.078375,,2.905,,0.0,5583.0,0.995,0.99,97.7562,959.1838767,0.862991509,140.4919418
TOI-1774.01,TOI-1774,1,2,Transit,2021.0,16.70988,0.0,,0.05,2.78,8.5,2.179897819,5746.0,1.1303,0.991,53.974,,1.24951016,
TOI-1775 b,TOI-1775,1,1,Transit,2024.0,10.2405549,0.023567669,0.08,0.0,8.04728896,96.0,1.0150187,5284.0,0.8288,0.9218,149.234,820.0761191,0.480441562,75.06899411
TOI-1776 b,TOI-1776,1,1,Transit,2024.0,2.799868,0.007663695,0.0378,0.0,1.21612741,1.4,4.288865268,5785.0,0.9356,0.9196,44.647,1387.758987,0.87959698,615.6021525
TOI-1777.01,TOI-1777,1,1,Transit,2024.0,14.65011197,0.040106388,0.119466,,2.246,,0.0,5859.0,0.98,1.06,79.7665,809.1440652,1.015397275,71.14548559
TOI-178 b,TOI-178,1,6,Transit,2021.0,1.9145601,0.0,,,1.2,0.96,3.061111111,4316.0,0.662,0.647,62.699,,0.136436815,
TOI-178 c,TOI-178,1,6,Transit,2021.0,3.238486,0.0,,0.00032,1.754,4.64,4.737844605,4316.0,0.662,0.647,62.699,,0.136436815,
TOI-178 d,TOI-178,1,6,Transit,2021.0,6.557569,0.0,,0.0068,2.695,5.2,1.463789521,4316.0,0.662,0.647,62.699,,0.136436815,
TOI-178 e,TOI-178,1,6,Transit,2021.0,9.96318,0.0,,0.00038,2.301,3.48,1.573913958,4316.0,0.662,0.647,62.699,,0.136436815,
TOI-178 f,TOI-178,1,6,Transit,2021.0,15.23335,0.0,,0.00045,2.417,5.63,2.196999927,4316.0,0.662,0.647,62.699,,0.136436815,
TOI-178 g,TOI-178,1,6,Transit,2021.0,20.71663,0.0,,0.00043,2.939,4.4,0.955004718,4316.0,0.662,0.647,62.699,,0.136436815,
TOI-1782.01,TOI-1782,1,2,Transit,2024.0,4.987641028,0.013655889,0.05024,,2.368,,0.0,4336.0,0.669,0.68,95.2649,762.9375593,0.141938163,56.23412192
TOI-1782.02,TOI-1782,1,2,Transit,2024.0,1.829024227,0.005007639,0.025739,,1.839,,0.0,4336.0,0.669,0.68,95.2649,1065.903716,0.141938163,214.2475379
TOI-1789 b,TOI-1789,1,1,Transit,2021.0,3.208664,0.008786988,0.04882,,16.14093221,222.4798849,0.291512049,5991.0,2.168,1.507,229.067,1925.047941,5.432574416,2279.345363
TOI-1794 b,TOI-1794,1,1,Transit,2024.0,8.765528,0.023844032,0.082,0.0,3.29701268,8.7,1.337546839,5631.0,1.3162,0.9698,155.791,1087.804931,1.562700432,232.40637
TOI-1798.01,TOI-1798,1,2,Transit,2024.0,8.021522331,0.022013712,0.074984,,2.448,,0.0,5165.0,0.78,0.87,113.181,803.2390315,0.38847257,69.09126602
TOI-1798.02,TOI-1798,1,2,Transit,2024.0,0.437811822,0.001201468,0.010789,,1.464,,0.0,5165.0,0.78,0.87,113.181,2117.573577,0.38847257,3337.320933
TOI-1799 b,TOI-1799,1,1,Transit,2024.0,7.094570865,0.019425146,0.072502,,1.642,,0.0,5690.0,0.957,1.01,62.1274,996.7924054,0.861316548,163.8561767
TOI-1801 b,TOI-1801,2,1,Transit,2023.0,10.64387,0.0,,0.0,2.079,5.738,3.518428053,3863.0,0.547,0.556,30.6796,,0.059781022,
TOI-1803 b,TOI-1803,1,2,Transit,2025.0,6.293287,0.016903085,0.06,0.0,2.99,10.32,2.127246076,4687.0,0.715,0.756,119.24,780.1602663,0.221351132,61.4864256
TOI-1803 c,TOI-1803,1,2,Transit,2025.0,12.885779,0.034745351,0.097,0.0,4.29,8.0,0.558302676,4687.0,0.715,0.756,119.24,613.5833778,0.221351132,23.5254684
TOI-1806.01,TOI-1806,1,1,Transit,2024.0,15.1454693,0.041457135,0.087735044,,3.4095367,,0.0,3272.0,0.401575,0.392935,55.5211,337.537134,0.016583507,2.154418995
TOI-1807 b,TOI-1807,1,1,Transit,2021.0,0.54937097,0.001502089,0.0122,0.0,1.49681583,2.44,4.009002459,4914.0,0.746,0.8048,42.5775,1852.832369,0.29114418,1956.088285
TOI-181 b,TOI-181,1,1,Transit,2023.0,4.532,0.013802166,0.0539,0.1543,6.9559,46.1687,0.755856332,4994.0,0.745,0.822,96.2338,895.2488471,0.309739468,106.6151733
TOI-1811 b,TOI-1811,1,1,Transit,2023.0,3.7130765,0.010172726,0.04389,0.052,11.14172682,308.9292116,1.230702427,4766.0,0.769,0.817,128.23,961.9353749,0.27375287,142.1109426
TOI-1820 b,TOI-1820,1,1,Transit,2022.0,4.860674,0.014773319,0.061,0.043,12.778238,731.0053361,1.930452979,5734.0,1.51,1.04,248.504,1375.601762,2.21143663,594.3124511
TOI-1823 b,TOI-1823,1,1,Transit,2024.0,38.8,0.106414924,0.212,0.0,7.5406241,67.4,0.86614304,4927.0,0.8049,0.8414,71.6456,462.9105451,0.342534211,7.621355713
TOI-1824 b,TOI-1824,1,1,Transit,2024.0,22.808533,0.062545981,0.151,0.0,2.7438269,16.0,4.267774389,5165.0,0.8123,0.8801,59.4314,577.6324162,0.421312224,18.47779588
TOI-1836 b,TOI-1836,1,2,Transit,2024.0,20.380799,0.055823824,0.1597,0.0,8.00321222,38.45723725,0.413367836,6380.0,1.577,1.307,191.649,966.7085193,3.696885089,144.9526366
TOI-1836 c,TOI-1836,1,2,Transit,2024.0,1.7727471,0.004852431,0.03089,0.0,2.59987579,8.0,2.508324881,6237.0,1.6454,1.2518,191.649,2194.896343,3.675664062,3852.121666
TOI-1842 b,TOI-1842,1,1,Transit,2021.0,9.5739181,0.026132741,0.1,0.276,12.3485023,89.4,0.26160513,6039.0,2.032,1.4643,223.465,1312.618014,4.927168058,492.7168058
TOI-1846 b,TOI-1846,1,1,Transit,2025.0,3.9306737,0.010768045,0.03646,,1.792,,0.0,3568.0,0.397,0.418,47.2496,567.705688,0.022917659,17.23998635
TOI-1853 b,TOI-1853,1,1,Transit,2023.0,1.2436258,0.003397869,0.0213,0.03,3.46,73.2,9.737206572,4985.0,0.808,0.837,165.105,1480.445826,0.361720583,797.2857744
TOI-1855 b,TOI-1855,1,1,Transit,2024.0,1.36414864,0.003737793,0.02398,0.033,18.49481816,360.0995851,0.31363464,5359.0,1.041,0.987,176.833,1702.534852,0.801911307,1394.530379
TOI-1859 b,TOI-1859,1,1,Transit,2023.0,63.48347,0.172446974,0.337,0.57,9.75181321,,0.0,6341.0,1.36,1.287,224.385,614.2196915,2.682864133,23.62320821
TOI-1860 b,TOI-1860,1,1,Transit,2022.0,1.0662107,0.002928381,0.0204,,1.31,,0.0,5752.0,0.94,0.99,45.864,1882.691661,0.867802839,2085.262493
TOI-1883 b,TOI-1883,1,1,Transit,2024.0,4.50638,0.014433984,0.0468,,5.65,,0.0,3477.0,0.494,0.492,115.369,544.6991747,0.032000923,14.61069263
TOI-1898 b,TOI-1898,1,1,Transit,2024.0,45.52234,0.12486811,0.269,0.485,9.39553231,129.0,0.856992731,6241.0,1.6131,1.2484,79.6682,736.9197003,3.541841829,48.94683365
TOI-1899 b,TOI-1899,1,1,Transit,2020.0,29.090312,0.074911109,0.1525,0.044,11.09689089,212.9450327,0.858648005,3926.0,0.607,0.632,128.438,377.6775738,0.078535934,3.376981845
TOI-1937 A b,TOI-1937 A,2,1,Transit,2023.0,0.94667944,0.002593661,0.01932,0.0,13.97759893,638.8350981,1.288969506,5814.0,1.08,1.072,415.135,2096.017106,1.195741963,3203.488922
TOI-198 b,TOI-198,1,1,Transit,2023.0,10.2152,0.046274481,0.1,,1.44,,0.0,3650.0,0.441,0.467,23.7262,369.5929154,0.030969806,3.096980613
TOI-199 b,TOI-199,1,2,Transit,2023.0,104.854,0.286786236,0.4254,0.09,9.07927437,54.03082919,0.39777713,5255.0,0.82,0.936,102.27,351.7972031,0.460053603,2.542221955
TOI-199 c,TOI-199,1,2,Transit Timing Variations,2023.0,273.69,0.749328719,0.807,0.096,,88.99195396,,5255.0,0.82,0.936,102.27,255.4196808,0.460053603,0.706417366
TOI-1994 b,TOI-1994,1,1,Transit,2024.0,4.0337142,0.011128439,0.0613,0.341,13.67495645,7024.007795,15.13417418,7700.0,2.3,1.86,515.603,2274.237857,16.68431661,4440.046042
TOI-2000 b,TOI-2000,1,2,Transit,2023.0,3.09833,0.008485564,0.04271,0.0,2.7,11.0,3.079307016,5611.0,1.134,1.082,175.713,1394.098593,1.143607603,626.9283237
TOI-2000 c,TOI-2000,1,2,Transit,2023.0,9.127055,0.025010832,0.0878,0.063,8.14,81.7,0.834642395,5611.0,1.134,1.082,175.713,972.3240247,1.143607603,148.3501542
TOI-2005 b,TOI-2005,1,1,Transit,2025.0,17.305904,0.050755301,0.16,0.597,11.99360935,2034.101805,6.49642736,7130.0,2.02,1.59,328.475,1221.56534,9.46129771,369.5819418
TOI-201 b,TOI-201,1,2,Transit,2021.0,,0.0,,,,,,,,,,,0.0,
TOI-201 c,TOI-201,1,2,Transit Timing Variations,2025.0,,0.0,,,,,,,,,,,0.0,
TOI-2010 b,TOI-2010,1,1,Transit,2023.0,141.834025,0.388493711,0.5516,0.212,11.81426566,408.7273314,1.36573073,5929.0,1.079,1.112,109.19,399.8448646,1.290798764,4.242384484
TOI-2015 b,TOI-2015,1,2,Transit,2023.0,3.348237,0.009105047,0.029322,0.0789,3.309,9.2,1.399101186,3297.0,0.3273,0.3041,47.3444,531.1370947,0.011356844,13.20901612
TOI-2015 c,TOI-2015,1,2,Transit Timing Variations,2025.0,5.582796,0.015182504,0.041232,0.00033,,8.91,,3297.0,0.3273,0.3041,47.3444,447.9053272,0.011356844,6.680190488
TOI-2018 b,TOI-2018,1,1,Transit,2023.0,7.435583,0.0,,0.0,2.268,9.2,4.345205049,4174.0,0.62,0.57,27.9956,,0.104684651,
TOI-2019 b,TOI-2019,1,1,Transit,2024.0,15.3444,0.042100366,0.128,0.0,5.33275337,34.4,1.249843238,5626.0,1.7457,1.1832,198.007,1001.823068,2.739226756,167.1891331
TOI-2025 b,TOI-2025,1,1,Transit,2022.0,8.8720982,0.024329752,0.0892,0.394,11.89272852,1144.182265,3.748023413,5977.0,1.459,1.199,335.985,1165.574274,2.437437324,306.3400284
TOI-2031 A b,TOI-2031 A,2,1,Transit,2025.0,5.71548654,0.015648829,0.066,0.076,14.20177855,254.2627256,0.489109488,6490.0,1.241,1.174,276.105,1356.969538,2.451388815,562.7614359
TOI-2046 b,TOI-2046,1,1,Transit,2022.0,1.4971842,0.0,,,16.14093221,731.0053361,0.957825302,6250.0,1.21,1.13,289.668,,2.004382766,
TOI-2048 b,TOI-2048,1,1,Transit,2022.0,13.79019,0.0,,0.13,2.61,,0.0,5185.0,0.79,0.83,116.567,,0.404705471,
TOI-206 b,TOI-206,1,1,Transit,2022.0,0.7363104,0.002003517,0.0112,,1.3,,0.0,3383.0,0.35,0.35,47.7465,911.8816728,0.014395738,114.7619409
TOI-2068 b,TOI-2068,1,1,Transit,2024.0,7.768915,0.021250527,0.0632,,1.821,,0.0,3710.0,0.535,0.559,52.9328,520.4796335,0.048651144,12.18032555
TOI-2076 b,TOI-2076,1,4,Transit,2021.0,10.355235,0.0,,0.0,2.39,,0.0,5201.0,0.774,0.883,41.9091,,0.393295689,
TOI-2076 c,TOI-2076,1,4,Transit,2021.0,21.015327,0.057845789,0.142,0.0,3.69441587,55.0,6.010034221,5192.0,0.796,0.8557,41.9091,592.7322045,0.413099549,20.48698417
TOI-2076 d,TOI-2076,1,4,Transit,2021.0,35.125686,0.095966322,0.199,0.0,3.43087751,29.0,3.956707604,5192.0,0.796,0.8557,41.9091,500.6983475,0.413099549,10.43154336
TOI-2076 e,TOI-2076,1,4,Transit,2025.0,3.0223445,0.008166394,0.0385,,1.355,,0.0,5192.0,0.796,0.8557,41.9091,1138.340877,0.413099549,278.697621
TOI-2081 b,TOI-2081,1,1,Transit,2022.0,10.50534,0.028062728,0.0752,,2.04,,0.0,3800.0,0.534,0.54,62.3446,488.2663371,0.053346601,9.433461239
TOI-2084 b,TOI-2084,2,1,Transit,2023.0,6.0784247,0.016641297,0.05006,,2.47,,0.0,3551.0,0.475,0.453,114.549,527.4284266,0.032186945,12.84393408
TOI-2088 b,TOI-2088,1,1,Transit,2024.0,124.72997,0.34130392,0.472,0.0,3.6831179,37.0,4.080434954,5081.0,0.8481,0.9027,126.46,328.4076052,0.430111204,1.930619813
TOI-2093 b,TOI-2093,1,2,Radial Velocity,2025.0,12.836,0.03500092,0.097,0.0,,10.6,,4426.0,0.729,0.745,82.7982,585.0605098,0.18297449,19.44675203
TOI-2093 c,TOI-2093,1,2,Transit,2025.0,53.81149,0.150945979,0.257,0.0,2.3,15.8,7.15525602,4426.0,0.729,0.745,82.7982,359.4347736,0.18297449,2.770284029
TOI-2095 b,TOI-2095,1,2,Transit,2023.0,17.66484,0.048390011,0.101,0.0,1.25,4.1,11.566592,3759.0,0.44,0.44,41.9176,378.3114237,0.034680433,3.399709104
TOI-2095 c,TOI-2095,1,2,Transit,2023.0,28.17232,0.076445955,0.137,0.0,1.33,7.4,17.33119049,3759.0,0.44,0.44,41.9176,324.8253081,0.034680433,1.847750683
TOI-2096 b,TOI-2096,1,2,Transit,2023.0,3.1190633,0.008224396,0.025,0.15,1.243,,0.0,3300.0,0.235,0.231,48.4809,487.8534104,0.005875994,9.401590191
TOI-2096 c,TOI-2096,1,2,Transit,2023.0,6.38784,0.016645008,0.04,0.1,1.914,,0.0,3300.0,0.235,0.231,48.4809,385.6819853,0.005875994,3.672496169
TOI-2107 b,TOI-2107,1,1,Transit,2024.0,2.4545467,0.00672243,0.03515,0.033,13.57407563,263.7975778,0.581154505,5627.0,0.932,0.961,236.705,1397.119921,0.781320709,632.3808014
TOI-2109 b,TOI-2109,1,1,Transit,2021.0,0.67247414,0.001988431,0.01791,,15.098497,1595.498603,2.554152806,6540.0,1.698,1.453,262.041,3070.508309,4.732343004,14753.15969
TOI-2120 b,TOI-2120,1,1,Transit,2024.0,5.7998164,0.015935687,0.0377,0.32,2.122,6.8,3.921248566,3131.0,0.245,0.211,32.1755,384.8636668,0.005175524,3.641426838
TOI-2128 b,TOI-2128,1,1,Transit,2024.0,16.34136,0.044701538,0.127,0.0,2.08874836,4.5,2.720857186,5968.0,1.1174,1.0251,36.578,853.5771214,1.421092809,88.10793038
TOI-2133 b,TOI-2133,1,1,Transit,2026.0,3.8266472,0.010345056,0.041,,2.37,,0.0,4250.0,0.62,0.644,75.1973,796.9009142,0.112519799,66.93622807
TOI-2134 b,TOI-2134,1,2,Transit,2023.0,9.2292005,0.025255469,0.078,0.06,2.69,9.13,2.584434539,4580.0,0.709,0.744,22.6202,665.8137702,0.19844686,32.61782715
TOI-2134 c,TOI-2134,1,2,Transit,2023.0,95.5,0.261983776,0.371,0.67,7.27,41.89,0.600701514,4580.0,0.709,0.744,22.6202,305.29038,0.19844686,1.441771423
TOI-2136 b,TOI-2136,1,1,Transit,2022.0,7.851928,0.023338494,0.057,0.0,2.19,6.37,3.341632504,3342.0,0.34,0.34,33.3631,393.5681586,0.012938188,3.982206299
TOI-2141 b,TOI-2141,1,3,Transit,2023.0,18.261608,0.050780056,0.1322,,3.147,20.1,3.553509064,5635.0,0.95,0.896,77.682,728.3690344,0.816418321,46.71429853
TOI-2141 c,TOI-2141,1,3,Radial Velocity,2025.0,5.4624,0.014947887,0.0585,,,6.14,,5635.0,0.95,0.896,77.682,1094.937345,0.816418321,238.5618587
TOI-2141 d,TOI-2141,1,3,Radial Velocity,2025.0,60.45,0.165496727,0.2906,,,14.9,,5635.0,0.95,0.896,77.682,491.2690412,0.816418321,9.667663423
TOI-2145 b,TOI-2145,1,1,Transit,2023.0,10.261128,0.028548395,0.1117,0.214,12.24020692,1805.265352,5.424083505,6206.0,2.75,1.71,224.731,1484.783081,10.06473449,806.670131
TOI-2152 A b,TOI-2152,3,1,Transit,2023.0,3.3773512,0.009255309,0.05064,0.057,14.35870428,899.4543918,1.67411386,6630.0,1.612,1.516,303.006,1803.684932,4.504784692,1756.655681
TOI-2154 b,TOI-2154,1,1,Transit,2023.0,3.8240801,0.010463922,0.0513,0.117,16.28664896,292.4021344,0.372938251,6280.0,1.396,1.233,296.46,1579.629184,2.719563862,1033.390658
TOI-2158 b,TOI-2158,1,1,Transit,2022.0,8.60077,0.019408094,0.075,0.07,10.76062147,260.6192937,1.152513707,5673.0,1.41,1.12,198.473,1186.050516,1.84747772,328.4404835
TOI-216.01,TOI-216,1,2,Transit,2019.0,34.525528,0.0,,0.0046,10.1,177.9839079,0.951849346,,0.748,0.77,177.945,,0.0,
TOI-216.02,TOI-216,1,2,Transit,2019.0,17.16073,0.0,,0.16,8.0,18.75187601,0.201802416,,0.748,0.77,177.945,,0.0,
TOI-2169 A b,TOI-2169 A,2,1,Transit,2025.0,8.2148282,0.022507012,0.0896,0.045,12.50922246,329.5880581,0.927752469,6270.0,1.82,1.42,351.487,1362.575917,4.593067092,572.1195257
TOI-2180 b,TOI-2180,1,1,Transit,2022.0,260.79,0.714806471,0.828,0.3683,11.32107051,875.6172613,3.325090173,5695.0,1.636,1.111,116.685,385.9950082,2.525988461,3.684433214
TOI-2184 b,TOI-2184,1,1,Transit,2022.0,6.90683,0.0,,0.08,11.39953337,206.5884646,0.768416079,5966.0,2.9,1.53,788.317,,9.559140433,
TOI-2193 A b,TOI-2193 A,2,1,Transit,2022.0,2.1225735,0.005812959,0.03319,0.0,19.83989584,298.7587026,0.21079194,5966.0,1.248,1.082,337.064,1763.999242,1.770320982,1607.080058
TOI-2194 b,TOI-2194,1,1,Transit,2023.0,15.337597,0.0,,,1.9892,,0.0,4756.0,0.6909,0.74,19.5711,,0.219122825,
TOI-2196 b,TOI-2196,1,1,Transit,2022.0,1.1947268,0.003286888,0.02234,0.0,3.51,26.0,3.312863923,5634.0,1.043,1.032,259.947,1856.217621,0.983390113,1970.423144
TOI-220 b,TOI-220,1,1,Transit,2021.0,10.695264,0.029286178,0.08911,0.032,3.03,13.8,2.733397543,5298.0,0.858,0.825,90.7402,792.6908673,0.520369989,65.53289504
TOI-2202 b,TOI-2202,1,2,Transit,2021.0,11.9126075,0.0,,0.022,10.95117414,287.3168799,1.205398608,5169.0,0.808,0.841,235.933,,0.418156354,
TOI-2202 c,TOI-2202,1,2,Transit Timing Variations,2021.0,24.6744,0.067552941,0.15544,0.0622,,117.2786822,,5144.0,0.794,0.823,235.933,560.5847717,0.396036026,16.39113848
TOI-2207 b,TOI-2207,1,1,Transit,2022.0,8.001968,0.021922209,0.0854,0.174,11.1529358,203.4101805,0.807898268,6101.0,1.564,1.296,373.345,1258.931043,3.040657104,416.9190178
TOI-2211.01,TOI-2211,1,1,Transit,2024.0,3.092686757,0.008467549,0.04011,,1.561,,0.0,5253.0,0.834,0.9,70.2932,1154.982952,0.47517278,295.3562943
TOI-2236 b,TOI-2236,1,1,Transit,2022.0,3.5315902,0.009673609,0.05009,0.0,14.36991326,502.1688831,0.932478779,6248.0,1.573,1.343,355.59,1688.26783,3.383073075,1348.370727
TOI-2257 b,TOI-2257,1,1,Transit,2021.0,35.189346,0.096408446,0.145,0.496,2.194,,0.0,3430.0,0.313,0.328,57.7911,242.9930019,0.012166202,0.578654055
TOI-2260 b,TOI-2260,1,1,Transit,2022.0,0.3524728,0.000960152,0.0097,,1.62,,0.0,5534.0,0.94,0.99,101.251,2626.810194,0.743536301,7902.394524
TOI-2266 b,TOI-2266,1,1,Transit,2024.0,2.326318,0.005897678,0.02,,1.54,,0.0,3200.0,0.24,0.23,51.6004,534.5053788,0.005418914,13.54728463
TOI-2274 b,TOI-2274,1,1,Transit,2024.0,2.67963,0.014291549,0.05,,2.45,,0.0,3943.0,0.631,0.612,48.876,675.4106947,0.086348675,34.53946992
TOI-2285 b,TOI-2285,1,1,Transit,2021.0,13.635109,0.0,,,1.77,,0.0,3491.0,0.464,0.454,42.409,,0.028689647,
TOI-2295 b,TOI-2295,1,2,Transit,2024.0,30.033302,0.082264522,0.1992,0.334,16.47720163,278.0998561,0.342532666,5730.0,1.459,1.168,126.279,747.7373586,2.058822575,51.88481272
TOI-2295 c,TOI-2295,1,2,Radial Velocity,2024.0,966.5,2.652530104,2.018,0.194,,1783.017363,,5730.0,1.459,1.168,126.279,234.9271259,2.058822575,0.505564531
TOI-2322 b,TOI-2322,1,2,Transit,2025.0,11.30717,0.033498881,0.0924,0.0,0.994,2.31,12.95998281,4664.0,0.662,0.703,59.861,601.9536185,0.186054422,21.79194797
TOI-2322 c,TOI-2322,1,2,Transit,2025.0,20.225528,0.059949836,0.1362,0.0,1.874,18.1,15.15379522,4664.0,0.662,0.703,59.861,495.8044967,0.186054422,10.02965006
TOI-2328 b,TOI-2328,1,1,Transit,2025.0,17.10197,0.046434821,0.127,0.057,9.97599282,50.85254512,0.282225278,5525.0,0.9,0.95,231.782,709.1909015,0.677179805,41.98523191
TOI-2337 b,TOI-2337,1,1,Transit,2022.0,2.99432,0.0,,0.019,10.08808263,508.5254512,2.729219089,4780.0,3.22,1.325,536.046,,4.856385791,
TOI-2338 b,TOI-2338,1,1,Transit,2023.0,22.65398,0.063120152,0.158,0.676,11.2089807,1900.613874,7.436132676,5581.0,1.05,0.99,313.996,693.7286126,0.959658111,38.44168045
TOI-2345 b,TOI-2345,1,2,Transit,2025.0,1.0528573,0.002611075,0.01705,,1.504,3.49,5.652408191,4687.0,0.729,0.727,81.6541,1477.773943,0.230104293,791.5456272
TOI-2345 c,TOI-2345,1,2,Transit,2025.0,21.064302,0.052267979,0.1257,,2.451,7.27,2.720546015,4687.0,0.729,0.727,81.6541,544.2551628,0.230104293,14.56311119
TOI-2346 b,TOI-2346,1,1,Transit,2025.0,3.3312029,0.009124707,0.0473,0.086,16.11851425,394.1072247,0.518550399,6480.0,1.38,1.271,437.484,1687.700804,3.012645606,1346.560171
TOI-2364 b,TOI-2364,1,1,Transit,2023.0,4.0197517,0.011006596,0.04871,0.0,8.60849718,71.51139158,0.617653353,5306.0,0.886,0.954,219.614,1091.155184,0.558246844,235.2827119
TOI-2368 b,TOI-2368,1,1,Transit,2024.0,5.1750073,0.014176243,0.05649,0.061,10.83908434,206.5884646,0.893881358,5360.0,0.846,0.897,210.915,1000.174234,0.530016921,166.0911857
TOI-237 b,TOI-237,1,1,Transit,2020.0,5.436098,0.014883499,0.0341,0.0,1.44,,0.0,3212.0,0.211,0.179,38.0749,385.2574568,0.004251644,3.656353263
TOI-2373 b,TOI-2373,1,1,Transit,2023.0,13.33668,0.036736829,0.112,0.112,10.42435205,2955.804185,14.37738985,5651.0,1.102,1.041,508.686,854.7095801,1.111102867,88.57644029
TOI-2374 b,TOI-2374,1,1,Transit,2024.0,4.31361,0.011803226,0.0471,0.13,6.81,56.64,0.988174193,4802.0,0.69,0.75,134.655,886.2326095,0.227131126,102.3846477
TOI-2379 b,TOI-2379,1,1,Transit,2024.0,5.4693827,0.015033849,0.05263,0.342,11.72459381,1830.691624,6.258544951,3707.0,0.622,0.645,211.247,614.4868196,0.065548229,23.66433057
TOI-238 b,TOI-238,1,2,Transit,2024.0,1.273099,0.003492837,0.0212,,1.559,3.37,4.90053115,5059.0,0.756,0.781,80.5407,1456.696663,0.335886198,747.3438014
TOI-238 c,TOI-238,1,2,Radial Velocity,2024.0,8.465651,0.023062649,0.0749,0.36,2.18,6.7,3.563337192,5059.0,0.733,0.79,80.5407,763.1101613,0.315759566,56.28502735
TOI-2382 b,TOI-2382,1,1,Transit,2025.0,4.6612061,0.012767114,0.059,0.18,12.25141591,235.1930212,0.704720945,6033.0,1.417,1.26,434.92,1425.619815,2.386507765,685.5810873
TOI-2384 b,TOI-2384,1,1,Transit,2024.0,2.13570304,0.005857598,0.02793,0.0,11.48920522,624.8506482,2.270167296,3943.0,0.6113,0.635,191.51,889.4672984,0.081041179,103.8876395
TOI-2406 b,TOI-2406,1,1,Transit,2021.0,3.0766891,0.00837767,0.02267,0.17,2.86,15.6,3.674329485,3100.0,0.204,0.166,55.419,448.3967912,0.003448236,6.709558131
TOI-2407 b,TOI-2407,1,1,Transit,2025.0,2.702969,0.008098053,0.033,0.08,4.26,,0.0,3530.0,0.567,0.548,92.4366,705.5385424,0.04478729,41.12698848
TOI-2411 b,TOI-2411,1,1,Transit,2022.0,0.7826942,0.00214332,0.0144,,1.68,,0.0,4099.0,0.68,0.65,59.5362,1358.196501,0.117116841,564.7995792
TOI-2416 b,TOI-2416,1,1,Transit,2023.0,8.275479,0.022655864,0.0831,0.32,9.86390302,953.485221,5.474181386,5808.0,1.236,1.118,557.733,1080.057333,1.559671809,225.855762
TOI-2420 b,TOI-2420,1,1,Transit,2024.0,5.842641,0.016623783,0.0684,0.055,15.02003414,294.6269333,0.479083578,,2.369,1.158,435.174,0.0,0.0,0.0
TOI-2421 b,TOI-2421,1,1,Transit,2022.0,4.3474032,0.011897849,0.0543,0.0,10.36830715,105.8368595,0.523196682,5607.0,1.75,1.131,327.927,1534.833057,2.715739892,921.0612523
TOI-2427 b,TOI-2427,1,1,Transit,2022.0,1.3060011,0.003588699,0.0202,,1.8,,0.0,4072.0,0.65,0.64,28.5147,1113.78212,0.104219177,255.4141195
TOI-244 b,TOI-244,1,1,Transit,2023.0,7.397225,0.020202068,0.0559,,1.52,2.68,4.204899584,3433.0,0.426,0.428,22.0337,456.9663046,0.022615399,7.237367838
TOI-2443 b,TOI-2443,1,1,Transit,2023.0,15.66858,0.042463563,0.105,0.301,2.363,4.8,2.004479741,4375.0,0.631,0.642,23.9258,517.1417087,0.130876237,11.87086045
TOI-2445 b,TOI-2445,1,1,Transit,2022.0,0.3711281,0.001024,0.0064,,1.25,,0.0,3333.0,0.27,0.25,48.582,1043.851422,0.008071581,197.0600937
TOI-2447 b,TOI-2447,1,1,Transit,2024.0,69.33684,0.201017535,0.347,0.17,9.60609646,124.906564,0.776418778,5730.0,1.006,1.034,148.987,470.4357887,0.978823301,8.129153976
TOI-2449 b,TOI-2449,1,1,Transit,2025.0,106.14468,0.290608323,0.45,0.098,11.24,222.0,0.861401532,6021.0,1.065,1.079,156.786,446.6307833,1.337406946,6.604478744
TOI-2458 b,TOI-2458,1,2,Transit,2024.0,3.73659,0.010327041,0.0482,0.087,2.83,13.31,3.235715637,6005.0,1.31,1.05,112.958,1509.512171,2.002094111,861.7680959
TOI-2458 c,TOI-2458,1,2,Radial Velocity,2024.0,16.553,0.045215768,0.129,0.29,,10.22,,6005.0,1.31,1.05,112.958,922.7101183,2.002094111,120.3109255
TOI-2459 b,TOI-2459,1,1,Transit,2023.0,19.104718,0.0,,,2.9531,,0.0,4195.0,0.6751,0.66,36.6113,,0.12663505,
TOI-2485 b,TOI-2485,1,1,Transit,2024.0,11.23479,0.033507373,0.1093,0.0341,12.1393261,766.6021177,2.361227754,,1.72,1.163,397.953,0.0,0.0,0.0
TOI-2497 b,TOI-2497,1,1,Transit,2023.0,10.655669,0.0292017,0.1166,0.195,11.14172682,1531.932922,6.102865946,7360.0,2.36,1.859,285.289,1596.599611,14.66307694,1078.519527
TOI-2498 b,TOI-2498,1,1,Transit,2023.0,3.738252,0.010280476,0.0491,0.089,6.06,34.62,0.857157817,5905.0,1.26,1.12,275.265,1442.36743,1.731851093,718.3689685
TOI-251 b,TOI-251,1,1,Transit,2021.0,4.93777,0.013514545,0.05741,0.0,2.74,317.83,85.13238459,5875.0,0.881,1.036,99.523,1109.720299,0.829608419,251.7086016
TOI-2524 b,TOI-2524,1,1,Transit,2023.0,7.18585,0.019654842,0.073,0.0,11.2089807,203.4101805,0.795840286,5831.0,1.119,1.007,438.842,1100.799271,1.298739917,243.7117502
TOI-2525 b,TOI-2525,1,2,Transit,2023.0,23.2856,0.063744519,0.1511,0.17,8.67575106,26.69758619,0.225269477,5096.0,0.785,0.849,395.398,560.0715265,0.372860898,16.33119303
TOI-2525 c,TOI-2525,1,2,Transit,2023.0,49.2519,0.134848207,0.249,0.157,10.13291855,208.8132634,1.105874959,5096.0,0.785,0.849,395.398,436.2907976,0.372860898,6.013788449
TOI-2529 b,TOI-2529,1,1,Transit,2024.0,64.5949,0.177484381,0.327,0.021,11.54525012,743.7184724,2.662871008,5802.0,1.7,1.11,296.271,637.8811778,2.938316613,27.47913674
TOI-2537 b,TOI-2537,1,2,Transit,2024.0,94.1022,0.257876067,0.3715,0.364,11.25381662,415.401728,1.605907016,4870.0,0.771,0.771,184.986,338.2892676,0.2999953,2.173686033
TOI-2537 c,TOI-2537,1,2,Radial Velocity,2024.0,1920.0,5.278858305,2.78,0.287,,2297.899383,,4870.0,0.771,0.771,184.986,123.6645527,0.2999953,0.038817258
TOI-2545 b,TOI-2545,1,1,Transit,2022.0,7.994037,0.0,,,2.75,,0.0,5846.29,1.25324,1.055,107.118,,1.646189257,
TOI-2567 b,TOI-2567,1,1,Transit,2022.0,5.983944,0.016387575,0.0672,0.0,10.92875618,63.88350981,0.269667219,5611.0,1.686,1.13,504.775,1355.176606,2.527935946,559.7930719
TOI-257 b,TOI-257,1,1,Transit,2021.0,18.38818,0.050354465,0.1528,0.0,7.16253867,43.86032017,0.657691846,6095.0,1.867,1.407,76.9028,1027.296173,4.315919401,184.8530485
TOI-2570 b,TOI-2570,1,1,Transit,2022.0,2.9887615,0.008185028,0.04145,0.0,13.64132951,260.6192937,0.565702455,5771.0,1.095,1.063,361.857,1430.234814,1.193225114,694.5017042
TOI-2580 b,TOI-2580,1,1,Transit,2024.0,3.39775,0.009118765,0.048,0.08,17.37392009,200.2318964,0.210373678,6120.0,1.81,1.33,379.253,1812.097535,4.123373622,1789.65869
TOI-2583 A b,TOI-2583 A,2,1,Transit,2023.0,4.5207265,0.012378443,0.0571,0.0,14.4595851,79.45710175,0.144816092,5936.0,1.477,1.215,566.189,1455.719047,2.43011267,745.3395952
TOI-2587 A b,TOI-2587 A,2,1,Transit,2023.0,5.45664,0.014921472,0.0635,0.0,12.07207221,69.28659273,0.2169978,5760.0,1.726,1.15,373.675,1447.996443,2.942126667,729.6488727
TOI-2589 b,TOI-2589,1,1,Transit,2023.0,61.6277,0.17038855,0.3,0.522,12.10569916,1112.399425,3.454957612,5579.0,1.07,0.93,200.273,508.0413969,0.995136947,11.05707719
TOI-260 b,TOI-260,1,1,Transit,2024.0,13.475853,0.036895821,0.0943,0.0,1.71,4.23,4.661263295,4026.0,0.607,0.616,20.1852,492.5198611,0.086848498,9.766499425
TOI-261.01,TOI-261,1,2,Transit,2021.0,3.3639254,0.009207958,0.034792189,,3.0449863,,0.0,5890.3,1.28018,0.496728,114.495,1722.834402,1.770033899,1462.238035
TOI-261.02,TOI-261,1,2,Transit,2021.0,13.03935862,0.035699818,,,3.34822227,,0.0,5890.3,1.31383,,114.495,,1.86430883,
TOI-262 b,TOI-262,1,1,Transit,2023.0,11.14529,0.068872527,0.163,,2.07,,0.0,5310.0,0.853,0.913,43.932,585.7154946,0.518998373,19.53398221
TOI-2641 b,TOI-2641,1,1,Transit,2023.0,4.880974,0.013885261,0.0607,0.18,18.10250383,122.6817651,0.113950352,6100.0,1.336,1.16,344.045,1379.908206,2.217287998,601.7896638
TOI-2669 b,TOI-2669,1,1,Transit,2022.0,6.2034,0.0,,0.09,19.72780603,193.8753283,0.139135444,4800.0,4.1,1.19,393.443,,8.006127699,
TOI-269 b,TOI-269,1,1,Transit,2021.0,3.6977104,0.010238866,0.0345,0.425,2.77,8.8,2.281365995,3514.0,0.398,0.3917,57.0225,575.4998626,0.021670205,18.20643155
TOI-270 b,TOI-270,1,3,Transit,2019.0,3.35992,0.0,,0.0167,1.28,1.48,3.888511658,3506.0,0.38,0.386,22.4793,,0.019575132,
TOI-270 c,TOI-270,1,3,Transit,2019.0,5.66051,0.0,,0.0044,2.33,6.2,2.700694906,3506.0,0.38,0.386,22.4793,,0.019575132,
TOI-270 d,TOI-270,1,3,Transit,2019.0,11.38194,0.0,,0.0066,2.0,4.2,2.89275,3506.0,0.38,0.386,22.4793,,0.019575132,
TOI-2714 b,TOI-2714,1,1,Transit,2024.0,2.499387,0.006603313,0.036,0.164,13.72,228.0,0.486434211,5665.0,1.25,1.07,597.873,1609.589569,1.443808296,1114.049611
TOI-2719 b,TOI-2719,1,1,Transit,2025.0,3.37594,0.0,,,5.98,,0.0,5762.0,1.69,1.02,588.368,,2.824595579,
TOI-2768 b,TOI-2768,1,1,Transit,2024.0,1.50801,0.005589531,0.027,,2.63,,0.0,4008.0,0.657,0.63,78.4525,953.3228314,0.099938181,137.0894115
TOI-277 b,TOI-277,1,1,Transit,2022.0,3.994,0.01102982,0.0269,,2.65,,0.0,4031.0,0.362,0.16,64.6692,713.021166,0.031042607,42.89963762
TOI-2796 b,TOI-2796,1,1,Transit,2023.0,4.8084983,0.013164421,0.0569,0.0,17.26183028,139.8444991,0.149808501,5764.0,1.069,1.063,350.343,1204.670208,1.131725624,349.5558834
TOI-2803 A b,TOI-2803 A,2,1,Transit,2023.0,1.96229325,0.005375802,0.03185,0.0,18.11371281,309.8826968,0.287293958,6280.0,1.245,1.118,494.818,1893.219983,2.163052835,2132.299742
TOI-2818 b,TOI-2818,1,1,Transit,2023.0,4.039709,0.011074474,0.0493,0.0,15.27784069,225.658169,0.348671723,5721.0,1.229,0.977,312.674,1377.323344,1.451715142,597.293197
TOI-283 b,TOI-283,1,1,Transit,2025.0,17.61745,0.04822949,0.123,0.0,2.34,6.54,2.812430344,5213.0,0.85,0.8,82.7013,660.7788149,0.478716725,31.64232437
TOI-2842 b,TOI-2842,1,1,Transit,2023.0,3.5514058,0.00971723,0.0475,0.0,12.84549188,117.5965106,0.305698859,5910.0,1.265,1.135,460.995,1470.60967,1.751543084,776.3071842
TOI-286 b,TOI-286,1,2,Transit,2024.0,4.5117244,0.012367739,0.0503,0.0,1.42,4.53,8.717355711,5152.0,0.78,0.832,59.2293,978.2517687,0.384576261,152.0010201
TOI-286 c,TOI-286,1,2,Transit,2024.0,39.361826,0.107772447,0.213,0.0,1.88,3.72,3.084757231,5152.0,0.78,0.832,59.2293,475.3842977,0.384576261,8.476630761
TOI-2876 b,TOI-2876,1,1,Transit,2025.0,6.2996431,0.017259723,0.0654,0.13,9.6397234,54.03082919,0.332352931,5271.0,0.873,0.939,225.744,928.5873061,0.527825542,123.4056107
TOI-2886 b,TOI-2886,1,1,Transit,2025.0,1.60200105,0.004388073,0.02871,0.11,18.6405349,444.9597698,0.378527324,6240.0,1.241,1.229,413.673,1978.177978,2.094940881,2541.589377
TOI-2969 b,TOI-2969,1,1,Transit,2025.0,1.8237146,0.005004165,0.0261,0.0,12.32987877,368.6809521,1.083741938,4738.0,0.7,0.71,163.996,1183.137722,0.221547144,325.2259125
TOI-2977 b,TOI-2977,1,1,Transit,2023.0,2.3505614,0.006440098,0.03386,0.0,13.15934334,533.9517238,1.291073411,5691.0,1.073,0.936,,1544.743756,1.083536727,945.082516
TOI-2981 b,TOI-2981,1,1,Transit,2024.0,3.601501,0.010361992,0.048,0.035,13.4,638.0,1.461025791,5940.0,1.08,1.03,527.789,1358.592406,1.302816172,565.458408
TOI-2986 b,TOI-2986,1,1,Transit,2025.0,3.2783662,0.008979,0.04489,0.14,9.292245,96.61983573,0.663522933,5906.0,1.458,1.122,563.149,1622.963977,2.320484482,1151.541139
TOI-2989 b,TOI-2989,1,1,Transit,2025.0,3.122832,0.008575342,0.0384,0.0,12.55405838,953.485221,2.655297172,4672.0,0.76,0.77,195.795,1002.202534,0.246904139,167.4425858
TOI-2992 b,TOI-2992,1,1,Transit,2025.0,3.007812,0.008219434,0.0434,0.089,13.75341932,1058.368595,2.241591602,6000.0,1.545,1.21,542.026,1726.164203,2.775567663,1473.575391
TOI-3023 b,TOI-3023,1,1,Transit,2023.0,3.9014971,0.01072329,0.0505,0.0,16.43236571,197.0536123,0.244700989,5760.0,1.668,1.12,389.916,1596.196287,2.747716213,1077.430139
TOI-3071 b,TOI-3071,1,1,Transit,2024.0,1.266938,0.003459427,0.0249,0.09,7.16,68.2,1.023757053,6177.0,1.31,1.29,485.219,2160.354661,2.241521179,3615.298429
TOI-3082 b,TOI-3082,1,1,Transit,2023.0,1.926907,0.0,,,3.6621,,0.0,4263.0,0.6847,0.664,113.048,,0.138915861,
TOI-3135 b,TOI-3135,1,1,Transit,2025.0,3.7065585,0.010151086,0.04756,0.24,13.65253849,327.3632592,0.70882872,5890.0,0.985,1.044,221.673,1292.480399,1.047667544,463.1693348
TOI-3160 A b,TOI-3160 A,2,1,Transit,2025.0,3.971281,0.010879843,0.0505,0.18,13.7646283,378.2158043,0.799093884,6190.0,1.346,1.088,567.678,1540.916014,2.386396294,935.7499435
TOI-3235 b,TOI-3235,1,1,Transit,2023.0,2.59261842,0.007104287,0.02709,0.029,11.39953337,211.3558907,0.786148758,3388.8,0.3697,0.3939,72.811,603.6394849,0.016172327,22.03710266
TOI-3261 b,TOI-3261,1,1,Transit,2024.0,0.8831331,0.002418325,0.01714,0.0,3.82,30.3,2.995050425,5068.0,0.849,0.861,300.141,1719.873564,0.426630259,1452.211997
TOI-3288 b,TOI-3288,2,1,Transit,2025.0,1.4338635,0.003940649,0.0215,0.0,11.2089807,670.6179388,2.623785944,3933.0,0.67,0.64,200.5,1058.652912,0.096368531,208.4770827
TOI-329 b,TOI-329,1,1,Transit,2024.0,5.70439,0.015595024,0.0638,0.39,4.94057819,40.4,1.845863718,5614.0,1.5326,1.0678,284.388,1326.746523,2.093327244,514.2754207
TOI-332 b,TOI-332,1,1,Transit,2023.0,0.777038,0.002137245,0.0159,0.0,3.2,57.2,9.618286133,5251.0,0.87,0.88,222.852,1872.899877,0.516293228,2042.218376
TOI-3321 b,TOI-3321,1,1,Transit,2024.0,3.6525145,0.009986687,0.047,0.054,15.55806521,176.0769375,0.257624589,5850.0,1.549,1.041,285.895,1619.362674,2.521251385,1141.354181
TOI-333 b,TOI-333,1,1,Transit,2025.0,3.7852503,0.009901557,0.049,0.0,4.26,20.1,1.432579918,6241.0,1.1,1.2,352.269,1425.817575,1.646993748,685.9615777
TOI-3331 A b,TOI-3331 A,2,1,Transit,2022.0,2.0180231,0.00553066,0.03144,0.0,12.97999965,721.4704839,1.817800108,5609.0,0.952,1.016,217.193,1488.243944,0.804832503,814.2174992
TOI-3353.01,TOI-3353,1,1,Transit,2024.0,4.6657965,0.012771518,0.060118218,,2.6667555,,0.0,6365.0,1.0207,1.332089,78.7577,1264.607912,1.534191992,424.4900488
TOI-3362 b,TOI-3362,1,1,Transit,2021.0,18.09547,0.04978554,0.153,0.815,12.80065596,1598.359059,4.198839458,6532.0,1.83,1.445,366.987,1089.274869,5.469866586,233.6651111
TOI-3364 b,TOI-3364,1,1,Transit,2023.0,5.8768918,0.016103242,0.0675,0.0,12.22899794,530.7734397,1.599146182,5706.0,1.419,1.186,277.899,1261.486355,1.915057023,420.3142987
TOI-3464 b,TOI-3464,1,1,Transit,2025.0,3.6515568,0.010010665,0.0515,0.25,13.7646283,397.2855088,0.839384332,6370.0,1.56,1.363,597.774,1690.478282,3.594982462,1355.446305
TOI-3474 b,TOI-3474,1,1,Transit,2025.0,3.8795105,0.010623137,0.0502,0.13,14.67255574,193.8753283,0.338186947,6020.0,1.256,1.121,420.123,1451.947559,1.858896004,737.6454357
TOI-3486 b,TOI-3486,1,1,Transit,2025.0,2.21778105,0.006075985,0.03138,0.078,10.5700688,99.16246298,0.462663737,4930.0,0.788,0.837,154.715,1191.228395,0.329101576,334.2135731
TOI-3493 b,TOI-3493,1,1,Transit,2025.0,8.1594667,0.0,,,3.22,8.97,1.480390968,5844.0,1.228,1.023,96.7224,,1.578074175,
TOI-3523 A b,TOI-3523 A,3,1,Transit,2025.0,2.30458952,0.006313362,0.03559,0.047,15.9727975,435.4249176,0.588737799,6450.0,1.448,1.131,645.294,1983.77074,3.255860825,2570.454118
TOI-3540 A b,TOI-3540 A,2,1,Transit,2022.0,3.119999,0.008543213,0.04289,0.0,23.53885947,375.0375203,0.15844191,5810.0,1.228,1.081,,1499.024639,1.541668906,838.0675415
TOI-3568 b,TOI-3568,1,1,Transit,2024.0,4.417965,0.01209387,0.0485,0.035,5.3,26.4,0.977075035,4969.0,0.719,0.78,197.906,922.5163059,0.282763675,120.2098736
TOI-3593 b,TOI-3593,1,1,Transit,2025.0,3.8212867,0.010470914,0.0481,0.105,11.02963701,565.7345645,2.323168192,5550.0,0.918,1.015,226.63,1169.104317,0.717376498,310.0680315
TOI-3629 b,TOI-3629,1,1,Transit,2022.0,3.936551,0.011233948,0.043,0.05,8.29464572,82.63538582,0.7978553,3870.0,0.6,0.63,130.091,697.0498547,0.072449636,39.18314575
TOI-3682 b,TOI-3682,1,1,Transit,2025.0,3.3462406,0.009153241,0.048,0.22,12.80065596,69.28659273,0.182013721,5703.0,1.735,1.32,404.211,1653.270708,2.856947729,1239.994674
TOI-3688 A b,TOI-3688 A,2,1,Transit,2023.0,3.246075,0.008892783,0.0456,0.0,13.08088048,311.4718389,0.766760008,5950.0,1.302,1.199,396.378,1533.033041,1.90624923,916.7480525
TOI-3693 b,TOI-3693,1,1,Transit,2022.0,9.088516,0.024895811,0.0813,0.0,12.59889431,324.1849751,0.893196852,5321.0,0.791,0.867,176.436,800.2905828,0.45000346,68.08238505
TOI-3714 b,TOI-3714,2,1,Transit,2022.0,2.154849,0.006094074,0.027,0.03,11.32107051,222.4798849,0.844850498,3660.0,0.51,0.53,112.71,767.0007171,0.041874973,57.44166442
TOI-375 b,TOI-375,1,3,Transit,2026.0,9.45469,0.02594901,0.099,0.087,10.77183045,236.7821632,1.043835483,5259.9,2.9,1.441,396.213,1372.683356,5.775582554,589.2850274
TOI-375 c,TOI-375,1,3,Radial Velocity,2026.0,115.5,0.315983889,0.524,,,669.3466251,,5259.9,2.9,1.441,396.213,596.6536773,5.775582554,21.03454983
TOI-375 d,TOI-375,1,3,Radial Velocity,2026.0,297.9,0.81313126,0.984,,,445.5954266,,5259.9,2.9,1.441,396.213,435.4019962,5.775582554,5.9649334
TOI-3757 b,TOI-3757,1,1,Transit,2022.0,3.438753,0.009424418,0.03845,0.14,12.0,85.3,0.271992477,3913.0,0.62,0.64,181.139,757.6506483,0.080856068,54.69151228
TOI-3785 b,TOI-3785,1,1,Transit,2023.0,4.6747373,0.012365196,0.043,0.11,5.14,14.95,0.606601437,3576.0,0.5,0.52,79.7634,587.9762216,0.036679204,19.83731949
TOI-3807 b,TOI-3807,1,1,Transit,2023.0,2.8989727,0.007948738,0.0421,0.0,18.49481816,330.5415433,0.287890578,5772.0,1.468,1.181,421.745,1643.462432,2.146086639,1210.829683
TOI-3819 b,TOI-3819,1,1,Transit,2023.0,3.2443141,0.008884477,0.04611,0.0,13.13692538,352.7895318,0.857405154,5859.0,1.538,1.242,558.141,1631.607088,2.500901073,1176.267962
TOI-3837 b,TOI-3837,1,1,Transit,2025.0,11.88865,0.033018534,0.099,0.221,10.87271128,187.5187601,0.803864323,5905.0,1.2,0.89,311.705,991.2984025,1.570839994,160.2734408
TOI-3856 b,TOI-3856,1,1,Transit,2025.0,2.04360352,0.005596542,0.0325,0.083,13.59649359,171.6273398,0.376233362,5622.0,1.055,1.096,314.443,1544.496289,0.997603891,944.4770565
TOI-3877 b,TOI-3877,1,1,Transit,2025.0,4.123596,0.011296776,0.0529,0.22,11.67975789,99.7981198,0.345121835,5731.0,1.445,1.16,493.77,1444.268618,2.020910954,722.1639982
TOI-3884 b,TOI-3884,1,1,Transit,2022.0,4.5445828,0.012564716,0.0361,0.06,6.43,32.59,0.675465296,3180.0,0.302,0.298,43.1448,443.4947357,0.008367818,6.420928177
TOI-3894 b,TOI-3894,1,1,Transit,2024.0,4.33454,0.011613053,0.05354,0.05,15.27784069,260.6192937,0.402691285,6000.0,1.502,1.138,417.365,1532.351903,2.623220012,915.1198655
TOI-3912 b,TOI-3912,1,1,Transit,2023.0,3.4936264,0.00955118,0.0463,0.0,14.28024141,129.0383332,0.244153917,5725.0,1.392,1.088,465.992,1513.617331,1.8675416,871.1808143
TOI-3919 b,TOI-3919,1,1,Transit,2024.0,7.433234,0.020394696,0.0795,0.259,12.31866979,1233.174219,3.634834103,6100.0,1.319,1.208,604.591,1198.064355,2.161219021,341.9515084
TOI-3976 A b,TOI-3976 A,2,1,Transit,2023.0,6.607662,0.018085664,0.0743,0.0,12.27383387,55.61997123,0.165745458,5975.0,1.501,1.254,516.087,1294.927123,2.5763382,466.6865079
TOI-3980 b,TOI-3980,1,1,Transit,2025.0,3.6089254,0.009860061,0.0494,0.16,14.4595851,187.5187601,0.341765977,5840.0,1.626,1.24,486.721,1615.552672,2.759194533,1130.650614
TOI-3984 A b,TOI-3984 A,2,1,Transit,2023.0,4.353326,0.01185981,0.041,0.23,7.9,44.0,0.491725807,3476.0,0.47,0.49,108.883,567.4769776,0.028933744,17.21222139
TOI-4010 b,TOI-4010,1,4,Transit,2023.0,1.348335,0.003694128,0.0229,0.03,3.02,11.0,2.20051055,4960.0,0.83,0.88,177.504,1439.840748,0.374087107,713.3485388
TOI-4010 c,TOI-4010,1,4,Transit,2023.0,5.414654,0.014890204,0.058,0.03,5.93,20.31,0.536657795,4960.0,0.83,0.88,177.504,904.7283608,0.374087107,111.203064
TOI-4010 d,TOI-4010,1,4,Transit,2023.0,14.70886,0.040492662,0.113,0.07,6.18,38.15,0.89059595,4960.0,0.83,0.88,177.504,648.1760495,0.374087107,29.29650773
TOI-4010 e,TOI-4010,1,4,Radial Velocity,2023.0,762.0,2.097046895,1.57,0.26,,692.0,,4960.0,0.83,0.88,177.504,173.8931102,0.374087107,0.151765632
TOI-406 c,TOI-406,1,2,Transit,2024.0,3.307441,0.00904594,0.0322,0.032,1.32,2.08,4.983025851,3392.0,0.41,0.408,31.0597,583.6215433,0.019965534,19.25613821
TOI-406.01,TOI-406,1,2,Transit,2024.0,13.175682,0.036024064,0.0809,0.056,2.08,6.57,4.02278631,3392.0,0.41,0.408,31.0597,368.2010221,0.019965534,3.050590367
TOI-4087 b,TOI-4087,1,1,Transit,2023.0,3.1774835,0.008704481,0.04469,0.0,13.04725353,232.0147371,0.575585527,6060.0,1.112,1.178,301.676,1457.57637,1.496200933,749.1507382
TOI-411 b,HD 22946,1,3,Transit,2022.0,4.040295,0.013079454,0.05727,,1.362,13.71,29.89907351,6169.0,1.117,1.098,62.7792,1313.678959,1.621269741,494.3117238
TOI-411 c,HD 22946,1,3,Transit,2022.0,9.573083,0.030951397,0.1017,,2.328,9.72,4.244914389,6169.0,1.117,1.098,62.7792,985.8080471,1.621269741,156.7521013
TOI-4127 b,TOI-4127,1,1,Transit,2023.0,56.39879,0.154200219,0.3081,0.7471,12.28504285,731.0053361,2.17241163,6096.0,1.293,1.23,319.632,602.1571537,2.07141317,21.82143649
TOI-4137 b,TOI-4137,1,1,Transit,2022.0,3.8016122,0.010414129,0.05222,0.0,13.57407563,457.6729061,1.008268057,6202.0,1.438,1.313,334.993,1569.293767,2.744951464,1006.609291
TOI-4145 A b,TOI-4145 A,2,1,Transit,2023.0,4.0664428,0.01113401,0.04823,0.0,13.30506009,136.666215,0.319714435,5281.0,0.859,0.905,205.387,1074.646422,0.514921289,221.3636585
TOI-4153 b,TOI-4153,1,1,Transit,2024.0,4.6174141,0.012645063,0.06311,0.039,16.11851425,365.5026681,0.480913676,6860.0,1.605,1.572,423.84,1668.107452,5.118425499,1285.10918
TOI-4155 b,TOI-4155,1,1,Transit,2025.0,3.320729,0.0,,,3.21,,0.0,5724.0,0.95,1.16,240.737,,0.869231709,
TOI-4184 b,TOI-4184,1,1,Transit,2023.0,4.9019804,0.013411292,0.0336,,2.43,,0.0,3238.0,0.2347,0.2109,69.3649,412.6437097,0.005432796,4.812213111
TOI-4201 b,TOI-4201,1,1,Transit,2023.0,3.5819194,0.01024295,0.04,0.041,13.67495645,788.2144494,1.698314568,3794.0,0.63,0.61,189.011,726.0208353,0.07378367,46.11479395
TOI-421 b,TOI-421,2,2,Transit,2020.0,5.197576,0.014287036,0.0554,0.13,2.64,6.7,2.006386611,5291.0,0.866,0.833,74.7969,1008.679754,0.527322959,171.8134469
TOI-421 c,TOI-421,2,2,Transit,2020.0,16.067541,0.043848657,0.117,0.19,5.09,14.1,0.589138446,5291.0,0.866,0.833,74.7969,694.0891495,0.527322959,38.52165671
TOI-4214 b,TOI-4214,1,1,Transit,2025.0,3.4913885,0.009561851,0.05018,0.17,10.68215861,165.2707716,0.747085981,6370.0,1.434,1.382,346.881,1641.95087,3.037707,1206.381221
TOI-4308 b,TOI-4308,1,1,Transit,2023.0,9.151201,0.0,,,2.4189,,0.0,5243.0,0.7934,0.9,108.932,,0.426769794,
TOI-431 b,TOI-431,1,3,Transit,2021.0,0.490047,0.001360099,0.0113,0.0,1.28,3.07,8.066034317,4850.0,0.731,0.78,32.5686,1880.930219,0.26527209,2077.469571
TOI-431 c,TOI-431,1,3,Radial Velocity,2021.0,4.8494,0.013426342,0.052,0.0,,2.83,,4850.0,0.731,0.78,32.5686,876.8195689,0.26527209,98.1035834
TOI-431 d,TOI-431,1,3,Transit,2021.0,12.46103,0.03473696,0.098,0.0,3.29,9.9,1.53178954,4850.0,0.731,0.78,32.5686,638.7028703,0.26527209,27.62100057
TOI-4329 b,TOI-4329,1,1,Transit,2022.0,2.9223,0.0,,0.068,16.81347105,143.0227832,0.16580006,6000.0,2.31,1.538,717.128,,6.204671759,
TOI-4336 A b,TOI-4336 A,3,2,Transit,2024.0,16.336351,0.0447199,0.0849,0.0,2.137,3.33,1.880105699,3307.0,0.326,0.306,22.5455,312.4644607,0.011404121,1.582145605
TOI-4336 A c,TOI-4336 A,3,2,Transit,2026.0,7.587266,0.020771692,0.05092,0.0,1.251,1.55,4.362258203,3307.0,0.326,0.306,22.5455,403.4690968,0.011404121,4.398301938
TOI-4342 b,TOI-4342,1,2,Transit,2023.0,5.5382592,0.015432347,0.0519,0.0,2.329,7.3,3.183948199,3866.0,0.598,0.587,61.5204,632.7617833,0.071670365,26.60755086
TOI-4342 c,TOI-4342,1,2,Transit,2023.0,10.688662,0.029755347,0.0804,0.0,2.349,4.8,2.040533767,3866.0,0.598,0.587,61.5204,508.3887082,0.071670365,11.08734392
TOI-4364 b,TOI-4364,1,1,Transit,2025.0,5.424019,0.014848659,0.04753,0.29,2.01,,0.0,3528.0,0.4684,0.487,43.9662,534.0286919,0.030495652,13.49902184
TOI-4377 b,TOI-4377,1,1,Transit,2023.0,4.378081,0.011946712,0.0579,0.045,15.10970598,304.1617855,0.485834339,4974.0,3.52,1.36,455.82,1870.033168,6.804532625,2029.743565
TOI-4379 b,TOI-4379,1,1,Transit,2024.0,3.25352,0.0,,0.018,16.69017226,353.743017,0.419234502,6020.0,1.976,1.372,645.158,,4.600973115,
TOI-4406 b,TOI-4406,1,1,Transit,2023.0,30.08364,0.082607714,0.201,0.15,11.2089807,95.3485221,0.373050134,6219.0,1.29,1.19,261.834,759.676797,2.233322791,55.2788988
TOI-4438 b,TOI-4438,1,1,Transit,2024.0,7.44628,0.020341734,0.0534,0.14,2.52,5.4,1.859275456,3422.0,0.372,0.368,30.0346,435.5041775,0.017025338,5.970534834
TOI-444 b,TOI-444,1,1,Transit,2023.0,17.9636,0.049504177,0.133,,2.77,,0.0,5225.0,0.779,0.96,57.3973,609.7343775,0.405798039,22.94069984
TOI-4443.01,TOI-4443,1,1,Transit,2024.0,1.8498567,0.005063548,0.029962645,,1.7193265,,0.0,5834.0,1.01733,1.049133,56.0739,1639.150214,1.075670485,1198.171416
TOI-4463 A b,TOI-4463 A,2,1,Transit,2023.0,2.8807198,0.007890323,0.04036,0.0,13.26022417,252.3557552,0.596365092,5640.0,1.062,1.056,173.117,1395.009812,1.02389471,628.5690373
TOI-4465 b,TOI-4465,1,1,Transit,2025.0,101.94054,0.278226519,0.416,0.24,14.01122587,1872.009317,3.749999433,5545.0,1.014,0.93,121.139,417.431618,0.872111397,5.039475065
TOI-4479 b,TOI-4479,1,1,Transit,2022.0,1.1589,0.003123896,0.0164,,2.82,,0.0,3400.0,0.451,0.452,80.6532,859.719431,0.024387013,90.671522
TOI-4487 A b,TOI-4487 A,2,1,Transit,2025.0,3.9540709,0.010832558,0.05448,0.083,14.60530185,397.2855088,0.702623566,6206.0,1.634,1.378,479.145,1638.818004,3.553374974,1197.200368
TOI-4495 b,TOI-4495,1,2,Transit,2026.0,2.56699,0.007048811,0.03957,0.078,2.483,7.7,2.771482658,6210.0,1.309,1.247,132.214,1722.224951,2.286312253,1460.170074
TOI-4495 c,TOI-4495,1,2,Transit,2024.0,5.18553,0.014238084,0.06323,0.023,4.03,23.2,1.953099844,6210.0,1.309,1.247,132.214,1362.420944,2.286312253,571.8592892
TOI-4504 b,TOI-4504,1,3,Transit,2024.0,2.42614,0.006621994,0.03392,0.0,2.691,,0.0,5315.0,0.92,0.89,342.605,1334.691023,0.606008311,526.7043352
TOI-4504 c,TOI-4504,1,3,Transit,2024.0,82.97213,0.226008524,0.3569,0.032,11.09689089,1197.323175,4.827908603,5315.0,0.92,0.89,342.605,411.4673572,0.606008311,4.757573256
TOI-4504 d,TOI-4504,1,3,Transit Timing Variations,2024.0,40.5634,0.110800304,0.2219,0.0445,,450.2357214,,5315.0,0.92,0.89,342.605,521.8311619,0.606008311,12.30733368
TOI-4507 b,TOI-4507,1,1,Transit,2025.0,104.61611,0.292271033,0.456,0.09,8.2,20.0,0.199866514,6260.0,1.04,1.11,178.26,455.8480068,1.49023192,7.1667817
TOI-451 b,TOI-451,2,3,Transit,2020.0,1.858703,0.004884475,0.0283,0.0,1.91,,0.0,5550.0,0.879,0.95,123.739,1491.439639,0.657717705,821.2335088
TOI-451 c,TOI-451,2,3,Transit,2020.0,9.192522,0.024223559,0.0823,0.0,3.1,,0.0,5550.0,0.879,0.95,123.739,874.5788724,0.657717705,97.10461309
TOI-451 d,TOI-451,2,3,Transit,2020.0,16.364988,0.04307632,0.1208,0.0,4.07,,0.0,5550.0,0.879,0.95,123.739,721.8807022,0.657717705,45.07187903
TOI-4515 b,TOI-4515,1,1,Transit,2024.0,15.266446,0.041609252,0.118,0.461,12.17,637.0,1.947239167,5433.0,0.86,0.949,193.499,707.2279333,0.578156713,41.52231492
TOI-4527.01,TOI-4527,1,1,Transit,2024.0,0.3994445,0.001093385,0.008332353,,0.9086617,,0.0,3702.0,0.485948,0.483901,18.1037,1363.198069,0.039793772,573.1651611
TOI-4529 b,TOI-4529,1,1,Transit,2026.0,5.879577,0.0,,,1.77,4.9,4.868866646,3697.0,0.48,0.482,28.384,,0.038616253,
TOI-4551 b,TOI-4551,1,1,Transit,2023.0,9.95581,0.027380661,0.0994,0.101,11.85910158,473.5643264,1.564498717,4896.0,3.55,1.31,215.986,1410.827356,6.496989915,657.5661125
TOI-4559 b,TOI-4559,1,1,Transit,2024.0,3.965991,0.010864222,0.0359,,1.415,,0.0,3558.0,0.374,0.392,31.6354,553.7401311,0.020112073,15.60514945
TOI-4562 b,TOI-4562,1,2,Transit,2023.0,225.1064,0.0,,,,,,6096.0,1.152,1.192,339.605,,1.644275711,
TOI-4562 c,TOI-4562,1,2,Transit Timing Variations,2024.0,3990.0,10.9205074,5.219,0.122,,1833.869908,,6096.0,1.152,1.192,339.605,138.0985212,1.644275711,0.060367063
TOI-4582 b,TOI-4582,1,1,Transit,2023.0,31.034,0.0,,0.51,10.53644186,168.4490557,0.793484147,5190.0,2.5,1.34,383.846,,4.068546638,
TOI-4600 b,TOI-4600,1,2,Transit,2023.0,82.6869,0.218546138,0.349,0.25,6.8,959.8417891,16.81994281,5170.0,0.81,0.89,216.056,379.7797617,0.420554283,3.452798276
TOI-4600 c,TOI-4600,1,2,Transit,2023.0,482.8191,1.310640896,1.152,0.21,9.42,2946.269333,19.42098871,5170.0,0.81,0.89,216.056,209.0346548,0.420554283,0.316896251
TOI-4602.01,TOI-4602,1,1,Transit,2024.0,3.9812091,0.010897622,0.05099712,,2.550449,,0.0,6011.9,1.15664,1.116795,63.0637,1380.541623,1.567953782,602.8953801
TOI-4603 b,TOI-4603,1,1,Transit,2023.0,7.24599,0.019918063,0.0888,0.325,11.67975789,4096.808166,14.16758106,6264.0,2.738,1.765,225.643,1677.156025,10.355325,1313.220949
TOI-4633 c,TOI-4633,2,1,Transit,2024.0,271.9445,0.743239484,0.847,0.117,3.2,123.0,20.68267822,5800.0,1.05,1.1,95.2016,311.3812205,1.119387421,1.560319736
TOI-4638.01,TOI-4638,1,1,Transit,2024.0,10.28391879,0.028087649,0.093013,,2.933,,0.0,5700.0,0.895,1.02,168.248,852.5621066,0.758639311,87.6895899
TOI-4641 b,TOI-4641,1,1,Transit,2023.0,22.09341,0.060598182,0.173,0.074,8.18255591,1229.995935,12.37053068,6560.0,1.72,1.41,86.3501,997.370434,4.915436627,164.2365808
TOI-4666 b,TOI-4666,1,1,Transit,2025.0,2.9089168,0.007979071,0.0333,0.0,12.44196858,222.4798849,0.636465766,3512.0,0.59,0.58,154.749,712.8035844,0.04751294,42.84729752
TOI-469.01,TOI-469,1,3,Transit,2021.0,13.6308205,0.03896028,0.111,,3.41,9.1,1.264532088,5289.0,0.98,0.901,68.192,757.7685805,0.674273776,54.72557229
TOI-470 b,TOI-470,1,1,Transit,2023.0,12.19148,0.044010957,0.119,,4.34,,0.0,5190.0,0.831,0.87,130.46,661.3111843,0.449532742,31.7444207
TOI-4734 b,TOI-4734,1,1,Transit,2025.0,6.235633,0.017068054,0.074,0.12,10.9175472,61.65871096,0.261078318,6070.0,1.857,1.391,563.068,1466.190029,4.200185021,767.016987
TOI-4773 b,TOI-4773,1,1,Transit,2025.0,1.7452851,0.004786199,0.03216,0.024,15.22179579,1687.668841,2.636581237,6740.0,1.55,1.452,492.888,2256.208361,4.448287334,4300.913938
TOI-4791 b,TOI-4791,1,1,Transit,2023.0,4.28088,0.011732179,0.0555,0.0,12.44196858,734.1836202,2.100337029,6058.0,1.409,1.242,328.802,1471.803233,2.398992621,778.8304914
TOI-4794 b,TOI-4794,1,1,Transit,2025.0,3.5658116,0.009760963,0.0492,0.1,14.35870428,308.2935548,0.573812878,6390.0,1.451,1.25,543.008,1673.260241,3.149402062,1301.061728
TOI-480 b,TOI-480,1,1,Transit,2024.0,6.866196,0.01889078,0.077,0.0,2.85372018,20.8,4.931519727,6174.0,1.4877,1.2793,54.5306,1308.550304,2.885274095,486.6375604
TOI-481 b,TOI-481,1,1,Transit,2020.0,10.33111,0.028294705,0.097,0.153,11.09691,486.2799,1.960792903,5735.0,1.66,1.14,179.366,1143.965897,2.67448222,284.2472335
TOI-4860 b,TOI-4860,1,1,Transit,2023.0,1.5227591,0.004169252,0.01808,0.008,8.7,86.7,0.72545911,3260.0,0.358,0.34,80.1423,699.4736825,0.012987522,39.7309959
TOI-4914 b,TOI-4914,1,1,Transit,2024.0,10.60057,0.030228772,0.098,0.408,12.87,227.0,0.586734756,5805.0,1.0,1.03,299.89,894.1299963,1.018823013,106.0831959
TOI-4940 b,TOI-4940,1,1,Transit,2025.0,25.867811,0.06662476,0.165,,6.61,89.0,1.697998206,5504.0,1.163,1.012,345.659,704.5921318,1.113686564,40.90676086
TOI-4961 b,TOI-4961,1,1,Transit,2025.0,7.479182,0.020483658,0.0726,0.182,12.34108775,572.0911326,1.677090482,5380.0,0.912,0.912,213.073,919.4388767,0.625185115,118.613846
TOI-4994 b,TOI-4994,1,1,Transit,2024.0,21.491984,0.058821476,0.1515,0.319,8.54124329,88.99195396,0.786935366,5640.0,1.055,1.005,329.304,717.6463759,1.010441524,44.02363707
TOI-500 b,TOI-500,1,4,Transit,2022.0,0.548177,0.001507152,0.01189,0.063,1.166,1.42,4.935649282,4440.0,0.678,0.74,47.3924,1616.658792,0.160280659,1133.750284
TOI-500 c,TOI-500,1,4,Radial Velocity,2022.0,6.6356,0.0,,0.072,,5.03,,4440.0,0.678,0.74,47.3924,,0.160280659,
TOI-500 d,TOI-500,1,4,Radial Velocity,2022.0,26.233,0.0,,0.016,,33.12,,4440.0,0.678,0.74,47.3924,,0.160280659,
TOI-500 e,TOI-500,1,4,Radial Velocity,2022.0,61.3,0.0,,0.073,,15.05,,4440.0,0.678,0.74,47.3924,,0.160280659,
TOI-5005 b,TOI-5005,1,1,Transit,2024.0,6.3085044,0.017270719,0.06614,,6.25,32.7,0.738004992,5749.0,0.93,0.97,207.891,1039.472888,0.847666425,193.7744891
TOI-5027 b,TOI-5027,1,1,Transit,2025.0,10.24368,0.028081761,0.093,0.385,10.76062147,642.0133821,2.839119133,5909.0,0.92,1.02,204.429,896.14422,0.925809141,107.0423334
TOI-5076 b,TOI-5076,2,1,Transit,2024.0,23.443162,0.064164392,0.1481,0.0,3.48935569,16.14568308,2.093978879,4780.0,0.844,0.789,82.857,550.215815,0.333646313,15.21164609
TOI-5082.01,TOI-5082,1,1,Transit,2024.0,4.240122,0.011606338,0.051204842,,2.54811,,0.0,5670.0,0.93,0.99665,43.1406,1165.146397,0.802025142,305.8904524
TOI-5108 b,TOI-5108,1,1,Transit,2025.0,6.753581,0.018805633,0.073,,6.6,32.0,0.613295489,5808.0,1.29,1.1,130.919,1177.257623,1.698930845,318.8085654
TOI-5110 b,TOI-5110,1,1,Transit,2024.0,30.158577,0.082654084,0.2157,0.745,11.98240037,921.7023803,2.951962444,6160.0,2.333,1.469,392.259,976.8423677,7.031406016,151.126939
TOI-512 b,TOI-512,1,1,Transit,2025.0,7.18886,0.0,,0.02,1.54,3.57,5.385892148,5277.0,0.89,0.74,67.3975,,0.551084556,
TOI-5126 b,TOI-5126,1,2,Transit,2023.0,5.4588385,0.014947227,0.06519,0.0,4.74,,0.0,6150.0,1.241,1.24,160.414,1293.844234,1.976668658,465.1273893
TOI-5126 c,TOI-5126,1,2,Transit,2023.0,17.8999,0.049020795,0.1439,0.0,3.86,,0.0,6150.0,1.241,1.24,160.414,870.8474574,1.976668658,95.4579906
TOI-5143 c,TOI-5143,1,1,Transit,2025.0,5.2097118,0.01426454,0.05602,,16.25302201,,0.0,5183.0,0.852,0.864,181.38,974.6325973,0.469995689,149.764081
TOI-5153 b,TOI-5153,1,1,Transit,2022.0,20.33003,0.056399439,0.158,0.091,11.88151954,1036.120607,3.403658273,6300.0,1.4,1.24,390.484,904.2478866,2.770180827,110.9670256
TOI-5174 b,TOI-5174,1,1,Transit,2022.0,12.214286,0.0,,,5.351,,0.0,5643.77,1.09457,1.0,197.243,,1.090571536,
TOI-5181 A b,TOI-5181 A,2,1,Transit,2025.0,3.8922295,0.010667208,0.0522,0.15,13.34989601,330.5415433,0.765497896,6060.0,1.53,1.25,480.155,1581.956607,2.832456235,1039.494515
TOI-519 b,TOI-519,1,1,Transit,2021.0,1.2652328,0.003463963,0.0159,0.33,11.54525012,147.1545524,0.526884306,3322.0,0.35,0.335,115.557,751.5304241,0.013385187,52.94564001
TOI-5205 b,TOI-5205,1,1,Transit,2023.0,1.630757,0.0044837,0.0199,0.02,11.6,343.0,1.210798157,3430.0,0.394,0.392,86.4493,735.9141802,0.019277858,48.68022994
TOI-521 b,TOI-521,1,1,Transit,2025.0,1.54285047,0.004201722,0.0195,0.0,1.98,5.3,3.762113534,3544.0,0.421,0.42,60.9425,794.0154153,0.025085854,65.97200326
TOI-5210 b,TOI-5210,1,1,Transit,2025.0,4.5661061,0.012505517,0.0557,0.066,10.72699453,81.99972901,0.366041089,5723.0,1.209,1.105,302.086,1285.644148,1.406816442,453.4475346
TOI-5218 b,TOI-5218,1,1,Transit,2024.0,4.291452,0.01181509,0.0469,0.0,9.86,657.0,3.776471605,4230.0,0.708,0.739,377.483,792.4685823,0.143985194,65.45941947
TOI-5232 b,TOI-5232,1,1,Transit,2024.0,4.0966692,0.011223185,0.05593,0.035,12.778238,743.7184724,1.964026074,6500.0,1.785,1.389,609.388,1770.604387,5.102931252,1631.285886
TOI-5238 b,TOI-5238,1,1,Transit,2022.0,4.872171,0.0,,,5.22,,0.0,5631.0,1.02283,1.0,290.646,,0.94371069,
TOI-5261 b,TOI-5261,1,1,Transit,2025.0,4.1509768,0.011423375,0.05134,0.1585,11.60129502,3651.848396,12.88679517,5790.0,1.021,1.037,377.054,1245.016139,1.051127961,398.7896335
TOI-5293 A b,TOI-5293 A,2,1,Transit,2023.0,2.930289,0.008531423,0.034,0.38,11.9,170.4,0.557160482,3586.0,0.52,0.54,162.229,676.2137185,0.040117853,34.70402472
TOI-530 b,TOI-530,1,1,Transit,2021.0,6.387597,0.016287974,0.052,0.0,9.30345398,127.1313628,0.869904666,3659.0,0.54,0.53,148.762,568.550566,0.04689505,17.34284411
TOI-5300 b,TOI-5300,1,1,Transit,2025.0,2.262196,0.006190071,0.0295,0.0,9.86390302,190.6970442,1.094836277,4610.0,0.65,0.67,162.51,1043.417399,0.171206506,196.7325553
TOI-5301 b,TOI-5301,1,1,Transit,2024.0,5.858858,0.016196222,0.073,0.33,13.09208946,1182.321674,2.903089047,6240.0,2.19,1.483,629.161,1647.998058,6.524037345,1224.251707
TOI-5319 b,TOI-5319,1,1,Transit,2024.0,4.07853,0.016096845,0.0506,,2.83,,0.0,3580.0,0.485,0.5,61.171,534.4291227,0.034666136,13.53955529
TOI-532 b,TOI-532,1,1,Transit,2021.0,2.3266508,0.0063707,0.0296,0.0,5.82,61.5,1.718928296,3927.0,0.612,0.639,135.047,860.998184,0.079916471,91.21218874
TOI-5322 b,TOI-5322,1,1,Transit,2025.0,5.4233207,0.014859019,0.0604,0.055,16.6117094,184.0226477,0.221197339,5692.0,1.462,0.998,476.899,1350.304102,2.013001789,551.7854998
TOI-5340 b,TOI-5340,1,1,Transit,2025.0,4.9394392,0.0135448,0.0628,0.13,15.07607904,270.154146,0.434408204,5990.0,1.842,1.35,532.629,1564.239657,3.919010177,993.7041505
TOI-5344 b,TOI-5344,1,1,Transit,2023.0,3.792622,0.01038383,0.04041,0.054,10.60369574,130.9453037,0.605159357,3747.0,0.588,0.612,138.367,689.1907018,0.06114758,37.44566724
TOI-5349 b,TOI-5349,1,1,Transit,2026.0,3.317921,0.009075585,0.0369,0.03,10.2,127.4,0.661485778,3751.0,0.58,0.61,188.336,717.0663727,0.059749475,43.88148957
TOI-5350 b,TOI-5350,1,1,Transit,2025.0,7.581367,0.020789027,0.0796,0.0165,12.41955062,2094.489202,6.024376126,6220.0,1.263,1.167,277.419,1194.667378,2.142190504,338.0897111
TOI-5386 A b,TOI-5386 A,2,1,Transit,2025.0,3.62156552,0.00991414,0.04856,0.072,14.70618268,155.1002626,0.268697894,6094.0,1.245,1.165,394.486,1487.850397,1.917954731,813.3566021
TOI-5388.01,TOI-5388,1,1,Transit,2024.0,2.5946748,0.0,,,0.99,2.2,12.49305626,3440.0,0.3,0.292,18.5226,,0.011307488,
TOI-5398 b,TOI-5398,1,2,Transit,2022.0,10.590547,0.028658061,0.098,0.13,10.3,58.7,0.295990673,6000.0,1.051,1.146,130.855,947.4385447,1.284399961,133.7359393
TOI-5398 c,TOI-5398,1,2,Transit,2023.0,4.77271,0.012712178,0.057,0.14,3.52,11.8,1.490752738,6000.0,1.051,1.146,130.855,1242.300498,1.284399961,395.3216253
TOI-540 b,TOI-540,1,1,Transit,2020.0,1.2391491,0.003391885,0.01223,0.0,0.903,,0.0,3216.0,0.1895,0.159,14.0022,610.4061454,0.003446454,23.04196565
TOI-5422 b,TOI-5422,1,1,Transit,2026.0,5.377219,0.014916172,0.0619,0.094,9.10169233,8899.195396,65.03331455,5820.0,1.474,1.066,346.141,1369.423829,2.236540442,583.7077473
TOI-544 b,TOI-544,1,2,Transit,2022.0,1.548352,0.00424873,0.0225,0.0,2.018,2.89,1.937697397,4169.0,0.623,0.631,41.1166,1057.781916,0.105194619,207.7918394
TOI-544 c,TOI-544,1,2,Radial Velocity,2023.0,50.089,0.0,,0.32,,21.5,,4169.0,0.623,0.631,41.1166,,0.105194619,
TOI-5489 b,TOI-5489,1,2,Transit,2025.0,3.15222,0.0,,,1.4,,0.0,3547.0,0.42,0.41,45.0907,,0.025051468,
TOI-5489 c,TOI-5489,1,2,Transit,2025.0,4.92126,0.0,,,1.28,,0.0,3547.0,0.42,0.41,45.0907,,0.025051468,
TOI-5542 b,TOI-5542,1,1,Transit,2022.0,75.12375,0.202773932,0.332,0.018,11.30986153,419.5334972,1.597888157,5700.0,1.058,0.89,348.849,490.636808,1.060133621,9.617992645
TOI-5573 b,TOI-5573,1,1,Transit,2025.0,8.79758977,0.024147639,0.0712,0.072,9.75,112.0,0.665818372,3790.0,0.594,0.619,186.562,527.8419641,0.065316,12.88426333
TOI-558 b,TOI-558,1,1,Transit,2021.0,14.574071,0.039937731,0.1291,0.298,12.17295304,1147.360549,3.504803484,6466.0,1.496,1.349,402.63,1061.328568,3.509908849,210.5927198
TOI-559 b,TOI-559,1,1,Transit,2021.0,6.9839095,0.019192598,0.0723,0.151,12.22899794,1910.148726,5.755011111,5925.0,1.233,1.026,233.266,1179.810408,1.681006613,321.5828111
TOI-5592 b,TOI-5592,1,1,Transit,2025.0,2.6085846,0.007143564,0.03935,0.062,17.14974047,285.7277379,0.312127005,6237.0,1.393,1.194,597.026,1789.329873,2.634480929,1701.396698
TOI-561 b,TOI-561,1,4,Transit,2020.0,0.4465697,0.001222489,0.01064,0.0,1.397,2.02,4.082383029,,0.843,0.806,85.799,0.0,0.0,0.0
TOI-561 c,TOI-561,1,4,Transit,2020.0,10.778838,0.029524675,0.0889,0.023,2.865,5.93,1.389416376,,0.843,0.806,85.799,0.0,0.0,0.0
TOI-561 d,TOI-561,1,4,Transit,2020.0,25.71268,0.0704203,0.1587,0.111,2.615,13.33,4.107396878,,0.843,0.806,85.799,0.0,0.0,0.0
TOI-561 e,TOI-561,1,4,Transit,2020.0,77.144,0.211155982,0.33,0.074,2.517,12.4,4.284731747,,0.843,0.806,85.799,0.0,0.0,0.0
TOI-5616 b,TOI-5616,1,1,Transit,2024.0,2.002849,0.00549688,0.0272,0.0,10.78,624.0,2.744605353,3996.0,0.646,0.666,390.415,939.0068602,0.095467776,129.0384079
TOI-5634 A b,TOI-5634 A,2,1,Transit,2024.0,2.2035373,0.006016113,0.0272,0.0,10.42,588.0,2.863688451,3896.0,0.54,0.556,306.144,837.0335287,0.060277213,81.47330882
TOI-564 b,TOI-564,1,1,Transit,2020.0,1.651144,0.004525145,0.02734,0.072,11.43318,464.98529,1.714311309,5640.0,1.088,0.998,199.581,1715.559461,1.07464261,1437.695906
TOI-5678 b,TOI-5678,1,1,Transit,2023.0,47.73022,0.130609489,0.249,0.14,4.91,20.0,0.930973069,5485.0,0.938,0.905,165.393,513.3219746,0.714499706,11.52400293
TOI-5688 A b,TOI-5688 A,2,1,Transit,2024.0,2.94815527,0.00801875,0.03379,0.128,10.3,124.0,0.625261387,3713.0,0.57,0.6,226.318,735.325725,0.055403775,48.52471291
TOI-5704 b,TOI-5704,1,1,Transit,2023.0,3.771116,0.0,,,3.2274,,0.0,4590.0,0.7575,0.73,89.637,,0.228510345,
TOI-5713 b,TOI-5713,1,1,Transit,2024.0,10.441989,0.028590797,0.06008,0.24,1.77,,0.0,3225.0,0.2992,0.2653,40.8668,347.0220174,0.008688242,2.406977642
TOI-5716 b,TOI-5716,1,1,Transit,2025.0,6.7663,0.0,,,0.96,,0.0,3436.0,0.22,0.19,39.4122,,0.006052682,
TOI-5720 b,TOI-5720,1,1,Transit,2024.0,1.4344555,0.003996225,0.018288,,1.09,4.3,18.29534319,3325.0,0.383,0.383,35.8256,733.701503,0.01608622,48.09739668
TOI-5726.01,TOI-5726,1,1,Transit,2024.0,5.491125215,0.015062116,0.062186,,2.554,,0.0,5874.0,1.106,1.06,108.848,1194.473923,1.306579599,337.8707747
TOI-5728 b,TOI-5728,1,1,Transit,2025.0,11.49761,0.0,,,1.31,,0.0,3419.0,0.37,0.36,54.7045,,0.016783777,
TOI-5734 b,TOI-5734,1,1,Transit,2026.0,6.1842161,0.017431876,0.0607,,2.76,,0.0,4790.0,0.708,0.736,32.5102,788.8043108,0.236754596,64.25708749
TOI-5736 b,TOI-5736,1,1,Transit,2025.0,0.64899,0.0,,,1.56,,0.0,3949.0,0.58,0.57,92.3604,,0.073399715,
TOI-5786 b,TOI-5786,2,1,Transit,2025.0,12.779107,0.034706013,0.114,,8.54,73.0,0.645804173,6235.0,1.36,1.23,192.475,1038.400683,2.507918955,192.97622
TOI-5788 b,TOI-5788,1,2,Transit,2026.0,6.340758,0.017358426,0.064,0.061,1.528,3.72,5.745455642,5615.0,0.87,0.87,97.614,998.2305996,0.67503672,164.8038866
TOI-5788 c,TOI-5788,1,2,Transit,2026.0,16.213362,0.04439986,0.1197,0.046,2.272,6.4,3.006814194,5615.0,0.87,0.87,97.614,729.9175239,0.67503672,47.11281962
TOI-5789 b,TOI-5789,1,4,Radial Velocity,2026.0,2.76369,0.007563594,0.03608,0.0,,2.12,,5185.0,0.833,0.821,20.4581,1201.294464,0.449961023,345.6541997
TOI-5789 c,TOI-5789,1,4,Transit,,12.927748,0.035372452,0.1009,0.067,2.86,5.0,1.177669707,5185.0,0.833,0.821,20.4581,718.3517547,0.449961023,44.19697678
TOI-5789 d,TOI-5789,1,4,Radial Velocity,2026.0,29.65,0.081211062,0.1756,0.096,,4.29,,5185.0,0.833,0.821,20.4581,544.5283359,0.449961023,14.59237133
TOI-5789 e,TOI-5789,1,4,Radial Velocity,2026.0,62.98,0.172444765,0.2901,0.071,,11.61,,5185.0,0.833,0.821,20.4581,423.6516241,0.449961023,5.346621471
TOI-5795 b,TOI-5795,1,1,Transit,2025.0,6.1406325,0.017057193,0.064,0.25,5.62,23.66,0.73444181,5715.0,1.082,0.901,156.53,1133.055953,1.12049342,273.5579638
TOI-5799 b,TOI-5799,1,2,Transit,2024.0,4.164507,0.011387468,0.0348,,1.733,,0.0,3452.0,0.321,0.325,27.8123,505.5279357,0.013127531,10.83988251
TOI-5799 c,TOI-5799,1,2,Transit,2025.0,14.010449,0.038359104,0.0782,,1.76,,0.0,3452.0,0.321,0.325,27.8123,337.23404,0.013127531,2.146691105
TOI-5800 b,TOI-5800,1,1,Transit,2025.0,2.6278838,0.00723349,0.0344,0.3,2.46,9.5,3.516170151,4850.0,0.773,0.778,42.9052,1108.571586,0.296630492,250.6680064
TOI-5803 b,TOI-5803,1,1,Transit,2023.0,5.38305,0.0,,,3.2732,,0.0,5134.0,0.7625,0.87,84.0126,,0.362404017,
TOI-5817 b,TOI-5817,2,1,Transit,2025.0,15.61031,0.043426399,0.1223,0.2,3.08,10.3,1.942391076,5770.0,1.427,0.97,80.7542,950.3554067,2.025074704,135.3904821
TOI-5882 b,TOI-5882,1,1,Transit,2025.0,7.148972,0.019738137,0.0804,0.0339,11.46678726,6995.403238,25.564605,5920.0,2.26,1.334,416.104,1513.419692,5.628511466,870.7258895
TOI-5938 b,TOI-5938,1,1,Transit,2026.0,2.260424,0.00626671,0.0308,,3.82,,0.0,4650.0,0.712,0.744,114.035,1078.02559,0.21264817,224.1610828
TOI-6000 b,TOI-6000,1,1,Transit,2025.0,0.448959,0.0,,,0.94,,0.0,3419.0,0.38,0.37,75.7664,,0.017703268,
TOI-6002 b,TOI-6002,1,1,Transit,2024.0,10.904821,0.029861303,0.05722,0.15,1.65,,0.0,3229.0,0.2432,0.2101,32.0266,320.9869545,0.005768849,1.761949531
TOI-6008 b,TOI-6008,1,1,Transit,2024.0,0.8574347,0.002332829,0.010777,,1.03,4.0,20.16972217,3075.0,0.242,0.23,23.1008,702.6116399,0.004697871,40.44876785
TOI-6016 b,TOI-6016,1,1,Transit,2024.0,4.023687,0.011269597,0.055,0.0,13.67495645,371.8592362,0.801220986,6110.0,1.51,1.31,364.715,1543.689029,2.85107463,942.5040098
TOI-6029 b,TOI-6029,1,1,Transit,2024.0,5.7987,0.0,,0.091,14.39233122,519.6494454,0.960436445,6223.0,2.338,1.548,603.119,,7.354921936,
TOI-6034 b,TOI-6034,2,1,Transit,2024.0,2.576184,0.007063673,0.02949,0.04,11.92,254.0,0.826335763,3635.0,0.489,0.514,117.992,713.7283326,0.037456331,43.07008054
TOI-6038 A b,TOI-6038 A,2,1,Transit,2025.0,5.8267311,0.01595183,0.069,,6.41,78.5,1.64227986,6110.0,1.648,1.291,179.147,1439.815177,3.396011136,713.2978651
TOI-6041 b,TOI-6041,1,2,Transit,2025.0,26.04945,0.07130976,0.1651,,4.55,28.9,1.690500298,5445.0,0.879,0.885,72.4731,605.8013874,0.609339226,22.35450152
TOI-6041 c,TOI-6041,1,2,Radial Velocity,2025.0,88.0,0.241278081,0.3721,,,77.9,,5445.0,0.879,0.885,72.4731,403.5282697,0.609339226,4.400882733
TOI-6054.01,TOI-6054,1,2,Transit,2024.0,7.501428,0.020031478,0.0763,0.164,2.64,12.5,3.743258602,6047.0,1.662,1.107,79.407,1360.832548,3.313689131,569.1971113
TOI-6054.02,TOI-6054,1,2,Transit,2024.0,12.563636,0.033686691,0.1079,0.332,2.82,9.3,2.285005356,6047.0,1.662,1.107,79.407,1144.343045,3.313689131,284.6222673
TOI-6086 b,TOI-6086,1,1,Transit,2024.0,1.3888725,0.003795658,0.01541,,1.18,,0.0,3200.0,0.259,0.254,31.4566,632.5720803,0.006310871,26.57565725
TOI-6109 b,TOI-6109,1,2,Transit,2025.0,5.690476,0.014445136,0.0599,,4.8704,,0.0,5660.0,1.021,1.03,151.738,1126.749489,0.959858155,267.5182496
TOI-6109 c,TOI-6109,1,2,Transit,2025.0,8.538878,0.021712769,0.0786,,4.8326,,0.0,5660.0,1.021,1.03,151.738,983.6248856,0.959858155,155.3681401
TOI-6130 b,TOI-6130,1,1,Transit,2024.0,2.392679,0.005967853,0.036,0.036,14.3474953,333.7198274,0.62259458,6110.0,1.51,1.31,220.882,1908.050707,2.85107463,2199.903264
TOI-615 b,TOI-615,1,1,Transit,2023.0,4.6615983,0.014665955,0.0678,0.39,18.97680433,138.2553571,0.111471624,6850.0,1.732,1.449,360.408,1669.402836,5.925812576,1289.105685
TOI-620 b,TOI-620,1,1,Transit,2022.0,5.0988179,0.013952694,0.04825,0.22,3.76,,0.0,3708.0,0.55,0.577,33.0231,603.6481722,0.051306706,22.03837129
TOI-622 b,TOI-622,1,1,Transit,2023.0,6.402513,0.016440595,0.0708,0.42,9.2362001,96.30200732,0.673452453,6400.0,1.415,1.313,123.297,1379.599549,3.013856884,601.2514133
TOI-6223 b,TOI-6223,1,1,Transit,2025.0,3.855219,0.010557313,0.04018,,5.07,,0.0,3895.0,0.576,0.582,133.122,711.0910559,0.068511688,42.43701224
TOI-6255 b,TOI-6255,1,1,Transit,2024.0,0.23818244,0.0,,0.0,1.079,1.44,6.316111046,3421.0,0.37,0.353,20.3167,,0.016823083,
TOI-628 b,TOI-628,1,1,Transit,2021.0,3.4095675,0.009357354,0.0486,0.072,11.88154,2011.8639,6.608942806,6250.0,1.345,1.311,178.68,1585.384119,2.476592127,1048.532629
TOI-6303 b,TOI-6303,1,1,Transit,2025.0,9.485236,0.026159778,0.0761,0.02,11.59,2493.0,8.823148108,3977.0,0.609,0.644,152.219,542.4795705,0.083242823,14.37399487
TOI-6324 b,TOI-6324,1,1,Transit,2025.0,0.279221,0.0,,0.0,1.059,1.17,5.428121752,3247.0,0.293,0.269,20.5488,,0.008561586,
TOI-6330 b,TOI-6330,1,1,Transit,2025.0,6.8500246,0.018985659,0.05763,0.34,10.89,3179.0,13.56308513,3539.0,0.49,0.531,139.042,497.5832719,0.03379125,10.17435815
TOI-6383 A b,TOI-6383 A,2,1,Transit,2024.0,1.79058695,0.005127305,0.02292,0.05,11.29,331.0,1.267353495,3444.0,0.457,0.458,171.319,741.5243465,0.026361785,50.18172598
TOI-640 b,TOI-640,1,1,Transit,2021.0,5.003777,0.0,,0.013,19.2794468,181.162192,0.139294979,6460.0,2.082,1.536,341.997,,6.773004627,
TOI-6420 b,TOI-6420,1,1,Transit,2025.0,6.961508,0.01914386,0.0753,0.078,11.93756445,2606.192937,8.441331861,6020.0,1.312,1.165,634.712,1211.650593,2.028352749,357.7284927
TOI-6448 b,TOI-6448,1,1,Transit,2025.0,14.844261,0.04671844,0.131,0.2,8.47398941,,0.0,5910.0,0.897,1.03,386.879,745.6920847,0.880693233,51.31945886
TOI-6478 b,TOI-6478,2,1,Transit,2025.0,34.005019,0.079836884,0.1136,,4.6,,0.0,3230.0,0.234,0.23,38.6057,223.528428,0.005347264,0.414357297
TOI-654.01,TOI-654,1,1,Transit,2024.0,1.527561,0.004187332,0.01944,0.0,2.378,8.71,3.568898552,3521.0,0.43,0.419,57.7553,798.4791885,0.025497104,67.46807829
TOI-6628 b,TOI-6628,1,1,Transit,2025.0,18.18424,0.049804815,0.134,0.67,10.98480109,235.1930212,0.977686094,5463.0,1.01,0.97,320.527,723.1875931,0.81518729,45.39915848
TOI-663 b,TOI-663,1,3,Transit,2024.0,2.598902,0.007067266,0.0295,,2.27,4.45,2.096206379,3681.0,0.512,0.514,64.2308,739.4371541,0.043181034,49.61911452
TOI-663 c,TOI-663,1,3,Transit,2024.0,4.6955507,0.012742088,0.0437,,2.26,3.65,1.742284792,3681.0,0.512,0.514,64.2308,607.5353573,0.043181034,22.61154135
TOI-663 d,TOI-663,1,3,Transit,2024.0,7.1027268,0.019282004,0.0576,,1.92,5.2,4.048100224,3681.0,0.512,0.514,64.2308,529.1770913,0.043181034,13.01511695
TOI-6651 b,TOI-6651,1,1,Transit,2024.0,5.056973,0.013846042,0.0633,0.091,5.09,61.0,2.548754977,5940.0,1.721,1.323,212.128,1493.435614,3.308242759,825.6385273
TOI-669 b,TOI-669,1,1,Transit,2023.0,3.945152,0.010937257,0.048,0.0,2.58606487,10.0,3.185908911,5597.0,0.9882,0.9245,142.867,1224.527638,0.859806604,373.1799498
TOI-6692 b,TOI-6692,1,1,Transit,2026.0,131.125,0.358040043,0.512,0.537,11.67975789,197.0536123,0.681450757,5890.0,1.385,1.047,312.903,467.107327,2.071336108,7.901520187
TOI-6695 b,TOI-6695,1,2,Transit,2025.0,80.389,0.220348969,0.402,0.04,9.52763359,66.74396547,0.42521489,6400.0,1.517,1.338,282.536,599.4751934,3.464024121,21.43526225
TOI-6695 c,TOI-6695,1,2,Radial Velocity,2025.0,242.4,0.663190003,0.838,0.022,,460.8511902,,6400.0,1.517,1.338,282.536,415.2046739,3.464024121,4.932792763
TOI-6716 b,TOI-6716,1,1,Transit,2026.0,4.7185898,0.012065174,0.0319,0.88,0.982,,0.0,3110.0,0.231,0.223,18.8873,403.5362149,0.004478735,4.401229343
TOI-672 b,TOI-672,1,1,Transit,2023.0,3.633575,0.0,,,5.2604,,0.0,3765.0,0.5441,0.5399,66.9071,,0.053371231,
TOI-674 b,TOI-674,1,1,Transit,2021.0,1.977143,0.006099375,0.025,0.0,5.25,23.6,0.898639888,3514.0,0.42,0.42,46.0851,694.4930063,0.024132119,38.6113905
TOI-677 b,TOI-677,1,1,Transit,2020.0,11.2365985,0.030906594,0.1041,0.46,13.11450742,392.2002542,0.958083851,6295.0,1.28,1.181,141.812,1064.355805,2.308302527,213.005721
TOI-682.01,TOI-682,1,1,Transit,2021.0,6.8392388,0.018724815,,,3.74186,,0.0,5085.0,1.08,,83.1548,,0.699682787,
TOI-6894 b,TOI-6894,1,1,Transit,2025.0,3.37077196,0.009235838,0.02604,0.029,9.5836785,53.39517238,0.334238815,3007.0,0.2276,0.207,73.8131,428.6576173,0.003799864,5.603845047
TOI-700 b,TOI-700,1,4,Transit,2020.0,9.977219,0.027343805,0.0677,0.075,0.914,,0.0,3459.0,0.421,0.415,31.1265,415.9189942,0.022764404,4.966826074
TOI-700 c,TOI-700,1,4,Transit,2020.0,16.051137,0.043954113,0.0929,0.068,2.6,,0.0,3459.0,0.421,0.415,31.1265,355.0546719,0.022764404,2.637696735
TOI-700 d,TOI-700,1,4,Transit,2020.0,37.42396,0.102436617,0.1633,0.042,1.073,,0.0,3459.0,0.421,0.415,31.1265,267.7996445,0.022764404,0.853658011
TOI-700 e,TOI-700,1,4,Transit,2023.0,27.80978,0.076143555,0.134,0.059,0.953,,0.0,3459.0,0.421,0.415,31.1265,295.631488,0.022764404,1.267788164
TOI-7009 b,TOI-7009,1,1,Transit,2026.0,2.3206612,0.006367788,0.0287,,3.71,,0.0,4080.0,0.564,0.583,184.12,872.1079497,0.079084015,96.01186744
TOI-7041 b,TOI-7041,1,1,Transit,2025.0,9.691,0.0,,0.04,11.43316031,114.4182265,0.421840168,4700.0,4.1,1.07,439.52,,7.359511617,
TOI-712 b,TOI-712,1,3,Transit,2022.0,9.531361,0.026090952,0.07928,0.54,2.049,,0.0,4622.0,0.674,0.732,58.6212,649.8147234,0.186007051,29.59389473
TOI-712 c,TOI-712,1,3,Transit,2022.0,51.69906,0.141480118,0.2447,0.089,2.701,,0.0,4622.0,0.674,0.732,58.6212,369.8744934,0.186007051,3.106429265
TOI-712 d,TOI-712,1,3,Transit,2022.0,84.8396,0.232230969,0.3405,0.073,2.474,,0.0,4622.0,0.674,0.732,58.6212,313.5543353,0.186007051,1.604335432
TOI-7149 b,TOI-7149,1,1,Transit,2025.0,2.65206166,0.007160313,0.02603,0.078,13.2,224.0,0.536633553,3363.0,0.351,0.344,126.126,595.4630535,0.014138767,20.86715375
TOI-715 b,TOI-715,1,1,Transit,2023.0,19.288004,0.050411066,0.083,,1.55,,0.0,3075.0,0.24,0.225,42.4048,252.129216,0.004620541,0.670712853
TOI-7166 b,TOI-7166,1,1,Transit,2025.0,12.92063621,0.035339826,0.06191,0.0,2.01,,0.0,3099.0,0.222,0.19,35.4153,282.9626669,0.004078328,1.064046226
TOI-733 b,TOI-733,1,1,Transit,2023.0,4.884765,0.015712807,0.0618,0.046,1.992,5.72,3.987306543,5585.0,0.949,0.956,75.2092,1055.294136,0.786167316,205.8439156
TOI-7384 b,TOI-7384,1,1,Transit,2026.0,6.2340258,0.016311099,0.0439,0.4,3.56,,0.0,3185.0,0.319,0.318,66.7902,413.9844196,0.009395263,4.875059519
TOI-7510 b,TOI-7510,1,3,Transit,2025.0,11.530869,0.031549657,0.1019,0.0572,7.31,18.1,0.255316007,5720.0,1.035,1.063,249.006,879.0034716,1.028856166,99.08463108
TOI-7510 c,TOI-7510,1,3,Transit,2025.0,22.5687423,0.061783769,0.1595,0.0091,10.81,131.0,0.571407337,5720.0,1.035,1.063,249.006,702.5825169,1.028856166,40.44206193
TOI-7510 d,TOI-7510,1,3,Transit,2025.0,48.864468,0.133963982,0.2672,0.04,10.52,190.0,0.899203483,5720.0,1.035,1.063,249.006,542.824518,1.028856166,14.41058983
TOI-756 b,TOI-756,1,2,Transit,2025.0,1.2392495,0.003398311,0.018,0.0,2.81,9.83,2.441103295,3657.0,0.505,0.505,86.1759,933.9978477,0.04092347,126.307005
TOI-756 c,TOI-756,1,2,Radial Velocity,2025.0,149.4,0.409308809,0.439,0.445,,1287.205048,,3657.0,0.505,0.505,86.1759,189.1254036,0.04092347,0.212345669
TOI-757 b,TOI-757,1,1,Transit,2024.0,17.46819,0.047642523,0.122,0.39,2.5,10.5,3.70272,5278.0,0.78,0.8,60.3418,643.4995544,0.423600632,28.4601338
TOI-762 A b,TOI-762 A,2,1,Transit,2024.0,3.4716826,0.009504887,0.03418,0.083,8.33948164,79.77493016,0.757880723,3266.0,0.425,0.442,98.4458,555.3107679,0.018438791,15.78295488
TOI-763 b,TOI-763,1,2,Transit,2020.0,5.6057,0.015347661,0.06,0.04,2.28,9.79,4.551240125,5450.0,0.897,0.917,95.1274,1016.081577,0.636884596,176.9123879
TOI-763 c,TOI-763,1,2,Transit,2020.0,12.2737,0.033569283,0.1011,0.04,2.63,9.32,2.822931018,5450.0,0.897,0.917,95.1274,782.7600001,0.636884596,62.31009795
TOI-771 b,TOI-771,1,2,Transit,2024.0,2.3260155,0.006395635,0.0208,0.055,1.36,2.47,5.410430554,3370.0,0.232,0.22,25.2788,542.692356,0.006228528,14.39656072
TOI-771 c,TOI-771,1,2,Radial Velocity,2025.0,7.61,0.021034171,0.046,0.065,,2.87,,3370.0,0.232,0.22,25.2788,364.9273859,0.006228528,2.943538767
TOI-776 b,TOI-776,1,2,Transit,2020.0,8.24662,0.022665752,0.0653,0.052,1.798,5.0,4.739718413,3725.0,0.547,0.542,27.1701,519.8461456,0.051685606,12.12113389
TOI-776 c,TOI-776,1,2,Transit,2020.0,15.665323,0.043018125,0.1001,0.089,2.047,6.9,4.432483847,3725.0,0.547,0.542,27.1701,419.8695505,0.051685606,5.158238944
TOI-778 b,TOI-778,1,1,Transit,2023.0,4.633611,0.01242118,0.06,0.21,15.4,878.0,1.324597565,6643.0,1.71,1.4,161.743,1710.008074,5.109037384,1419.177051
TOI-782 b,TOI-782,1,1,Transit,2024.0,8.0240015,0.022054464,0.0578,0.19,2.734,19.1,5.149789002,3370.0,0.413,0.397,52.5122,434.3626621,0.019738291,5.908182201
TOI-784 b,HD 307842,1,1,Transit,2023.0,2.7970365,0.007765237,0.038,0.0,1.93,9.67,7.411500563,5558.0,0.907,0.91,64.5997,1309.308135,0.704333903,487.7658611
TOI-813 b,TOI-813,1,1,Transit,2020.0,83.8911,0.239454821,0.423,0.0,6.71,,0.0,5907.0,1.94,1.32,263.145,609.97092,4.111129841,22.97631933
TOI-815 b,TOI-815,2,2,Transit,2024.0,11.197259,0.03080355,0.0903,0.2,2.94,7.6,1.647870958,4869.0,0.77,0.776,59.7117,685.571477,0.298971919,36.66527088
TOI-815 c,TOI-815,2,2,Transit,2024.0,34.976145,0.096250967,0.193,0.22,2.62,23.5,7.199719673,4869.0,0.77,0.776,59.7117,468.9407366,0.298971919,8.026307247
TOI-824 b,TOI-824,1,1,Transit,2020.0,1.392978,0.003812049,0.02177,,2.926,18.467,4.061860301,4600.0,0.695,0.71,63.9262,1253.23495,0.194039786,409.4245947
TOI-833 b,TOI-833,1,1,Transit,2022.0,1.0418777,0.002863052,0.0171,,1.27,,0.0,3920.0,0.6,0.61,41.7148,1119.631518,0.076266992,260.8221064
TOI-836 b,TOI-836,1,2,Transit,2023.0,3.81673,0.010528193,0.0422,0.053,1.704,4.53,5.044766037,4552.0,0.665,0.678,27.5024,871.3012341,0.170350006,95.65710921
TOI-836.01,TOI-836,1,2,Transit,2021.0,8.59545,0.024944629,0.075,0.078,2.587,9.6,3.05515709,4552.0,0.665,0.678,27.5024,653.5727297,0.170350006,30.28444558
TOI-837 b,TOI-837,1,1,Transit,2020.0,8.3249113,0.024762039,0.0888,,9.16894621,120.4569663,0.861043803,5995.0,1.052,1.142,142.488,994.9518252,1.282561146,162.649281
TOI-849 b,TOI-849,1,1,Transit,2020.0,0.765548,0.001959348,0.0155,0.0,3.64,41.8,4.775553664,5257.0,0.97,0.97,225.734,2005.25438,0.644740908,2683.625008
TOI-858 B b,TOI-858 B,2,1,Transit,2023.0,3.2797178,0.008983128,0.04435,0.15,14.06727078,349.6112477,0.692002165,5842.0,1.308,1.081,250.489,1529.783918,1.787934269,909.0008727
TOI-871 b,TOI-871,1,1,Transit,2024.0,14.362565,0.039303055,0.1054,,1.664,,0.0,4929.0,0.719,0.758,68.0473,620.7467244,0.273768139,24.64345988
TOI-880 c,TOI-880,1,2,Transit,2025.0,6.3872703,0.017155404,0.0635,,4.95,,0.0,5050.0,0.83,0.87,60.6679,880.3493345,0.401986573,99.69286949
TOI-880.02,TOI-880,1,2,Transit,2024.0,2.57571,0.006990022,0.0349,,2.19,,0.0,5050.0,0.83,0.87,60.6679,1187.48789,0.401986573,330.0355276
TOI-892 b,TOI-892,1,1,Transit,2020.0,10.62656,0.024664752,0.092,0.125,11.99363,301.9385,0.964313288,6261.0,1.39,1.28,340.543,1173.461023,2.663754925,314.7158465
TOI-904 b,TOI-904,1,2,Transit,2023.0,10.8772,0.017756381,0.056,,2.426,,0.0,3770.2,0.527,0.557,46.0891,557.6826865,0.050346425,16.05434468
TOI-904 c,TOI-904,1,2,Transit,2023.0,83.9997,0.23350936,0.312,,2.167,,0.0,3770.2,0.527,0.557,46.0891,236.2674414,0.050346425,0.517201111
TOI-905 b,TOI-905,1,1,Transit,2020.0,3.739494,0.010244232,0.04666,0.024,13.125739,211.99261,0.516536515,5570.0,0.918,0.968,158.649,1191.284928,0.72777309,334.2770217
TOI-907.01,TOI-907,1,1,Transit,2024.0,4.5849129,0.012550121,0.055225481,,9.6158851,,0.0,6272.0,2.059789,1.069357,312.529,1846.967026,5.890599792,1931.436807
TOI-908 b,TOI-908,1,1,Transit,2023.0,3.183792,0.008723087,0.041657,0.132,3.186,16.137,2.749394651,5626.0,1.028,0.95,175.748,1347.608584,0.949893663,547.3927109
TOI-912 b,TOI-912,1,1,Transit,2025.0,4.6780691,0.012840669,0.041,0.58,1.93,5.1,3.908857587,3572.0,0.419,0.418,26.1072,550.6022883,0.025642697,15.25442996
TOI-913 b,TOI-913,1,1,Transit,2023.0,11.098644,0.0,,,2.4528,,0.0,4969.0,0.7325,0.82,65.1769,,0.293481747,
TOI-942 b,TOI-942,1,2,Transit,2020.0,4.32421,0.011839197,0.04866,0.34,3.89,,0.0,,0.894,0.822,152.601,0.0,0.0,0.0
TOI-942 c,TOI-942,1,2,Transit,2020.0,10.156272,0.027807392,0.08598,0.32,4.67,,0.0,,0.894,0.822,152.601,0.0,0.0,0.0
TOI-954 b,TOI-954,1,1,Transit,2020.0,3.6849729,0.010088925,0.04963,0.14,9.550068,55.30242,0.349845541,5710.0,1.892,1.201,238.768,1699.949481,3.414102433,1386.079041
TOI-969 b,TOI-969,1,2,Transit,2022.0,1.8237305,0.004995398,0.02636,,2.765,9.1,2.37196122,4435.0,0.671,0.734,77.2554,1078.930971,0.156282153,224.9150802
TOI-969 c,TOI-969,1,2,Radial Velocity,2022.0,1700.0,4.669310786,2.52,0.628,,3591.460999,,4435.0,0.671,0.734,77.2554,110.3484132,0.156282153,0.024609813
TRAPPIST-1 b,TRAPPIST-1,1,7,Transit,2016.0,1.510826,0.004136857,0.01154,,1.116,1.374,5.446854168,2566.0,0.1192,0.0898,,397.6521674,0.000552674,4.150088435
TRAPPIST-1 c,TRAPPIST-1,1,7,Transit,2016.0,2.421937,0.006627465,0.0158,,1.097,1.308,5.459331423,2566.0,0.1192,0.0898,,339.8425195,0.000552674,2.213883661
TRAPPIST-1 d,TRAPPIST-1,1,7,Transit,2016.0,4.049219,0.011090271,0.02227,,0.788,0.388,4.369227636,2566.0,0.1192,0.0898,,286.2504314,0.000552674,1.11436775
TRAPPIST-1 e,TRAPPIST-1,1,7,Transit,2017.0,6.101013,0.016693624,0.02925,,0.92,0.692,4.896595299,2566.0,0.1192,0.0898,,249.7717537,0.000552674,0.645977257
TRAPPIST-1 f,TRAPPIST-1,1,7,Transit,2017.0,9.20754,0.025199023,0.03849,,1.045,1.039,5.016701666,2566.0,0.1192,0.0898,,217.7370341,0.000552674,0.373055242
TRAPPIST-1 g,TRAPPIST-1,1,7,Transit,2017.0,12.352446,0.033818012,0.04683,,1.129,1.321,5.057927393,2566.0,0.1192,0.0898,,197.3986506,0.000552674,0.252011671
TRAPPIST-1 h,TRAPPIST-1,1,7,Transit,2017.0,18.772866,0.051379817,0.06189,,0.755,0.326,4.173768375,2566.0,0.1192,0.0898,,171.7101695,0.000552674,0.144287266
TYC 0434-04538-1 b,TYC 0434-04538-1,1,1,Radial Velocity,2021.0,193.2,0.525774154,0.66,0.08,,1938.763,,4679.0,9.99,1.04,613.422,877.7590182,42.9173608,98.52470339
TYC 1422-614-1 b,TYC 1422-614-1,1,2,Radial Velocity,2014.0,198.4,0.534471702,0.69,0.06,,794.5,,4806.0,6.85,1.15,672.41,730.15655,22.45980901,47.17456208
TYC 1422-614-1 c,TYC 1422-614-1,1,2,Radial Velocity,2014.0,559.3,1.495312386,1.37,0.048,,3178.0,,4806.0,6.85,1.15,672.41,518.1795234,22.45980901,11.96643881
TYC 2187-512-1 b,TYC 2187-512-1,1,1,Radial Velocity,2022.0,691.9,1.909523795,1.22,0.05,,104.8833743,,3734.0,0.495,0.498,15.4744,114.6854905,0.042736357,0.028712952
TYC 3318-01333-1 b,TYC 3318-01333-1,1,1,Radial Velocity,2018.0,562.0,1.541347752,1.414,0.098,,1086.9786,,4776.0,5.9,1.19,490.61,470.4105983,16.24991695,8.127412954
TYC 3667-1280-1 b,TYC 3667-1280-1,1,1,Radial Velocity,2016.0,26.468,0.070373336,0.21,0.036,,1716.282,,5130.0,6.26,1.87,477.516,1350.536615,24.35050525,552.1656519
TYC 4282-00605-1 b,TYC 4282-00605-1,1,1,Radial Velocity,2017.0,101.54,0.278344606,0.422,0.28,,3426.2074,,4300.0,16.21,0.97,464.128,1285.035768,80.599009,452.5898396
TYC 8998-760-1 b,TYC 8998-760-1,1,2,Imaging,2020.0,,2061.923374,162.0,,,4449.62,,4573.0,,1.0,94.6177,0.0,0.0,0.0
TYC 8998-760-1 c,TYC 8998-760-1,1,2,Imaging,2020.0,,5724.334022,320.0,,12.3299,1906.98,5.605560887,,,1.0,94.6177,0.0,0.0,0.0
Teegarden's Star b,Teegarden's Star,1,3,Radial Velocity,2019.0,4.90634,0.013383317,0.0259,0.03,,1.16,,3034.0,0.12,0.097,3.83078,314.8964728,0.001094749,1.631981081
Teegarden's Star c,Teegarden's Star,1,3,Radial Velocity,2019.0,11.416,0.031162424,0.0455,0.04,,1.05,,3034.0,0.12,0.097,3.83078,237.5811498,0.001094749,0.528800497
Teegarden's Star d,Teegarden's Star,1,3,Radial Velocity,2024.0,26.13,0.071429705,0.0791,0.07,,0.82,,3034.0,0.12,0.097,3.83078,180.1894818,0.001094749,0.17496923
TrES-1 b,TrES-1,2,1,Transit,2004.0,3.03007,0.0,,0.0,12.66617,266.9772,0.723918766,5230.0,0.85,1.04,159.658,,0.484991868,
TrES-2 b,TrES-2,2,1,Transit,2006.0,2.47063,0.0,,0.0,15.24424,473.5667,0.736572368,5850.0,1.12,1.36,215.32,,1.318103034,
TrES-3 b,TrES-3,1,1,Transit,2007.0,1.30618581,0.003578487,0.02282,0.0,14.975,607.03,0.996004408,5650.0,0.829,0.928,231.337,1642.023513,0.628337099,1206.594725
TrES-4 b,TrES-4,2,1,Transit,2007.0,3.55395,0.0,,0.0,18.04649,247.9074,0.232414304,6200.0,1.66,1.08,515.98,,3.653194407,
TrES-5 b,TrES-5,1,1,Transit,2011.0,1.48224686,0.004062332,0.02459,,13.383546,568.9157,1.307633174,5171.0,0.868,0.901,360.313,1481.380469,0.483311859,799.3010692
UCAC3 113-933 b,UCAC3 113-933,1,1,Imaging,2024.0,,610000.0,6100.0,,,6674.396547,,,,0.61,52.5829,0.0,0.0,0.0
UCAC4 328-061594 b,UCAC4 328-061594,1,1,Imaging,2024.0,,2400805.187,19000.0,,,6674.396547,,,,1.19,39.9089,0.0,0.0,0.0
UKIRT-2017-BLG-001L b,UKIRT-2017-BLG-001L,1,1,Microlensing,2018.0,,9.495589099,4.18,,,407.0,,,,0.81,6300.0,0.0,0.0,0.0
USco CTIO 108 b,USco CTIO 108,1,1,Imaging,2008.0,,70800.54143,670.0,,,4449.62,,2700.0,,0.06,144.019,0.0,0.0,0.0
USco1556 b,USco1556 A,1,1,Imaging,2019.0,,360450.0554,3500.0,,,4767.45,,3410.0,,0.33,140.635,0.0,0.0,0.0
USco1621 b,USco1621 A,1,1,Imaging,2019.0,,257595.031,2880.0,,,5085.28,,3460.0,,0.36,137.901,0.0,0.0,0.0
UZ For b,UZ For,2,2,Eclipse Timing Variations,2011.0,5840.0,17.12888121,5.9,0.04,,2002.2,,,,0.7,,0.0,0.0,0.0
UZ For c,UZ For,2,2,Eclipse Timing Variations,2011.0,1916.25,5.6,2.8,0.05,,2447.2,,,,0.7,,0.0,0.0,0.0
V0391 Peg b,V0391 Peg,1,1,Pulsation Timing Variations,2007.0,1170.0,3.134645115,1.7,0.0,,1017.056,,29300.0,0.23,0.5,1195.98,519.6591233,34.97969379,12.10370027
V1298 Tau b,V1298 Tau,3,4,Transit,2019.0,24.140006,0.065948286,0.1685,0.0079,9.41,13.1,0.08662715,4970.0,1.32,1.1,108.199,670.7410407,0.953813066,33.59413452
V1298 Tau c,V1298 Tau,3,4,Transit,2019.0,8.249164,0.022552489,0.0824,0.0094,5.08,4.7,0.197541488,4970.0,1.32,1.1,108.199,959.1603712,0.953813066,140.4781709
V1298 Tau d,V1298 Tau,3,4,Transit,2019.0,12.401394,0.033887708,0.1081,0.0087,6.53,6.0,0.118730776,4970.0,1.32,1.1,108.199,837.4174106,0.953813066,81.62287341
V1298 Tau e,V1298 Tau,3,4,Transit,2019.0,48.677714,0.132950465,0.2689,0.0124,10.17,15.3,0.08014569,4970.0,1.32,1.1,108.199,530.9570991,0.953813066,13.19111975
V2376 Ori b,V2376 Ori,1,1,Imaging,2025.0,,891.8283343,71.0,,87.20586985,6356.56814,0.052812552,,,0.45,,0.0,0.0,0.0
V830 Tau b,V830 Tau,1,1,Radial Velocity,2016.0,4.927,0.013608563,0.057,,,222.481,,4250.0,2.0,1.0,130.111,1213.886212,1.170861596,360.3759914
VHS J125601.92-125723.9 b,VHS J125601.92-125723.9,2,1,Imaging,2015.0,5800000.0,15879.53457,350.0,0.68,13.67495645,5085.254512,10.95686818,,,,,0.0,0.0,0.0
WASP-1 b,WASP-1,2,1,Transit,2007.0,2.5199454,0.006887254,0.03889,0.0,16.623,271.415,0.325579633,,1.47,1.24,393.072,0.0,0.0,0.0
WASP-10 b,WASP-10,1,1,Transit,2008.0,3.0927616,0.008489447,0.03781,,12.106,1001.12,3.109107424,4675.0,0.698,0.75,140.998,968.5397881,0.208798395,146.0541163
WASP-100 b,WASP-100,2,1,Transit,2014.0,2.84938,0.0,,0.0,14.90797,400.4658,0.665980482,6900.0,1.57,0.77,364.411,,5.012859331,
WASP-101 b,WASP-101,1,1,Transit,2014.0,3.58572,0.0,,0.0,16.02887,162.0933,0.216874226,6380.0,1.31,1.41,201.224,,2.551027593,
WASP-102 b,WASP-102,1,1,Transit,2025.0,2.709813,0.007988475,0.041,0.0,14.90794433,197.6892692,0.328761844,5990.0,1.375,1.08,535.689,1672.62168,2.183748079,1299.076787
WASP-103 b,WASP-103,1,1,Transit,2014.0,0.925542,0.002531983,0.01985,,17.127,473.547,0.519362747,6110.0,1.436,1.22,375.647,2505.818743,2.578478834,6543.988818
WASP-104 b,WASP-104,2,1,Transit,2014.0,1.7554137,0.004805314,0.02918,0.0,12.745,404.263,1.07595987,5475.0,0.963,1.076,185.932,1516.582715,0.74761657,878.0279546
WASP-105 b,WASP-105,1,1,Transit,2017.0,7.87288,0.021771928,0.075,0.0,10.76064,572.094,2.529907749,5070.0,0.9,0.89,169.272,846.8569596,0.480182918,85.36585204
WASP-106 b,WASP-106,1,1,Transit,2014.0,9.28969,0.024949868,0.0901,0.023,12.10569916,613.4088255,1.90516234,6002.0,1.47,1.175,352.181,1168.971012,2.515987527,309.9266356
WASP-107 b,WASP-107,1,2,Transit,2017.0,5.7214742,0.0,,0.06,,30.5,,4425.0,0.67,0.683,64.7414,,0.154416091,
WASP-107 c,WASP-107,1,2,Radial Velocity,2020.0,1088.0,0.0,,0.28,,115.0,,4425.0,0.67,0.683,64.7414,,0.154416091,
WASP-108 b,WASP-108,1,1,Transit,2020.0,,0.0,,,15.13212395,,0.0,,,,258.777,,0.0,
WASP-11 b,WASP-11,3,1,Transit,2008.0,3.72247,0.0,,0.0,12.44199,251.0857,0.71829697,4800.0,0.89,1.42,124.73,,0.377254833,
WASP-110 b,WASP-110,1,1,Transit,2021.0,3.7784022,0.0,,,13.19297028,154.7824342,0.371403095,5392.0,0.853,0.814,274.96,,0.551807306,
WASP-113 b,WASP-113,1,1,Transit,2016.0,4.542168745,0.012435464,0.05885,0.0,15.793481,150.96925,0.211157499,5890.0,1.608,1.318,435.156,1484.555923,2.792049528,806.1765914
WASP-114 b,WASP-114,2,1,Transit,2016.0,1.5487743,0.004240034,0.02851,0.012,15.008851,562.24127,0.916287962,5940.0,1.43,1.289,523.337,2028.464136,2.284061034,2810.044971
WASP-116 b,WASP-116,1,1,Transit,2025.0,6.6132,0.014822281,0.065,0.0,13.67495645,203.4101805,0.438274727,6250.0,1.426,1.25,559.243,1411.54452,2.783870125,658.9041715
WASP-117 b,WASP-117,1,1,Transit,2014.0,10.02165,0.0,,0.3,11.88154,95.349,0.313220038,6040.0,1.22,1.29,157.963,,1.777285779,
WASP-118 b,WASP-118,1,1,Transit,2016.0,4.0460435,0.011083228,0.05453,0.0,16.14096,163.36462,0.2140531,6410.0,1.696,1.32,376.658,1723.711913,4.356860592,1465.219428
WASP-119 b,WASP-119,1,1,Transit,2016.0,2.49979,0.006847939,0.0363,0.058,15.6926,390.9309,0.557399896,5650.0,1.2,1.02,302.448,1566.380388,1.316576604,999.1550397
WASP-12 b,WASP-12,3,1,Transit,2008.0,1.091418901,0.003109681,0.0234,,22.02564708,,0.0,6265.0,1.69,1.325,427.246,2567.248906,3.947731077,7209.67762
WASP-120 b,WASP-120,1,1,Transit,2016.0,,0.0,,,15.58048317,,0.0,,,,381.174,,0.0,
WASP-121 b,WASP-121,1,1,Transit,2016.0,1.27492504,0.003574599,0.02571,,19.52604438,371.8592362,0.275224667,6628.0,1.461,1.33,269.898,2409.173337,3.695900586,5591.342907
WASP-123 b,WASP-123,2,1,Transit,2016.0,,0.0,,,15.13212395,,0.0,,,,197.996,,0.0,
WASP-124 b,WASP-124,1,1,Transit,2016.0,3.37265,0.009197666,0.0449,0.017,13.89916,190.698,0.391320026,6050.0,1.02,1.07,448.637,1390.412837,1.250580614,620.3246085
WASP-126 b,WASP-126,1,2,Transit,2016.0,3.28883,0.0,,,,90.3,,5800.0,1.27,1.12,216.526,,1.637605417,
WASP-126 c,WASP-126,1,2,Transit Timing Variations,2019.0,7.63,0.0,,0.05,,64.2,,5800.0,1.27,1.12,216.526,,1.637605417,
WASP-127 b,WASP-127,2,1,Transit,2016.0,4.17806203,0.010924617,0.0484,0.0,14.694999,52.346601,0.090893202,,1.333,0.95,159.507,0.0,0.0,0.0
WASP-129 b,WASP-129,2,1,Transit,2016.0,5.748145,0.015737635,0.0628,0.096,10.42437,317.83,1.54595566,5900.0,0.9,1.0,301.462,1076.973267,0.880608586,223.2870973
WASP-13 b,WASP-13,1,1,Transit,2009.0,4.35301,0.0,,0.0,13.67498,114.4188,0.246529496,5950.0,1.37,0.72,227.537,,2.110565561,
WASP-130 b,WASP-130,1,1,Transit,2016.0,11.55098,0.031568511,0.1012,0.0,9.97601,390.9309,2.169606487,5625.0,0.96,1.04,172.256,835.3709443,0.827794284,80.82791911
WASP-131 b,WASP-131,1,1,Transit,2016.0,5.3220125,0.014561377,0.0608,0.0,13.74221034,86.76715511,0.184220171,5990.0,1.561,1.06,200.075,1463.483947,2.814510969,761.3700467
WASP-132 b,WASP-132,1,3,Transit,2016.0,7.1335164,0.019699325,0.0674,0.0163,10.09929161,136.0305582,0.727637951,4686.0,0.758,0.789,122.91,757.736866,0.248563524,54.71641127
WASP-132 c,WASP-132,1,3,Transit,2022.0,1.01153624,0.002793864,0.01833,0.0,1.841,6.26,5.527955859,4686.0,0.758,0.789,122.91,1453.005082,0.248563524,739.7968339
WASP-132 d,WASP-132,1,3,Radial Velocity,2024.0,1816.6,5.022447835,2.71,0.12,,1639.99458,,4686.0,0.758,0.789,122.91,119.4988485,0.248563524,0.033845335
WASP-133 b,WASP-133,1,1,Transit,2016.0,2.176423,0.005949763,0.0345,0.17,13.56289,368.6828,0.814231233,5700.0,1.44,1.16,559.084,1775.652728,1.963876878,1649.970072
WASP-135 b,WASP-135,1,1,Transit,2015.0,1.4013794,0.003826453,0.0243,0.0,14.5717,603.877,1.075398492,5675.0,0.96,0.98,298.214,1719.926247,0.857621736,1452.389941
WASP-136 b,WASP-136,1,1,Transit,2016.0,,0.0,,,16.81347105,,0.0,,,,275.587,,0.0,
WASP-138 b,WASP-138,1,1,Transit,2016.0,3.634433,0.009940552,0.0494,,12.21781,387.7526,1.171456634,6272.0,1.36,1.22,414.234,1586.804809,2.56798135,1052.296116
WASP-139 b,WASP-139,2,1,Transit,2016.0,5.924262,0.016095098,0.062,0.0,8.9672,37.18611,0.284159238,5310.0,0.8,0.92,212.472,919.7189788,0.456507491,118.7584524
WASP-14 b,WASP-14,3,1,Transit,2008.0,2.24375,0.0,,0.09,15.46842,2809.6172,4.182740149,6475.0,1.4,1.62,161.997,,3.091042756,
WASP-140 b,WASP-140,2,1,Transit,2016.0,,0.0,,,14.23540549,,0.0,5300.0,,,117.598,,0.0,
WASP-141 b,WASP-141,1,1,Transit,2016.0,3.310651,0.009084568,0.0469,0.0,13.56289,854.9627,1.888174153,5900.0,1.37,1.25,516.543,1537.578694,2.040511425,927.6696439
WASP-142 b,WASP-142,1,1,Transit,2016.0,2.052868,0.005604907,0.0347,0.0,17.14977,266.9772,0.291642541,6010.0,1.64,1.33,730.933,1992.246797,3.148295105,2614.667595
WASP-144 b,WASP-144,1,1,Transit,2018.0,2.2783152,0.006241488,0.0316,0.0,9.52765,139.8452,0.890926298,5200.0,0.81,0.81,355.513,1269.444711,0.430400991,431.0216618
WASP-145 A b,WASP-145 A,2,1,Transit,2018.0,1.7690381,0.004836754,0.0261,0.0,10.0881,282.8687,1.518127885,4900.0,0.68,0.76,91.299,1205.984598,0.2391619,351.083954
WASP-147 b,WASP-147,1,1,Transit,2018.0,4.60273,0.012589494,0.0549,0.0,12.498035,87.40325,0.246691378,5702.0,1.429,1.044,436.098,1402.712392,1.936703598,642.5670778
WASP-148 b,WASP-148,1,2,Transit,2020.0,8.803809,0.024106667,0.08215,0.208,8.47398941,91.21675281,0.825966543,5555.0,0.912,0.954,246.353,892.4608569,0.710584581,105.2932775
WASP-148 c,WASP-148,1,2,Radial Velocity,2020.0,34.524,0.094612202,0.2044,0.1809,,124.5887355,,5555.0,0.912,0.954,246.353,565.7864148,0.710584581,17.00802936
WASP-149 b,WASP-149,1,1,Transit,2025.0,1.332813,0.003628459,0.024,0.0,15.24421375,314.9679513,0.489894852,5750.0,1.08,1.05,211.73,1859.882809,1.14395447,1986.032066
WASP-15 b,WASP-15,1,1,Transit,2009.0,3.7521,0.0,,0.0,15.80469,171.6282,0.239542347,6300.0,1.48,1.18,282.091,,3.09581841,
WASP-150 b,WASP-150,1,1,Transit,2020.0,5.644207,0.015484879,0.0694,0.3775,11.99363,2688.8418,8.587463601,6218.0,1.651,1.394,527.995,1462.365719,3.655837365,759.0457036
WASP-151 b,WASP-151,1,1,Transit,2017.0,,0.0,,,,,,,,,,,0.0,
WASP-153 b,WASP-153,1,1,Transit,2017.0,3.332609,0.009098266,0.048,0.009,17.37395,123.9537,0.130231305,5914.0,1.73,1.336,610.176,1711.96638,3.284787936,1425.689208
WASP-154 b,WASP-154,1,1,Transit,2025.0,3.811678,0.010318915,0.044,0.0,10.76062147,198.9605828,0.87984583,4774.0,0.823,0.8,215.501,995.5600771,0.315659729,163.0473806
WASP-155 b,WASP-155,1,1,Transit,2025.0,3.110413,0.008540621,0.043,0.0,13.45077684,276.8285425,0.626787552,5660.0,1.24,1.09,399.63,1465.563109,1.415790341,765.7059712
WASP-156 b,WASP-156,1,1,Transit,2017.0,3.8361623,0.010501209,0.0458,0.0,6.02802815,41.8,1.05148254,4987.0,0.8268,0.8712,122.066,1021.688116,0.379357137,180.849496
WASP-157 b,WASP-157,1,1,Transit,2016.0,,0.0,,,,,,,,,,,0.0,
WASP-158 b,WASP-158,1,1,Transit,2018.0,3.656333,0.010006824,0.0517,0.0,11.99363,886.7457,2.832035868,6350.0,1.39,1.38,524.993,1587.622819,2.818476069,1054.467662
WASP-159 b,WASP-159,1,1,Transit,2018.0,3.840401,0.01050906,0.0538,0.0,15.46842,174.8065,0.260238358,6120.0,2.11,1.41,715.383,1848.046908,5.603513843,1935.957851
WASP-16 b,WASP-16,1,1,Transit,2009.0,3.1186,0.0,,0.0,13.67498,394.1092,0.849157153,5700.0,1.14,1.78,194.134,,1.230832557,
WASP-160 B b,WASP-160 B,2,1,Transit,2018.0,3.7684952,0.010302628,0.0452,0.0,12.21781,88.35674,0.266938479,5298.0,0.868,0.87,288.326,1119.474171,0.532570512,260.6755188
WASP-161 b,WASP-161,1,1,Transit,2018.0,5.4060425,0.014808641,0.0673,,12.811887,791.3967,2.073511914,6400.0,1.712,1.39,343.08,1556.452247,4.411814732,974.0632047
WASP-162 b,WASP-162,1,1,Transit,2018.0,9.62468,0.026373358,0.0871,0.434,11.209,1652.716,6.466201335,5300.0,1.11,0.95,310.841,912.3043804,0.872246601,114.9748829
WASP-163 b,WASP-163,1,1,Transit,2018.0,1.6096884,0.004404905,0.0266,,13.473218,594.3421,1.338979977,5500.0,1.015,0.97,261.386,1638.197923,0.84580976,1195.389452
WASP-164 b,WASP-164,1,1,Transit,2018.0,1.7771255,0.00486369,0.02818,0.0,12.643752,676.9779,1.845432581,5806.0,0.932,0.946,327.506,1610.000355,0.88558408,1115.187321
WASP-165 b,WASP-165,1,1,Transit,2018.0,3.465509,0.009481316,0.04823,0.0,14.12334,209.13214,0.409034686,5599.0,1.75,1.248,602.236,1626.231389,2.700273891,1160.842483
WASP-166 b,WASP-166,1,1,Transit,2019.0,5.44354,0.014876938,0.0641,0.0,7.06167,32.10083,0.502279675,6050.0,1.22,1.19,114.173,1272.675706,1.789085146,435.4265945
WASP-167 b,WASP-167,1,1,Transit,2017.0,2.0219596,0.005530199,0.0365,,17.71022,2542.64,2.522113376,7000.0,1.79,1.59,423.552,2363.685015,6.902208465,5180.865802
WASP-168 b,WASP-168,2,1,Transit,2018.0,4.153658,0.011377299,0.0519,0.0,16.8135,133.4886,0.154746699,6000.0,1.12,1.08,303.941,1343.965317,1.458582158,541.4971574
WASP-169 b,WASP-169,1,1,Transit,2019.0,5.6114118,0.015369331,0.0681,0.0,14.616536,178.30263,0.314612495,6110.0,2.011,1.337,627.066,1600.977278,5.056835569,1090.3969
WASP-17 b,WASP-17,1,1,Transit,2009.0,3.73543,0.0,,0.0,20.96083,247.9074,0.148325446,6550.0,1.49,2.28,405.908,,3.666296521,
WASP-170 b,WASP-170,1,1,Transit,2018.0,2.34478022,0.006415099,0.0337,,12.285064,508.528,1.511242642,5600.0,0.938,0.93,305.603,1424.577151,0.776332262,683.5776158
WASP-171 b,WASP-171,1,1,Transit,2019.0,3.8186244,0.010456043,0.0504,0.0,10.98482,344.52772,1.43217779,5965.0,1.637,1.171,757.84,1639.196425,3.043890329,1198.306535
WASP-172 b,WASP-172,1,1,Transit,2018.0,5.477433,0.014977733,0.0694,0.0,17.59813,149.3801,0.151023587,6900.0,1.91,1.49,538.11,1745.410233,7.419129427,1540.401761
WASP-173 A b,WASP-173 A,2,1,Transit,2018.0,1.38665318,0.003811385,0.0248,0.0,13.4508,1172.7927,2.655391173,5800.0,1.11,1.05,232.98,1871.005746,1.250972555,2033.969425
WASP-174 b,WASP-174,1,1,Transit,2018.0,4.2337005,0.011592802,0.05503,0.0,16.10730527,104.8833743,0.138289619,6399.0,1.347,1.24,410.149,1526.538037,2.729439562,901.3105539
WASP-175 b,WASP-175,1,1,Transit,2019.0,3.0652907,0.008392121,0.04403,0.0,13.540472,314.6517,0.698361471,6229.0,1.204,1.212,539.36,1570.611273,1.958015599,1009.993959
WASP-176 b,WASP-176,1,1,Transit,2020.0,3.899052,0.010670126,0.0535,0.0,16.869545,271.74465,0.31189075,5941.0,1.925,1.345,568.42,1718.341611,4.141803847,1447.044754
WASP-177 b,WASP-177,1,1,Transit,2019.0,3.071722,0.00841002,0.03957,,17.71022,161.45764,0.160154199,5017.0,0.885,0.876,176.818,1144.047852,0.445197581,284.3286971
WASP-178 b,WASP-178,1,1,Transit,2019.0,3.3448285,0.00916149,0.0558,0.0,20.28829,527.5978,0.348111397,9360.0,1.67,2.07,427.678,2469.041919,19.20552516,6168.190659
WASP-18 b,WASP-18,2,2,Transit,2009.0,0.94145223,0.002531329,0.02024,0.0051,13.89913607,3241.849751,6.652441465,6432.0,1.319,1.294,123.483,2503.656006,2.671551706,6521.425956
WASP-18 c,WASP-18,2,2,Transit Timing Variations,2019.0,2.1558,0.005928191,0.035,0.015,,55.2,,6400.0,1.23,1.22,123.483,1829.405524,2.277298546,1859.019221
WASP-180 A b,WASP-180 A,2,1,Transit,2019.0,3.409264,0.009223382,0.048,0.0,13.89916,286.047,0.58698004,6600.0,1.19,1.3,253.985,1584.558495,2.410790742,1046.350148
WASP-181 b,WASP-181,1,1,Transit,2019.0,4.5195064,0.012397184,0.05427,,13.271456,95.03117,0.224007191,5839.0,0.965,1.04,437.495,1187.226822,0.971176975,329.7453914
WASP-182 b,WASP-182,1,1,Transit,2019.0,3.3769848,0.009233337,0.0451,0.0,9.52765,47.03884,0.299675209,5638.0,1.34,1.076,327.602,1481.837832,1.627795085,800.2886343
WASP-183 b,WASP-183,1,1,Transit,2019.0,4.1117771,0.01125887,0.04632,,16.47723,159.55066,0.196515854,5313.0,0.871,0.784,325.377,1110.90289,0.542357217,252.7832669
WASP-184 b,WASP-184,1,1,Transit,2019.0,5.1817,0.014156267,0.0627,0.0,14.90797,181.1631,0.301276885,6000.0,1.65,1.23,663.231,1484.126537,3.165648857,805.2442981
WASP-185 b,WASP-185,1,1,Transit,2019.0,9.38755,0.025682875,0.0904,0.24,14.01125,311.4734,0.623938689,5900.0,1.5,1.12,279.35,1158.843808,2.44613496,299.3253877
WASP-186 b,WASP-186,1,1,Transit,2020.0,5.026799,0.013305983,0.06,0.33,12.44199,1341.2426,3.836978749,6361.0,1.47,1.22,278.514,1518.168291,3.174140174,881.7056038
WASP-187 b,WASP-187,1,1,Transit,2020.0,5.147878,0.013446505,0.0653,0.0,18.38276,254.264,0.225530001,6150.0,2.83,1.54,371.414,1952.195114,10.27929155,2410.664773
WASP-188 b,WASP-188,1,1,Transit,2025.0,5.748916,0.01577441,0.072,0.0,14.81827249,458.6263913,0.776636703,6850.0,1.83,1.5,675.281,1665.180616,6.61537268,1276.113557
WASP-189 b,WASP-189,1,1,Transit,2020.0,2.724033,0.007972159,0.05053,0.0,18.14733975,632.4785299,0.583120724,8000.0,2.36,2.03,99.731,2636.227086,20.46792438,8016.322992
WASP-19 b,WASP-19,1,1,Transit,2009.0,0.78883852,0.002161481,0.01652,0.0126,15.86070769,366.7739817,0.506503482,5616.0,1.006,0.965,268.325,2113.160804,0.903221377,3309.589438
WASP-190 b,WASP-190,1,1,Transit,2019.0,5.367753,0.014692761,0.0663,0.0,12.89035,317.83,0.817621604,6400.0,1.6,1.35,542.251,1515.984217,3.853449849,876.6427681
WASP-192 b,WASP-192,1,1,Transit,2019.0,2.8786765,0.007893634,0.0408,0.0,13.78707,731.009,1.536945193,5910.0,1.32,1.09,508.885,1620.898587,1.907162224,1145.690494
WASP-193 b,WASP-193,2,1,Transit,2023.0,6.2463475,0.017111607,0.0668,0.081,14.78464554,35.59678158,0.060691739,6080.0,1.213,1.018,362.087,1249.272635,1.803955287,404.2712375
WASP-194 b,WASP-194,1,1,Transit,2025.0,3.183387,0.008971229,0.047,0.0,15.47960235,373.1305498,0.554284848,6405.0,1.409,1.29,476.831,1690.974974,2.997701412,1357.040024
WASP-195 b,WASP-195,1,1,Transit,2025.0,5.051928,0.013868808,0.063,0.0,10.31226224,33.05415433,0.166079414,6300.0,1.578,1.3,484.852,1520.320854,3.519379059,886.71682
WASP-197 b,WASP-197,1,1,Transit,2025.0,5.167228,0.014210213,0.065,0.0,14.44837612,403.3242485,0.736798641,6050.0,2.112,1.36,483.675,1662.865534,5.361658837,1269.031677
WASP-2 b,WASP-2,2,1,Transit,2007.0,2.152175,0.005892672,0.03144,,12.116929,295.89973,0.916470475,5180.0,0.866,0.895,153.242,1310.867861,0.484445218,490.0942399
WASP-20 b,WASP-20,2,1,Transit,2015.0,,0.0,,,15.46839337,,0.0,,1.242,,211.877,,0.0,
WASP-21 b,WASP-21,1,1,Transit,2010.0,4.322482,0.011834311,0.052,0.0,11.99,95.345,0.304783865,,,,258.426,0.0,0.0,0.0
WASP-22 b,WASP-22,1,1,Transit,2010.0,3.53269,0.0,,0.02,13.78707,212.9461,0.447718817,6000.0,1.24,1.46,317.652,,1.787879406,
WASP-23 b,WASP-23,1,1,Transit,2010.0,2.9444256,0.008255331,0.0376,0.062,10.783,280.95,1.234701056,5150.0,0.765,0.78,207.49,1120.096661,0.369353005,261.2558035
WASP-24 b,WASP-24,3,1,Transit,2010.0,2.34121,0.0,,0.0,15.46842,394.1092,0.586719206,6075.0,1.42,1.43,322.114,,2.464062208,
WASP-25 b,WASP-25,1,1,Transit,2010.0,3.7648337,0.0,,,13.80946422,179.2552216,0.375053244,5697.0,0.884,0.962,211.416,,0.738548904,
WASP-26 b,WASP-26,2,1,Transit,2010.0,2.7566,0.0,,0.0,13.56289,270.1555,0.596634955,6034.0,1.22,0.86,252.759,,1.770234232,
WASP-28 b,WASP-28,1,1,Transit,2014.0,,0.0,,,,,,,,,,,0.0,
WASP-29 b,WASP-29,1,1,Transit,2010.0,3.92273,0.0,,0.03,8.63093,73.1009,0.626471819,4800.0,0.79,0.77,87.5953,,0.297241184,
WASP-3 b,WASP-3,3,1,Transit,2007.0,1.84683,0.0,,0.0,15.91678,772.3269,1.055327171,6400.0,1.44,1.62,231.161,,3.121294378,
WASP-31 b,WASP-31,1,1,Transit,2010.0,3.4059096,0.009325008,0.04659,0.0,17.363,151.916,0.159911913,6302.0,1.252,1.163,383.829,1575.236211,2.218258238,1021.943021
WASP-32 b,WASP-32,1,1,Transit,2010.0,2.71866,0.0,,0.0,10.76064,835.8929,3.696476322,6140.0,0.95,0.72,275.994,,1.150828332,
WASP-33 b,WASP-33,2,1,Transit,2010.0,1.21987,0.003021873,0.0239,,17.855937,665.21819,0.643824916,7430.0,1.444,1.495,121.944,2784.74183,5.701373483,9981.221412
WASP-34 b,WASP-34,1,1,Transit,2010.0,4.31768,0.0,,0.04,11.209,177.9848,0.696360144,5700.0,0.91,0.96,132.096,,0.784281656,
WASP-35 b,WASP-35,1,1,Transit,2011.0,3.16158,0.0,,0.0,14.5717,225.6593,0.401859437,5990.0,1.08,1.05,202.218,,1.347239013,
WASP-36 b,WASP-36,2,1,Transit,2011.0,1.53736596,0.004212692,0.02677,,14.874343,750.39663,1.256403385,5959.0,0.985,1.081,386.346,1742.925379,1.097629707,1531.648501
WASP-37 b,WASP-37,1,1,Transit,2010.0,3.577469,0.009793353,0.0446,0.0,13.002,572.07,1.43406979,5800.0,1.003,0.925,392.791,1326.241182,1.021418431,513.492344
WASP-38 b,WASP-38,1,1,Transit,2010.0,6.87188,0.0,,0.03,13.78707,1093.3352,2.298735419,6180.0,1.52,1.76,136.24,,3.023645877,
WASP-39 b,WASP-39,1,1,Transit,2011.0,4.0552941,0.011102365,0.04828,,14.336311,89.31023,0.167009265,5485.0,0.939,0.913,213.982,1166.372512,0.716023972,307.180073
WASP-4 b,WASP-4,1,1,Transit,2007.0,,0.0,,,,,,,,,,,0.0,
WASP-41 b,WASP-41,1,2,Transit,2012.0,3.0524,0.0,,0.0,12.3299,270.1555,0.794121126,5545.0,0.83,0.81,163.371,,0.584321998,
WASP-41 c,WASP-41,1,2,Radial Velocity,2015.0,421.0,1.147715356,1.07,0.294,,1010.6994,,5545.0,0.87,0.93,163.371,241.0908713,0.641999304,0.560747056
WASP-42 b,WASP-42,1,1,Transit,2012.0,4.9816819,0.01362555,0.0561,,12.576498,167.49641,0.463957205,5315.0,0.892,0.951,177.291,1021.917283,0.569682179,181.0118102
WASP-43 b,WASP-43,1,1,Transit,2011.0,0.813475,0.002221869,0.0142,0.0,10.424,565.714,2.751980279,4400.0,0.6,0.58,86.7467,1379.099522,0.121060665,600.3802093
WASP-44 b,WASP-44,1,1,Transit,2011.0,2.423804,0.006635735,0.03453,,12.3299,276.5121,0.812806329,5420.0,0.906,0.935,364.512,1338.679383,0.635540734,533.0282597
WASP-45 b,WASP-45,2,1,Transit,2011.0,3.126089,0.008557101,0.03963,,10.603714,306.38812,1.415955171,5150.0,0.855,0.85,211.196,1153.425979,0.461371746,293.7668936
WASP-46 b,WASP-46,1,1,Transit,2011.0,1.43036763,0.003921165,0.02335,,13.159366,607.0553,1.467827283,5600.0,0.858,0.828,375.31,1636.815417,0.649555903,1191.359312
WASP-47 b,WASP-47,1,4,Transit,2012.0,4.159151,0.0,,0.0006,12.86,374.0,0.968947609,,1.156,1.058,264.78,,0.0,
WASP-47 c,WASP-47,1,4,Radial Velocity,2015.0,589.57,0.0,,0.264,,447.0,,,1.156,1.058,264.78,,0.0,
WASP-47 d,WASP-47,1,4,Transit,2015.0,9.030501,0.0,,0.001,3.65,15.5,1.756324274,,1.156,1.058,264.78,,0.0,
WASP-47 e,WASP-47,1,4,Transit,2015.0,0.78961,0.0,,0.0,1.83,9.0,8.091719865,,1.156,1.058,264.78,,0.0,
WASP-48 b,WASP-48,1,1,Transit,2011.0,2.14363,0.0,,0.0,16.8135,254.264,0.294755616,5920.0,1.58,0.88,454.144,,2.751001649,
WASP-49 b,WASP-49,2,1,Transit,2012.0,2.78174,0.0,,0.0,12.44199,117.5971,0.336417568,5600.0,0.97,0.92,194.553,,0.830205157,
WASP-5 b,WASP-5,1,1,Transit,2008.0,1.6284279,0.00445278,0.0267,0.038,12.184,502.15,1.529732152,5700.0,1.029,0.96,309.137,1706.233211,1.002813154,1406.687083
WASP-50 b,WASP-50,1,1,Transit,2011.0,1.9551,0.005310299,0.0293,,13.069694,466.828704,1.152160261,5400.0,0.843,0.892,184.848,1396.642378,0.54215072,631.5166392
WASP-52 b,WASP-52,1,1,Transit,2012.0,1.7497798,0.004809431,0.0272,0.0,14.24,146.2,0.278977388,5000.0,0.79,0.87,174.818,1299.303405,0.349964546,473.027339
WASP-53 b,WASP-53,1,2,Transit,2017.0,3.3098443,0.009066792,0.04101,0.03,12.038466,677.61356,2.140031843,4953.0,0.798,0.839,201.338,1053.504434,0.343849933,204.4510786
WASP-53 c,WASP-53,1,2,Radial Velocity,2017.0,2840.0,7.864701924,3.73,0.8369,,5196.5205,,4953.0,0.798,0.839,201.338,110.4655442,0.343849933,0.024714469
WASP-54 b,WASP-54,2,1,Transit,2012.0,3.69364,0.0,,0.07,17.71022,187.5197,0.186005861,6100.0,1.76,1.08,251.303,,3.847995236,
WASP-55 b,WASP-55,2,1,Transit,2012.0,4.465631,0.0,,,14.72860064,186.2474465,0.321186636,6096.0,1.09,1.071,297.462,,1.472050399,
WASP-56 b,WASP-56,2,1,Transit,2012.0,4.6171,0.0,,0.0,10.53646,143.0235,0.673712852,5600.0,0.96,0.71,321.084,,0.81317576,
WASP-57 b,WASP-57,1,1,Transit,2012.0,2.83891856,0.007773603,0.03769,,11.76945,204.68252,0.691773385,5600.0,0.927,0.886,398.276,1339.140991,0.758230808,533.7638429
WASP-58 b,WASP-58,2,1,Transit,2012.0,5.01718,0.0,,0.0,16.02887,308.2951,0.412486274,5800.0,1.22,1.06,290.404,,1.511198402,
WASP-59 b,WASP-59,1,1,Transit,2012.0,7.919585,0.021701249,0.0697,0.1,8.687,274.276,2.305313224,4650.0,0.613,0.719,115.936,664.9336011,0.157624097,32.44569298
WASP-6 b,WASP-6,1,1,Transit,2009.0,3.3610026,0.0,,,12.5428494,148.4258661,0.414450404,5438.0,0.79,0.854,197.119,,0.48966701,
WASP-60 b,WASP-60,1,1,Transit,2012.0,4.305,0.0,,0.0,9.86392,174.8065,1.003599768,5900.0,1.17,1.19,431.052,,1.48822851,
WASP-61 b,WASP-61,1,1,Transit,2012.0,3.8559,0.0,,0.0,15.80469,851.7844,1.188839798,6250.0,1.55,1.82,488.66,,3.289071508,
WASP-62 b,WASP-62,1,1,Transit,2012.0,4.41195,0.0,,0.0,14.79588,165.2716,0.2811431,6230.0,1.23,1.11,175.631,,2.0448067,
WASP-63 b,WASP-63,1,1,Transit,2012.0,4.37808,0.0,,0.0,15.80469,117.5971,0.164130868,5550.0,1.86,1.28,290.684,,2.945016083,
WASP-64 b,WASP-64,2,1,Transit,2012.0,1.5732918,0.004300412,0.02648,0.0,14.247,403.945,0.769668234,5400.0,1.058,1.004,369.926,1645.845566,0.853957436,1217.868123
WASP-65 b,WASP-65,1,1,Transit,2013.0,2.3114243,0.006329629,0.0334,0.0,12.464,492.62,1.401816985,5600.0,1.01,0.93,273.703,1484.864961,0.900087448,806.8480838
WASP-66 b,WASP-66,1,1,Transit,2012.0,4.08605,0.0,,0.0,15.6926,746.9005,1.064951022,6600.0,1.76,1.33,500.258,,5.273402585,
WASP-67 b,WASP-67,1,1,Transit,2012.0,4.61442,0.0,,0.0,12.89035,136.6669,0.35157729,5200.0,0.88,0.91,189.469,,0.508005681,
WASP-68 b,WASP-68,2,1,Transit,2014.0,5.0843,0.0,,0.0,14.79588,343.2564,0.583912592,5910.0,1.79,1.49,226.399,,3.507081314,
WASP-69 b,WASP-69,1,1,Transit,2014.0,3.86813881,0.010582987,0.0453,0.0,11.21,82.58,0.323005293,4792.0,0.801,0.83,49.9605,971.617761,0.303544326,147.9195972
WASP-7 b,WASP-7,1,1,Transit,2008.0,4.9546416,0.013567581,0.0617,,14.90797,305.1168,0.507413701,6400.0,1.432,1.276,162.303,1486.689861,3.086709665,810.8218691
WASP-70 A b,WASP-70 A,2,1,Transit,2014.0,3.7130203,0.010165714,0.04853,0.0,13.047,187.512,0.46520961,5763.0,1.215,1.106,222.355,1390.410669,1.460955152,620.3207397
WASP-71 b,WASP-71,1,1,Transit,2012.0,2.90367,0.0,,0.0,13.22662,441.7837,1.051997379,6050.0,1.82,0.76,362.715,,3.981567883,
WASP-72 b,WASP-72,1,1,Transit,2012.0,2.21673,0.0,,0.0,14.45961,731.009,1.332307843,6250.0,2.18,2.78,434.754,,6.506132544,
WASP-73 b,WASP-73,1,1,Transit,2014.0,4.08722,0.0,,0.0,15.91678,908.9938,1.242072308,6030.0,2.55,2.52,316.678,,7.713286437,
WASP-74 b,WASP-74,1,1,Transit,2015.0,2.13775,0.0,,0.0,15.24424,228.8376,0.355927587,5990.0,1.42,0.98,149.216,,2.329023273,
WASP-75 b,WASP-75,2,1,Transit,2013.0,2.484193,0.00680134,0.0375,0.0,14.235,340.06,0.649583126,6100.0,1.26,1.14,294.001,1704.947272,1.972196938,1402.451156
WASP-76 b,WASP-76,2,1,Transit,2016.0,1.80988198,0.00496469,0.033,0.0,20.78145022,284.1385959,0.174443293,6329.0,1.756,1.458,194.459,2226.136857,4.438939806,4076.161438
WASP-77 A b,WASP-77 A,2,1,Transit,2012.0,1.360029395,0.003726763,0.023233633,0.01353,,529.311429,,5617.0,0.91,0.903,105.166,1695.032526,0.739588807,1370.112032
WASP-78 b,WASP-78,1,1,Transit,2012.0,2.17518,0.0,,0.0,21.63337,352.7913,0.1919981,6100.0,2.46,1.87,754.258,,7.517603295,
WASP-79 b,WASP-79,1,1,Transit,2012.0,3.662392,0.010028677,0.0519,0.0,17.14974047,270.154146,0.295114521,6600.0,1.51,1.39,246.69,1716.564825,3.881677826,1441.068984
WASP-8 b,WASP-8,2,2,Transit,2010.0,8.15872,0.0,,0.31,12.66617,807.2882,2.188992459,5600.0,1.03,1.34,89.9606,,0.936087417,
WASP-8 c,WASP-8,2,2,Radial Velocity,2013.0,4323.0,11.89691104,5.28,0.0,,3003.37,,,,1.04,89.9606,0.0,0.0,0.0
WASP-80 b,WASP-80,1,1,Transit,2012.0,3.06785234,0.008399429,0.0344,0.002,11.197791,170.99254,0.671014168,4143.0,0.586,0.577,49.7876,824.5101354,0.090770518,76.70575166
WASP-81 b,WASP-81,1,1,Transit,2017.0,2.7164762,0.007433955,0.03908,0.066,16.017661,231.69807,0.310653836,5870.0,1.283,1.08,398.505,1621.756438,1.753458807,1148.11782
WASP-82 b,WASP-82,1,1,Transit,2015.0,2.70579,0.0,,0.0,18.15858,371.8611,0.342205273,6480.0,2.1,1.48,275.664,,6.976353247,
WASP-83 b,WASP-83,1,1,Transit,2015.0,4.971252,0.013602431,0.059,0.0,11.65736,95.349,0.33164016,5510.0,1.05,1.11,271.103,1120.809288,0.911748051,261.9213016
WASP-84 b,WASP-84,1,2,Transit,2014.0,8.52349648,0.023496051,0.0778,,10.72,220.0,0.983988275,,0.768,0.853,100.588,0.0,0.0,0.0
WASP-84 c,WASP-84,1,2,Transit,2023.0,1.4468849,0.003922992,0.02359,,1.95,15.2,11.29513309,,0.768,0.853,100.588,0.0,0.0,0.0
WASP-85 A b,WASP-85 A,2,1,Transit,2016.0,,0.0,,,,,,,,,,,0.0,
WASP-87 b,WASP-87,2,1,Transit,2016.0,1.682795,0.004608248,0.02946,0.0,15.524465,692.8694,1.020359125,6450.0,1.627,1.204,298.392,2311.25891,4.110586716,4736.290472
WASP-88 b,WASP-88,1,1,Transit,2014.0,4.954,0.0,,0.0,16.36514,133.4886,0.167817251,6430.0,1.8,0.94,523.756,,4.969111615,
WASP-89 b,WASP-89,1,1,Transit,2015.0,3.3564227,0.009199154,0.0427,0.193,11.65736,1875.197,6.522256481,5130.0,0.88,0.92,290.946,1122.939199,0.481198932,263.9179351
WASP-90 b,WASP-90,1,1,Transit,2016.0,3.916243,0.010701351,0.0562,0.0,18.27067,200.2329,0.180893772,6430.0,1.98,1.55,466.433,1840.292639,6.012625054,1903.669234
WASP-91 b,WASP-91,1,1,Transit,2017.0,2.798581,0.007765384,0.037,0.0,11.54527,425.8922,1.52489171,4920.0,0.86,0.84,149.942,1143.733772,0.388818718,284.0165943
WASP-92 b,WASP-92,1,1,Transit,2016.0,2.1746742,0.005951074,0.0348,0.0,16.376349,255.85315,0.320989711,6280.0,1.341,1.19,575.889,1879.731803,2.509492954,2072.180072
WASP-93 b,WASP-93,1,1,Transit,2016.0,2.7325321,0.007481694,0.04211,0.0,17.900773,467.2101,0.448795471,6700.0,1.524,1.334,370.284,1943.507156,4.199126855,2368.037153
WASP-94 A b,WASP-94 A,2,2,Transit,2014.0,3.95019,0.0,,0.0,17.71022,158.915,0.157632086,6170.0,1.48,1.67,211.211,,2.848091495,
WASP-94 B b,WASP-94 B,2,2,Radial Velocity,2014.0,2.00839,0.005506256,0.0335,0.0,,196.411,,6040.0,1.35,1.24,208.696,1848.812624,2.176231747,1939.168409
WASP-95 b,WASP-95,1,1,Transit,2014.0,2.18467,0.0,,0.0,13.78707,457.6752,0.962261338,5830.0,1.23,1.46,137.544,,1.568101939,
WASP-96 b,WASP-96,1,1,Transit,2014.0,3.4252602,0.009364711,0.0453,0.0,13.45,152.55,0.345459355,5540.0,1.05,1.06,352.464,1286.076468,0.93176739,454.0577607
WASP-97 b,WASP-97,1,1,Transit,2014.0,2.07276,0.0,,0.0,12.77826,432.2488,1.141485065,5640.0,1.08,1.18,151.068,,1.058897144,
WASP-98 b,WASP-98,2,1,Transit,2014.0,2.96264036,0.008112485,0.03762,,12.823096,293.03926,0.765770668,5473.0,0.741,0.809,281.742,1171.215025,0.442005892,312.3132977
WASP-99 b,WASP-99,1,1,Transit,2014.0,5.75251,0.0,,0.0,11.43318,772.3269,2.847420698,6150.0,1.64,1.21,158.66,,3.452057406,
WD 0806-661 b,WD 0806-661,1,1,Imaging,2011.0,,158750.1588,2500.0,,,2542.627256,,,,0.62,19.2444,0.0,0.0,0.0
WD 1856+534 b,WD 1856+534,3,1,Transit,2020.0,1.4079405,0.004048372,0.0204,0.0,10.4,4386.054,21.48451505,4710.0,0.0131,0.518,24.7359,181.9922733,7.57733e-05,0.182077271
WISE J033605.05-014350.4 b,WISE J033605.05-014350.4,1,1,Imaging,2023.0,2560.0,8.346837404,0.97,,,2622.084358,,415.0,,0.0131,,0.0,0.0,0.0
WISEP J121756.91+162640.2 A b,WISEP J121756.91+162640.2 A,1,1,Imaging,2012.0,,132.8727678,8.0,,10.468,6992.0,33.58627786,575.0,0.091,0.029,,2.957025202,8.12165e-07,1.26901e-08
WISPIT 1 b,WISPIT 1,2,2,Imaging,2025.0,,0.0,338.0,,,3305.415433,,4670.0,,,230.007,0.0,0.0,0.0
WISPIT 1 c,WISPIT 1,2,2,Imaging,2025.0,,0.0,840.0,,,1684.490557,,4670.0,,,230.007,0.0,0.0,0.0
WISPIT 2 b,WISPIT 2,1,1,Imaging,2025.0,,414.0953996,57.0,,,1541.467774,,4400.0,1.418,1.08,134.907,33.46299763,0.676165515,0.000208115
WTS-1 b,WTS-1,1,1,Transit,2012.0,3.352057,0.009301568,0.047,0.1,16.7,1274.44,1.507723067,6250.0,1.15,1.2,2346.01,1490.704242,1.810529478,819.614974
WTS-2 b,WTS-2,1,1,Transit,2014.0,1.0187068,0.00279003,0.01855,0.0,15.277867,355.9696,0.550017281,5000.0,0.752,0.82,,1535.03558,0.317106795,921.54749
Wendelstein-1 b,Wendelstein-1,1,1,Transit,2020.0,2.663416,0.005873771,0.0282,0.012,11.5609626,188.15536,0.670943894,4251.0,0.61,0.65,305.3,953.329313,0.109021949,137.0931399
Wendelstein-2 b,Wendelstein-2,1,1,Transit,2020.0,1.7522239,0.004189502,0.0234,0.057,12.9934728,232.33373,0.583563525,4591.0,0.66,0.73,565.541,1175.662892,0.173622855,317.08462
Wolf 1061 b,Wolf 1061,1,3,Radial Velocity,2015.0,4.8869,0.013392857,0.0375,0.15,,1.91,,3342.0,0.307,0.294,4.30592,461.0748971,0.010548541,7.501184502
Wolf 1061 c,Wolf 1061,1,3,Radial Velocity,2015.0,17.8719,0.048967885,0.089,0.11,,3.41,,3342.0,0.307,0.294,4.30592,299.2899327,0.010548541,1.331718307
Wolf 1061 d,Wolf 1061,1,3,Radial Velocity,2015.0,217.21,0.594255379,0.47,0.55,,7.7,,3342.0,0.307,0.294,4.30592,130.2381393,0.010548541,0.047752561
Wolf 1069 b,Wolf 1069,1,1,Radial Velocity,2023.0,15.564,0.04262807,0.0672,,,1.26,,3158.0,0.1813,0.167,9.58341,250.113924,0.002933148,0.649524317
Wolf 327 b,Wolf 327,1,1,Transit,2024.0,0.5734745,0.001571348,0.01,0.0,1.24,2.53,7.311509768,3542.0,0.406,0.405,28.5321,1088.235909,0.02327749,232.7748977
Wolf 503 b,Wolf 503,1,1,Transit,2018.0,6.00127,0.016432492,0.05706,0.41,2.043,6.26,4.04502148,4716.0,0.689,0.688,44.526,790.1854022,0.210680082,64.70829323
XO-1 b,XO-1,1,1,Transit,2006.0,3.94153,0.0,,0.0,12.77826,263.7989,0.696641621,5750.0,0.88,0.88,163.553,,0.759497892,
XO-2 N b,XO-2 N,2,3,Transit,2007.0,2.61586178,0.007164108,0.0368,,11.130537,179.89178,0.718810752,,0.99,0.971,154.273,0.0,0.0,0.0
XO-2 S b,XO-2 S,2,3,Radial Velocity,2014.0,18.157,0.047348038,0.13,0.18,,82.6358,,5399.0,1.0,0.98,151.398,722.0264875,0.762330261,45.10829949
XO-2 S c,XO-2 S,2,3,Radial Velocity,2014.0,120.8,0.330984019,0.4756,0.1528,,435.409,,5399.0,1.02,0.982,151.398,381.2448353,0.793128404,3.506386709
XO-3 b,XO-3,1,1,Transit,2007.0,3.19152309,0.008777286,0.04815,0.2791,14.79585452,4217.582961,7.174556755,6970.0,1.523,1.449,213.053,1890.149095,4.911574874,2118.498623
XO-4 b,XO-4,1,1,Transit,2010.0,4.12508,0.0,,0.0,14.01125,451.3186,0.904074427,6397.0,1.45,1.1,272.655,,3.158866392,
XO-5 b,XO-5,1,1,Transit,2008.0,4.1877558,0.011460252,0.0515,0.0,12.78,378.2,0.998344804,5430.0,1.13,1.04,276.211,1226.44172,0.995969537,375.5187246
XO-6 b,XO-6,1,1,Transit,2016.0,3.7650007,0.019190122,0.0815,0.0,23.20263,1398.452,0.616861292,6720.0,1.93,1.47,235.479,1576.814489,6.815246371,1026.044845
XO-7 b,XO-7,1,1,Transit,2019.0,2.8641424,0.007842285,0.04421,0.038,15.389957,225.34147,0.340628124,6250.0,1.48,1.405,234.149,1743.66117,2.998702282,1534.236535
YZ Cet b,YZ Cet,1,3,Radial Velocity,2017.0,2.02087,0.00554286,0.01634,0.06,,0.7,,3151.0,0.157,0.142,3.71207,470.9596303,0.002180132,8.165422536
YZ Cet c,YZ Cet,1,3,Radial Velocity,2017.0,3.05989,0.008400961,0.02156,0.0,,1.14,,3151.0,0.157,0.142,3.71207,410.0013906,0.002180132,4.690134038
YZ Cet d,YZ Cet,1,3,Radial Velocity,2017.0,4.65626,0.012774728,0.02851,0.07,,1.09,,3151.0,0.157,0.142,3.71207,356.5423309,0.002180132,2.682182551
ZTF J1230-2655 b,ZTF J1230-2655,1,1,Transit,2025.0,0.23597766,0.0,,,13.78704626,7024.007795,14.76804086,10000.0,0.0123,0.646,186.69,,0.001357376,
ZTF J1828+2308 b,ZTF J1828+2308,1,1,Transit,2025.0,0.1120067,0.0,,,11.13051784,6356.56814,25.39967709,15900.0,0.0131,0.61,201.827,,0.009840585,
alf Ari b,alf Ari,1,1,Radial Velocity,2010.0,380.8,1.073312629,1.2,0.25,,572.07,,4553.0,13.9,1.5,20.21019,747.1811485,74.49207155,51.73060524
alf Tau b,alf Tau,2,1,Radial Velocity,2015.0,628.96,1.659548931,1.46,0.1,,2056.3601,,4055.0,45.1,1.13,20.4332,1086.711293,493.4082058,231.4731684
b Cen AB b,b Cen A,2,1,Imaging,2021.0,1790000.0,5590.24501,556.0,0.4,,3464.329636,,,,5.5,98.0935,0.0,0.0,0.0
bet Cnc b,bet Cnc,2,1,Radial Velocity,2014.0,605.2,1.7,1.7,0.08,,2479.0,,4092.1,47.2,1.7,89.0472,1039.69093,560.4782964,193.9371268
bet Pic b,bet Pic,1,2,Imaging,2008.0,8617.50952,23.66678768,10.018,0.106,,3727.809386,,,,1.795,19.7442,0.0,0.0,0.0
bet Pic c,bet Pic,1,2,Radial Velocity,2019.0,1192.77951,3.274688273,2.68,0.314,,3222.462219,,,,1.795,19.7442,0.0,0.0,0.0
bet UMi b,bet UMi,1,1,Radial Velocity,2014.0,522.3,1.4,1.4,0.19,,1938.7,,4126.0,38.3,1.4,38.77472,1040.58143,381.4207295,194.602413
eps CrB b,eps CrB,1,1,Radial Velocity,2012.0,417.9,1.136817022,1.3,0.11,,2129.461,,4406.0,21.0,1.7,69.8683,853.8743006,149.1098766,88.23069619
eps Eri b,eps Eri,1,1,Radial Velocity,2000.0,2671.0,7.324114614,3.53,0.07,,209.7667486,,,,0.82,3.2026,0.0,0.0,0.0
eps Ind A b,eps Ind A,3,1,Radial Velocity,2019.0,,173.6083917,28.4,0.4,,2005.497248,,4760.0,0.679,0.76,3.63857,35.48903157,0.212352417,0.000263282
eps Tau b,eps Tau,1,1,Radial Velocity,2006.0,585.82,1.6053762,1.878,0.076,,2285.186246,,4877.0,12.35,2.57,47.52852,603.045275,77.41672363,21.95045928
gam Cep b,gam Cep,2,1,Radial Velocity,2003.0,913.0,0.0,,0.15,,2097.667486,,4775.0,4.74,1.27,14.1024,,10.47948733,
gam Lib b,gam Lib,1,2,Radial Velocity,2018.0,414.88,1.135421705,1.319,0.16,,357.8747863,,4879.0,12.38,1.78,47.4017,720.7426484,77.92098105,44.78832497
gam Lib c,gam Lib,1,2,Radial Velocity,2018.0,966.49,2.645209942,2.318,0.065,,1662.560397,,4879.0,12.38,1.78,47.4017,543.6831873,77.92098105,14.50198824
gam Psc b,gam Psc,1,1,Radial Velocity,2021.0,555.1,1.524204711,1.32,0.204,,425.8900654,,4742.0,11.2,0.99,41.3107,666.0319667,56.90783896,32.66060547
gam1 Leo b,gam1 Leo,2,1,Radial Velocity,2009.0,428.5,1.170490482,1.19,0.144,,2790.43,,4330.0,31.88,1.23,39.8883,1080.649982,320.536921,226.3518967
iot Dra b,iot Dra,1,2,Radial Velocity,2002.0,510.8544,1.411360833,1.453,0.701,,3756.731771,,4504.0,11.79,1.54,31.32832,618.6342433,51.32287629,24.30970893
iot Dra c,iot Dra,1,2,Radial Velocity,2022.0,25000.0,68.85607048,19.4,0.455,,4958.123149,,4504.0,11.79,1.54,31.32832,169.3034851,51.32287629,0.136366448
kap And b,kap And,1,1,Imaging,2012.0,,252.963208,55.0,,,4327.36,,10900.0,,2.6,50.0177,0.0,0.0,0.0
kap CrB b,kap CrB,1,1,Radial Velocity,2007.0,1253.68,3.427553107,2.5,0.04,,483.7348355,,4840.0,4.68,1.33,30.0651,319.3079727,10.78358095,1.725372951
mu Leo b,mu Leo,1,1,Radial Velocity,2014.0,357.8,0.941983722,1.1,0.09,,762.8,,4538.2,11.4,1.5,32.6081,704.451654,49.45771852,40.87414754
mu2 Sco b,mu2 Sco,1,1,Imaging,2022.0,,1251.060255,242.4,0.56,,4576.729061,,21700.0,5.6,9.1,,159.0372722,6238.854242,0.106179239
nu Oct A b,nu Oct A,2,1,Radial Velocity,2016.0,402.4,1.102002809,1.24,0.195,,696.0442113,,4910.0,5.04,1.57,21.1999,477.3065524,13.24576029,8.614568348
nu Oph b,nu Oph,1,2,Radial Velocity,2012.0,529.93,1.451432391,1.765,0.126,,6848.566514,,4887.0,12.24,2.61,46.2107,620.5434154,76.66939596,24.61119051
nu Oph c,nu Oph,1,2,Radial Velocity,2012.0,3180.6,8.711056474,5.829,0.179,,7530.308447,,4887.0,12.24,2.61,46.2107,341.4660249,76.66939596,2.256492691
ome Ser b,ome Ser,2,1,Radial Velocity,2013.0,278.59,0.763317714,0.838,0.18,,233.9217076,,4724.0,10.99,1.01,76.7556,824.8941135,53.96656683,76.84874036
omi CrB b,omi CrB,1,1,Radial Velocity,2012.0,187.01,0.512559264,0.699,0.105,,355.9678158,,4769.0,11.87,1.3,84.7883,947.6011359,65.38837997,133.8277653
omi UMa b,omi UMa,2,1,Radial Velocity,2012.0,1569.81,4.29963526,3.691,0.149,,1160.391514,,5075.0,13.84,2.72,54.9149,473.8529052,114.0003584,8.367931688
pi Men c,HD 39091,1,3,Transit,2018.0,,0.0,,,,,,,,,,,0.0,
pi Men d,HD 39091,1,3,Radial Velocity,2022.0,124.64,0.0,,0.22,,13.38,,5998.0,1.19,1.07,18.2702,,1.644408142,
psi1 Dra B b,psi1 Dra B,3,1,Radial Velocity,2015.0,3117.0,8.547362215,4.43,0.4,,486.2799,,6212.0,,1.19,22.7188,0.0,0.0,0.0
rho CrB b,rho CrB,1,4,Radial Velocity,1997.0,39.8438,0.109134664,0.2245,0.038,,347.3864489,,5817.0,1.34,0.95,17.4671,685.2590328,1.844572382,36.59847684
rho CrB c,rho CrB,1,4,Radial Velocity,2016.0,102.19,0.279860818,0.4206,0.096,,28.2,,5817.0,1.34,0.95,17.4671,500.6431835,1.844572382,10.42694698
rho CrB d,rho CrB,1,4,Radial Velocity,2023.0,282.2,0.771607538,0.827,0.0,,21.6,,5817.0,1.34,0.95,17.4671,357.0345025,1.844572382,2.697023203
rho CrB e,rho CrB,1,4,Radial Velocity,2023.0,12.949,0.035457758,0.1061,0.126,,3.79,,5817.0,1.34,0.95,17.4671,996.7936201,1.844572382,163.8569754
tau Boo b,tau Boo,2,1,Radial Velocity,1996.0,3.3124568,0.009440764,0.049,0.011,,1373.0256,,6466.27,1.42588,1.32,15.6521,1681.933273,3.189122074,1328.247428
tau Cet e,tau Cet,1,4,Radial Velocity,2017.0,162.87,0.445956535,0.538,0.18,,3.93,,,,0.783,3.60304,0.0,0.0,0.0
tau Cet f,tau Cet,1,4,Radial Velocity,2017.0,636.13,1.741216858,1.334,0.16,,3.93,,,,0.783,3.60304,0.0,0.0,0.0
tau Cet g,tau Cet,1,4,Radial Velocity,2017.0,20.0,0.054814642,0.133,0.06,,1.75,,,,0.783,3.60304,0.0,0.0,0.0
tau Cet h,tau Cet,1,4,Radial Velocity,2017.0,49.41,0.135371902,0.243,0.23,,1.83,,,,0.783,3.60304,0.0,0.0,0.0
tau Gem b,tau Gem,1,1,Radial Velocity,2013.0,305.5,0.834477968,1.17,0.031,,6547.0,,4388.0,26.8,2.3,112.537,1012.634137,238.9053711,174.523611
ups And b,ups And,2,3,Radial Velocity,1996.0,4.617033,0.012640062,0.05922166,0.0215,,218.531,,,1.56,1.3,13.4054,0.0,0.0,0.0
ups And c,ups And,2,3,Radial Velocity,1999.0,241.258,0.660535245,0.827774,0.2596,,629.595,,,1.56,1.3,13.4054,0.0,0.0,0.0
ups And d,ups And,2,3,Radial Velocity,1999.0,1276.46,3.494557805,2.51329,0.2987,,1313.22,,,1.56,1.3,13.4054,0.0,0.0,0.0
ups Leo b,ups Leo,1,1,Radial Velocity,2021.0,385.2,1.053639766,1.18,0.32,,162.0924876,,4836.0,11.22,1.48,52.5973,719.0402399,61.77613489,44.36665821
xi Aql b,xi Aql,1,1,Radial Velocity,2007.0,136.97,0.374580704,0.625,0.059,,616.904938,,4841.0,10.86,1.74,56.1858,973.0193236,58.11521262,148.7749443
