pl_name,sy_plx
11 Com b,10.7104
11 Com b,10.7104
11 Com b,10.7104
11 UMi b,7.95388
11 UMi b,7.95388
11 UMi b,7.95388
14 And b,13.2289
14 And b,13.2289
14 And b,13.2289
14 Her b,55.7363
14 Her b,55.7363
14 Her b,55.7363
14 Her b,55.7363
14 Her b,55.7363
14 Her b,55.7363
14 Her b,55.7363
14 Her b,55.7363
16 Cyg B b,47.2754
16 Cyg B b,47.2754
16 Cyg B b,47.2754
16 Cyg B b,47.2754
16 Cyg B b,47.2754
16 Cyg B b,47.2754
17 Sco b,7.9805
18 Del b,13.0922
18 Del b,13.0922
18 Del b,13.0922
1RXS J160929.1-210524 b,7.15949
1RXS J160929.1-210524 b,7.15949
1RXS J160929.1-210524 b,7.15949
1RXS J160929.1-210524 b,7.15949
24 Boo b,10.39
24 Boo b,10.39
24 Sex b,13.8488
24 Sex c,13.8488
2M0437 b,7.75524
2MASS J01225093-2439505 b,29.5326
2MASS J01225093-2439505 b,29.5326
2MASS J0249-0557 c,15.1097
2MASS J03590986+2009361 b,8.49183
2MASS J11550485-7919108 b,9.88618
2MASS J12073346-3932539 b,15.5242
2MASS J12073346-3932539 b,15.5242
2MASS J19383260+4603591 b,2.49522
2MASS J19383260+4603591 b,2.49522
2MASS J21252752-8138278 b,29.2836
2MASS J22362452+4751425 b,14.3444
2MASS J22501512+2325342 b,17.4443
4 UMa b,13.5901
4 UMa b,13.5901
47 UMa b,72.4528
47 UMa b,72.4528
47 UMa b,72.4528
47 UMa b,72.4528
47 UMa b,72.4528
47 UMa b,72.4528
47 UMa c,72.4528
47 UMa c,72.4528
47 UMa c,72.4528
47 UMa c,72.4528
47 UMa d,72.4528
47 UMa d,72.4528
51 Eri b,33.577
51 Eri b,33.577
51 Eri b,33.577
51 Eri b,33.577
51 Eri b,33.577
51 Peg b,64.6488
51 Peg b,64.6488
51 Peg b,64.6488
51 Peg b,64.6488
51 Peg b,64.6488
55 Cnc B b,80.1166
55 Cnc B c,80.1166
55 Cnc b,79.4274
55 Cnc b,79.4274
55 Cnc b,79.4274
55 Cnc b,79.4274
55 Cnc b,79.4274
55 Cnc b,79.4274
55 Cnc b,79.4274
55 Cnc b,79.4274
55 Cnc b,79.4274
55 Cnc b,79.4274
55 Cnc b,79.4274
55 Cnc b,79.4274
55 Cnc b,79.4274
55 Cnc b,79.4274
55 Cnc c,79.4274
55 Cnc c,79.4274
55 Cnc c,79.4274
55 Cnc c,79.4274
55 Cnc c,79.4274
55 Cnc c,79.4274
55 Cnc c,79.4274
55 Cnc c,79.4274
55 Cnc c,79.4274
55 Cnc c,79.4274
55 Cnc d,79.4274
55 Cnc d,79.4274
55 Cnc d,79.4274
55 Cnc d,79.4274
55 Cnc d,79.4274
55 Cnc d,79.4274
55 Cnc d,79.4274
55 Cnc d,79.4274
55 Cnc d,79.4274
55 Cnc d,79.4274
55 Cnc d,79.4274
55 Cnc d,79.4274
55 Cnc e,79.4274
55 Cnc e,79.4274
55 Cnc e,79.4274
55 Cnc e,79.4274
55 Cnc e,79.4274
55 Cnc e,79.4274
55 Cnc e,79.4274
55 Cnc e,79.4274
55 Cnc e,79.4274
55 Cnc e,79.4274
55 Cnc e,79.4274
55 Cnc e,79.4274
55 Cnc e,79.4274
55 Cnc e,79.4274
55 Cnc e,79.4274
55 Cnc e,79.4274
55 Cnc e,79.4274
55 Cnc e,79.4274
55 Cnc e,79.4274
55 Cnc e,79.4274
55 Cnc e,79.4274
55 Cnc f,79.4274
55 Cnc f,79.4274
55 Cnc f,79.4274
55 Cnc f,79.4274
55 Cnc f,79.4274
55 Cnc f,79.4274
55 Cnc f,79.4274
55 Cnc f,79.4274
55 Cnc f,79.4274
6 Lyn b,18.2668
6 Lyn b,18.2668
6 Lyn b,18.2668
6 Lyn b,18.2668
61 Vir b,117.573
61 Vir b,117.573
61 Vir b,117.573
61 Vir c,117.573
61 Vir c,117.573
61 Vir c,117.573
61 Vir d,117.573
61 Vir d,117.573
7 CMa b,50.4571
7 CMa b,50.4571
7 CMa b,50.4571
7 CMa b,50.4571
7 CMa c,50.4571
7 CMa c,50.4571
70 Vir b,55.8347
70 Vir b,55.8347
70 Vir b,55.8347
70 Vir b,55.8347
70 Vir b,55.8347
70 Vir b,55.8347
75 Cet b,12.0264
75 Cet b,12.0264
75 Cet c,12.0264
8 UMi b,6.12304
8 UMi b,6.12304
8 UMi b,6.12304
81 Cet b,9.84895
81 Cet b,9.84895
81 Cet b,9.84895
91 Aqr b,22.6884
AB Aur b,6.13996
AB Pic b,19.9521
AF Lep b,37.2061
AF Lep b,37.2061
AF Lep b,37.2061
AF Lep b,37.2061
AF Lep b,37.2061
AU Mic b,102.829
AU Mic b,102.829
AU Mic b,102.829
AU Mic b,102.829
AU Mic b,102.829
AU Mic b,102.829
AU Mic b,102.829
AU Mic b,102.829
AU Mic b,102.829
AU Mic b,102.829
AU Mic b,102.829
AU Mic b,102.829
AU Mic b,102.829
AU Mic b,102.829
AU Mic c,102.829
AU Mic c,102.829
AU Mic c,102.829
AU Mic c,102.829
AU Mic c,102.829
AU Mic c,102.829
AU Mic c,102.829
AU Mic c,102.829
AU Mic c,102.829
AU Mic d,102.829
AU Mic e,102.829
AU Mic e,102.829
BD+03 2562 b,0.903403
BD+05 4868 A b,22.9235
BD+14 4559 b,20.2337
BD+14 4559 b,20.2337
BD+15 2375 b,1.27327
BD+15 2940 b,2.31689
BD+20 2457 b,0.598497
BD+20 2457 b,0.598497
BD+20 2457 c,0.598497
BD+20 274 b,0.722619
BD+20 594 b,5.54366
BD+20 594 b,5.54366
BD+20 594 b,5.54366
BD+37 3172 b,2.17277
BD+42 2315 b,1.60885
BD+45 564 b,18.6205
BD+48 738 b,1.12086
BD+48 740 b,1.47289
BD+49 828 b,2.2342
BD+55 362 b,18.9935
BD+60 1417 b,22.2159
BD+63 1405 b,26.2541
BD+63 1405 b,26.2541
BD-06 1339 b,49.3062
BD-06 1339 b,49.3062
BD-06 1339 c,49.3062
BD-08 2823 b,24.1641
BD-08 2823 b,24.1641
BD-08 2823 b,24.1641
BD-08 2823 c,24.1641
BD-10 3166 b,11.8187
BD-10 3166 b,11.8187
BD-10 3166 b,11.8187
BD-10 3166 b,11.8187
BD-11 4672 b,36.7812
BD-11 4672 b,36.7812
BD-11 4672 c,36.7812
BD-13 2130 b,1.05402
BD-13 2130 b,1.05402
BD-14 3065 b,1.66848
BD-14 3065 b,1.66848
BD-17 63 b,28.9903
BD-17 63 b,28.9903
BD-17 63 b,28.9903
BD-17 63 b,28.9903
BD-210397 b,42.1075
BD-210397 c,42.1075
BD-210397 c,42.1075
BD-210397 c,42.1075
BEBOP-3 b,8.37084
BEBOP-4 AB b,4.23969
Barnard b,547.451
Barnard b,547.451
Barnard c,547.451
Barnard d,547.451
Barnard e,547.451
CD Cet b,116.154
CD-35 2722 b,44.6346
CD-35 2722 b,44.6346
CHXR 73 b,5.23435
CI Tau c,6.30079
COCONUTS-2 b,91.8291
COCONUTS-2 b,91.8291
CT Cha b,5.21444
CoRoT-1 b,1.24176
CoRoT-1 b,1.24176
CoRoT-1 b,1.24176
CoRoT-1 b,1.24176
CoRoT-1 b,1.24176
CoRoT-1 b,1.24176
CoRoT-1 b,1.24176
CoRoT-10 b,2.92694
CoRoT-10 b,2.92694
CoRoT-10 b,2.92694
CoRoT-10 b,2.92694
CoRoT-11 b,1.50071
CoRoT-11 b,1.50071
CoRoT-11 b,1.50071
CoRoT-11 b,1.50071
CoRoT-11 b,1.50071
CoRoT-11 b,1.50071
CoRoT-11 b,1.50071
CoRoT-12 b,0.861234
CoRoT-12 b,0.861234
CoRoT-12 b,0.861234
CoRoT-12 b,0.861234
CoRoT-12 b,0.861234
CoRoT-12 b,0.861234
CoRoT-13 b,0.843947
CoRoT-13 b,0.843947
CoRoT-13 b,0.843947
CoRoT-13 b,0.843947
CoRoT-13 b,0.843947
CoRoT-14 b,0.547358
CoRoT-14 b,0.547358
CoRoT-14 b,0.547358
CoRoT-16 b,1.34056
CoRoT-16 b,1.34056
CoRoT-17 b,0.82338
CoRoT-17 b,0.82338
CoRoT-17 b,0.82338
CoRoT-18 b,1.28063
CoRoT-18 b,1.28063
CoRoT-18 b,1.28063
CoRoT-18 b,1.28063
CoRoT-18 b,1.28063
CoRoT-18 b,1.28063
CoRoT-19 b,1.23764
CoRoT-19 b,1.23764
CoRoT-19 b,1.23764
CoRoT-19 b,1.23764
CoRoT-19 b,1.23764
CoRoT-19 b,1.23764
CoRoT-2 b,4.66076
CoRoT-2 b,4.66076
CoRoT-2 b,4.66076
CoRoT-2 b,4.66076
CoRoT-2 b,4.66076
CoRoT-2 b,4.66076
CoRoT-2 b,4.66076
CoRoT-2 b,4.66076
CoRoT-2 b,4.66076
CoRoT-2 b,4.66076
CoRoT-2 b,4.66076
CoRoT-2 b,4.66076
CoRoT-2 b,4.66076
CoRoT-20 b,1.15699
CoRoT-20 b,1.15699
CoRoT-20 b,1.15699
CoRoT-20 b,1.15699
CoRoT-20 b,1.15699
CoRoT-20 b,1.15699
CoRoT-20 c,1.15699
CoRoT-22 b,1.56624
CoRoT-23 b,0.91542
CoRoT-23 b,0.91542
CoRoT-23 b,0.91542
CoRoT-24 b,1.66329
CoRoT-24 c,1.66329
CoRoT-25 b,0.878853
CoRoT-25 b,0.878853
CoRoT-27 b,0.96604
CoRoT-27 b,0.96604
CoRoT-28 b,1.27685
CoRoT-28 b,1.27685
CoRoT-29 b,1.21562
CoRoT-29 b,1.21562
CoRoT-29 b,1.21562
CoRoT-3 b,1.27472
CoRoT-3 b,1.27472
CoRoT-3 b,1.27472
CoRoT-3 b,1.27472
CoRoT-3 b,1.27472
CoRoT-30 b,0.942447
CoRoT-31 b,0.470026
CoRoT-32 b,1.70589
CoRoT-32 b,1.70589
CoRoT-35 b,0.863975
CoRoT-36 b,1.05227
CoRoT-4 b,1.34844
CoRoT-4 b,1.34844
CoRoT-4 b,1.34844
CoRoT-4 b,1.34844
CoRoT-5 b,1.1054
CoRoT-5 b,1.1054
CoRoT-5 b,1.1054
CoRoT-5 b,1.1054
CoRoT-5 b,1.1054
CoRoT-5 b,1.1054
CoRoT-6 b,1.52152
CoRoT-6 b,1.52152
CoRoT-6 b,1.52152
CoRoT-6 b,1.52152
CoRoT-7 b,6.22504
CoRoT-7 b,6.22504
CoRoT-7 b,6.22504
CoRoT-7 b,6.22504
CoRoT-7 b,6.22504
CoRoT-7 b,6.22504
CoRoT-7 b,6.22504
CoRoT-7 b,6.22504
CoRoT-7 c,6.22504
CoRoT-7 c,6.22504
CoRoT-7 c,6.22504
CoRoT-7 d,6.22504
CoRoT-8 b,3.07662
CoRoT-8 b,3.07662
CoRoT-8 b,3.07662
CoRoT-8 b,3.07662
CoRoT-9 b,2.39295
CoRoT-9 b,2.39295
CoRoT-9 b,2.39295
CoRoT-9 b,2.39295
CoRoT-9 b,2.39295
DE CVn b,32.7338
DH Tau b,7.38799
DH Tau b,7.38799
DMPP-1 b,15.9613
DMPP-1 b,15.9613
DMPP-1 c,15.9613
DMPP-1 c,15.9613
DMPP-1 d,15.9613
DMPP-1 d,15.9613
DMPP-1 e,15.9613
DMPP-2 b,7.22084
DMPP-2 b,7.22084
DMPP-2 c,7.22084
DMPP-2 d,7.22084
DMPP-3 A b,21.2977
DMPP-3 A b,22.11
DMPP-3 A b,22.11
DMPP-4 b,39.4525
DMPP-6 b,18.2759
DMPP-6 c,18.2759
DMPP-7 b,9.83482
DMPP-8 b,13.106
DMPP-9 b,9.10029
DP Leo b,3.27807
DP Leo b,3.27807
DS Tuc A b,22.6663
DS Tuc A b,22.6663
DS Tuc A b,22.6663
EPIC 201238110 b,6.25088
EPIC 201238110 b,6.25088
EPIC 201427007 b,1.38704
EPIC 201497682 b,3.92339
EPIC 201595106 b,4.28034
EPIC 201595106 b,4.28034
EPIC 201595106 b,4.28034
EPIC 201595106 b,4.28034
EPIC 201615463 c,2.06877
EPIC 201754305 d,2.95691
EPIC 201833600 c,3.85616
EPIC 201833600 c,3.85616
EPIC 201841433 b,2.26274
EPIC 201841433 b,2.26274
EPIC 201841433 b,2.26274
EPIC 205950854 c,4.07235
EPIC 205950854 c,4.07235
EPIC 205950854 c,4.07235
EPIC 206024342 b,2.67518
EPIC 206024342 b,2.67518
EPIC 206024342 c,2.67518
EPIC 206024342 c,2.67518
EPIC 206024342 c,2.67518
EPIC 206024342 d,2.67518
EPIC 206024342 d,2.67518
EPIC 206024342 d,2.67518
EPIC 206024342 d,2.67518
EPIC 206032309 b,6.1694
EPIC 206042996 b,2.18689
EPIC 206042996 b,2.18689
EPIC 206042996 b,2.18689
EPIC 206042996 c,2.18689
EPIC 206042996 c,2.18689
EPIC 206215704 b,9.0727
EPIC 206215704 b,9.0727
EPIC 206215704 b,9.0727
EPIC 206317286 b,3.15254
EPIC 206317286 b,3.15254
EPIC 206317286 c,3.15254
EPIC 206317286 c,3.15254
EPIC 206317286 c,3.15254
EPIC 211822797 b,5.34209
EPIC 211822797 b,5.34209
EPIC 211822797 b,5.34209
EPIC 211822797 b,5.34209
EPIC 211822797 b,5.34209
EPIC 211822797 b,5.34209
EPIC 211945201 b,5.47529
EPIC 211945201 b,5.47529
EPIC 211945201 b,5.47529
EPIC 211945201 b,5.47529
EPIC 211945201 b,5.47529
EPIC 211945201 b,5.47529
EPIC 211945201 b,5.47529
EPIC 211945201 b,5.47529
EPIC 211945201 b,5.47529
EPIC 211945201 b,5.47529
EPIC 211945201 b,5.47529
EPIC 212297394 b,2.36212
EPIC 212297394 b,2.36212
EPIC 212297394 b,2.36212
EPIC 212297394 c,2.36212
EPIC 212297394 c,2.36212
EPIC 212297394 c,2.36212
EPIC 212424622 b,1.606
EPIC 212424622 b,1.606
EPIC 212499991 b,3.50124
EPIC 212587672 b,3.09713
EPIC 212587672 b,3.09713
EPIC 212587672 b,3.09713
EPIC 212587672 c,3.09713
EPIC 212587672 c,3.09713
EPIC 212587672 c,3.09713
EPIC 212587672 c,3.09713
EPIC 212587672 c,3.09713
EPIC 212587672 c,3.09713
EPIC 212624936 b,1.75111
EPIC 212624936 c,1.75111
EPIC 212624936 c,1.75111
EPIC 212737443 b,2.94582
EPIC 212737443 b,2.94582
EPIC 212737443 b,2.94582
EPIC 212737443 c,2.94582
EPIC 220492298 b,1.57248
EPIC 220554210 c,1.98627
EPIC 220554210 c,1.98627
EPIC 220554210 c,1.98627
EPIC 220674823 b,4.06029
EPIC 220674823 b,4.06029
EPIC 220674823 b,4.06029
EPIC 220674823 b,4.06029
EPIC 220674823 b,4.06029
EPIC 220674823 b,4.06029
EPIC 220674823 b,4.06029
EPIC 220674823 b,4.06029
EPIC 220674823 b,4.06029
EPIC 220674823 b,4.06029
EPIC 220674823 b,4.06029
EPIC 220674823 b,4.06029
EPIC 220674823 c,4.06029
EPIC 220674823 c,4.06029
EPIC 220674823 c,4.06029
EPIC 220674823 c,4.06029
EPIC 220674823 c,4.06029
EPIC 220674823 c,4.06029
EPIC 220674823 c,4.06029
EPIC 220674823 c,4.06029
EPIC 220674823 c,4.06029
EPIC 220674823 c,4.06029
EPIC 220674823 c,4.06029
EPIC 228836835 b,6.63375
EPIC 228836835 b,6.63375
EPIC 229004835 b,8.17036
EPIC 229004835 b,8.17036
EPIC 229004835 b,8.17036
EPIC 229004835 b,8.17036
EPIC 246851721 b,2.66391
EPIC 246851721 b,2.66391
EPIC 246851721 b,2.66391
EPIC 248847494 b,1.78346
EPIC 249893012 b,3.08429
EPIC 249893012 c,3.08429
EPIC 249893012 d,3.08429
G 192-15 b,104.89
G 192-15 c,104.89
G 196-3 b,45.8611
G 261-6 b,94.0738
G 264-012 b,62.4358
G 264-012 c,62.4358
G 9-40 b,35.7781
G 9-40 b,35.7781
G 9-40 b,35.7781
G 9-40 b,35.7781
G 9-40 b,35.7781
GJ 1002 b,206.213
GJ 1002 c,206.213
GJ 1061 b,272.245
GJ 1061 b,272.245
GJ 1061 c,272.245
GJ 1061 c,272.245
GJ 1061 d,272.245
GJ 1061 d,272.245
GJ 1132 b,79.2543
GJ 1132 b,79.2543
GJ 1132 b,79.2543
GJ 1132 b,79.2543
GJ 1132 b,79.2543
GJ 1132 b,79.2543
GJ 1132 b,79.2543
GJ 1132 b,79.2543
GJ 1132 c,79.2543
GJ 1148 b,90.7623
GJ 1148 b,90.7623
GJ 1148 b,90.7623
GJ 1148 c,90.7623
GJ 1148 c,90.7623
GJ 1151 c,124.407
GJ 1214 b,68.2653
GJ 1214 b,68.2653
GJ 1214 b,68.2653
GJ 1214 b,68.2653
GJ 1214 b,68.2653
GJ 1214 b,68.2653
GJ 1214 b,68.2653
GJ 1214 b,68.2653
GJ 1214 b,68.2653
GJ 1214 b,68.2653
GJ 1214 b,68.2653
GJ 1214 b,68.2653
GJ 1214 b,68.2653
GJ 1214 b,68.2653
GJ 1214 b,68.2653
GJ 1214 b,68.2653
GJ 1214 b,68.2653
GJ 1214 b,68.2653
GJ 1214 b,68.2653
GJ 1214 b,68.2653
GJ 1252 b,49.0558
GJ 1252 b,49.0558
GJ 1252 b,49.0558
GJ 1252 b,49.0558
GJ 1252 b,49.0558
GJ 1252 b,49.0558
GJ 1265 b,97.5087
GJ 1289 b,119.711
GJ 143 b,61.2455
GJ 143 b,61.2455
GJ 143 b,61.2455
GJ 15 A b,280.69
GJ 15 A b,280.69
GJ 15 A b,280.69
GJ 15 A c,280.69
GJ 160.2 b,38.6473
GJ 163 b,66.0714
GJ 163 c,66.0714
GJ 163 d,66.0714
GJ 179 b,80.9036
GJ 179 b,80.9036
GJ 179 b,80.9036
GJ 180 b,83.7182
GJ 180 b,83.7182
GJ 180 c,83.7182
GJ 180 d,83.7182
GJ 2030 b,26.9407
GJ 2030 c,26.9407
GJ 2056 b,35.1286
GJ 2126 b,26.1982
GJ 229 A c,173.696
GJ 229 A c,173.696
GJ 229 b,173.696
GJ 229 b,173.696
GJ 229 b,173.696
GJ 238 b,65.6992
GJ 238 b,65.6992
GJ 251 b,179.164
GJ 251 b,179.164
GJ 251 c,179.164
GJ 27.1 b,42.3328
GJ 273 b,263.26
GJ 273 c,263.26
GJ 3021 b,56.9319
GJ 3082 b,60.1445
GJ 3090 b,44.4649
GJ 3090 b,44.4649
GJ 3090 b,44.4649
GJ 3090 b,44.4649
GJ 3090 c,44.4649
GJ 3138 b,35.0943
GJ 3138 c,35.0943
GJ 3138 d,35.0943
GJ 317 b,65.7744
GJ 317 b,65.7744
GJ 317 b,65.7744
GJ 317 b,65.7744
GJ 317 b,65.7744
GJ 317 c,65.7744
GJ 317 c,65.7744
GJ 317 c,65.7744
GJ 317 c,65.7744
GJ 317 c,65.7744
GJ 3222 b,54.8301
GJ 328 b,48.6883
GJ 328 b,48.6883
GJ 328 c,48.6883
GJ 3293 b,49.4999
GJ 3293 b,49.4999
GJ 3293 c,49.4999
GJ 3293 c,49.4999
GJ 3293 d,49.4999
GJ 3293 e,49.4999
GJ 3323 b,186.023
GJ 3323 c,186.023
GJ 3341 b,42.3099
GJ 338 B b,157.885
GJ 338 B b,157.885
GJ 341 b,95.6279
GJ 341 b,95.6279
GJ 3470 b,33.9601
GJ 3470 b,33.9601
GJ 3470 b,33.9601
GJ 3470 b,33.9601
GJ 3470 b,33.9601
GJ 3470 b,33.9601
GJ 3470 b,33.9601
GJ 3470 b,33.9601
GJ 3470 b,33.9601
GJ 3470 b,33.9601
GJ 3470 b,33.9601
GJ 3473 b,36.515
GJ 3473 b,36.515
GJ 3473 c,36.515
GJ 3512 b,105.386
GJ 3512 b,105.386
GJ 3512 b,105.386
GJ 3512 c,105.386
GJ 3512 c,105.386
GJ 357 b,105.883
GJ 357 b,105.883
GJ 357 b,105.883
GJ 357 b,105.883
GJ 357 b,105.883
GJ 357 c,105.883
GJ 357 d,105.883
GJ 3634 b,49.044
GJ 367 b,106.211
GJ 367 b,106.211
GJ 367 b,106.211
GJ 367 c,106.211
GJ 367 d,106.211
GJ 3779 b,72.7352
GJ 3929 b,63.224
GJ 3929 b,63.224
GJ 3929 b,63.224
GJ 3929 c,63.224
GJ 393 b,142.188
GJ 3942 b,59.0421
GJ 3988 b,100.874
GJ 3998 b,55.0799
GJ 3998 b,55.0799
GJ 3998 c,55.0799
GJ 3998 c,55.0799
GJ 3998 d,55.0799
GJ 411 b,392.4
GJ 411 b,392.4
GJ 411 b,392.4
GJ 411 b,392.4
GJ 411 b,392.4
GJ 414 A b,84.0803
GJ 414 A b,84.0803
GJ 414 A c,84.0803
GJ 414 A c,84.0803
GJ 422 b,78.9409
GJ 422 b,78.9409
GJ 4274 b,138.178
GJ 4274 c,138.178
GJ 4276 b,46.8399
GJ 433 b,110.291
GJ 433 b,110.291
GJ 433 b,110.291
GJ 433 b,110.291
GJ 433 c,110.291
GJ 433 c,110.291
GJ 433 d,110.291
GJ 436 b,102.501
GJ 436 b,102.501
GJ 436 b,102.501
GJ 436 b,102.501
GJ 436 b,102.501
GJ 436 b,102.501
GJ 436 b,102.501
GJ 436 b,102.501
GJ 436 b,102.501
GJ 436 b,102.501
GJ 436 b,102.501
GJ 436 b,102.501
GJ 436 b,102.501
GJ 436 b,102.501
GJ 436 b,102.501
GJ 436 b,102.501
GJ 436 b,102.501
GJ 436 b,102.501
GJ 436 b,102.501
GJ 436 b,102.501
GJ 436 b,102.501
GJ 436 b,102.501
GJ 436 b,102.501
GJ 436 b,102.501
GJ 463 b,54.4509
GJ 463 b,54.4509
GJ 463 b,54.4509
GJ 463 b,54.4509
GJ 480 b,70.2164
GJ 480 b,70.2164
GJ 486 b,123.821
GJ 486 b,123.821
GJ 486 b,123.821
GJ 486 b,123.821
GJ 504 b,57.0186
GJ 504 b,57.0186
GJ 508.2 b,60.0765
GJ 514 b,131.243
GJ 536 b,96.0398
GJ 536 b,96.0398
GJ 536 b,96.0398
GJ 536 c,96.0398
GJ 581 b,158.749
GJ 581 b,158.749
GJ 581 b,158.749
GJ 581 b,158.749
GJ 581 b,158.749
GJ 581 b,158.749
GJ 581 b,158.749
GJ 581 c,158.749
GJ 581 c,158.749
GJ 581 c,158.749
GJ 581 c,158.749
GJ 581 c,158.749
GJ 581 c,158.749
GJ 581 e,158.749
GJ 581 e,158.749
GJ 581 e,158.749
GJ 581 e,158.749
GJ 581 e,158.749
GJ 625 b,154.471
GJ 649 b,96.3141
GJ 649 b,96.3141
GJ 649 b,96.3141
GJ 667 C b,138.017
GJ 667 C b,138.017
GJ 667 C b,138.017
GJ 667 C b,138.017
GJ 667 C b,138.017
GJ 667 C c,138.017
GJ 667 C c,138.017
GJ 667 C c,138.017
GJ 667 C c,138.017
GJ 667 C e,138.017
GJ 667 C f,138.017
GJ 667 C g,138.017
GJ 674 b,219.801
GJ 676 A b,62.365
GJ 676 A b,62.365
GJ 676 A b,62.365
GJ 676 A b,62.365
GJ 676 A b,62.365
GJ 676 A c,62.365
GJ 676 A c,62.365
GJ 676 A d,62.365
GJ 676 A d,62.365
GJ 676 A d,62.365
GJ 676 A e,62.365
GJ 676 A e,62.365
GJ 676 A e,62.365
GJ 680 b,103.35
GJ 682 b,199.703
GJ 682 c,199.703
GJ 685 b,69.8254
GJ 687 b,219.781
GJ 687 b,219.781
GJ 687 b,219.781
GJ 687 b,219.781
GJ 687 c,219.781
GJ 720 A b,64.2488
GJ 724 b,58.9132
GJ 740 b,90.0477
GJ 806 b,82.9968
GJ 806 b,82.9968
GJ 806 c,82.9968
GJ 832 b,201.407
GJ 832 b,201.407
GJ 832 b,201.407
GJ 832 b,201.407
GJ 832 b,201.407
GJ 832 b,201.407
GJ 849 b,113.6
GJ 849 b,113.6
GJ 849 b,113.6
GJ 849 b,113.6
GJ 849 b,113.6
GJ 849 b,113.6
GJ 849 b,113.6
GJ 849 c,113.6
GJ 849 c,113.6
GJ 849 c,113.6
GJ 86 b,92.7042
GJ 86 b,92.7042
GJ 86 b,92.7042
GJ 876 b,213.867
GJ 876 b,213.867
GJ 876 b,213.867
GJ 876 b,213.867
GJ 876 b,213.867
GJ 876 b,213.867
GJ 876 b,213.867
GJ 876 b,213.867
GJ 876 b,213.867
GJ 876 c,213.867
GJ 876 c,213.867
GJ 876 c,213.867
GJ 876 c,213.867
GJ 876 c,213.867
GJ 876 c,213.867
GJ 876 c,213.867
GJ 876 d,213.867
GJ 876 d,213.867
GJ 876 d,213.867
GJ 876 d,213.867
GJ 876 d,213.867
GJ 876 d,213.867
GJ 876 d,213.867
GJ 876 e,213.867
GJ 876 e,213.867
GJ 876 e,213.867
GJ 887 b,304.219
GJ 887 b,303.9
GJ 887 b,304.219
GJ 887 c,304.219
GJ 887 c,304.219
GJ 887 c,303.9
GJ 887 d,304.219
GJ 887 e,304.219
GJ 896 A b,159.71
GJ 900 b,48.0331
GJ 9066 c,223.635
GJ 9066 c,223.635
GJ 9404 b,41.8403
GJ 96 b,83.7829
GJ 9689 b,32.6292
GJ 9714 b,48.7229
GJ 9773 b,62.781
GJ 9827 b,33.6855
GJ 9827 b,33.6855
GJ 9827 b,33.6855
GJ 9827 b,33.6855
GJ 9827 b,33.6855
GJ 9827 b,33.6855
GJ 9827 b,33.6855
GJ 9827 b,33.6855
GJ 9827 b,33.6855
GJ 9827 b,33.6855
GJ 9827 c,33.6855
GJ 9827 c,33.6855
GJ 9827 c,33.6855
GJ 9827 c,33.6855
GJ 9827 c,33.6855
GJ 9827 c,33.6855
GJ 9827 c,33.6855
GJ 9827 c,33.6855
GJ 9827 d,33.6855
GJ 9827 d,33.6855
GJ 9827 d,33.6855
GJ 9827 d,33.6855
GJ 9827 d,33.6855
GJ 9827 d,33.6855
GJ 9827 d,33.6855
GJ 9827 d,33.6855
GPX-1 b,1.49895
GPX-1 b,1.49895
GPX-1 b,1.49895
GQ Lup b,6.58678
GQ Lup b,6.58678
GSC 06214-00210 b,9.18797
GSC 06214-00210 b,9.18797
GSC 06214-00210 b,9.18797
GSC 06214-00210 b,9.18797
GU Psc b,21.0019
Gaia-1 b,2.72112
Gaia-1 b,2.72112
Gaia-2 b,4.75066
Gaia-2 b,4.75066
Gaia-4 b,13.5797
Gaia-5 b,24.2541
Gl 378 b,66.8407
Gl 410 b,83.7765
Gl 49 b,101.465
Gl 686 b,122.561
Gl 686 b,122.561
Gl 686 b,122.561
Gl 725 A b,283.949
Gliese 12 b,81.8711
Gliese 12 b,81.8711
Gliese 12 b,81.8711
Gliese 12 b,81.8711
HAT-P-1 b,6.26153
HAT-P-1 b,6.26153
HAT-P-1 b,6.26153
HAT-P-1 b,6.26153
HAT-P-1 b,6.26153
HAT-P-1 b,6.26153
HAT-P-1 b,6.26153
HAT-P-1 b,6.26153
HAT-P-1 b,6.26153
HAT-P-1 b,6.26153
HAT-P-1 b,6.26153
HAT-P-1 b,6.26153
HAT-P-1 b,6.26153
HAT-P-1 b,6.26153
HAT-P-1 b,6.26153
HAT-P-1 b,6.26153
HAT-P-11 b,26.4508
HAT-P-11 b,26.4508
HAT-P-11 b,26.4508
HAT-P-11 b,26.4508
HAT-P-11 b,26.4508
HAT-P-11 b,26.4508
HAT-P-11 b,26.4508
HAT-P-11 b,26.4508
HAT-P-11 b,26.4508
HAT-P-11 b,26.4508
HAT-P-11 b,26.4508
HAT-P-11 b,26.4508
HAT-P-11 b,26.4508
HAT-P-11 b,26.4508
HAT-P-11 b,26.4508
HAT-P-11 b,26.4508
HAT-P-11 b,26.4508
HAT-P-11 b,26.4508
HAT-P-11 b,26.4508
HAT-P-11 b,26.4508
HAT-P-11 b,26.4508
HAT-P-11 b,26.4508
HAT-P-11 c,26.4508
HAT-P-11 c,26.4508
HAT-P-11 c,26.4508
HAT-P-11 c,26.4508
HAT-P-11 c,26.4508
HAT-P-12 b,6.97632
HAT-P-12 b,6.97632
HAT-P-12 b,6.97632
HAT-P-12 b,6.97632
HAT-P-12 b,6.97632
HAT-P-12 b,6.97632
HAT-P-12 b,6.97632
HAT-P-12 b,6.97632
HAT-P-12 b,6.97632
HAT-P-12 b,6.97632
HAT-P-12 b,6.97632
HAT-P-12 b,6.97632
HAT-P-12 b,6.97632
HAT-P-12 b,6.97632
HAT-P-12 b,6.97632
HAT-P-13 b,4.02313
HAT-P-13 b,4.02313
HAT-P-13 b,4.02313
HAT-P-13 b,4.02313
HAT-P-13 b,4.02313
HAT-P-13 b,4.02313
HAT-P-13 b,4.02313
HAT-P-13 b,4.02313
HAT-P-13 b,4.02313
HAT-P-13 b,4.02313
HAT-P-13 b,4.02313
HAT-P-13 b,4.02313
HAT-P-13 b,4.02313
HAT-P-13 c,4.02313
HAT-P-13 c,4.02313
HAT-P-13 c,4.02313
HAT-P-13 c,4.02313
HAT-P-14 b,4.46233
HAT-P-14 b,4.46233
HAT-P-14 b,4.46233
HAT-P-14 b,4.46233
HAT-P-14 b,4.46233
HAT-P-14 b,4.46233
HAT-P-14 b,4.46233
HAT-P-14 b,4.46233
HAT-P-14 b,4.46233
HAT-P-14 b,4.46233
HAT-P-14 b,4.46233
HAT-P-14 b,4.46233
HAT-P-14 b,4.46233
HAT-P-15 b,5.16638
HAT-P-15 b,5.16638
HAT-P-15 b,5.16638
HAT-P-15 b,5.16638
HAT-P-15 b,5.16638
HAT-P-15 b,5.16638
HAT-P-15 b,5.16638
HAT-P-15 b,5.16638
HAT-P-16 b,4.38591
HAT-P-16 b,4.38591
HAT-P-16 b,4.38591
HAT-P-16 b,4.38591
HAT-P-16 b,4.38591
HAT-P-16 b,4.38591
HAT-P-16 b,4.38591
HAT-P-16 b,4.38591
HAT-P-16 b,4.38591
HAT-P-16 b,4.38591
HAT-P-16 b,4.38591
HAT-P-16 b,4.38591
HAT-P-16 b,4.38591
HAT-P-17 b,10.796
HAT-P-17 b,10.796
HAT-P-17 b,10.796
HAT-P-17 b,10.796
HAT-P-17 b,10.796
HAT-P-17 b,10.796
HAT-P-17 b,10.796
HAT-P-17 b,10.796
HAT-P-17 b,10.796
HAT-P-17 b,10.796
HAT-P-17 b,10.796
HAT-P-17 c,10.796
HAT-P-17 c,10.796
HAT-P-17 c,10.796
HAT-P-18 b,6.16693
HAT-P-18 b,6.16693
HAT-P-18 b,6.16693
HAT-P-18 b,6.16693
HAT-P-18 b,6.16693
HAT-P-18 b,6.16693
HAT-P-18 b,6.16693
HAT-P-18 b,6.16693
HAT-P-18 b,6.16693
HAT-P-18 b,6.16693
HAT-P-18 b,6.16693
HAT-P-18 b,6.16693
HAT-P-19 b,4.91998
HAT-P-19 b,4.91998
HAT-P-19 b,4.91998
HAT-P-19 b,4.91998
HAT-P-19 b,4.91998
HAT-P-19 b,4.91998
HAT-P-19 b,4.91998
HAT-P-19 b,4.91998
HAT-P-2 b,7.79749
HAT-P-2 b,7.79749
HAT-P-2 b,7.79749
HAT-P-2 b,7.79749
HAT-P-2 b,7.79749
HAT-P-2 b,7.79749
HAT-P-2 b,7.79749
HAT-P-2 b,7.79749
HAT-P-2 b,7.79749
HAT-P-2 b,7.79749
HAT-P-2 b,7.79749
HAT-P-2 b,7.79749
HAT-P-2 b,7.79749
HAT-P-2 b,7.79749
HAT-P-2 b,7.79749
HAT-P-2 b,7.79749
HAT-P-2 b,7.79749
HAT-P-2 c,7.79749
HAT-P-20 b,14.0483
HAT-P-20 b,14.0483
HAT-P-20 b,14.0483
HAT-P-20 b,14.0483
HAT-P-20 b,14.0483
HAT-P-20 b,14.0483
HAT-P-20 b,14.0483
HAT-P-20 b,14.0483
HAT-P-20 b,14.0483
HAT-P-20 b,14.0483
HAT-P-21 b,3.57807
HAT-P-21 b,3.57807
HAT-P-21 b,3.57807
HAT-P-21 b,3.57807
HAT-P-21 b,3.57807
HAT-P-21 b,3.57807
HAT-P-21 b,3.57807
HAT-P-21 b,3.57807
HAT-P-22 b,12.2014
HAT-P-22 b,12.2014
HAT-P-22 b,12.2014
HAT-P-22 b,12.2014
HAT-P-22 b,12.2014
HAT-P-22 b,12.2014
HAT-P-22 b,12.2014
HAT-P-22 b,12.2014
HAT-P-22 b,12.2014
HAT-P-22 b,12.2014
HAT-P-22 b,12.2014
HAT-P-23 b,2.71289
HAT-P-23 b,2.71289
HAT-P-23 b,2.71289
HAT-P-23 b,2.71289
HAT-P-23 b,2.71289
HAT-P-23 b,2.71289
HAT-P-23 b,2.71289
HAT-P-23 b,2.71289
HAT-P-23 b,2.71289
HAT-P-23 b,2.71289
HAT-P-23 b,2.71289
HAT-P-24 b,2.37947
HAT-P-24 b,2.37947
HAT-P-24 b,2.37947
HAT-P-24 b,2.37947
HAT-P-24 b,2.37947
HAT-P-24 b,2.37947
HAT-P-24 b,2.37947
HAT-P-24 b,2.37947
HAT-P-24 b,2.37947
HAT-P-24 b,2.37947
HAT-P-25 b,3.30091
HAT-P-25 b,3.30091
HAT-P-25 b,3.30091
HAT-P-25 b,3.30091
HAT-P-25 b,3.30091
HAT-P-25 b,3.30091
HAT-P-25 b,3.30091
HAT-P-25 b,3.30091
HAT-P-26 b,7.02213
HAT-P-26 b,7.02213
HAT-P-26 b,7.02213
HAT-P-26 b,7.02213
HAT-P-26 b,7.02213
HAT-P-26 b,7.02213
HAT-P-26 b,7.02213
HAT-P-26 b,7.02213
HAT-P-26 b,7.02213
HAT-P-26 b,7.02213
HAT-P-27 b,4.9922
HAT-P-27 b,4.9922
HAT-P-27 b,4.9922
HAT-P-27 b,4.9922
HAT-P-27 b,4.9922
HAT-P-27 b,4.9922
HAT-P-27 b,4.9922
HAT-P-27 b,4.9922
HAT-P-28 b,2.46327
HAT-P-28 b,2.46327
HAT-P-28 b,2.46327
HAT-P-28 b,2.46327
HAT-P-28 b,2.46327
HAT-P-29 b,3.16099
HAT-P-29 b,3.16099
HAT-P-29 b,3.16099
HAT-P-29 b,3.16099
HAT-P-29 b,3.16099
HAT-P-29 b,3.16099
HAT-P-29 b,3.16099
HAT-P-29 b,3.16099
HAT-P-29 b,3.16099
HAT-P-29 b,3.16099
HAT-P-29 b,3.16099
HAT-P-3 b,7.40311
HAT-P-3 b,7.40311
HAT-P-3 b,7.40311
HAT-P-3 b,7.40311
HAT-P-3 b,7.40311
HAT-P-3 b,7.40311
HAT-P-3 b,7.40311
HAT-P-3 b,7.40311
HAT-P-3 b,7.40311
HAT-P-3 b,7.40311
HAT-P-3 b,7.40311
HAT-P-3 b,7.40311
HAT-P-3 b,7.40311
HAT-P-3 b,7.40311
HAT-P-3 b,7.40311
HAT-P-30 b,4.64498
HAT-P-30 b,4.64498
HAT-P-30 b,4.64498
HAT-P-30 b,4.64498
HAT-P-30 b,4.64498
HAT-P-30 b,4.64498
HAT-P-30 b,4.64498
HAT-P-30 b,4.64498
HAT-P-30 b,4.64498
HAT-P-30 b,4.64498
HAT-P-31 b,2.87789
HAT-P-31 b,2.87789
HAT-P-31 b,2.87789
HAT-P-31 b,2.87789
HAT-P-31 b,2.87789
HAT-P-31 b,2.87789
HAT-P-31 b,2.87789
HAT-P-31 b,2.87789
HAT-P-31 b,2.87789
HAT-P-32 b,3.43046
HAT-P-32 b,3.43046
HAT-P-32 b,3.43046
HAT-P-32 b,3.43046
HAT-P-32 b,3.43046
HAT-P-32 b,3.43046
HAT-P-32 b,3.43046
HAT-P-32 b,3.43046
HAT-P-32 b,3.43046
HAT-P-32 b,3.43046
HAT-P-32 b,3.43046
HAT-P-32 b,3.43046
HAT-P-32 b,3.43046
HAT-P-33 b,2.4966
HAT-P-33 b,2.4966
HAT-P-33 b,2.4966
HAT-P-33 b,2.4966
HAT-P-33 b,2.4966
HAT-P-33 b,2.4966
HAT-P-33 b,2.4966
HAT-P-33 b,2.4966
HAT-P-33 b,2.4966
HAT-P-34 b,3.98272
HAT-P-34 b,3.98272
HAT-P-34 b,3.98272
HAT-P-34 b,3.98272
HAT-P-34 b,3.98272
HAT-P-34 b,3.98272
HAT-P-34 b,3.98272
HAT-P-34 b,3.98272
HAT-P-34 b,3.98272
HAT-P-34 b,3.98272
HAT-P-34 b,3.98272
HAT-P-35 b,1.94478
HAT-P-35 b,1.94478
HAT-P-35 b,1.94478
HAT-P-35 b,1.94478
HAT-P-35 b,1.94478
HAT-P-35 b,1.94478
HAT-P-35 b,1.94478
HAT-P-36 b,3.36776
HAT-P-36 b,3.36776
HAT-P-36 b,3.36776
HAT-P-36 b,3.36776
HAT-P-36 b,3.36776
HAT-P-36 b,3.36776
HAT-P-36 b,3.36776
HAT-P-36 b,3.36776
HAT-P-36 b,3.36776
HAT-P-36 b,3.36776
HAT-P-36 b,3.36776
HAT-P-37 b,2.53138
HAT-P-37 b,2.53138
HAT-P-37 b,2.53138
HAT-P-37 b,2.53138
HAT-P-37 b,2.53138
HAT-P-37 b,2.53138
HAT-P-37 b,2.53138
HAT-P-38 b,3.88991
HAT-P-38 b,3.88991
HAT-P-38 b,3.88991
HAT-P-38 b,3.88991
HAT-P-38 b,3.88991
HAT-P-38 b,3.88991
HAT-P-38 b,3.88991
HAT-P-39 b,1.40636
HAT-P-39 b,1.40636
HAT-P-39 b,1.40636
HAT-P-39 b,1.40636
HAT-P-4 b,3.09194
HAT-P-4 b,3.09194
HAT-P-4 b,3.09194
HAT-P-4 b,3.09194
HAT-P-4 b,3.09194
HAT-P-4 b,3.09194
HAT-P-4 b,3.09194
HAT-P-4 b,3.09194
HAT-P-4 b,3.09194
HAT-P-4 b,3.09194
HAT-P-4 b,3.09194
HAT-P-4 b,3.09194
HAT-P-40 b,2.12459
HAT-P-40 b,2.12459
HAT-P-40 b,2.12459
HAT-P-40 b,2.12459
HAT-P-40 b,2.12459
HAT-P-40 b,2.12459
HAT-P-40 b,2.12459
HAT-P-41 b,2.84386
HAT-P-41 b,2.84386
HAT-P-41 b,2.84386
HAT-P-41 b,2.84386
HAT-P-41 b,2.84386
HAT-P-41 b,2.84386
HAT-P-41 b,2.84386
HAT-P-41 b,2.84386
HAT-P-42 b,2.43957
HAT-P-42 b,2.43957
HAT-P-42 b,2.43957
HAT-P-42 b,2.43957
HAT-P-42 b,2.43957
HAT-P-42 b,2.43957
HAT-P-42 b,2.43957
HAT-P-43 b,1.86227
HAT-P-43 b,1.86227
HAT-P-43 b,1.86227
HAT-P-43 b,1.86227
HAT-P-43 b,1.86227
HAT-P-43 b,1.86227
HAT-P-43 b,1.86227
HAT-P-43 b,1.86227
HAT-P-44 b,2.84594
HAT-P-44 b,2.84594
HAT-P-44 b,2.84594
HAT-P-44 b,2.84594
HAT-P-44 b,2.84594
HAT-P-44 b,2.84594
HAT-P-44 c,2.84594
HAT-P-45 b,3.3218
HAT-P-45 b,3.3218
HAT-P-45 b,3.3218
HAT-P-45 b,3.3218
HAT-P-45 b,3.3218
HAT-P-45 b,3.3218
HAT-P-46 b,3.41237
HAT-P-46 b,3.41237
HAT-P-46 b,3.41237
HAT-P-46 b,3.41237
HAT-P-46 b,3.41237
HAT-P-49 b,2.82576
HAT-P-49 b,2.82576
HAT-P-49 b,2.82576
HAT-P-49 b,2.82576
HAT-P-49 b,2.82576
HAT-P-49 b,2.82576
HAT-P-49 b,2.82576
HAT-P-49 b,2.82576
HAT-P-5 b,3.26786
HAT-P-5 b,3.26786
HAT-P-5 b,3.26786
HAT-P-5 b,3.26786
HAT-P-5 b,3.26786
HAT-P-5 b,3.26786
HAT-P-5 b,3.26786
HAT-P-5 b,3.26786
HAT-P-5 b,3.26786
HAT-P-5 b,3.26786
HAT-P-5 b,3.26786
HAT-P-50 b,1.91293
HAT-P-50 b,1.91293
HAT-P-50 b,1.91293
HAT-P-50 b,1.91293
HAT-P-50 b,1.91293
HAT-P-50 b,1.91293
HAT-P-50 b,1.91293
HAT-P-51 b,2.24399
HAT-P-51 b,2.24399
HAT-P-51 b,2.24399
HAT-P-51 b,2.24399
HAT-P-51 b,2.24399
HAT-P-51 b,2.24399
HAT-P-52 b,2.74033
HAT-P-52 b,2.74033
HAT-P-52 b,2.74033
HAT-P-52 b,2.74033
HAT-P-52 b,2.74033
HAT-P-52 b,2.74033
HAT-P-52 b,2.74033
HAT-P-53 b,1.47114
HAT-P-53 b,1.47114
HAT-P-53 b,1.47114
HAT-P-53 b,1.47114
HAT-P-53 b,1.47114
HAT-P-53 b,1.47114
HAT-P-54 b,6.93252
HAT-P-54 b,6.93252
HAT-P-54 b,6.93252
HAT-P-54 b,6.93252
HAT-P-54 b,6.93252
HAT-P-54 b,6.93252
HAT-P-54 b,6.93252
HAT-P-54 b,6.93252
HAT-P-54 b,6.93252
HAT-P-54 b,6.93252
HAT-P-55 b,1.9266
HAT-P-55 b,1.9266
HAT-P-55 b,1.9266
HAT-P-55 b,1.9266
HAT-P-55 b,1.9266
HAT-P-55 b,1.9266
HAT-P-55 b,1.9266
HAT-P-55 b,1.9266
HAT-P-56 b,3.09123
HAT-P-56 b,3.09123
HAT-P-56 b,3.09123
HAT-P-56 b,3.09123
HAT-P-56 b,3.09123
HAT-P-56 b,3.09123
HAT-P-56 b,3.09123
HAT-P-56 b,3.09123
HAT-P-56 b,3.09123
HAT-P-56 b,3.09123
HAT-P-56 b,3.09123
HAT-P-57 b,3.54505
HAT-P-57 b,3.54505
HAT-P-57 b,3.54505
HAT-P-57 b,3.54505
HAT-P-57 b,3.54505
HAT-P-58 b,1.9123
HAT-P-58 b,1.9123
HAT-P-58 b,1.9123
HAT-P-59 b,3.73805
HAT-P-59 b,3.73805
HAT-P-59 b,3.73805
HAT-P-59 b,3.73805
HAT-P-6 b,3.60357
HAT-P-6 b,3.60357
HAT-P-6 b,3.60357
HAT-P-6 b,3.60357
HAT-P-6 b,3.60357
HAT-P-6 b,3.60357
HAT-P-6 b,3.60357
HAT-P-6 b,3.60357
HAT-P-6 b,3.60357
HAT-P-6 b,3.60357
HAT-P-6 b,3.60357
HAT-P-60 b,4.25972
HAT-P-60 b,4.25972
HAT-P-60 b,4.25972
HAT-P-60 b,4.25972
HAT-P-61 b,2.92298
HAT-P-61 b,2.92298
HAT-P-62 b,2.83881
HAT-P-62 b,2.83881
HAT-P-62 b,2.83881
HAT-P-63 b,2.44998
HAT-P-63 b,2.44998
HAT-P-64 b,1.50537
HAT-P-64 b,1.50537
HAT-P-64 b,1.50537
HAT-P-65 b,1.32608
HAT-P-65 b,1.32608
HAT-P-65 b,1.32608
HAT-P-65 b,1.32608
HAT-P-65 b,1.32608
HAT-P-66 b,1.03958
HAT-P-66 b,1.03958
HAT-P-66 b,1.03958
HAT-P-66 b,1.03958
HAT-P-66 b,1.03958
HAT-P-67 b,2.66176
HAT-P-67 b,2.66176
HAT-P-67 b,2.66176
HAT-P-67 b,2.66176
HAT-P-67 b,2.66176
HAT-P-68 b,4.91793
HAT-P-68 b,4.91793
HAT-P-68 b,4.91793
HAT-P-69 b,2.90206
HAT-P-69 b,2.90206
HAT-P-69 b,2.90206
HAT-P-69 b,2.90206
HAT-P-69 b,2.90206
HAT-P-7 b,2.9031
HAT-P-7 b,2.9031
HAT-P-7 b,2.9031
HAT-P-7 b,2.9031
HAT-P-7 b,2.9031
HAT-P-7 b,2.9031
HAT-P-7 b,2.9031
HAT-P-7 b,2.9031
HAT-P-7 b,2.9031
HAT-P-7 b,2.9031
HAT-P-7 b,2.9031
HAT-P-7 b,2.9031
HAT-P-7 b,2.9031
HAT-P-7 b,2.9031
HAT-P-7 b,2.9031
HAT-P-7 b,2.9031
HAT-P-7 b,2.9031
HAT-P-7 b,2.9031
HAT-P-7 b,2.9031
HAT-P-7 b,2.9031
HAT-P-7 b,2.9031
HAT-P-7 b,2.9031
HAT-P-7 b,2.9031
HAT-P-7 b,2.9031
HAT-P-70 b,2.99621
HAT-P-70 b,2.99621
HAT-P-70 b,2.99621
HAT-P-70 b,2.99621
HAT-P-70 b,2.99621
HAT-P-8 b,4.69844
HAT-P-8 b,4.69844
HAT-P-8 b,4.69844
HAT-P-8 b,4.69844
HAT-P-8 b,4.69844
HAT-P-8 b,4.69844
HAT-P-8 b,4.69844
HAT-P-8 b,4.69844
HAT-P-8 b,4.69844
HAT-P-8 b,4.69844
HAT-P-9 b,2.1687
HAT-P-9 b,2.1687
HAT-P-9 b,2.1687
HAT-P-9 b,2.1687
HAT-P-9 b,2.1687
HAT-P-9 b,2.1687
HAT-P-9 b,2.1687
HAT-P-9 b,2.1687
HAT-P-9 b,2.1687
HAT-P-9 b,2.1687
HATS-1 b,3.49336
HATS-1 b,3.49336
HATS-1 b,3.49336
HATS-1 b,3.49336
HATS-1 b,3.49336
HATS-1 b,3.49336
HATS-10 b,1.84118
HATS-10 b,1.84118
HATS-10 b,1.84118
HATS-10 b,1.84118
HATS-11 b,1.03135
HATS-11 b,1.03135
HATS-11 b,1.03135
HATS-11 b,1.03135
HATS-11 b,1.03135
HATS-11 b,1.03135
HATS-11 b,1.03135
HATS-13 b,2.34291
HATS-13 b,2.34291
HATS-13 b,2.34291
HATS-13 b,2.34291
HATS-13 b,2.34291
HATS-13 b,2.34291
HATS-13 b,2.34291
HATS-14 b,1.92119
HATS-14 b,1.92119
HATS-14 b,1.92119
HATS-14 b,1.92119
HATS-14 b,1.92119
HATS-14 b,1.92119
HATS-15 b,0.853805
HATS-15 b,0.853805
HATS-16 b,1.2921
HATS-16 b,1.2921
HATS-16 b,1.2921
HATS-16 b,1.2921
HATS-17 b,2.47137
HATS-17 b,2.47137
HATS-17 b,2.47137
HATS-17 b,2.47137
HATS-17 b,2.47137
HATS-18 b,1.57358
HATS-18 b,1.57358
HATS-18 b,1.57358
HATS-18 b,1.57358
HATS-18 b,1.57358
HATS-2 b,2.89606
HATS-2 b,2.89606
HATS-2 b,2.89606
HATS-2 b,2.89606
HATS-2 b,2.89606
HATS-2 b,2.89606
HATS-2 b,2.89606
HATS-22 b,4.3283
HATS-22 b,4.3283
HATS-22 b,4.3283
HATS-22 b,4.3283
HATS-22 b,4.3283
HATS-22 b,4.3283
HATS-23 b,1.53649
HATS-23 b,1.53649
HATS-23 b,1.53649
HATS-24 b,1.99658
HATS-24 b,1.99658
HATS-24 b,1.99658
HATS-24 b,1.99658
HATS-24 b,1.99658
HATS-24 b,1.99658
HATS-24 b,1.99658
HATS-24 b,1.99658
HATS-25 b,2.09452
HATS-25 b,2.09452
HATS-25 b,2.09452
HATS-25 b,2.09452
HATS-25 b,2.09452
HATS-26 b,1.13189
HATS-26 b,1.13189
HATS-26 b,1.13189
HATS-26 b,1.13189
HATS-26 b,1.13189
HATS-27 b,1.19821
HATS-27 b,1.19821
HATS-27 b,1.19821
HATS-27 b,1.19821
HATS-27 b,1.19821
HATS-28 b,1.83949
HATS-28 b,1.83949
HATS-28 b,1.83949
HATS-28 b,1.83949
HATS-29 b,2.79769
HATS-29 b,2.79769
HATS-29 b,2.79769
HATS-29 b,2.79769
HATS-29 b,2.79769
HATS-29 b,2.79769
HATS-3 b,2.40421
HATS-3 b,2.40421
HATS-3 b,2.40421
HATS-3 b,2.40421
HATS-3 b,2.40421
HATS-3 b,2.40421
HATS-3 b,2.40421
HATS-3 b,2.40421
HATS-30 b,2.89407
HATS-30 b,2.89407
HATS-30 b,2.89407
HATS-30 b,2.89407
HATS-30 b,2.89407
HATS-31 b,1.26369
HATS-31 b,1.26369
HATS-31 b,1.26369
HATS-32 b,1.31348
HATS-32 b,1.31348
HATS-32 b,1.31348
HATS-32 b,1.31348
HATS-33 b,3.99633
HATS-33 b,3.99633
HATS-33 b,3.99633
HATS-33 b,3.99633
HATS-33 b,3.99633
HATS-33 b,3.99633
HATS-33 b,3.99633
HATS-34 b,1.93638
HATS-34 b,1.93638
HATS-34 b,1.93638
HATS-34 b,1.93638
HATS-35 b,1.91556
HATS-35 b,1.91556
HATS-35 b,1.91556
HATS-35 b,1.91556
HATS-35 b,1.91556
HATS-36 b,1.13973
HATS-36 b,1.13973
HATS-36 b,1.13973
HATS-36 b,1.13973
HATS-36 b,1.13973
HATS-37 A b,4.69166
HATS-38 b,2.88283
HATS-38 b,2.88283
HATS-38 b,2.88283
HATS-39 b,1.1208
HATS-39 b,1.1208
HATS-39 b,1.1208
HATS-39 b,1.1208
HATS-39 b,1.1208
HATS-4 b,2.37234
HATS-4 b,2.37234
HATS-4 b,2.37234
HATS-4 b,2.37234
HATS-4 b,2.37234
HATS-4 b,2.37234
HATS-4 b,2.37234
HATS-40 b,0.716118
HATS-40 b,0.716118
HATS-40 b,0.716118
HATS-40 b,0.716118
HATS-41 b,1.32725
HATS-41 b,1.32725
HATS-41 b,1.32725
HATS-41 b,1.32725
HATS-41 b,1.32725
HATS-42 b,1.2207
HATS-42 b,1.2207
HATS-42 b,1.2207
HATS-42 b,1.2207
HATS-42 b,1.2207
HATS-43 b,2.73148
HATS-43 b,2.73148
HATS-43 b,2.73148
HATS-43 b,2.73148
HATS-43 b,2.73148
HATS-43 b,2.73148
HATS-44 b,2.2131
HATS-44 b,2.2131
HATS-44 b,2.2131
HATS-45 b,1.2665
HATS-45 b,1.2665
HATS-45 b,1.2665
HATS-45 b,1.2665
HATS-45 b,1.2665
HATS-46 b,2.17475
HATS-46 b,2.17475
HATS-46 b,2.17475
HATS-46 b,2.17475
HATS-46 b,2.17475
HATS-47 b,3.29787
HATS-47 b,3.29787
HATS-47 b,3.29787
HATS-47 b,3.29787
HATS-48 A b,3.76477
HATS-48 A b,3.76477
HATS-48 A b,3.76477
HATS-48 A b,3.76477
HATS-49 b,3.05372
HATS-49 b,3.05372
HATS-5 b,4.02998
HATS-5 b,4.02998
HATS-5 b,4.02998
HATS-5 b,4.02998
HATS-5 b,4.02998
HATS-5 b,4.02998
HATS-5 b,4.02998
HATS-50 b,1.2934
HATS-50 b,1.2934
HATS-51 b,2.53834
HATS-51 b,2.53834
HATS-51 b,2.53834
HATS-51 b,2.53834
HATS-51 b,2.53834
HATS-52 b,1.77262
HATS-52 b,1.77262
HATS-52 b,1.77262
HATS-52 b,1.77262
HATS-53 b,1.67852
HATS-53 b,1.67852
HATS-53 b,1.67852
HATS-53 b,1.67852
HATS-54 b,1.30831
HATS-54 b,1.30831
HATS-54 b,1.30831
HATS-55 b,1.61104
HATS-55 b,1.61104
HATS-55 b,1.61104
HATS-55 b,1.61104
HATS-56 b,1.74371
HATS-56 b,1.74371
HATS-56 b,1.74371
HATS-56 b,1.74371
HATS-57 b,3.54953
HATS-57 b,3.54953
HATS-57 b,3.54953
HATS-57 b,3.54953
HATS-57 b,3.54953
HATS-59 b,1.527
HATS-59 b,1.527
HATS-59 b,1.527
HATS-59 c,1.527
HATS-6 b,5.87742
HATS-6 b,5.87742
HATS-6 b,5.87742
HATS-6 b,5.87742
HATS-6 b,5.87742
HATS-6 b,5.87742
HATS-60 b,2.02727
HATS-60 b,2.02727
HATS-60 b,2.02727
HATS-60 b,2.02727
HATS-60 b,2.02727
HATS-61 b,1.44214
HATS-61 b,1.44214
HATS-61 b,1.44214
HATS-62 b,1.88389
HATS-62 b,1.88389
HATS-63 b,1.5756
HATS-63 b,1.5756
HATS-63 b,1.5756
HATS-63 b,1.5756
HATS-64 b,0.897203
HATS-64 b,0.897203
HATS-64 b,0.897203
HATS-64 b,0.897203
HATS-65 b,2.00024
HATS-65 b,2.00024
HATS-65 b,2.00024
HATS-66 b,0.647617
HATS-66 b,0.647617
HATS-66 b,0.647617
HATS-67 b,1.0131
HATS-67 b,1.0131
HATS-67 b,1.0131
HATS-67 b,1.0131
HATS-68 b,1.62712
HATS-68 b,1.62712
HATS-68 b,1.62712
HATS-68 b,1.62712
HATS-68 b,1.62712
HATS-69 b,2.38362
HATS-69 b,2.38362
HATS-69 b,2.38362
HATS-69 b,2.38362
HATS-7 b,4.12576
HATS-7 b,4.12576
HATS-7 b,4.12576
HATS-7 b,4.12576
HATS-7 b,4.12576
HATS-70 b,0.657918
HATS-70 b,0.657918
HATS-70 b,0.657918
HATS-70 b,0.657918
HATS-70 b,0.657918
HATS-71 b,7.10286
HATS-71 b,7.10286
HATS-71 b,7.10286
HATS-71 b,7.10286
HATS-72 b,7.809
HATS-72 b,7.809
HATS-72 b,7.809
HATS-72 b,7.809
HATS-74 A b,3.31365
HATS-74 A b,3.31365
HATS-75 b,5.10038
HATS-75 b,5.10038
HATS-76 b,2.56435
HATS-76 b,2.56435
HATS-77 b,2.26534
HATS-77 b,2.26534
HATS-8 b,1.23054
HATS-8 b,1.23054
HATS-8 b,1.23054
HATS-9 b,1.53764
HATS-9 b,1.53764
HATS-9 b,1.53764
HATS-9 b,1.53764
HATS-9 b,1.53764
HATS-9 b,1.53764
HATS-9 b,1.53764
HD 100508 b,30.501
HD 100508 b,30.501
HD 100546 b,9.0892
HD 100655 b,7.2613
HD 100655 b,7.2613
HD 100777 b,20.1596
HD 100777 b,20.1596
HD 100777 b,20.1596
HD 101581 b,78.2299
HD 101581 b,78.2299
HD 101581 c,78.2299
HD 101581 c,78.2299
HD 10180 c,25.6379
HD 10180 c,25.6379
HD 10180 c,25.6379
HD 10180 d,25.6379
HD 10180 d,25.6379
HD 10180 d,25.6379
HD 10180 e,25.6379
HD 10180 e,25.6379
HD 10180 f,25.6379
HD 10180 f,25.6379
HD 10180 g,25.6379
HD 10180 g,25.6379
HD 10180 g,25.6379
HD 10180 h,25.6379
HD 10180 h,25.6379
HD 101930 b,33.274
HD 101930 b,33.274
HD 102117 b,25.2369
HD 102117 b,25.2369
HD 102117 b,25.2369
HD 102117 b,25.2369
HD 102117 b,25.2369
HD 102195 b,34.056
HD 102195 b,34.056
HD 102195 b,34.056
HD 102195 b,34.056
HD 102272 b,2.85708
HD 102272 b,2.85708
HD 102272 b,2.85708
HD 102329 b,4.57842
HD 102329 b,4.57842
HD 102329 c,4.57842
HD 102365 b,107.621
HD 102843 b,15.9056
HD 102888 b,7.87827
HD 102956 b,8.17528
HD 102956 b,8.17528
HD 102956 b,8.17528
HD 103197 b,17.47
HD 103197 b,17.47
HD 103720 b,21.9322
HD 103774 b,17.699
HD 103891 b,17.9842
HD 103891 b,17.9842
HD 103949 b,37.7076
HD 104067 b,49.0793
HD 104067 b,49.0793
HD 104067 b,49.0793
HD 104067 b,49.0793
HD 104067 c,49.0793
HD 10442 b,7.35906
HD 10442 b,7.35906
HD 10442 b,7.35906
HD 10442 b,7.35906
HD 104985 b,9.9146
HD 104985 b,9.9146
HD 104985 b,9.9146
HD 105618 b,14.24
HD 105618 c,14.24
HD 105779 b,18.0738
HD 106252 b,26.1595
HD 106252 b,26.1595
HD 106252 b,26.1595
HD 106252 b,26.1595
HD 106252 b,26.1595
HD 106270 b,10.6318
HD 106270 b,10.6318
HD 106270 b,10.6318
HD 106270 b,10.6318
HD 106315 b,9.11629
HD 106315 b,9.11629
HD 106315 b,9.11629
HD 106315 b,9.11629
HD 106315 b,9.11629
HD 106315 b,9.11629
HD 106315 b,9.11629
HD 106315 b,9.11629
HD 106315 b,9.11629
HD 106315 c,9.11629
HD 106315 c,9.11629
HD 106315 c,9.11629
HD 106315 c,9.11629
HD 106315 c,9.11629
HD 106315 c,9.11629
HD 106315 c,9.11629
HD 106315 c,9.11629
HD 106315 c,9.11629
HD 106315 c,9.11629
HD 106315 c,9.11629
HD 106315 c,9.11629
HD 10647 b,57.6556
HD 10647 b,57.6556
HD 10647 b,57.6556
HD 106515 A b,29.3041
HD 106515 A b,29.3041
HD 106515 A b,29.3041
HD 106515 A b,29.3041
HD 106906 b,9.67737
HD 106906 b,9.67737
HD 10697 b,30.1639
HD 10697 b,30.1639
HD 10697 b,30.1639
HD 10697 b,30.1639
HD 10697 b,30.1639
HD 10697 b,30.1639
HD 107148 b,20.2077
HD 107148 b,20.2077
HD 107148 c,20.2077
HD 108147 b,25.6648
HD 108147 b,25.6648
HD 108202 b,25.8212
HD 108202 b,25.8212
HD 108236 b,15.4517
HD 108236 b,15.4517
HD 108236 b,15.4517
HD 108236 b,15.4517
HD 108236 c,15.4517
HD 108236 c,15.4517
HD 108236 c,15.4517
HD 108236 c,15.4517
HD 108236 e,15.4517
HD 108236 e,15.4517
HD 108236 e,15.4517
HD 108236 e,15.4517
HD 108236 f,15.4517
HD 108341 b,20.4167
HD 108341 b,20.4167
HD 108863 b,6.04172
HD 108863 b,6.04172
HD 108863 b,6.04172
HD 108874 b,16.773
HD 108874 b,16.773
HD 108874 b,16.773
HD 108874 b,16.773
HD 108874 b,16.773
HD 108874 b,16.773
HD 108874 b,16.773
HD 108874 c,16.773
HD 108874 c,16.773
HD 108874 c,16.773
HD 108874 c,16.773
HD 108874 c,16.773
HD 109246 b,14.7128
HD 109246 b,14.7128
HD 109271 b,17.8697
HD 109271 c,17.8697
HD 109286 b,18.0167
HD 109749 b,15.824
HD 109749 b,15.824
HD 109749 b,15.824
HD 10975 b,8.55527
HD 109833 b,12.5408
HD 109833 b,12.5408
HD 109833 c,12.5408
HD 109833 c,12.5408
HD 109988 b,23.4851
HD 110014 b,9.90259
HD 110014 b,9.90259
HD 110014 b,9.90259
HD 110067 b,31.0671
HD 110067 c,31.0671
HD 110067 d,31.0671
HD 110067 e,31.0671
HD 110067 f,31.0671
HD 110067 g,31.0671
HD 110082 b,9.48625
HD 110082 b,9.48625
HD 110113 b,9.37852
HD 110113 b,9.37852
HD 110113 b,9.37852
HD 110113 c,9.37852
HD 110113 c,9.37852
HD 110537 b,22.1511
HD 11112 b,22.5035
HD 111232 b,34.5049
HD 111232 b,34.5049
HD 111232 b,34.5049
HD 111232 b,34.5049
HD 111232 b,34.5049
HD 111232 b,34.5049
HD 111232 c,34.5049
HD 111232 c,34.5049
HD 111591 b,8.73071
HD 111998 b,30.0702
HD 111998 b,30.0702
HD 112300 b,16.11
HD 112570 b,9.85613
HD 112640 b,3.06397
HD 113337 b,27.6107
HD 113337 b,27.6107
HD 113337 b,27.6107
HD 113337 c,27.6107
HD 113337 c,27.6107
HD 11343 c,6.41777
HD 113538 b,61.3899
HD 113538 b,61.3899
HD 113538 c,61.3899
HD 113538 c,61.3899
HD 113996 b,8.59521
HD 114082 b,10.4547
HD 114386 b,35.7823
HD 114386 b,35.7823
HD 114386 b,35.7823
HD 114386 c,35.7823
HD 114729 b,26.4217
HD 114729 b,26.4217
HD 114729 b,26.4217
HD 114729 b,26.4217
HD 114729 b,26.4217
HD 114783 b,47.4482
HD 114783 b,47.4482
HD 114783 b,47.4482
HD 114783 b,47.4482
HD 114783 b,47.4482
HD 114783 c,47.4482
HD 114783 c,47.4482
HD 114783 c,47.4482
HD 114783 c,47.4482
HD 11505 b,25.634
HD 11506 b,19.4792
HD 11506 b,19.4792
HD 11506 b,19.4792
HD 11506 b,19.4792
HD 11506 b,19.4792
HD 11506 b,19.4792
HD 11506 b,19.4792
HD 11506 b,19.4792
HD 11506 c,19.4792
HD 11506 c,19.4792
HD 11506 c,19.4792
HD 11506 c,19.4792
HD 11506 c,19.4792
HD 11506 d,19.4792
HD 11506 d,19.4792
HD 11506 d,19.4792
HD 115404 A b,91.0325
HD 115404 A c,91.0325
HD 115954 b,11.381
HD 115954 b,11.381
HD 116029 b,8.08527
HD 116029 b,8.08527
HD 116029 c,8.08527
HD 117207 b,30.8785
HD 117207 b,30.8785
HD 117207 b,30.8785
HD 117207 b,30.8785
HD 117207 b,30.8785
HD 117207 b,30.8785
HD 117207 b,30.8785
HD 11755 b,4.22586
HD 11755 b,4.22586
HD 117618 b,26.4417
HD 117618 b,26.4417
HD 117618 b,26.4417
HD 117618 b,26.4417
HD 118203 b,10.8102
HD 118203 b,10.8102
HD 118203 b,10.8102
HD 118203 b,10.8102
HD 118203 b,10.8102
HD 118203 b,10.8102
HD 118203 b,10.8102
HD 118203 b,10.8102
HD 118203 c,10.8102
HD 118203 c,10.8102
HD 11964 b,29.789
HD 11964 b,29.789
HD 11964 b,29.789
HD 11964 b,29.789
HD 11964 c,29.789
HD 11964 c,29.789
HD 11977 b,14.6943
HD 11977 b,14.6943
HD 11977 b,14.6943
HD 120084 b,9.67602
HD 120084 b,9.67602
HD 120084 b,9.67602
HD 120084 b,9.67602
HD 120084 b,9.67602
HD 121504 b,23.9754
HD 121504 b,23.9754
HD 12235 b,31.4552
HD 12235 c,31.4552
HD 122562 c,18.7496
HD 124330 b,16.583
HD 12484 b,20.6595
HD 125271 b,25.3863
HD 125390 b,6.47975
HD 125390 b,6.47975
HD 125390 b,6.47975
HD 125595 b,35.4337
HD 125595 b,35.4337
HD 125595 b,35.4337
HD 125612 b,17.3261
HD 125612 b,17.3261
HD 125612 b,17.3261
HD 125612 b,17.3261
HD 125612 b,17.3261
HD 125612 c,17.3261
HD 125612 c,17.3261
HD 125612 c,17.3261
HD 125612 d,17.3261
HD 125612 d,17.3261
HD 125612 d,17.3261
HD 12648 b,5.45996
HD 12648 b,5.45996
HD 126525 b,26.5312
HD 12661 b,26.3927
HD 12661 b,26.3927
HD 12661 b,26.3927
HD 12661 b,26.3927
HD 12661 b,26.3927
HD 12661 b,26.3927
HD 12661 b,26.3927
HD 12661 c,26.3927
HD 12661 c,26.3927
HD 12661 c,26.3927
HD 12661 c,26.3927
HD 12661 c,26.3927
HD 126614 b,13.6519
HD 126614 b,13.6519
HD 126614 b,13.6519
HD 126614 b,13.6519
HD 127506 b,44.3605
HD 128311 b,61.2111
HD 128311 b,61.2111
HD 128311 b,61.2111
HD 128311 b,61.2111
HD 128311 b,61.2111
HD 128311 b,61.2111
HD 128311 c,61.2111
HD 128311 c,61.2111
HD 128311 c,61.2111
HD 128311 c,61.2111
HD 128311 c,61.2111
HD 128356 b,38.2052
HD 128717 b,13.5514
HD 129445 b,14.7995
HD 129445 b,14.7995
HD 130322 b,31.3423
HD 130322 b,31.3423
HD 130322 b,31.3423
HD 130322 b,31.3423
HD 130322 b,31.3423
HD 131496 b,7.55647
HD 131496 b,7.55647
HD 131496 b,7.55647
HD 13167 b,6.68592
HD 13189 b,1.98134
HD 13189 b,1.98134
HD 132406 b,14.0987
HD 132406 b,14.0987
HD 132406 b,14.0987
HD 132406 b,14.0987
HD 132406 b,14.0987
HD 132563 b,9.48093
HD 133131 A b,19.3988
HD 133131 A c,19.3988
HD 133131 B b,19.4648
HD 134060 b,41.616
HD 134060 c,41.616
HD 134606 b,37.2972
HD 134606 c,37.2972
HD 134606 d,37.2972
HD 134606 e,37.2972
HD 134606 f,37.2972
HD 134987 b,38.1678
HD 134987 b,38.1678
HD 134987 b,38.1678
HD 134987 b,38.1678
HD 134987 b,38.1678
HD 134987 c,38.1678
HD 134987 c,38.1678
HD 135344 A b,7.03557
HD 135625 b,17.6646
HD 135694 b,13.5082
HD 135694 b,13.5082
HD 135694 b,13.5082
HD 135694 b,13.5082
HD 135872 b,12.1035
HD 136118 b,19.4132
HD 136118 b,19.4132
HD 136352 b,68.0818
HD 136352 b,68.0818
HD 136352 b,68.0818
HD 136352 b,68.0818
HD 136352 b,68.0818
HD 136352 b,68.0818
HD 136352 c,68.0818
HD 136352 c,68.0818
HD 136352 c,68.0818
HD 136352 c,68.0818
HD 136352 c,68.0818
HD 136352 c,68.0818
HD 136352 d,68.0818
HD 136352 d,68.0818
HD 136352 d,68.0818
HD 136352 d,68.0818
HD 136352 d,68.0818
HD 136352 d,68.0818
HD 136418 b,9.47978
HD 136418 b,9.47978
HD 136925 b,20.8602
HD 13724 c,22.9781
HD 137388 b,24.6722
HD 137388 b,24.6722
HD 137496 b,6.41091
HD 137496 c,6.41091
HD 13808 b,35.3938
HD 13808 c,35.3938
HD 13908 b,12.5417
HD 13908 c,12.5417
HD 13931 b,21.0701
HD 13931 b,21.0701
HD 13931 b,21.0701
HD 13931 b,21.0701
HD 13931 b,21.0701
HD 139357 b,8.89299
HD 139357 b,8.89299
HD 139357 b,8.89299
HD 1397 b,12.5386
HD 1397 b,12.5386
HD 1397 b,12.5386
HD 1397 b,12.5386
HD 14067 b,7.01247
HD 14067 b,7.01247
HD 14067 b,7.01247
HD 14067 b,7.01247
HD 14067 b,7.01247
HD 140901 b,65.5328
HD 140901 c,65.5328
HD 140901 c,65.5328
HD 141004 b,84.6121
HD 141004 b,84.6121
HD 141399 b,26.9857
HD 141399 b,26.9857
HD 141399 b,26.9857
HD 141399 c,26.9857
HD 141399 c,26.9857
HD 141399 c,26.9857
HD 141399 d,26.9857
HD 141399 d,26.9857
HD 141399 d,26.9857
HD 141399 e,26.9857
HD 141399 e,26.9857
HD 141399 e,26.9857
HD 141937 b,29.9453
HD 141937 b,29.9453
HD 141937 b,29.9453
HD 141937 b,29.9453
HD 142 A d,38.1605
HD 142 b,38.1605
HD 142 b,38.1605
HD 142 b,38.1605
HD 142 b,38.1605
HD 142 b,38.1605
HD 142 c,38.1605
HD 142 c,38.1605
HD 142022 A b,29.1424
HD 142022 A b,29.1424
HD 142022 A b,29.1424
HD 142245 b,10.2562
HD 142245 b,10.2562
HD 142415 b,28.1149
HD 142415 b,28.1149
HD 143105 b,21.3482
HD 143361 b,14.567
HD 143361 b,14.567
HD 143361 b,14.567
HD 143361 b,14.567
HD 143361 b,14.567
HD 143361 b,14.567
HD 143811 AB b,7.29169
HD 143811 AB b,7.29169
HD 144899 b,8.61696
HD 145377 b,18.6669
HD 145377 b,18.6669
HD 145457 b,7.36251
HD 145457 b,7.36251
HD 145457 b,7.36251
HD 145457 b,7.36251
HD 145675 c,55.7363
HD 145675 c,55.7363
HD 145934 b,4.36009
HD 145934 b,4.36009
HD 145934 b,4.36009
HD 1461 b,42.609
HD 1461 b,42.609
HD 1461 b,42.609
HD 1461 b,42.609
HD 1461 c,42.609
HD 1461 c,42.609
HD 147018 b,24.7079
HD 147018 c,24.7079
HD 147379 b,92.8704
HD 147379 b,92.8704
HD 147379 b,92.8704
HD 147379 b,92.8704
HD 147513 b,77.4716
HD 14787 b,8.36526
HD 147873 b,9.14219
HD 147873 c,9.14219
HD 148156 b,17.4755
HD 148164 b,12.9252
HD 148164 c,12.9252
HD 149026 b,13.1526
HD 149026 b,13.1526
HD 149026 b,13.1526
HD 149026 b,13.1526
HD 149026 b,13.1526
HD 149026 b,13.1526
HD 149026 b,13.1526
HD 149026 b,13.1526
HD 149026 b,13.1526
HD 149026 b,13.1526
HD 149026 b,13.1526
HD 149026 b,13.1526
HD 149143 b,13.6179
HD 149143 b,13.6179
HD 149143 b,13.6179
HD 149143 b,13.6179
HD 149806 b,49.2985
HD 150010 b,6.89216
HD 1502 b,5.20951
HD 1502 b,5.20951
HD 150706 b,35.3446
HD 150706 b,35.3446
HD 151450 b,22.9071
HD 151450 c,22.9071
HD 152079 b,11.3494
HD 152079 b,11.3494
HD 152079 b,11.3494
HD 152581 b,6.00438
HD 152581 b,6.00438
HD 152581 b,6.00438
HD 152843 b,9.23914
HD 152843 b,9.23914
HD 152843 b,9.23914
HD 152843 c,9.23914
HD 152843 c,9.23914
HD 152843 c,9.23914
HD 15337 b,22.2848
HD 15337 b,22.2848
HD 15337 b,22.2848
HD 15337 b,22.2848
HD 15337 c,22.2848
HD 15337 c,22.2848
HD 15337 c,22.2848
HD 15337 c,22.2848
HD 153557 b,55.7086
HD 153557 c,55.7086
HD 153557 d,55.7086
HD 153950 b,20.609
HD 153950 b,20.609
HD 154088 b,54.708
HD 154345 b,54.6636
HD 154345 b,54.6636
HD 154345 b,54.6636
HD 154345 b,54.6636
HD 154345 b,54.6636
HD 154345 b,54.6636
HD 154345 b,54.6636
HD 154345 b,54.6636
HD 154391 b,9.87734
HD 154672 b,15.8321
HD 154672 b,15.8321
HD 154672 b,15.8321
HD 154857 b,15.7321
HD 154857 b,15.7321
HD 154857 b,15.7321
HD 154857 c,15.7321
HD 155193 b,17.2723
HD 155358 b,22.8965
HD 155358 b,22.8965
HD 155358 c,22.8965
HD 155918 b,36.2541
HD 155918 c,36.2541
HD 156098 b,20.6993
HD 156098 c,20.6993
HD 156279 b,27.5995
HD 156279 b,27.5995
HD 156279 b,27.5995
HD 156279 b,27.5995
HD 156279 b,27.5995
HD 156279 c,27.5995
HD 156279 c,27.5995
HD 156279 c,27.5995
HD 156279 c,27.5995
HD 156411 b,17.5567
HD 156668 b,41.0687
HD 156668 b,41.0687
HD 156668 b,41.0687
HD 156668 c,41.0687
HD 156846 b,20.921
HD 156846 b,20.921
HD 156846 b,20.921
HD 158038 b,10.5127
HD 158038 b,10.5127
HD 158259 b,36.9399
HD 158259 b,36.9399
HD 158259 c,36.9399
HD 158259 d,36.9399
HD 158259 e,36.9399
HD 158259 f,36.9399
HD 158996 b,3.49765
HD 15906 b,21.9192
HD 15906 b,21.9192
HD 15906 c,21.9192
HD 159243 b,13.6128
HD 159243 c,13.6128
HD 159868 b,17.8763
HD 159868 b,17.8763
HD 159868 b,17.8763
HD 159868 b,17.8763
HD 159868 c,17.8763
HD 159868 c,17.8763
HD 1605 b,11.232
HD 1605 b,11.232
HD 1605 b,11.232
HD 1605 c,11.232
HD 1605 c,11.232
HD 160691 b,64.0817
HD 160691 b,64.0817
HD 160691 b,64.0817
HD 160691 b,64.0817
HD 160691 b,64.0817
HD 160691 b,64.0817
HD 160691 b,64.0817
HD 160691 c,64.0817
HD 160691 c,64.0817
HD 160691 c,64.0817
HD 160691 c,64.0817
HD 160691 c,64.0817
HD 160691 d,64.0817
HD 160691 d,64.0817
HD 160691 d,64.0817
HD 160691 d,64.0817
HD 160691 d,64.0817
HD 160691 e,64.0817
HD 160691 e,64.0817
HD 160691 e,64.0817
HD 160691 e,64.0817
HD 161178 b,9.30071
HD 16141 b,26.436
HD 16141 b,26.436
HD 16141 b,26.436
HD 16175 b,16.6775
HD 16175 b,16.6775
HD 16175 b,16.6775
HD 16175 b,16.6775
HD 162020 b,32.4128
HD 162020 b,32.4128
HD 163607 b,14.7236
HD 163607 b,14.7236
HD 163607 b,14.7236
HD 163607 c,14.7236
HD 163607 c,14.7236
HD 163607 c,14.7236
HD 16417 b,39.3512
HD 164509 b,18.7994
HD 164509 b,18.7994
HD 164595 b,35.3642
HD 164604 b,25.3757
HD 164604 b,25.3757
HD 164604 b,25.3757
HD 164604 b,25.3757
HD 164604 b,25.3757
HD 164604 c,25.3757
HD 164604 c,25.3757
HD 164922 b,45.4222
HD 164922 b,45.4222
HD 164922 b,45.4222
HD 164922 b,45.4222
HD 164922 b,45.4222
HD 164922 c,45.4222
HD 164922 c,45.4222
HD 164922 c,45.4222
HD 164922 d,45.4222
HD 164922 d,45.4222
HD 164922 e,45.4222
HD 165131 b,17.3851
HD 165131 b,17.3851
HD 165155 b,15.7548
HD 1666 b,8.45266
HD 166724 b,22.1273
HD 166724 b,22.1273
HD 167042 b,20.1069
HD 167042 b,20.1069
HD 167042 b,20.1069
HD 167042 b,20.1069
HD 167677 b,18.3794
HD 167677 b,18.3794
HD 167768 b,9.29992
HD 168009 b,42.8836
HD 168443 b,25.2084
HD 168443 b,25.2084
HD 168443 b,25.2084
HD 168443 b,25.2084
HD 168443 b,25.2084
HD 168443 b,25.2084
HD 168443 b,25.2084
HD 168443 c,25.2084
HD 168443 c,25.2084
HD 168443 c,25.2084
HD 168443 c,25.2084
HD 168443 c,25.2084
HD 168443 c,25.2084
HD 168443 c,25.2084
HD 168746 b,24.0282
HD 168746 b,24.0282
HD 168746 b,24.0282
HD 168746 b,24.0282
HD 168863 b,25.0352
HD 168863 b,25.0352
HD 1690 b,1.29976
HD 1690 b,1.29976
HD 16905 b,25.1346
HD 16905 b,25.1346
HD 16905 b,25.1346
HD 169142 b,8.77468
HD 169830 b,26.5642
HD 169830 b,26.5642
HD 169830 b,26.5642
HD 169830 b,26.5642
HD 169830 c,26.5642
HD 169830 c,26.5642
HD 169830 c,26.5642
HD 169830 c,26.5642
HD 169830 c,26.5642
HD 170469 b,16.5886
HD 170469 b,16.5886
HD 170469 b,16.5886
HD 17092 b,4.34989
HD 17092 b,4.34989
HD 17092 b,4.34989
HD 171028 b,8.92738
HD 171028 b,8.92738
HD 171238 b,22.2871
HD 171238 b,22.2871
HD 171238 b,22.2871
HD 17156 b,12.7776
HD 17156 b,12.7776
HD 17156 b,12.7776
HD 17156 b,12.7776
HD 17156 b,12.7776
HD 17156 b,12.7776
HD 17156 b,12.7776
HD 17156 b,12.7776
HD 17156 b,12.7776
HD 17156 b,12.7776
HD 17156 b,12.7776
HD 173416 b,7.53665
HD 173416 b,7.53665
HD 173416 b,7.53665
HD 174205 b,4.24423
HD 175167 b,14.0386
HD 175167 b,14.0386
HD 175167 b,14.0386
HD 175167 b,14.0386
HD 175167 b,14.0386
HD 175167 b,14.0386
HD 175541 b,7.68775
HD 175541 b,7.68775
HD 175541 b,7.68775
HD 175541 b,7.68775
HD 175607 b,24.7663
HD 175607 b,24.7663
HD 17674 b,22.4803
HD 176986 b,35.9627
HD 176986 b,35.9627
HD 176986 b,35.9627
HD 176986 c,35.9627
HD 176986 c,35.9627
HD 176986 c,35.9627
HD 176986 d,35.9627
HD 177565 b,59.0802
HD 177830 b,15.903
HD 177830 b,15.903
HD 177830 b,15.903
HD 177830 b,15.903
HD 177830 c,15.903
HD 177830 c,15.903
HD 178911 B b,24.3775
HD 178911 B b,24.3775
HD 178911 B b,24.3775
HD 178911 B b,24.3775
HD 178911 B b,24.3775
HD 179079 b,14.3167
HD 179079 b,14.3167
HD 179079 b,14.3167
HD 179079 b,14.3167
HD 179949 b,36.3915
HD 179949 b,36.3915
HD 179949 b,36.3915
HD 179949 b,36.3915
HD 180053 b,7.26823
HD 18015 b,8.04905
HD 18015 b,8.04905
HD 180314 b,8.14366
HD 180314 b,8.14366
HD 180314 b,8.14366
HD 180314 b,8.14366
HD 180617 b,169.159
HD 180617 b,169.159
HD 180902 b,9.53385
HD 180902 b,9.53385
HD 180902 b,9.53385
HD 181234 b,20.9155
HD 181234 b,20.9155
HD 181234 b,20.9155
HD 181234 b,20.9155
HD 181234 b,20.9155
HD 181342 b,8.27778
HD 181342 b,8.27778
HD 181342 b,8.27778
HD 181342 b,8.27778
HD 181342 b,8.27778
HD 18143 b,44.3676
HD 18143 c,44.3676
HD 181433 b,37.1787
HD 181433 b,37.1787
HD 181433 b,37.1787
HD 181433 b,37.1787
HD 181433 b,37.1787
HD 181433 b,37.1787
HD 181433 c,37.1787
HD 181433 c,37.1787
HD 181433 c,37.1787
HD 181433 c,37.1787
HD 181433 c,37.1787
HD 181433 c,37.1787
HD 181433 d,37.1787
HD 181433 d,37.1787
HD 181433 d,37.1787
HD 181433 d,37.1787
HD 181433 d,37.1787
HD 181433 d,37.1787
HD 181720 b,16.5816
HD 181720 b,16.5816
HD 183263 b,18.4229
HD 183263 b,18.4229
HD 183263 b,18.4229
HD 183263 b,18.4229
HD 183263 b,18.4229
HD 183263 b,18.4229
HD 183263 b,18.4229
HD 183263 b,18.4229
HD 183263 c,18.4229
HD 183263 c,18.4229
HD 183263 c,18.4229
HD 183263 c,18.4229
HD 183263 c,18.4229
HD 183263 c,18.4229
HD 183579 b,17.434
HD 183579 b,17.434
HD 183579 b,17.434
HD 183579 b,17.434
HD 184010 b,16.4191
HD 184010 c,16.4191
HD 184010 d,16.4191
HD 18438 b,4.4433
HD 185269 b,19.2049
HD 185269 b,19.2049
HD 185269 b,19.2049
HD 185269 b,19.2049
HD 185283 b,31.8234
HD 18599 b,25.9011
HD 18599 b,25.9011
HD 18599 b,25.9011
HD 187085 b,21.758
HD 187085 b,21.758
HD 187123 b,21.7316
HD 187123 b,21.7316
HD 187123 b,21.7316
HD 187123 b,21.7316
HD 187123 b,21.7316
HD 187123 b,21.7316
HD 187123 b,21.7316
HD 187123 c,21.7316
HD 187123 c,21.7316
HD 187123 c,21.7316
HD 187123 c,21.7316
HD 187123 c,21.7316
HD 18742 b,6.12112
HD 18742 b,6.12112
HD 18742 b,6.12112
HD 188015 b,19.7065
HD 188015 b,19.7065
HD 188015 b,19.7065
HD 188641 b,15.5137
HD 189567 b,55.8197
HD 189567 b,55.8197
HD 189567 c,55.8197
HD 189567 c,55.8197
HD 189733 b,50.5685
HD 189733 b,50.5685
HD 189733 b,50.5685
HD 189733 b,50.5685
HD 189733 b,50.5685
HD 189733 b,50.5685
HD 189733 b,50.5685
HD 189733 b,50.5685
HD 189733 b,50.5685
HD 189733 b,50.5685
HD 189733 b,50.5685
HD 189733 b,50.5685
HD 189733 b,50.5685
HD 189733 b,50.5685
HD 189733 b,50.5685
HD 189733 b,50.5685
HD 189733 b,50.5685
HD 189733 b,50.5685
HD 189733 b,50.5685
HD 189733 b,50.5685
HD 189733 b,50.5685
HD 190007 b,78.6238
HD 190007 b,78.6238
HD 190228 b,15.9164
HD 190228 b,15.9164
HD 190360 b,62.4443
HD 190360 b,62.4443
HD 190360 b,62.4443
HD 190360 b,62.4443
HD 190360 b,62.4443
HD 190360 b,62.4443
HD 190360 b,62.4443
HD 190360 b,62.4443
HD 190360 b,62.4443
HD 190360 b,62.4443
HD 190360 c,62.4443
HD 190360 c,62.4443
HD 190360 c,62.4443
HD 190360 c,62.4443
HD 190360 c,62.4443
HD 190360 c,62.4443
HD 190647 b,18.3287
HD 190647 b,18.3287
HD 190647 b,18.3287
HD 190984 b,6.71978
HD 190984 b,6.71978
HD 191806 b,15.1995
HD 191806 b,15.1995
HD 191806 b,15.1995
HD 191939 b,18.6247
HD 191939 b,18.6247
HD 191939 b,18.6247
HD 191939 b,18.6247
HD 191939 b,18.6247
HD 191939 b,18.6247
HD 191939 b,18.6247
HD 191939 c,18.6247
HD 191939 c,18.6247
HD 191939 c,18.6247
HD 191939 c,18.6247
HD 191939 c,18.6247
HD 191939 c,18.6247
HD 191939 c,18.6247
HD 191939 c,18.6247
HD 191939 d,18.6247
HD 191939 d,18.6247
HD 191939 d,18.6247
HD 191939 d,18.6247
HD 191939 d,18.6247
HD 191939 d,18.6247
HD 191939 e,18.6247
HD 191939 e,18.6247
HD 191939 e,18.6247
HD 191939 e,18.6247
HD 191939 f,18.6247
HD 191939 f,18.6247
HD 191939 f,18.6247
HD 191939 g,18.6247
HD 191939 g,18.6247
HD 192263 b,50.8982
HD 192263 b,50.8982
HD 192263 b,50.8982
HD 192263 b,50.8982
HD 192263 b,50.8982
HD 192263 b,50.8982
HD 192263 b,50.8982
HD 192263 b,50.8982
HD 192310 b,113.648
HD 192310 b,113.648
HD 192310 b,113.648
HD 192310 b,113.648
HD 192310 c,113.648
HD 192310 c,113.648
HD 192699 b,13.8868
HD 192699 b,13.8868
HD 192699 b,13.8868
HD 192699 b,13.8868
HD 194490 b,12.4346
HD 195019 b,26.5188
HD 195019 b,26.5188
HD 195019 b,26.5188
HD 195019 b,26.5188
HD 195019 b,26.5188
HD 195019 b,26.5188
HD 195019 b,26.5188
HD 196050 b,19.7051
HD 196050 b,19.7051
HD 196050 b,19.7051
HD 196050 b,19.7051
HD 196050 b,19.7051
HD 196050 b,19.7051
HD 196067 b,25.012
HD 196067 b,25.012
HD 196067 b,25.012
HD 196067 c,25.012
HD 19615 b,3.74267
HD 196885 A b,29.2372
HD 196885 A b,29.2372
HD 196885 A b,29.2372
HD 197037 b,30.0966
HD 199509 b,41.1139
HD 19994 b,44.3695
HD 19994 b,44.3695
HD 20003 b,23.8764
HD 20003 c,23.8764
HD 200964 b,13.7469
HD 200964 b,13.7469
HD 200964 b,13.7469
HD 200964 c,13.7469
HD 200964 c,13.7469
HD 202206 c,21.7264
HD 202206 c,21.7264
HD 202206 c,21.7264
HD 202696 b,5.2754
HD 202696 c,5.2754
HD 202772 A b,6.16554
HD 202772 A b,6.16554
HD 202772 A b,6.16554
HD 203030 b,25.4488
HD 203030 b,25.4488
HD 20329 b,15.6752
HD 20329 b,15.6752
HD 203387 b,16.1767
HD 203387 c,16.1767
HD 2039 b,11.6408
HD 2039 b,11.6408
HD 2039 b,11.6408
HD 204313 b,20.8943
HD 204313 b,20.8943
HD 204313 b,20.8943
HD 204313 b,20.8943
HD 204313 b,20.8943
HD 204313 b,20.8943
HD 204313 c,20.8943
HD 204313 c,20.8943
HD 204313 e,20.8943
HD 204313 e,20.8943
HD 204941 b,34.7945
HD 204941 b,34.7945
HD 205158 b,11.5167
HD 205739 b,10.7826
HD 206255 b,13.2626
HD 206610 b,6.76696
HD 206610 b,6.76696
HD 206610 b,6.76696
HD 206893 b,24.5062
HD 206893 b,24.5062
HD 206893 b,24.5062
HD 206893 c,24.5062
HD 207496 b,42.3332
HD 207496 b,42.3332
HD 20781 b,27.7709
HD 20781 c,27.7709
HD 20781 d,27.7709
HD 20781 e,27.7709
HD 20782 b,27.7593
HD 20782 b,27.7593
HD 20782 b,27.7593
HD 20782 b,27.7593
HD 20782 b,27.7593
HD 207832 b,16.9408
HD 207832 b,16.9408
HD 207832 b,16.9408
HD 207832 c,16.9408
HD 207897 b,35.3146
HD 207897 b,35.3146
HD 207897 b,35.3146
HD 20794 b,166.561
HD 20794 b,166.561
HD 20794 b,166.561
HD 20794 b,166.561
HD 20794 d,166.561
HD 20794 d,166.561
HD 20794 d,166.561
HD 20794 d,166.561
HD 20794 e,166.561
HD 20794 f,166.561
HD 208487 b,22.1214
HD 208487 b,22.1214
HD 208487 b,22.1214
HD 208487 b,22.1214
HD 208527 b,3.17981
HD 20868 b,20.9257
HD 20868 b,20.9257
HD 208897 b,14.7889
HD 208897 b,14.7889
HD 209458 b,20.6745
HD 209458 b,20.6745
HD 209458 b,20.6745
HD 209458 b,20.6745
HD 209458 b,20.6745
HD 209458 b,20.6745
HD 209458 b,20.6745
HD 209458 b,20.6745
HD 209458 b,20.6745
HD 209458 b,20.6745
HD 209458 b,20.6745
HD 209458 b,20.6745
HD 209458 b,20.6745
HD 209458 b,20.6745
HD 209458 b,20.6745
HD 209458 b,20.6745
HD 209458 b,20.6745
HD 209458 b,20.6745
HD 209458 b,20.6745
HD 209458 b,20.6745
HD 209458 b,20.6745
HD 209458 b,20.6745
HD 209458 b,20.6745
HD 210193 b,23.6662
HD 210277 b,46.9229
HD 210277 b,46.9229
HD 210277 b,46.9229
HD 210277 b,46.9229
HD 210277 b,46.9229
HD 210702 b,18.4231
HD 210702 b,18.4231
HD 210702 b,18.4231
HD 210702 b,18.4231
HD 211403 b,12.006
HD 211810 b,15.4425
HD 211970 b,76.1461
HD 212301 b,18.4109
HD 212301 b,18.4109
HD 212771 b,8.96785
HD 212771 b,8.96785
HD 212771 b,8.96785
HD 213240 b,24.4385
HD 213240 b,24.4385
HD 213240 b,24.4385
HD 213472 b,15.4864
HD 213519 b,24.3605
HD 213885 b,20.7663
HD 213885 b,20.7663
HD 213885 c,20.7663
HD 21411 b,34.2966
HD 214823 b,9.8365
HD 214823 b,9.8365
HD 214823 b,9.8365
HD 214823 b,9.8365
HD 215152 b,46.2733
HD 215152 b,46.2733
HD 215152 c,46.2733
HD 215152 c,46.2733
HD 215152 d,46.2733
HD 215152 d,46.2733
HD 215152 e,46.2733
HD 215152 e,46.2733
HD 21520 b,12.5961
HD 21520 b,12.5961
HD 215497 b,24.6339
HD 215497 b,24.6339
HD 215497 b,24.6339
HD 215497 c,24.6339
HD 215497 c,24.6339
HD 216435 b,30.2896
HD 216435 b,30.2896
HD 216437 b,37.438
HD 216437 b,37.438
HD 216437 b,37.438
HD 216437 b,37.438
HD 216437 b,37.438
HD 216520 b,51.1167
HD 216520 b,51.1167
HD 216520 c,51.1167
HD 216536 b,2.62931
HD 216536 b,2.62931
HD 216770 b,27.2472
HD 216770 b,27.2472
HD 21693 b,30.0417
HD 21693 c,30.0417
HD 217107 b,49.817
HD 217107 b,49.817
HD 217107 b,49.817
HD 217107 b,49.817
HD 217107 b,49.817
HD 217107 b,49.817
HD 217107 b,49.817
HD 217107 b,49.817
HD 217107 c,49.817
HD 217107 c,49.817
HD 217107 c,49.817
HD 217107 c,49.817
HD 217107 c,49.817
HD 217107 c,49.817
HD 217107 c,49.817
HD 217107 c,49.817
HD 21749 c,61.2455
HD 21749 c,61.2455
HD 217786 b,17.9946
HD 217786 b,17.9946
HD 217786 b,17.9946
HD 217786 c,17.9946
HD 217958 b,16.1537
HD 218566 b,34.6603
HD 218566 b,34.6603
HD 218566 b,34.6603
HD 219077 b,34.2337
HD 219077 b,34.2337
HD 219077 b,34.2337
HD 219077 b,34.2337
HD 219134 b,153.081
HD 219134 b,153.081
HD 219134 b,153.081
HD 219134 b,153.081
HD 219134 b,153.081
HD 219134 b,153.081
HD 219134 b,153.081
HD 219134 b,153.081
HD 219134 c,153.081
HD 219134 c,153.081
HD 219134 c,153.081
HD 219134 c,153.081
HD 219134 c,153.081
HD 219134 c,153.081
HD 219134 c,153.081
HD 219134 d,153.081
HD 219134 d,153.081
HD 219134 d,153.081
HD 219134 d,153.081
HD 219134 d,153.081
HD 219134 f,153.081
HD 219134 f,153.081
HD 219134 f,153.081
HD 219134 f,153.081
HD 219134 g,153.081
HD 219134 h,153.081
HD 219134 h,153.081
HD 219134 h,153.081
HD 219134 h,153.081
HD 219134 h,153.081
HD 219139 b,9.50261
HD 219415 b,6.02516
HD 219666 b,10.59
HD 219666 b,10.59
HD 219666 b,10.59
HD 219666 b,10.59
HD 219666 b,10.59
HD 219666 b,10.59
HD 219828 b,13.6489
HD 219828 b,13.6489
HD 219828 b,13.6489
HD 219828 b,13.6489
HD 219828 b,13.6489
HD 219828 c,13.6489
HD 219828 c,13.6489
HD 219828 c,13.6489
HD 220074 b,3.05427
HD 220074 b,3.05427
HD 220197 b,15.4965
HD 220689 b,21.3033
HD 220689 b,21.3033
HD 220689 b,21.3033
HD 220773 b,19.7694
HD 220842 b,15.4391
HD 221287 b,17.8529
HD 221416 b,10.438
HD 221416 b,10.438
HD 221416 b,10.438
HD 221420 b,32.0826
HD 221420 b,32.0826
HD 221420 b,32.0826
HD 221420 b,32.0826
HD 221420 b,32.0826
HD 221420 b,32.0826
HD 221585 b,17.8751
HD 222076 b,10.9416
HD 222076 b,10.9416
HD 222155 b,19.7309
HD 222155 b,19.7309
HD 222155 b,19.7309
HD 222237 b,87.3306
HD 222237 b,87.3306
HD 222582 b,23.6913
HD 222582 b,23.6913
HD 222582 b,23.6913
HD 222582 b,23.6913
HD 224018 b,9.45209
HD 224018 c,9.45209
HD 224018 d,9.45209
HD 224538 b,12.6196
HD 224538 b,12.6196
HD 224538 b,12.6196
HD 224693 b,10.6666
HD 224693 b,10.6666
HD 22496 b,73.5244
HD 22532 b,6.17531
HD 22781 b,30.6433
HD 22946 d,15.8999
HD 23079 b,29.8583
HD 23079 b,29.8583
HD 23079 b,29.8583
HD 23079 b,29.8583
HD 23079 c,29.8583
HD 23127 b,10.6258
HD 23127 b,10.6258
HD 23127 b,10.6258
HD 231701 b,9.15602
HD 231701 b,9.15602
HD 231701 b,9.15602
HD 233604 b,1.15123
HD 233832 b,16.9952
HD 233832 b,16.9952
HD 23472 b,25.5897
HD 23472 b,25.5897
HD 23472 b,25.5897
HD 23472 c,25.5897
HD 23472 c,25.5897
HD 23472 c,25.5897
HD 23472 d,25.5897
HD 23472 d,25.5897
HD 23472 e,25.5897
HD 23472 e,25.5897
HD 23472 f,25.5897
HD 23472 f,25.5897
HD 235088 b,24.2603
HD 235088 b,24.2603
HD 235088 b,24.2603
HD 235088 b,24.2603
HD 23596 b,19.2012
HD 23596 b,19.2012
HD 23596 b,19.2012
HD 23596 b,19.2012
HD 23596 b,19.2012
HD 238090 b,65.6078
HD 238914 b,1.89666
HD 240210 b,2.65698
HD 240237 b,1.04366
HD 240237 b,1.04366
HD 24040 b,21.4203
HD 24040 b,21.4203
HD 24040 b,21.4203
HD 24040 b,21.4203
HD 24040 b,21.4203
HD 24040 b,21.4203
HD 24040 c,21.4203
HD 24064 b,3.30181
HD 24064 b,3.30181
HD 24085 b,18.1859
HD 25015 b,26.6856
HD 25015 b,26.6856
HD 25015 b,26.6856
HD 25171 b,17.952
HD 25171 b,17.952
HD 25463 b,21.8924
HD 25463 b,21.8924
HD 25463 b,21.8924
HD 25463 c,21.8924
HD 25463 c,21.8924
HD 25463 c,21.8924
HD 25723 b,8.68254
HD 25912 b,20.3103
HD 25912 c,20.3103
HD 260655 b,99.9164
HD 260655 b,99.9164
HD 260655 c,99.9164
HD 260655 c,99.9164
HD 26161 b,24.4134
HD 26161 b,24.4134
HD 2638 b,18.1656
HD 2638 b,18.1656
HD 2638 b,18.1656
HD 2685 b,5.05109
HD 2685 b,5.05109
HD 2685 b,5.05109
HD 2685 b,5.05109
HD 27442 b,54.7051
HD 27442 b,54.7051
HD 27631 b,19.8573
HD 27631 b,19.8573
HD 27631 b,19.8573
HD 27894 b,22.791
HD 27894 b,22.791
HD 27894 b,22.791
HD 27894 b,22.791
HD 27894 b,22.791
HD 27894 c,22.791
HD 27894 d,22.791
HD 27894 d,22.791
HD 27894 d,22.791
HD 27969 b,14.692
HD 28109 b,7.13389
HD 28109 b,7.13389
HD 28109 b,7.13389
HD 28109 c,7.13389
HD 28109 c,7.13389
HD 28109 c,7.13389
HD 28109 d,7.13389
HD 28109 d,7.13389
HD 28109 d,7.13389
HD 28185 b,25.3642
HD 28185 b,25.3642
HD 28185 b,25.3642
HD 28185 b,25.3642
HD 28185 b,25.3642
HD 28185 b,25.3642
HD 28185 b,25.3642
HD 28185 c,25.3642
HD 28185 c,25.3642
HD 28192 b,20.0491
HD 28254 b,18.0581
HD 28254 b,18.0581
HD 284149 AB b,8.46001
HD 284149 AB b,8.46001
HD 28471 b,22.8829
HD 28471 c,22.8829
HD 28471 d,22.8829
HD 285507 b,22.18
HD 285507 b,22.18
HD 285968 b,105.563
HD 285968 b,105.563
HD 285968 b,105.563
HD 28678 b,5.23791
HD 28678 b,5.23791
HD 28678 b,5.23791
HD 29021 b,32.2355
HD 29021 b,32.2355
HD 290327 b,17.6913
HD 290327 b,17.6913
HD 29399 b,22.6204
HD 29399 b,22.6204
HD 2952 b,9.05398
HD 2952 b,9.05398
HD 2952 b,9.05398
HD 29985 b,31.9499
HD 29985 b,31.9499
HD 30177 b,17.9611
HD 30177 b,17.9611
HD 30177 b,17.9611
HD 30177 b,17.9611
HD 30177 b,17.9611
HD 30177 b,17.9611
HD 30177 c,17.9611
HD 30177 c,17.9611
HD 30562 b,38.1981
HD 30562 b,38.1981
HD 30562 b,38.1981
HD 30562 b,38.1981
HD 30669 b,17.1874
HD 30856 b,7.59323
HD 30856 b,7.59323
HD 30856 b,7.59323
HD 31253 b,17.1699
HD 31253 b,17.1699
HD 31253 b,17.1699
HD 31527 b,25.9807
HD 31527 c,25.9807
HD 31527 d,25.9807
HD 3167 b,21.1175
HD 3167 b,21.1175
HD 3167 b,21.1175
HD 3167 b,21.1175
HD 3167 b,21.1175
HD 3167 b,21.1175
HD 3167 b,21.1175
HD 3167 b,21.1175
HD 3167 b,21.1175
HD 3167 b,21.1175
HD 3167 b,21.1175
HD 3167 b,21.1175
HD 3167 c,21.1175
HD 3167 c,21.1175
HD 3167 c,21.1175
HD 3167 c,21.1175
HD 3167 c,21.1175
HD 3167 c,21.1175
HD 3167 c,21.1175
HD 3167 c,21.1175
HD 3167 c,21.1175
HD 3167 c,21.1175
HD 3167 c,21.1175
HD 3167 c,21.1175
HD 3167 d,21.1175
HD 3167 d,21.1175
HD 3167 d,21.1175
HD 3167 d,21.1175
HD 3167 e,21.1175
HD 3167 e,21.1175
HD 32518 b,8.16009
HD 32518 b,8.16009
HD 32963 b,26.2328
HD 32963 b,26.2328
HD 32963 b,26.2328
HD 330075 b,22.0467
HD 330075 b,22.0467
HD 331093 b,19.8943
HD 33142 b,8.21025
HD 33142 b,8.21025
HD 33142 b,8.21025
HD 33142 b,8.21025
HD 33142 c,8.21025
HD 33142 c,8.21025
HD 33142 d,8.21025
HD 332231 b,12.3678
HD 332231 b,12.3678
HD 332231 b,12.3678
HD 332231 b,12.3678
HD 332231 b,12.3678
HD 33283 b,11.0993
HD 33283 b,11.0993
HD 33283 b,11.0993
HD 33564 b,47.6977
HD 33844 b,9.42487
HD 33844 b,9.42487
HD 33844 b,9.42487
HD 33844 b,9.42487
HD 33844 c,9.42487
HD 33844 c,9.42487
HD 33844 c,9.42487
HD 34445 b,21.6675
HD 34445 b,21.6675
HD 34445 b,21.6675
HD 34445 b,21.6675
HD 34445 c,21.6675
HD 34445 d,21.6675
HD 34445 e,21.6675
HD 34445 f,21.6675
HD 34445 g,21.6675
HD 35759 b,14.0078
HD 35843 b,14.3384
HD 35843 c,14.3384
HD 35843 c,14.3384
HD 360 b,8.93758
HD 36384 b,4.75074
HD 3651 b,89.7891
HD 3651 b,89.7891
HD 3651 b,89.7891
HD 3651 b,89.7891
HD 3651 b,89.7891
HD 3651 b,89.7891
HD 37124 b,31.5536
HD 37124 b,31.5536
HD 37124 b,31.5536
HD 37124 b,31.5536
HD 37124 b,31.5536
HD 37124 c,31.5536
HD 37124 c,31.5536
HD 37124 c,31.5536
HD 37124 c,31.5536
HD 37124 c,31.5536
HD 37124 d,31.5536
HD 37124 d,31.5536
HD 37124 d,31.5536
HD 37124 d,31.5536
HD 37605 b,21.345
HD 37605 b,21.345
HD 37605 b,21.345
HD 37605 b,21.345
HD 37605 b,21.345
HD 37605 b,21.345
HD 37605 c,21.345
HD 37605 c,21.345
HD 37605 c,21.345
HD 3765 b,55.7562
HD 38283 b,26.2443
HD 38283 b,26.2443
HD 38529 b,23.5819
HD 38529 b,23.5819
HD 38529 b,23.5819
HD 38529 b,23.5819
HD 38529 b,23.5819
HD 38529 b,23.5819
HD 38529 b,23.5819
HD 38529 c,23.5819
HD 38529 c,23.5819
HD 38529 c,23.5819
HD 38529 c,23.5819
HD 38529 c,23.5819
HD 38529 c,23.5819
HD 38529 c,23.5819
HD 38529 c,23.5819
HD 38801 b,10.908
HD 38801 b,10.908
HD 38801 b,10.908
HD 38801 b,10.908
HD 38801 b,10.908
HD 39091 b,54.7052
HD 39091 b,54.7052
HD 39091 b,54.7052
HD 39091 b,54.7052
HD 39091 b,54.7052
HD 39091 b,54.7052
HD 39091 b,54.7052
HD 39091 b,54.7052
HD 39091 b,54.7052
HD 39091 b,54.7052
HD 39194 b,37.8311
HD 39194 b,37.8311
HD 39194 c,37.8311
HD 39194 c,37.8311
HD 39194 d,37.8311
HD 39194 d,37.8311
HD 39855 b,42.9636
HD 40307 b,77.2727
HD 40307 b,77.2727
HD 40307 b,77.2727
HD 40307 b,77.2727
HD 40307 c,77.2727
HD 40307 c,77.2727
HD 40307 c,77.2727
HD 40307 c,77.2727
HD 40307 d,77.2727
HD 40307 d,77.2727
HD 40307 d,77.2727
HD 40307 d,77.2727
HD 40307 f,77.2727
HD 40307 f,77.2727
HD 40307 f,77.2727
HD 40307 g,77.2727
HD 40307 g,77.2727
HD 40956 b,8.54801
HD 40979 b,29.3067
HD 40979 b,29.3067
HD 40979 b,29.3067
HD 40979 b,29.3067
HD 41004 A b,27.2545
HD 41004 B b,24.0437
HD 41004 B b,24.0437
HD 4113 b,23.8531
HD 4113 b,23.8531
HD 4113 b,23.8531
HD 42012 b,27.1464
HD 4203 b,12.2595
HD 4203 b,12.2595
HD 4203 b,12.2595
HD 4203 b,12.2595
HD 4203 b,12.2595
HD 4203 c,12.2595
HD 4203 c,12.2595
HD 4203 c,12.2595
HD 4208 b,29.2163
HD 4208 b,29.2163
HD 4208 b,29.2163
HD 4208 b,29.2163
HD 4208 b,29.2163
HD 42618 b,41.0627
HD 42618 b,41.0627
HD 4308 b,45.393
HD 4308 b,45.393
HD 4313 b,7.30904
HD 4313 b,7.30904
HD 4313 b,7.30904
HD 43197 b,15.9938
HD 43197 b,15.9938
HD 43197 c,15.9938
HD 43691 b,11.6535
HD 43691 b,11.6535
HD 44219 b,18.8732
HD 44219 b,18.8732
HD 45184 b,45.5224
HD 45184 b,45.5224
HD 45184 c,45.5224
HD 45184 c,45.5224
HD 45350 b,21.3056
HD 45350 b,21.3056
HD 45350 b,21.3056
HD 45350 b,21.3056
HD 45364 b,29.0797
HD 45364 b,29.0797
HD 45364 c,29.0797
HD 45364 c,29.0797
HD 45652 b,28.6622
HD 45652 b,28.6622
HD 45652 b,28.6622
HD 457 b,18.1406
HD 46375 b,33.8088
HD 46375 b,33.8088
HD 46375 b,33.8088
HD 47186 b,26.668
HD 47186 b,26.668
HD 47186 c,26.668
HD 4732 b,18.2248
HD 4732 b,18.2248
HD 4732 c,18.2248
HD 4732 c,18.2248
HD 47366 b,11.8263
HD 47366 b,11.8263
HD 47366 b,11.8263
HD 47366 c,11.8263
HD 47366 c,11.8263
HD 47366 c,11.8263
HD 47536 b,8.13352
HD 47536 b,8.13352
HD 4760 b,1.83153
HD 48265 b,11.0155
HD 48265 b,11.0155
HD 48265 b,11.0155
HD 48265 b,11.0155
HD 48265 c,11.0155
HD 48948 b,59.1275
HD 48948 c,59.1275
HD 48948 d,59.1275
HD 4917 b,4.86736
HD 49674 b,23.2054
HD 49674 b,23.2054
HD 49674 b,23.2054
HD 49674 b,23.2054
HD 49674 b,23.2054
HD 50499 b,21.5765
HD 50499 b,21.5765
HD 50499 b,21.5765
HD 50499 b,21.5765
HD 50499 b,21.5765
HD 50499 c,21.5765
HD 50499 c,21.5765
HD 50554 b,32.057
HD 50554 b,32.057
HD 50554 b,32.057
HD 50554 b,32.057
HD 50554 b,32.057
HD 50554 b,32.057
HD 51608 b,28.4974
HD 51608 c,28.4974
HD 52265 b,33.3264
HD 52265 b,33.3264
HD 52265 b,33.3264
HD 52265 b,33.3264
HD 52265 b,33.3264
HD 52265 b,33.3264
HD 5278 b,17.3368
HD 5278 b,17.3368
HD 5278 b,17.3368
HD 5278 c,17.3368
HD 5319 b,8.20833
HD 5319 b,8.20833
HD 5319 b,8.20833
HD 5319 b,8.20833
HD 5319 b,8.20833
HD 5319 c,8.20833
HD 5319 c,8.20833
HD 5319 c,8.20833
HD 55696 b,12.7967
HD 55696 b,12.7967
HD 5583 b,4.53436
HD 5608 b,17.1801
HD 5608 b,17.1801
HD 5608 b,17.1801
HD 5608 b,17.1801
HD 5608 b,17.1801
HD 564 b,19.5154
HD 56414 b,3.64491
HD 56414 b,3.64491
HD 56957 b,16.2332
HD 5891 b,3.49959
HD 5891 b,3.49959
HD 59686 A b,11.1741
HD 60292 b,3.14387
HD 60532 b,38.4773
HD 60532 b,38.4773
HD 60532 c,38.4773
HD 60532 c,38.4773
HD 6061 b,14.7597
HD 6061 b,14.7597
HD 6061 b,14.7597
HD 62364 b,18.7992
HD 62364 b,18.7992
HD 62364 b,18.7992
HD 62364 b,18.7992
HD 62364 b,18.7992
HD 62364 c,18.7992
HD 62549 b,20.2426
HD 63433 b,44.607
HD 63433 b,44.607
HD 63433 b,44.607
HD 63433 b,44.607
HD 63433 b,44.607
HD 63433 b,44.607
HD 63433 b,44.607
HD 63433 c,44.607
HD 63433 c,44.607
HD 63433 c,44.607
HD 63433 c,44.607
HD 63433 c,44.607
HD 63433 c,44.607
HD 63433 c,44.607
HD 63433 c,44.607
HD 63433 d,44.607
HD 63454 b,26.5037
HD 63454 b,26.5037
HD 63454 b,26.5037
HD 63765 b,30.7048
HD 63765 b,30.7048
HD 63935 b,20.3902
HD 63935 b,20.3902
HD 63935 b,20.3902
HD 63935 c,20.3902
HD 63935 c,20.3902
HD 63935 c,20.3902
HD 64114 b,31.6907
HD 64121 b,7.66551
HD 6434 b,23.5794
HD 6434 b,23.5794
HD 6434 b,23.5794
HD 65216 b,28.4445
HD 65216 b,28.4445
HD 65216 b,28.4445
HD 65216 b,28.4445
HD 65216 c,28.4445
HD 66141 b,14.6704
HD 66428 b,18.7398
HD 66428 b,18.7398
HD 66428 b,18.7398
HD 66428 b,18.7398
HD 66428 b,18.7398
HD 66428 b,18.7398
HD 66428 b,18.7398
HD 66428 b,18.7398
HD 66428 c,18.7398
HD 66428 c,18.7398
HD 66428 c,18.7398
HD 67087 b,13.0396
HD 67087 c,13.0396
HD 68402 b,12.7214
HD 68402 b,12.7214
HD 68475 b,29.8846
HD 6860 b,16.36
HD 68988 b,16.4066
HD 68988 b,16.4066
HD 68988 b,16.4066
HD 68988 b,16.4066
HD 68988 b,16.4066
HD 68988 c,16.4066
HD 68988 c,16.4066
HD 69123 b,13.2843
HD 69123 b,13.2843
HD 69830 b,79.5945
HD 69830 b,79.5945
HD 69830 b,79.5945
HD 69830 c,79.5945
HD 69830 c,79.5945
HD 69830 c,79.5945
HD 69830 d,79.5945
HD 69830 d,79.5945
HD 69830 d,79.5945
HD 70573 b,16.8683
HD 70642 b,34.1287
HD 70642 b,34.1287
HD 70642 b,34.1287
HD 70642 b,34.1287
HD 70642 b,34.1287
HD 7199 b,27.6312
HD 7199 b,27.6312
HD 7199 b,27.6312
HD 72490 b,7.88723
HD 72659 b,19.241
HD 72659 b,19.241
HD 72659 b,19.241
HD 72659 b,19.241
HD 72659 b,19.241
HD 72659 b,19.241
HD 72659 b,19.241
HD 72659 b,19.241
HD 72659 b,19.241
HD 72659 b,19.241
HD 72659 c,19.241
HD 72659 c,19.241
HD 72659 c,19.241
HD 72892 b,14.312
HD 72892 b,14.312
HD 73256 c,27.2131
HD 73267 b,19.8087
HD 73267 b,19.8087
HD 73267 b,19.8087
HD 73267 b,19.8087
HD 73267 c,19.8087
HD 73267 c,19.8087
HD 73344 b,28.3319
HD 73344 b,28.3319
HD 73344 b,28.3319
HD 73344 b,28.3319
HD 73344 c,28.3319
HD 73344 d,28.3319
HD 73526 b,10.2551
HD 73526 b,10.2551
HD 73526 b,10.2551
HD 73526 c,10.2551
HD 73534 b,11.9716
HD 73534 b,11.9716
HD 73534 b,11.9716
HD 73534 b,11.9716
HD 73534 b,11.9716
HD 73583 b,31.6501
HD 73583 b,31.6501
HD 73583 b,31.6501
HD 73583 b,31.6501
HD 73583 c,31.6501
HD 73583 c,31.6501
HD 73583 c,31.6501
HD 74156 b,17.3315
HD 74156 b,17.3315
HD 74156 b,17.3315
HD 74156 b,17.3315
HD 74156 b,17.3315
HD 74156 b,17.3315
HD 74156 c,17.3315
HD 74156 c,17.3315
HD 74156 c,17.3315
HD 74156 c,17.3315
HD 74156 c,17.3315
HD 74156 c,17.3315
HD 74156 c,17.3315
HD 74156 c,17.3315
HD 7449 b,25.8363
HD 7449 b,25.8363
HD 7449 b,25.8363
HD 7449 b,25.8363
HD 7449 b,25.8363
HD 74698 b,19.1779
HD 74698 c,19.1779
HD 75289 b,34.3167
HD 75289 b,34.3167
HD 75289 b,34.3167
HD 75289 b,34.3167
HD 75302 b,32.9432
HD 75784 b,11.677
HD 75784 b,11.677
HD 75784 b,11.677
HD 75784 c,11.677
HD 75784 c,11.677
HD 75784 c,11.677
HD 75898 b,12.7836
HD 75898 b,12.7836
HD 75898 b,12.7836
HD 75898 b,12.7836
HD 75898 c,12.7836
HD 76700 b,16.396
HD 76700 b,16.396
HD 76700 b,16.396
HD 76920 b,5.40517
HD 76920 b,5.40517
HD 76920 b,5.40517
HD 77338 b,21.741
HD 77338 b,21.741
HD 77946 b,10.0264
HD 77946 b,10.0264
HD 77946 b,10.0264
HD 79181 b,9.6499
HD 7924 b,58.8216
HD 7924 b,58.8216
HD 7924 b,58.8216
HD 7924 b,58.8216
HD 7924 b,58.8216
HD 7924 b,58.8216
HD 7924 c,58.8216
HD 7924 c,58.8216
HD 7924 c,58.8216
HD 7924 d,58.8216
HD 7924 d,58.8216
HD 7924 d,58.8216
HD 79498 b,20.401
HD 79498 b,20.401
HD 80606 b,15.0153
HD 80606 b,15.0153
HD 80606 b,15.0153
HD 80606 b,15.0153
HD 80606 b,15.0153
HD 80606 b,15.0153
HD 80606 b,15.0153
HD 80606 b,15.0153
HD 80653 b,9.07435
HD 80653 b,9.07435
HD 80653 b,9.07435
HD 80653 b,9.07435
HD 80869 b,11.6821
HD 80869 b,11.6821
HD 80869 b,11.6821
HD 80883 b,28.872
HD 80913 b,16.2682
HD 81040 b,29.0122
HD 81040 b,29.0122
HD 81040 b,29.0122
HD 81040 b,29.0122
HD 81040 b,29.0122
HD 81040 b,29.0122
HD 81688 b,11.6388
HD 81688 b,11.6388
HD 81688 b,11.6388
HD 81817 b,3.71783
HD 81817 b,3.71783
HD 81817 c,3.71783
HD 82886 b,7.8422
HD 82886 b,7.8422
HD 82943 b,36.2158
HD 82943 b,36.2158
HD 82943 b,36.2158
HD 82943 b,36.2158
HD 82943 b,36.2158
HD 82943 c,36.2158
HD 82943 c,36.2158
HD 82943 c,36.2158
HD 82943 c,36.2158
HD 82943 c,36.2158
HD 8326 b,32.5591
HD 83443 b,24.4215
HD 83443 b,24.4215
HD 83443 b,24.4215
HD 83443 b,24.4215
HD 83443 b,24.4215
HD 83443 b,24.4215
HD 83443 b,24.4215
HD 83443 c,24.4215
HD 8535 b,18.0086
HD 85390 b,29.8018
HD 85390 b,29.8018
HD 85390 b,29.8018
HD 85426 c,18.4989
HD 8574 b,22.2795
HD 8574 b,22.2795
HD 8574 b,22.2795
HD 8574 b,22.2795
HD 86065 b,24.7443
HD 86081 b,9.5928
HD 86081 b,9.5928
HD 86081 b,9.5928
HD 86226 b,21.8612
HD 86226 b,21.8612
HD 86226 b,21.8612
HD 86226 b,21.8612
HD 86226 c,21.8612
HD 86226 c,21.8612
HD 86226 c,21.8612
HD 86226 c,21.8612
HD 86264 b,14.7184
HD 86264 b,14.7184
HD 86264 b,14.7184
HD 86728 b,66.9958
HD 8673 b,26.3829
HD 8673 b,26.3829
HD 86950 b,4.7372
HD 87646 b,13.59
HD 87816 b,7.47688
HD 87816 c,7.47688
HD 87883 b,54.6421
HD 87883 b,54.6421
HD 87883 b,54.6421
HD 87883 b,54.6421
HD 87883 b,54.6421
HD 87883 b,54.6421
HD 88072 b,27.8187
HD 88133 b,13.5561
HD 88133 b,13.5561
HD 88133 b,13.5561
HD 88133 b,13.5561
HD 88133 b,13.5561
HD 88133 b,13.5561
HD 88986 b,30.0307
HD 89307 b,31.211
HD 89307 b,31.211
HD 89307 b,31.211
HD 89307 b,31.211
HD 89307 b,31.211
HD 89307 b,31.211
HD 89345 b,7.52747
HD 89345 b,7.52747
HD 89345 b,7.52747
HD 89345 b,7.52747
HD 89345 b,7.52747
HD 89345 b,7.52747
HD 89744 b,25.8537
HD 89744 b,25.8537
HD 89744 b,25.8537
HD 89839 b,17.4212
HD 89839 b,17.4212
HD 89839 b,17.4212
HD 89839 b,17.4212
HD 90156 b,45.5299
HD 90156 b,45.5299
HD 9174 b,12.2429
HD 92788 b,28.8281
HD 92788 b,28.8281
HD 92788 b,28.8281
HD 92788 b,28.8281
HD 92788 b,28.8281
HD 92788 b,28.8281
HD 92788 c,28.8281
HD 92788 c,28.8281
HD 93083 b,35.0393
HD 93351 b,17.7765
HD 93351 c,17.7765
HD 93385 b,23.0405
HD 93385 c,23.0405
HD 93385 d,23.0405
HD 93963 A b,12.1158
HD 93963 A b,12.1158
HD 93963 A b,12.1158
HD 93963 A b,12.1158
HD 93963 A c,12.1158
HD 93963 A c,12.1158
HD 93963 A c,12.1158
HD 9446 b,19.8336
HD 9446 c,19.8336
HD 94771 b,17.278
HD 94834 b,10.1591
HD 94890 b,16.1823
HD 94890 c,16.1823
HD 95086 b,11.5684
HD 95086 b,11.5684
HD 95086 b,11.5684
HD 95086 b,11.5684
HD 95086 b,11.5684
HD 95089 b,7.27501
HD 95089 b,7.27501
HD 95089 c,7.27501
HD 95089 c,7.27501
HD 95127 b,1.4498
HD 95127 b,1.4498
HD 95338 b,27.0025
HD 95338 b,27.0025
HD 95338 b,27.0025
HD 95338 b,27.0025
HD 95544 b,11.36
HD 95544 b,11.36
HD 95544 b,11.36
HD 95735 c,392.4
HD 95735 c,392.4
HD 95735 c,392.4
HD 95872 b,13.8178
HD 95872 b,13.8178
HD 96063 b,7.11161
HD 96063 b,7.11161
HD 96127 b,1.67387
HD 96127 b,1.67387
HD 96167 b,11.6947
HD 96167 b,11.6947
HD 96167 b,11.6947
HD 96167 b,11.6947
HD 96700 b,39.3239
HD 96700 c,39.3239
HD 96700 d,39.3239
HD 96992 b,2.49896
HD 97037 b,30.823
HD 97048 b,5.41052
HD 97658 b,46.3494
HD 97658 b,46.3494
HD 97658 b,46.3494
HD 97658 b,46.3494
HD 97658 b,46.3494
HD 97658 b,46.3494
HD 97658 b,46.3494
HD 97658 b,46.3494
HD 97658 b,46.3494
HD 97658 b,46.3494
HD 97658 b,46.3494
HD 97658 b,46.3494
HD 98219 b,8.76617
HD 98219 b,8.76617
HD 98219 b,8.76617
HD 98649 b,23.6832
HD 98649 b,23.6832
HD 98649 b,23.6832
HD 98649 b,23.6832
HD 98736 b,30.7918
HD 99109 b,18.2228
HD 99109 b,18.2228
HD 99109 b,18.2228
HD 99283 b,8.97309
HD 99492 b,54.9057
HD 99492 b,54.9057
HD 99492 b,54.9057
HD 99492 b,54.9057
HD 99492 b,54.9057
HD 99492 b,54.9057
HD 99492 b,54.9057
HD 99492 c,54.9057
HD 99706 b,6.79293
HD 99706 b,6.79293
HD 99706 b,6.79293
HD 99706 c,6.79293
HIP 105854 b,12.6896
HIP 107772 b,42.2662
HIP 107773 b,9.47957
HIP 109384 b,16.9323
HIP 109600 b,15.046
HIP 111909 b,11.3254
HIP 111909 c,11.3254
HIP 113103 b,21.6104
HIP 113103 c,21.6104
HIP 113103 c,21.6104
HIP 114933 b,9.7979
HIP 114933 b,9.7979
HIP 116454 b,15.9843
HIP 116454 b,15.9843
HIP 116454 b,15.9843
HIP 116454 b,15.9843
HIP 116454 b,15.9843
HIP 12961 b,42.7591
HIP 12961 b,42.7591
HIP 14810 b,19.781
HIP 14810 b,19.781
HIP 14810 b,19.781
HIP 14810 b,19.781
HIP 14810 b,19.781
HIP 14810 c,19.781
HIP 14810 c,19.781
HIP 14810 c,19.781
HIP 14810 d,19.781
HIP 14810 d,19.781
HIP 18606 b,21.2353
HIP 19976 b,24.803
HIP 21152 b,23.009
HIP 21152 b,23.009
HIP 29442 c,14.6357
HIP 29442 c,14.6357
HIP 29442 d,14.6357
HIP 29442 d,14.6357
HIP 34222 b,43.7567
HIP 35173 b,30.1315
HIP 35965 b,19.9042
HIP 38594 b,56.1868
HIP 38594 c,56.1868
HIP 39017 b,15.0493
HIP 41378 b,9.37994
HIP 41378 b,9.37994
HIP 41378 b,9.37994
HIP 41378 b,9.37994
HIP 41378 c,9.37994
HIP 41378 c,9.37994
HIP 41378 c,9.37994
HIP 41378 c,9.37994
HIP 41378 d,9.37994
HIP 41378 d,9.37994
HIP 41378 d,9.37994
HIP 41378 d,9.37994
HIP 41378 d,9.37994
HIP 41378 e,9.37994
HIP 41378 e,9.37994
HIP 41378 e,9.37994
HIP 41378 f,9.37994
HIP 41378 f,9.37994
HIP 41378 f,9.37994
HIP 41378 f,9.37994
HIP 41378 g,9.37994
HIP 4845 b,47.3703
HIP 48714 b,94.9397
HIP 5158 b,19.35
HIP 5158 b,19.35
HIP 5158 b,19.35
HIP 5158 c,19.35
HIP 54373 b,53.3991
HIP 54373 c,53.3991
HIP 54515 b,12.0472
HIP 54597 b,25.1329
HIP 54597 b,25.1329
HIP 55507 b,39.2032
HIP 56640 b,8.14632
HIP 56640 b,8.14632
HIP 56640 b,8.14632
HIP 56640 b,8.14632
HIP 57274 b,38.6381
HIP 57274 b,38.6381
HIP 57274 b,38.6381
HIP 57274 b,38.6381
HIP 57274 c,38.6381
HIP 57274 d,38.6381
HIP 5763 b,31.3148
HIP 63242 b,6.3628
HIP 65 A b,16.156
HIP 65 A b,16.156
HIP 65 A b,16.156
HIP 65 A b,16.156
HIP 65407 b,16.1574
HIP 65407 c,16.1574
HIP 65426 b,9.15662
HIP 65891 b,6.62493
HIP 65891 b,6.62493
HIP 66074 b,28.1847
HIP 67522 b,7.8288
HIP 67522 b,7.8288
HIP 67522 b,7.8288
HIP 67522 b,7.8288
HIP 67522 b,7.8288
HIP 67522 c,7.8288
HIP 67537 b,8.58881
HIP 67537 b,8.58881
HIP 67537 b,8.58881
HIP 67851 b,15.5674
HIP 67851 b,15.5674
HIP 67851 b,15.5674
HIP 67851 b,15.5674
HIP 67851 b,15.5674
HIP 67851 b,15.5674
HIP 67851 b,15.5674
HIP 67851 c,15.5674
HIP 67851 c,15.5674
HIP 67851 c,15.5674
HIP 67851 c,15.5674
HIP 67851 c,15.5674
HIP 67851 c,15.5674
HIP 67851 c,15.5674
HIP 70849 b,41.5387
HIP 70849 b,41.5387
HIP 70849 b,41.5387
HIP 71135 b,30.9011
HIP 74890 b,12.6848
HIP 74890 b,12.6848
HIP 75092 b,12.2161
HIP 75092 b,12.2161
HIP 77900 b,6.60371
HIP 78530 b,7.28477
HIP 78530 b,7.28477
HIP 78530 b,7.28477
HIP 79098 AB b,6.83366
HIP 79431 b,68.7833
HIP 81208 C b,6.75042
HIP 8152 b,9.80469
HIP 8152 b,9.80469
HIP 8152 b,9.80469
HIP 8152 c,9.80469
HIP 8152 c,9.80469
HIP 8152 c,9.80469
HIP 8541 b,6.41777
HIP 8541 b,6.41777
HIP 8541 b,6.41777
HIP 8541 b,6.41777
HIP 86221 b,33.91
HIP 90988 b,10.6057
HIP 90988 b,10.6057
HIP 90988 b,10.6057
HIP 91258 b,21.7649
HIP 91258 b,21.7649
HIP 94235 b,17.0609
HIP 94235 b,17.0609
HIP 94235 b,17.0609
HIP 948 b,28.6637
HIP 9618 b,14.7755
HIP 9618 b,14.7755
HIP 9618 b,14.7755
HIP 9618 b,14.7755
HIP 9618 c,14.7755
HIP 9618 c,14.7755
HIP 9618 c,14.7755
HIP 9618 c,14.7755
HIP 97166 b,15.1341
HIP 97166 b,15.1341
HIP 97166 b,15.1341
HIP 97166 c,15.1341
HIP 97166 c,15.1341
HIP 97233 b,9.74888
HIP 97233 b,9.74888
HIP 97233 b,9.74888
HIP 99770 b,24.9257
HN Lib b,160.114
HN Peg b,55.1631
HR 2562 b,29.3767
HR 2562 b,29.3767
HR 5183 b,31.7568
HR 5183 b,31.7568
HR 5183 b,31.7568
HR 810 b,57.7143
HR 810 b,57.7143
HR 810 b,57.7143
HR 810 b,57.7143
HR 810 b,57.7143
HR 858 b,31.2565
HR 858 b,31.2565
HR 858 b,31.2565
HR 858 c,31.2565
HR 858 c,31.2565
HR 858 c,31.2565
HR 858 d,31.2565
HR 858 d,31.2565
HR 858 d,31.2565
HR 8799 b,24.2175
HR 8799 b,24.2175
HR 8799 b,24.2175
HR 8799 b,24.2175
HR 8799 c,24.2175
HR 8799 c,24.2175
HR 8799 c,24.2175
HR 8799 c,24.2175
HR 8799 d,24.2175
HR 8799 d,24.2175
HR 8799 d,24.2175
HR 8799 d,24.2175
HR 8799 e,24.2175
HR 8799 e,24.2175
HR 8799 e,24.2175
HR 8799 e,24.2175
HS Psc b,26.5244
IC 4651 9122 b,1.13717
IRAS 04125+2902 b,6.25187
IRAS 04125+2902 b,6.25187
ITG 15 b,7.30702
K2-10 b,3.64323
K2-10 b,3.64323
K2-10 b,3.64323
K2-10 b,3.64323
K2-10 b,3.64323
K2-10 b,3.64323
K2-10 b,3.64323
K2-10 b,3.64323
K2-100 b,5.26448
K2-100 b,5.26448
K2-100 b,5.26448
K2-100 b,5.26448
K2-100 b,5.26448
K2-100 b,5.26448
K2-100 b,5.26448
K2-100 b,5.26448
K2-100 b,5.26448
K2-100 b,5.26448
K2-100 b,5.26448
K2-100 b,5.26448
K2-101 b,5.28182
K2-101 b,5.28182
K2-101 b,5.28182
K2-101 b,5.28182
K2-101 b,5.28182
K2-101 b,5.28182
K2-101 b,5.28182
K2-102 b,5.28616
K2-102 b,5.28616
K2-104 b,5.25733
K2-104 b,5.25733
K2-104 b,5.25733
K2-104 b,5.25733
K2-104 b,5.25733
K2-104 b,5.25733
K2-104 b,5.25733
K2-104 b,5.25733
K2-105 b,5.02224
K2-105 b,5.02224
K2-105 b,5.02224
K2-105 b,5.02224
K2-105 b,5.02224
K2-105 b,5.02224
K2-105 b,5.02224
K2-105 b,5.02224
K2-105 b,5.02224
K2-105 b,5.02224
K2-105 b,5.02224
K2-107 b,1.43244
K2-107 b,1.43244
K2-107 b,1.43244
K2-107 b,1.43244
K2-107 b,1.43244
K2-107 b,1.43244
K2-108 b,2.06697
K2-108 b,2.06697
K2-108 b,2.06697
K2-108 b,2.06697
K2-108 b,2.06697
K2-108 b,2.06697
K2-108 b,2.06697
K2-108 b,2.06697
K2-108 b,2.06697
K2-11 b,3.0079
K2-11 b,3.0079
K2-11 b,3.0079
K2-11 b,3.0079
K2-110 b,8.5568
K2-110 b,8.5568
K2-110 b,8.5568
K2-110 b,8.5568
K2-110 b,8.5568
K2-110 b,8.5568
K2-110 b,8.5568
K2-110 b,8.5568
K2-110 b,8.5568
K2-111 b,4.96259
K2-111 b,4.96259
K2-111 b,4.96259
K2-111 b,4.96259
K2-111 b,4.96259
K2-111 b,4.96259
K2-111 b,4.96259
K2-111 c,4.96259
K2-111 c,4.96259
K2-113 b,1.54414
K2-113 b,1.54414
K2-113 b,1.54414
K2-113 b,1.54414
K2-113 b,1.54414
K2-113 b,1.54414
K2-114 b,2.07344
K2-114 b,2.07344
K2-114 b,2.07344
K2-114 b,2.07344
K2-114 b,2.07344
K2-114 b,2.07344
K2-114 b,2.07344
K2-114 b,2.07344
K2-114 b,2.07344
K2-114 b,2.07344
K2-115 b,2.38911
K2-115 b,2.38911
K2-115 b,2.38911
K2-115 b,2.38911
K2-115 b,2.38911
K2-115 b,2.38911
K2-115 b,2.38911
K2-115 b,2.38911
K2-115 b,2.38911
K2-115 b,2.38911
K2-115 b,2.38911
K2-116 b,20.2201
K2-116 b,20.2201
K2-116 b,20.2201
K2-116 b,20.2201
K2-117 b,9.81066
K2-117 b,9.81066
K2-117 b,9.81066
K2-117 b,9.81066
K2-117 b,9.81066
K2-117 b,9.81066
K2-117 b,9.81066
K2-117 b,9.81066
K2-117 c,9.81066
K2-117 c,9.81066
K2-117 c,9.81066
K2-117 c,9.81066
K2-117 c,9.81066
K2-118 b,3.07977
K2-118 b,3.07977
K2-119 b,2.70677
K2-119 b,2.70677
K2-119 b,2.70677
K2-119 b,2.70677
K2-119 b,2.70677
K2-119 b,2.70677
K2-12 b,3.0362
K2-12 b,3.0362
K2-12 b,3.0362
K2-12 b,3.0362
K2-12 b,3.0362
K2-12 b,3.0362
K2-121 b,5.87462
K2-121 b,5.87462
K2-121 b,5.87462
K2-121 b,5.87462
K2-121 b,5.87462
K2-121 b,5.87462
K2-121 b,5.87462
K2-121 b,5.87462
K2-121 b,5.87462
K2-121 b,5.87462
K2-121 b,5.87462
K2-122 b,13.8516
K2-122 b,13.8516
K2-122 b,13.8516
K2-122 b,13.8516
K2-122 b,13.8516
K2-122 b,13.8516
K2-122 b,13.8516
K2-122 b,13.8516
K2-123 b,6.16099
K2-123 b,6.16099
K2-123 b,6.16099
K2-123 b,6.16099
K2-123 b,6.16099
K2-123 b,6.16099
K2-123 b,6.16099
K2-123 b,6.16099
K2-124 b,7.09527
K2-124 b,7.09527
K2-124 b,7.09527
K2-124 b,7.09527
K2-124 b,7.09527
K2-124 b,7.09527
K2-124 b,7.09527
K2-125 b,8.026
K2-126 b,9.68518
K2-126 b,9.68518
K2-126 b,9.68518
K2-126 b,9.68518
K2-126 b,9.68518
K2-126 b,9.68518
K2-126 b,9.68518
K2-127 b,1.38055
K2-127 b,1.38055
K2-127 b,1.38055
K2-127 b,1.38055
K2-127 b,1.38055
K2-127 b,1.38055
K2-128 b,8.6952
K2-128 b,8.6952
K2-128 b,8.6952
K2-129 b,35.9483
K2-129 b,35.9483
K2-13 b,2.89216
K2-13 b,2.89216
K2-13 b,2.89216
K2-130 b,8.44508
K2-130 b,8.44508
K2-130 b,8.44508
K2-131 b,6.52851
K2-131 b,6.52851
K2-131 b,6.52851
K2-131 b,6.52851
K2-131 b,6.52851
K2-131 b,6.52851
K2-131 b,6.52851
K2-132 b,1.61184
K2-132 b,1.61184
K2-132 b,1.61184
K2-132 b,1.61184
K2-132 b,1.61184
K2-132 b,1.61184
K2-133 b,13.2743
K2-133 b,13.2743
K2-133 c,13.2743
K2-133 c,13.2743
K2-133 d,13.2743
K2-133 d,13.2743
K2-133 d,13.2743
K2-133 e,13.2743
K2-136 b,16.8497
K2-136 b,16.8497
K2-136 b,16.8497
K2-136 c,16.8497
K2-136 c,16.8497
K2-136 c,16.8497
K2-136 c,16.8497
K2-136 c,16.8497
K2-136 c,16.8497
K2-136 d,16.8497
K2-136 d,16.8497
K2-136 d,16.8497
K2-137 b,10.0853
K2-137 b,10.0853
K2-138 b,4.90795
K2-138 b,4.90795
K2-138 b,4.90795
K2-138 b,4.90795
K2-138 c,4.90795
K2-138 c,4.90795
K2-138 c,4.90795
K2-138 c,4.90795
K2-138 d,4.90795
K2-138 d,4.90795
K2-138 d,4.90795
K2-138 d,4.90795
K2-138 e,4.90795
K2-138 e,4.90795
K2-138 e,4.90795
K2-138 e,4.90795
K2-138 e,4.90795
K2-138 f,4.90795
K2-138 f,4.90795
K2-138 f,4.90795
K2-138 f,4.90795
K2-138 g,4.90795
K2-138 g,4.90795
K2-138 g,4.90795
K2-139 b,6.47101
K2-139 b,6.47101
K2-139 b,6.47101
K2-139 b,6.47101
K2-139 b,6.47101
K2-14 b,2.71943
K2-14 b,2.71943
K2-14 b,2.71943
K2-14 b,2.71943
K2-14 b,2.71943
K2-140 b,2.84731
K2-140 b,2.84731
K2-140 b,2.84731
K2-140 b,2.84731
K2-140 b,2.84731
K2-140 b,2.84731
K2-141 b,16.1332
K2-141 b,16.1332
K2-141 b,16.1332
K2-141 b,16.1332
K2-141 b,16.1332
K2-141 c,16.1332
K2-141 c,16.1332
K2-146 b,12.5821
K2-146 b,12.5821
K2-146 b,12.5821
K2-146 b,12.5821
K2-146 b,12.5821
K2-146 b,12.5821
K2-146 b,12.5821
K2-146 b,12.5821
K2-146 b,12.5821
K2-146 c,12.5821
K2-146 c,12.5821
K2-147 b,11.0149
K2-147 b,11.0149
K2-147 b,11.0149
K2-147 b,11.0149
K2-148 b,8.00615
K2-148 b,8.00615
K2-148 c,8.00615
K2-148 c,8.00615
K2-148 d,8.00615
K2-148 d,8.00615
K2-149 b,8.0569
K2-15 b,1.9959
K2-15 b,1.9959
K2-15 b,1.9959
K2-15 b,1.9959
K2-150 b,9.7297
K2-150 b,9.7297
K2-151 b,14.3638
K2-151 b,14.3638
K2-151 b,14.3638
K2-151 b,14.3638
K2-152 b,9.19214
K2-152 b,9.19214
K2-153 b,6.95835
K2-153 b,6.95835
K2-154 b,7.70175
K2-154 b,7.70175
K2-154 c,7.70175
K2-154 c,7.70175
K2-155 b,13.7077
K2-155 b,13.7077
K2-155 c,13.7077
K2-155 c,13.7077
K2-155 c,13.7077
K2-155 c,13.7077
K2-155 d,13.7077
K2-155 d,13.7077
K2-156 b,6.6289
K2-156 b,6.6289
K2-156 b,6.6289
K2-157 b,3.32357
K2-157 b,3.32357
K2-157 b,3.32357
K2-157 c,3.32357
K2-157 d,3.32357
K2-158 b,5.0403
K2-158 b,5.0403
K2-158 c,5.0403
K2-159 b,5.81967
K2-159 b,5.81967
K2-16 b,2.95691
K2-16 b,2.95691
K2-16 b,2.95691
K2-16 b,2.95691
K2-16 b,2.95691
K2-16 c,2.95691
K2-16 c,2.95691
K2-16 c,2.95691
K2-16 c,2.95691
K2-16 c,2.95691
K2-160 b,3.14279
K2-161 b,1.0626
K2-162 b,8.00776
K2-162 b,8.00776
K2-163 b,4.76941
K2-164 b,2.63409
K2-164 b,2.63409
K2-164 b,2.63409
K2-165 b,7.40188
K2-165 c,7.40188
K2-165 d,7.40188
K2-165 d,7.40188
K2-166 b,2.06877
K2-166 b,2.06877
K2-167 b,12.3328
K2-167 b,12.3328
K2-167 b,12.3328
K2-167 b,12.3328
K2-167 b,12.3328
K2-167 b,12.3328
K2-167 b,12.3328
K2-168 b,4.07235
K2-168 b,4.07235
K2-168 b,4.07235
K2-168 b,4.07235
K2-169 b,4.21322
K2-169 b,4.21322
K2-169 b,4.21322
K2-17 b,7.96463
K2-17 b,7.96463
K2-17 b,7.96463
K2-17 b,7.96463
K2-17 b,7.96463
K2-17 b,7.96463
K2-170 b,2.51725
K2-170 b,2.51725
K2-170 b,2.51725
K2-170 c,2.51725
K2-170 c,2.51725
K2-170 c,2.51725
K2-171 b,1.62229
K2-171 b,1.62229
K2-171 b,1.62229
K2-172 b,3.97597
K2-172 b,3.97597
K2-172 b,3.97597
K2-172 c,3.97597
K2-172 c,3.97597
K2-172 c,3.97597
K2-172 c,3.97597
K2-173 b,4.34511
K2-173 b,4.34511
K2-174 b,9.9783
K2-174 b,9.9783
K2-174 b,9.9783
K2-174 b,9.9783
K2-174 b,9.9783
K2-174 b,9.9783
K2-174 b,9.9783
K2-175 b,4.01591
K2-176 b,4.01586
K2-176 b,4.01586
K2-177 b,2.00394
K2-178 b,4.62801
K2-178 b,4.62801
K2-178 b,4.62801
K2-179 b,5.21281
K2-179 b,5.21281
K2-179 b,5.21281
K2-18 b,26.2686
K2-18 b,26.2686
K2-18 b,26.2686
K2-18 b,26.2686
K2-18 b,26.2686
K2-18 b,26.2686
K2-18 b,26.2686
K2-18 b,26.2686
K2-18 b,26.2686
K2-18 b,26.2686
K2-18 b,26.2686
K2-18 c,26.2686
K2-180 b,4.87598
K2-180 b,4.87598
K2-180 b,4.87598
K2-180 b,4.87598
K2-180 b,4.87598
K2-180 b,4.87598
K2-180 b,4.87598
K2-180 b,4.87598
K2-180 b,4.87598
K2-180 b,4.87598
K2-181 b,2.74245
K2-181 b,2.74245
K2-181 b,2.74245
K2-181 b,2.74245
K2-181 b,2.74245
K2-181 b,2.74245
K2-181 b,2.74245
K2-181 b,2.74245
K2-182 b,6.43038
K2-182 b,6.43038
K2-182 b,6.43038
K2-182 b,6.43038
K2-182 b,6.43038
K2-182 b,6.43038
K2-182 b,6.43038
K2-182 b,6.43038
K2-182 b,6.43038
K2-182 b,6.43038
K2-183 b,3.01076
K2-183 b,3.01076
K2-183 b,3.01076
K2-183 c,3.01076
K2-183 c,3.01076
K2-183 c,3.01076
K2-183 c,3.01076
K2-183 c,3.01076
K2-183 c,3.01076
K2-183 c,3.01076
K2-183 d,3.01076
K2-183 d,3.01076
K2-183 d,3.01076
K2-183 d,3.01076
K2-183 d,3.01076
K2-184 b,13.2015
K2-184 b,13.2015
K2-184 b,13.2015
K2-184 b,13.2015
K2-184 b,13.2015
K2-184 b,13.2015
K2-184 b,13.2015
K2-185 b,3.69811
K2-185 b,3.69811
K2-185 b,3.69811
K2-185 c,3.69811
K2-185 c,3.69811
K2-185 c,3.69811
K2-186 b,2.99542
K2-186 b,2.99542
K2-187 b,2.9939
K2-187 b,2.9939
K2-187 b,2.9939
K2-187 b,2.9939
K2-187 c,2.9939
K2-187 c,2.9939
K2-187 c,2.9939
K2-187 c,2.9939
K2-187 c,2.9939
K2-187 d,2.9939
K2-187 d,2.9939
K2-187 d,2.9939
K2-187 d,2.9939
K2-187 d,2.9939
K2-187 d,2.9939
K2-187 d,2.9939
K2-187 e,2.9939
K2-187 e,2.9939
K2-187 e,2.9939
K2-187 e,2.9939
K2-187 e,2.9939
K2-188 b,2.20973
K2-188 b,2.20973
K2-188 c,2.20973
K2-188 c,2.20973
K2-188 c,2.20973
K2-188 c,2.20973
K2-188 c,2.20973
K2-188 c,2.20973
K2-188 c,2.20973
K2-189 b,4.10173
K2-189 b,4.10173
K2-189 b,4.10173
K2-189 b,4.10173
K2-189 c,4.10173
K2-189 c,4.10173
K2-189 c,4.10173
K2-189 c,4.10173
K2-189 c,4.10173
K2-189 c,4.10173
K2-189 c,4.10173
K2-19 b,3.42298
K2-19 b,3.42298
K2-19 b,3.42298
K2-19 b,3.42298
K2-19 b,3.42298
K2-19 b,3.42298
K2-19 b,3.42298
K2-19 b,3.42298
K2-19 b,3.42298
K2-19 b,3.42298
K2-19 b,3.42298
K2-19 b,3.42298
K2-19 b,3.42298
K2-19 b,3.42298
K2-19 b,3.42298
K2-19 b,3.42298
K2-19 c,3.42298
K2-19 c,3.42298
K2-19 c,3.42298
K2-19 c,3.42298
K2-19 c,3.42298
K2-19 c,3.42298
K2-19 c,3.42298
K2-19 c,3.42298
K2-19 c,3.42298
K2-19 c,3.42298
K2-19 c,3.42298
K2-19 c,3.42298
K2-19 c,3.42298
K2-19 d,3.42298
K2-19 d,3.42298
K2-19 d,3.42298
K2-19 d,3.42298
K2-19 d,3.42298
K2-19 d,3.42298
K2-19 d,3.42298
K2-190 b,6.19515
K2-190 b,6.19515
K2-190 b,6.19515
K2-190 c,6.19515
K2-191 b,3.4534
K2-191 b,3.4534
K2-191 b,3.4534
K2-191 b,3.4534
K2-192 b,4.48101
K2-192 b,4.48101
K2-192 b,4.48101
K2-192 b,4.48101
K2-193 b,2.39889
K2-193 b,2.39889
K2-193 b,2.39889
K2-193 b,2.39889
K2-193 b,2.39889
K2-194 b,1.56091
K2-194 b,1.56091
K2-194 b,1.56091
K2-195 b,3.14627
K2-195 b,3.14627
K2-195 b,3.14627
K2-195 b,3.14627
K2-195 b,3.14627
K2-195 c,3.14627
K2-195 c,3.14627
K2-196 b,1.68326
K2-197 b,4.00976
K2-197 b,4.00976
K2-197 b,4.00976
K2-197 b,4.00976
K2-197 b,4.00976
K2-198 b,9.01629
K2-198 b,9.01629
K2-198 b,9.01629
K2-198 b,9.01629
K2-198 b,9.01629
K2-198 c,9.01629
K2-198 c,9.01629
K2-198 d,9.01629
K2-198 d,9.01629
K2-198 d,9.01629
K2-198 d,9.01629
K2-199 b,9.27232
K2-199 b,9.27232
K2-199 b,9.27232
K2-199 b,9.27232
K2-199 b,9.27232
K2-199 b,9.27232
K2-199 b,9.27232
K2-199 b,9.27232
K2-199 c,9.27232
K2-199 c,9.27232
K2-199 c,9.27232
K2-199 c,9.27232
K2-199 c,9.27232
K2-199 c,9.27232
K2-199 c,9.27232
K2-199 c,9.27232
K2-200 b,5.40286
K2-200 b,5.40286
K2-200 b,5.40286
K2-201 b,5.02389
K2-201 b,5.02389
K2-201 c,5.02389
K2-201 c,5.02389
K2-202 b,3.3004
K2-202 b,3.3004
K2-203 b,5.99057
K2-203 b,5.99057
K2-203 b,5.99057
K2-204 b,1.70396
K2-204 b,1.70396
K2-204 b,1.70396
K2-205 b,2.43932
K2-205 b,2.43932
K2-206 b,4.06279
K2-207 b,2.72597
K2-207 b,2.72597
K2-208 b,3.86451
K2-208 b,3.86451
K2-208 b,3.86451
K2-209 b,13.0435
K2-21 b,11.9265
K2-21 b,11.9265
K2-21 b,11.9265
K2-21 b,11.9265
K2-21 b,11.9265
K2-21 c,11.9265
K2-21 c,11.9265
K2-21 c,11.9265
K2-21 c,11.9265
K2-21 c,11.9265
K2-21 c,11.9265
K2-210 b,5.6373
K2-210 b,5.6373
K2-211 b,3.64447
K2-211 b,3.64447
K2-211 b,3.64447
K2-211 b,3.64447
K2-212 b,9.12809
K2-212 b,9.12809
K2-212 b,9.12809
K2-212 b,9.12809
K2-212 b,9.12809
K2-212 b,9.12809
K2-213 b,2.53777
K2-214 b,3.29796
K2-214 b,3.29796
K2-214 b,3.29796
K2-214 b,3.29796
K2-214 b,3.29796
K2-215 b,2.44698
K2-215 b,2.44698
K2-216 b,8.63246
K2-216 b,8.63246
K2-216 b,8.63246
K2-216 b,8.63246
K2-216 b,8.63246
K2-216 b,8.63246
K2-216 b,8.63246
K2-217 b,2.59059
K2-217 b,2.59059
K2-218 b,2.50996
K2-218 b,2.50996
K2-219 b,3.04486
K2-219 b,3.04486
K2-219 c,3.04486
K2-219 c,3.04486
K2-219 d,3.04486
K2-219 d,3.04486
K2-22 b,4.07286
K2-22 b,4.07286
K2-22 b,4.07286
K2-22 b,4.07286
K2-22 b,4.07286
K2-22 b,4.07286
K2-22 b,4.07286
K2-220 b,4.25418
K2-220 b,4.25418
K2-220 b,4.25418
K2-220 b,4.25418
K2-220 b,4.25418
K2-221 b,3.10914
K2-221 b,3.10914
K2-222 b,9.84127
K2-222 b,9.84127
K2-222 b,9.84127
K2-222 b,9.84127
K2-222 b,9.84127
K2-222 b,9.84127
K2-222 b,9.84127
K2-223 b,5.00744
K2-223 b,5.00744
K2-223 b,5.00744
K2-223 c,5.00744
K2-223 c,5.00744
K2-223 c,5.00744
K2-224 b,3.60459
K2-224 b,3.60459
K2-224 c,3.60459
K2-224 c,3.60459
K2-225 b,2.76698
K2-225 b,2.76698
K2-225 b,2.76698
K2-226 b,4.7062
K2-226 b,4.7062
K2-226 b,4.7062
K2-227 b,5.31295
K2-228 b,7.7079
K2-228 b,7.7079
K2-229 b,9.72291
K2-229 b,9.72291
K2-229 b,9.72291
K2-229 b,9.72291
K2-229 b,9.72291
K2-229 b,9.72291
K2-229 c,9.72291
K2-229 c,9.72291
K2-229 c,9.72291
K2-229 c,9.72291
K2-230 b,1.82143
K2-230 b,1.82143
K2-231 b,3.08511
K2-231 b,3.08511
K2-232 b,7.6214
K2-232 b,7.6214
K2-232 b,7.6214
K2-232 b,7.6214
K2-233 b,14.7849
K2-233 b,14.7849
K2-233 b,14.7849
K2-233 c,14.7849
K2-233 c,14.7849
K2-233 c,14.7849
K2-233 d,14.7849
K2-233 d,14.7849
K2-233 d,14.7849
K2-233 d,14.7849
K2-237 b,3.14858
K2-237 b,3.14858
K2-237 b,3.14858
K2-237 b,3.14858
K2-237 b,3.14858
K2-237 b,3.14858
K2-237 b,3.14858
K2-237 b,3.14858
K2-237 b,3.14858
K2-239 b,32.1414
K2-239 c,32.1414
K2-239 d,32.1414
K2-24 b,5.83465
K2-24 b,5.83465
K2-24 b,5.83465
K2-24 b,5.83465
K2-24 b,5.83465
K2-24 b,5.83465
K2-24 b,5.83465
K2-24 b,5.83465
K2-24 b,5.83465
K2-24 c,5.83465
K2-24 c,5.83465
K2-24 c,5.83465
K2-24 c,5.83465
K2-24 c,5.83465
K2-24 c,5.83465
K2-24 c,5.83465
K2-24 c,5.83465
K2-24 c,5.83465
K2-240 b,13.6878
K2-240 c,13.6878
K2-241 b,6.66215
K2-242 b,9.12589
K2-243 b,3.71914
K2-243 c,3.71914
K2-244 b,4.66891
K2-244 b,4.66891
K2-245 b,2.16447
K2-245 b,2.16447
K2-246 b,1.39318
K2-247 b,3.84563
K2-247 c,3.84563
K2-248 b,2.43294
K2-249 b,1.88953
K2-25 b,22.2153
K2-25 b,22.2153
K2-25 b,22.2153
K2-25 b,22.2153
K2-25 b,22.2153
K2-25 b,22.2153
K2-25 b,22.2153
K2-250 b,2.38297
K2-250 b,2.38297
K2-251 b,6.77291
K2-252 b,4.34143
K2-253 b,1.11213
K2-253 b,1.11213
K2-254 b,4.3615
K2-254 c,4.3615
K2-255 b,5.19052
K2-257 b,15.5949
K2-258 b,1.48213
K2-259 b,2.37321
K2-259 b,2.37321
K2-26 b,10.0674
K2-26 b,10.0674
K2-26 b,10.0674
K2-26 b,10.0674
K2-26 b,10.0674
K2-26 b,10.0674
K2-260 b,1.47859
K2-260 b,1.47859
K2-260 b,1.47859
K2-260 b,1.47859
K2-260 b,1.47859
K2-260 b,1.47859
K2-261 b,4.66018
K2-261 b,4.66018
K2-261 b,4.66018
K2-261 b,4.66018
K2-261 b,4.66018
K2-261 b,4.66018
K2-261 b,4.66018
K2-261 b,4.66018
K2-261 b,4.66018
K2-261 b,4.66018
K2-263 b,6.12624
K2-263 b,6.12624
K2-263 b,6.12624
K2-263 b,6.12624
K2-264 b,5.35982
K2-264 b,5.35982
K2-264 c,5.35982
K2-264 c,5.35982
K2-265 b,7.1829
K2-265 b,7.1829
K2-265 b,7.1829
K2-265 b,7.1829
K2-265 b,7.1829
K2-265 b,7.1829
K2-265 b,7.1829
K2-265 b,7.1829
K2-265 b,7.1829
K2-266 b,12.865
K2-266 c,12.865
K2-266 d,12.865
K2-266 d,12.865
K2-266 d,12.865
K2-266 e,12.865
K2-266 e,12.865
K2-268 b,3.02214
K2-268 b,3.02214
K2-268 b,3.02214
K2-268 c,3.02214
K2-268 c,3.02214
K2-268 c,3.02214
K2-268 c,3.02214
K2-268 c,3.02214
K2-268 c,3.02214
K2-268 c,3.02214
K2-268 d,3.02214
K2-268 d,3.02214
K2-268 e,3.02214
K2-268 e,3.02214
K2-268 f,3.02214
K2-268 f,3.02214
K2-269 b,2.74836
K2-269 b,2.74836
K2-269 b,2.74836
K2-269 b,2.74836
K2-27 b,3.97723
K2-27 b,3.97723
K2-27 b,3.97723
K2-27 b,3.97723
K2-27 b,3.97723
K2-27 b,3.97723
K2-27 b,3.97723
K2-27 b,3.97723
K2-27 b,3.97723
K2-27 b,3.97723
K2-270 b,3.53616
K2-270 b,3.53616
K2-270 b,3.53616
K2-270 c,3.53616
K2-270 c,3.53616
K2-270 c,3.53616
K2-270 c,3.53616
K2-270 c,3.53616
K2-270 c,3.53616
K2-271 b,1.74335
K2-271 b,1.74335
K2-271 b,1.74335
K2-271 b,1.74335
K2-271 b,1.74335
K2-271 b,1.74335
K2-272 b,2.33505
K2-272 b,2.33505
K2-272 b,2.33505
K2-272 b,2.33505
K2-272 b,2.33505
K2-272 b,2.33505
K2-272 b,2.33505
K2-273 b,3.217
K2-273 b,3.217
K2-273 b,3.217
K2-273 b,3.217
K2-273 b,3.217
K2-273 b,3.217
K2-273 b,3.217
K2-273 b,3.217
K2-274 b,4.35333
K2-274 b,4.35333
K2-274 b,4.35333
K2-274 b,4.35333
K2-274 b,4.35333
K2-274 b,4.35333
K2-274 b,4.35333
K2-274 b,4.35333
K2-275 b,8.07267
K2-275 b,8.07267
K2-275 b,8.07267
K2-275 b,8.07267
K2-275 b,8.07267
K2-275 b,8.07267
K2-275 b,8.07267
K2-275 b,8.07267
K2-275 c,8.07267
K2-275 c,8.07267
K2-275 c,8.07267
K2-275 c,8.07267
K2-275 c,8.07267
K2-275 c,8.07267
K2-276 b,2.01993
K2-276 b,2.01993
K2-276 b,2.01993
K2-276 b,2.01993
K2-277 b,8.81151
K2-277 b,8.81151
K2-277 b,8.81151
K2-277 b,8.81151
K2-277 b,8.81151
K2-277 b,8.81151
K2-277 b,8.81151
K2-277 b,8.81151
K2-277 b,8.81151
K2-278 b,1.24301
K2-278 b,1.24301
K2-278 b,1.24301
K2-278 b,1.24301
K2-279 b,5.43668
K2-279 b,5.43668
K2-279 b,5.43668
K2-279 b,5.43668
K2-28 b,15.8456
K2-28 b,15.8456
K2-28 b,15.8456
K2-28 b,15.8456
K2-28 b,15.8456
K2-28 b,15.8456
K2-28 b,15.8456
K2-280 b,2.52663
K2-280 b,2.52663
K2-280 b,2.52663
K2-280 b,2.52663
K2-280 b,2.52663
K2-280 b,2.52663
K2-281 b,2.15419
K2-281 b,2.15419
K2-281 b,2.15419
K2-282 b,1.98627
K2-282 b,1.98627
K2-282 b,1.98627
K2-282 b,1.98627
K2-283 b,2.45325
K2-283 b,2.45325
K2-283 b,2.45325
K2-284 b,9.29346
K2-284 b,9.29346
K2-284 b,9.29346
K2-285 b,6.42482
K2-285 b,6.42482
K2-285 c,6.42482
K2-285 c,6.42482
K2-285 d,6.42482
K2-285 e,6.42482
K2-286 b,13.1035
K2-287 b,6.2875
K2-287 b,6.2875
K2-287 b,6.2875
K2-288 B b,15.2166
K2-288 B b,15.2166
K2-289 b,3.61703
K2-289 b,3.61703
K2-289 b,3.61703
K2-289 b,3.61703
K2-29 b,5.57452
K2-29 b,5.57452
K2-29 b,5.57452
K2-29 b,5.57452
K2-29 b,5.57452
K2-29 b,5.57452
K2-29 b,5.57452
K2-29 b,5.57452
K2-29 b,5.57452
K2-290 b,3.63648
K2-290 b,3.63648
K2-290 c,3.63648
K2-290 c,3.63648
K2-290 c,3.63648
K2-291 b,11.0758
K2-291 b,11.0758
K2-291 b,11.0758
K2-291 b,11.0758
K2-292 b,8.72122
K2-293 b,2.52119
K2-294 b,2.65222
K2-295 b,4.26686
K2-295 b,4.26686
K2-295 b,4.26686
K2-295 b,4.26686
K2-295 b,4.26686
K2-3 b,22.661
K2-3 b,22.661
K2-3 b,22.661
K2-3 b,22.661
K2-3 b,22.661
K2-3 b,22.661
K2-3 b,22.661
K2-3 b,22.661
K2-3 b,22.661
K2-3 b,22.661
K2-3 b,22.661
K2-3 b,22.661
K2-3 b,22.661
K2-3 b,22.661
K2-3 b,22.661
K2-3 b,22.661
K2-3 c,22.661
K2-3 c,22.661
K2-3 c,22.661
K2-3 c,22.661
K2-3 c,22.661
K2-3 c,22.661
K2-3 c,22.661
K2-3 c,22.661
K2-3 c,22.661
K2-3 c,22.661
K2-3 c,22.661
K2-3 c,22.661
K2-3 c,22.661
K2-3 c,22.661
K2-3 d,22.661
K2-3 d,22.661
K2-3 d,22.661
K2-3 d,22.661
K2-3 d,22.661
K2-3 d,22.661
K2-3 d,22.661
K2-3 d,22.661
K2-3 d,22.661
K2-3 d,22.661
K2-3 d,22.661
K2-3 d,22.661
K2-3 d,22.661
K2-3 d,22.661
K2-30 b,2.97391
K2-30 b,2.97391
K2-30 b,2.97391
K2-30 b,2.97391
K2-30 b,2.97391
K2-30 b,2.97391
K2-30 b,2.97391
K2-30 b,2.97391
K2-30 b,2.97391
K2-30 b,2.97391
K2-31 b,9.01931
K2-31 b,9.01931
K2-31 b,9.01931
K2-31 b,9.01931
K2-31 b,9.01931
K2-31 b,9.01931
K2-31 b,9.01931
K2-31 b,9.01931
K2-312 c,9.07435
K2-315 b,17.5252
K2-316 b,8.86222
K2-316 c,8.86222
K2-317 b,5.64718
K2-318 b,6.73446
K2-319 b,4.75461
K2-32 b,6.31369
K2-32 b,6.31369
K2-32 b,6.31369
K2-32 b,6.31369
K2-32 b,6.31369
K2-32 b,6.31369
K2-32 b,6.31369
K2-32 b,6.31369
K2-32 b,6.31369
K2-32 b,6.31369
K2-32 b,6.31369
K2-32 b,6.31369
K2-32 c,6.31369
K2-32 c,6.31369
K2-32 c,6.31369
K2-32 c,6.31369
K2-32 c,6.31369
K2-32 c,6.31369
K2-32 c,6.31369
K2-32 c,6.31369
K2-32 c,6.31369
K2-32 c,6.31369
K2-32 d,6.31369
K2-32 d,6.31369
K2-32 d,6.31369
K2-32 d,6.31369
K2-32 d,6.31369
K2-32 d,6.31369
K2-32 d,6.31369
K2-32 d,6.31369
K2-32 d,6.31369
K2-32 d,6.31369
K2-32 e,6.31369
K2-32 e,6.31369
K2-32 e,6.31369
K2-320 b,9.16867
K2-321 b,12.8433
K2-321 b,12.8433
K2-321 b,12.8433
K2-322 b,8.07382
K2-323 b,8.42309
K2-324 b,7.28967
K2-325 b,8.92982
K2-326 b,3.5139
K2-329 b,4.25907
K2-329 b,4.25907
K2-33 b,7.153
K2-33 b,7.153
K2-33 b,7.153
K2-33 b,7.153
K2-33 b,7.153
K2-330 b,6.217
K2-330 b,6.217
K2-330 b,6.217
K2-330 b,6.217
K2-330 b,6.217
K2-330 b,6.217
K2-331 b,4.70117
K2-331 c,4.70117
K2-331 c,4.70117
K2-332 b,8.08949
K2-332 b,8.08949
K2-332 b,8.08949
K2-333 b,2.87877
K2-333 b,2.87877
K2-333 b,2.87877
K2-333 b,2.87877
K2-334 b,2.66126
K2-334 b,2.66126
K2-334 b,2.66126
K2-334 b,2.66126
K2-335 b,1.7642
K2-335 b,1.7642
K2-335 b,1.7642
K2-335 b,1.7642
K2-336 b,4.15077
K2-336 b,4.15077
K2-336 b,4.15077
K2-336 b,4.15077
K2-337 b,2.34416
K2-337 b,2.34416
K2-337 b,2.34416
K2-337 b,2.34416
K2-338 b,6.34256
K2-338 b,6.34256
K2-338 b,6.34256
K2-339 b,2.74664
K2-339 b,2.74664
K2-34 b,2.84026
K2-34 b,2.84026
K2-34 b,2.84026
K2-34 b,2.84026
K2-34 b,2.84026
K2-34 b,2.84026
K2-34 b,2.84026
K2-34 b,2.84026
K2-34 b,2.84026
K2-34 b,2.84026
K2-34 b,2.84026
K2-34 b,2.84026
K2-34 b,2.84026
K2-34 b,2.84026
K2-340 b,1.326
K2-340 b,1.326
K2-340 b,1.326
K2-341 b,2.34466
K2-341 b,2.34466
K2-341 b,2.34466
K2-342 b,4.77093
K2-342 b,4.77093
K2-343 b,5.98933
K2-343 b,5.98933
K2-343 c,5.98933
K2-343 c,5.98933
K2-343 c,5.98933
K2-344 b,13.2747
K2-344 b,13.2747
K2-344 b,13.2747
K2-345 b,6.12862
K2-345 b,6.12862
K2-345 b,6.12862
K2-346 b,9.4428
K2-346 b,9.4428
K2-346 b,9.4428
K2-346 b,9.4428
K2-346 b,9.4428
K2-347 b,3.09328
K2-347 b,3.09328
K2-347 b,3.09328
K2-348 b,4.92543
K2-348 b,4.92543
K2-348 b,4.92543
K2-348 c,4.92543
K2-348 c,4.92543
K2-349 b,2.17642
K2-349 b,2.17642
K2-349 b,2.17642
K2-35 b,3.9304
K2-35 b,3.9304
K2-35 b,3.9304
K2-35 b,3.9304
K2-35 b,3.9304
K2-35 c,3.9304
K2-35 c,3.9304
K2-35 c,3.9304
K2-35 c,3.9304
K2-35 c,3.9304
K2-35 c,3.9304
K2-35 c,3.9304
K2-350 b,2.01484
K2-350 c,2.01484
K2-350 c,2.01484
K2-350 c,2.01484
K2-351 b,1.41109
K2-351 b,1.41109
K2-351 b,1.41109
K2-351 b,1.41109
K2-352 b,5.65212
K2-352 c,5.65212
K2-352 c,5.65212
K2-352 d,5.65212
K2-352 d,5.65212
K2-353 b,3.69625
K2-353 b,3.69625
K2-354 b,10.8741
K2-354 b,10.8741
K2-355 b,1.96925
K2-356 b,2.78398
K2-357 b,1.90308
K2-358 b,2.05332
K2-36 b,9.08318
K2-36 b,9.08318
K2-36 b,9.08318
K2-36 b,9.08318
K2-36 b,9.08318
K2-36 b,9.08318
K2-36 b,9.08318
K2-36 b,9.08318
K2-36 c,9.08318
K2-36 c,9.08318
K2-36 c,9.08318
K2-36 c,9.08318
K2-36 c,9.08318
K2-36 c,9.08318
K2-36 c,9.08318
K2-36 c,9.08318
K2-36 c,9.08318
K2-360 c,4.28034
K2-365 b,5.31289
K2-365 b,5.31289
K2-365 b,5.31289
K2-365 b,5.31289
K2-365 b,5.31289
K2-366 b,5.35665
K2-366 b,5.35665
K2-366 b,5.35665
K2-367 b,5.6221
K2-367 b,5.6221
K2-367 b,5.6221
K2-368 b,4.81138
K2-368 b,4.81138
K2-368 b,4.81138
K2-368 c,4.81138
K2-368 c,4.81138
K2-368 d,4.81138
K2-368 d,4.81138
K2-369 b,5.36125
K2-369 b,5.36125
K2-369 b,5.36125
K2-369 b,5.36125
K2-37 b,5.52913
K2-37 b,5.52913
K2-37 b,5.52913
K2-37 b,5.52913
K2-37 b,5.52913
K2-37 b,5.52913
K2-37 c,5.52913
K2-37 c,5.52913
K2-37 c,5.52913
K2-37 c,5.52913
K2-37 c,5.52913
K2-37 c,5.52913
K2-37 c,5.52913
K2-37 d,5.52913
K2-37 d,5.52913
K2-37 d,5.52913
K2-37 d,5.52913
K2-37 d,5.52913
K2-37 d,5.52913
K2-370 b,6.90652
K2-370 b,6.90652
K2-370 b,6.90652
K2-371 b,2.22979
K2-371 b,2.22979
K2-371 b,2.22979
K2-371 b,2.22979
K2-371 b,2.22979
K2-371 b,2.22979
K2-372 b,2.12698
K2-372 b,2.12698
K2-372 b,2.12698
K2-372 b,2.12698
K2-373 b,4.32756
K2-373 b,4.32756
K2-374 b,2.75372
K2-374 b,2.75372
K2-374 c,2.75372
K2-374 c,2.75372
K2-375 b,1.40791
K2-375 b,1.40791
K2-375 b,1.40791
K2-375 b,1.40791
K2-376 b,6.15937
K2-376 b,6.15937
K2-377 b,5.09575
K2-377 b,5.09575
K2-377 b,5.09575
K2-378 b,1.42567
K2-378 b,1.42567
K2-378 b,1.42567
K2-379 b,5.45983
K2-379 b,5.45983
K2-38 b,5.16248
K2-38 b,5.16248
K2-38 b,5.16248
K2-38 b,5.16248
K2-38 b,5.16248
K2-38 b,5.16248
K2-38 b,5.16248
K2-38 c,5.16248
K2-38 c,5.16248
K2-38 c,5.16248
K2-38 c,5.16248
K2-38 c,5.16248
K2-38 c,5.16248
K2-380 b,3.9832
K2-380 b,3.9832
K2-381 b,6.83508
K2-381 b,6.83508
K2-381 b,6.83508
K2-381 c,6.83508
K2-381 c,6.83508
K2-381 c,6.83508
K2-381 c,6.83508
K2-381 c,6.83508
K2-381 d,6.83508
K2-381 d,6.83508
K2-381 d,6.83508
K2-382 b,3.56412
K2-382 b,3.56412
K2-382 b,3.56412
K2-383 b,4.87931
K2-383 b,4.87931
K2-383 b,4.87931
K2-384 b,12.0702
K2-384 c,12.0702
K2-384 c,12.0702
K2-384 d,12.0702
K2-384 d,12.0702
K2-384 e,12.0702
K2-384 e,12.0702
K2-384 f,12.0702
K2-384 f,12.0702
K2-384 f,12.0702
K2-385 b,2.34786
K2-385 b,2.34786
K2-386 b,2.30381
K2-386 b,2.30381
K2-386 b,2.30381
K2-387 b,3.72681
K2-387 b,3.72681
K2-387 b,3.72681
K2-388 b,3.41439
K2-388 b,3.41439
K2-388 b,3.41439
K2-388 b,3.41439
K2-389 b,3.82959
K2-389 b,3.82959
K2-389 b,3.82959
K2-389 c,3.82959
K2-389 c,3.82959
K2-39 b,3.2244
K2-39 b,3.2244
K2-39 b,3.2244
K2-39 b,3.2244
K2-39 b,3.2244
K2-39 b,3.2244
K2-39 b,3.2244
K2-39 b,3.2244
K2-390 b,2.16371
K2-390 b,2.16371
K2-390 b,2.16371
K2-391 b,1.94134
K2-391 b,1.94134
K2-392 b,2.42975
K2-392 b,2.42975
K2-393 b,3.7322
K2-393 b,3.7322
K2-394 b,10.1739
K2-394 b,10.1739
K2-394 b,10.1739
K2-395 b,3.45921
K2-395 b,3.45921
K2-395 c,3.45921
K2-395 c,3.45921
K2-396 b,3.60976
K2-396 b,3.60976
K2-396 c,3.60976
K2-397 b,4.98777
K2-397 b,4.98777
K2-398 b,1.61879
K2-398 b,1.61879
K2-398 c,1.61879
K2-398 c,1.61879
K2-4 b,4.28506
K2-4 b,4.28506
K2-4 b,4.28506
K2-4 b,4.28506
K2-4 b,4.28506
K2-4 b,4.28506
K2-400 b,16.0021
K2-400 b,16.0021
K2-401 b,4.9533
K2-401 b,4.9533
K2-402 b,1.88423
K2-402 b,1.88423
K2-403 b,4.02673
K2-403 b,4.02673
K2-403 b,4.02673
K2-404 b,8.193
K2-404 b,8.193
K2-405 b,5.04191
K2-405 b,5.04191
K2-405 b,5.04191
K2-406 b,11.6852
K2-406 b,11.6852
K2-407 b,4.55074
K2-407 b,4.55074
K2-407 c,4.55074
K2-407 c,4.55074
K2-408 b,6.13296
K2-408 b,6.13296
K2-409 b,2.2923
K2-409 b,2.2923
K2-411 b,3.32542
K2-412 b,1.50108
K2-413 b,3.47849
K2-413 c,3.47849
K2-414 b,3.81706
K2-414 c,3.81706
K2-415 b,45.8044
K2-415 b,45.8044
K2-416 b,8.28313
K2-417 b,10.6047
K2-419 A b,3.69372
K2-419 A b,3.69372
K2-419 A b,3.69372
K2-419 A b,3.69372
K2-419 A b,3.69372
K2-419 A b,3.69372
K2-42 b,2.49154
K2-42 b,2.49154
K2-42 b,2.49154
K2-43 b,5.4503
K2-43 b,5.4503
K2-43 b,5.4503
K2-43 b,5.4503
K2-43 b,5.4503
K2-43 b,5.4503
K2-43 c,5.4503
K2-43 c,5.4503
K2-44 b,2.06958
K2-44 b,2.06958
K2-44 b,2.06958
K2-44 b,2.06958
K2-44 b,2.06958
K2-44 b,2.06958
K2-45 b,1.99067
K2-45 b,1.99067
K2-45 b,1.99067
K2-45 b,1.99067
K2-45 b,1.99067
K2-46 b,2.19812
K2-46 b,2.19812
K2-46 b,2.19812
K2-46 b,2.19812
K2-46 b,2.19812
K2-47 b,2.82984
K2-47 b,2.82984
K2-47 b,2.82984
K2-48 b,3.15843
K2-48 b,3.15843
K2-48 b,3.15843
K2-49 b,2.15954
K2-49 b,2.15954
K2-49 b,2.15954
K2-5 b,4.89899
K2-5 b,4.89899
K2-5 b,4.89899
K2-5 b,4.89899
K2-5 b,4.89899
K2-5 c,4.89899
K2-5 c,4.89899
K2-5 c,4.89899
K2-5 c,4.89899
K2-50 b,3.85616
K2-50 b,3.85616
K2-50 b,3.85616
K2-52 b,0.939381
K2-52 b,0.939381
K2-52 b,0.939381
K2-52 b,0.939381
K2-53 b,7.21733
K2-53 b,7.21733
K2-53 b,7.21733
K2-53 b,7.21733
K2-53 b,7.21733
K2-54 b,5.68706
K2-54 b,5.68706
K2-55 b,6.23997
K2-55 b,6.23997
K2-55 b,6.23997
K2-55 b,6.23997
K2-55 b,6.23997
K2-55 b,6.23997
K2-55 b,6.23997
K2-55 b,6.23997
K2-55 b,6.23997
K2-57 b,3.75615
K2-57 b,3.75615
K2-57 b,3.75615
K2-57 b,3.75615
K2-58 b,5.47374
K2-58 b,5.47374
K2-58 b,5.47374
K2-58 b,5.47374
K2-58 b,5.47374
K2-58 c,5.47374
K2-58 c,5.47374
K2-58 c,5.47374
K2-58 c,5.47374
K2-58 d,5.47374
K2-58 d,5.47374
K2-58 d,5.47374
K2-58 d,5.47374
K2-59 b,3.18378
K2-59 b,3.18378
K2-59 b,3.18378
K2-59 c,3.18378
K2-59 c,3.18378
K2-59 c,3.18378
K2-6 b,3.12897
K2-6 b,3.12897
K2-6 b,3.12897
K2-6 b,3.12897
K2-6 b,3.12897
K2-60 b,2.00523
K2-60 b,2.00523
K2-60 b,2.00523
K2-60 b,2.00523
K2-60 b,2.00523
K2-60 b,2.00523
K2-60 b,2.00523
K2-61 b,2.43694
K2-61 b,2.43694
K2-61 b,2.43694
K2-61 b,2.43694
K2-61 b,2.43694
K2-61 b,2.43694
K2-62 b,8.86281
K2-62 b,8.86281
K2-62 b,8.86281
K2-62 b,8.86281
K2-62 b,8.86281
K2-62 b,8.86281
K2-62 c,8.86281
K2-62 c,8.86281
K2-62 c,8.86281
K2-62 c,8.86281
K2-62 c,8.86281
K2-63 b,1.90689
K2-63 b,1.90689
K2-63 b,1.90689
K2-63 c,1.90689
K2-63 c,1.90689
K2-63 c,1.90689
K2-64 b,1.97291
K2-64 b,1.97291
K2-64 b,1.97291
K2-64 b,1.97291
K2-65 b,15.5932
K2-65 b,15.5932
K2-65 b,15.5932
K2-65 b,15.5932
K2-65 b,15.5932
K2-66 b,1.92148
K2-66 b,1.92148
K2-66 b,1.92148
K2-66 b,1.92148
K2-68 b,5.90092
K2-68 b,5.90092
K2-68 b,5.90092
K2-68 b,5.90092
K2-69 b,5.50581
K2-69 b,5.50581
K2-69 b,5.50581
K2-7 b,1.32514
K2-7 b,1.32514
K2-7 b,1.32514
K2-7 b,1.32514
K2-70 b,4.26498
K2-70 b,4.26498
K2-70 b,4.26498
K2-70 b,4.26498
K2-70 b,4.26498
K2-71 b,6.49946
K2-71 b,6.49946
K2-72 b,15.0242
K2-72 b,15.0242
K2-72 b,15.0242
K2-72 c,15.0242
K2-72 c,15.0242
K2-72 d,15.0242
K2-72 d,15.0242
K2-72 e,15.0242
K2-72 e,15.0242
K2-73 b,3.68643
K2-73 b,3.68643
K2-73 b,3.68643
K2-73 b,3.68643
K2-73 b,3.68643
K2-73 b,3.68643
K2-73 b,3.68643
K2-73 c,3.68643
K2-74 b,2.6188
K2-74 b,2.6188
K2-74 b,2.6188
K2-74 b,2.6188
K2-75 b,1.75175
K2-75 b,1.75175
K2-75 b,1.75175
K2-75 b,1.75175
K2-75 c,1.75175
K2-75 c,1.75175
K2-75 c,1.75175
K2-75 c,1.75175
K2-77 b,7.02703
K2-77 b,7.02703
K2-77 b,7.02703
K2-77 b,7.02703
K2-77 b,7.02703
K2-77 b,7.02703
K2-77 b,7.02703
K2-79 b,3.8775
K2-79 b,3.8775
K2-79 b,3.8775
K2-79 b,3.8775
K2-79 b,3.8775
K2-79 b,3.8775
K2-79 b,3.8775
K2-79 b,3.8775
K2-8 b,2.45137
K2-8 b,2.45137
K2-8 b,2.45137
K2-8 b,2.45137
K2-8 b,2.45137
K2-8 b,2.45137
K2-8 c,2.45137
K2-8 c,2.45137
K2-8 c,2.45137
K2-8 c,2.45137
K2-8 c,2.45137
K2-80 b,4.95159
K2-80 b,4.95159
K2-80 b,4.95159
K2-80 c,4.95159
K2-80 c,4.95159
K2-80 c,4.95159
K2-80 d,4.95159
K2-80 d,4.95159
K2-81 b,3.93486
K2-81 b,3.93486
K2-81 b,3.93486
K2-81 b,3.93486
K2-83 b,7.9375
K2-83 b,7.9375
K2-83 b,7.9375
K2-83 c,7.9375
K2-83 c,7.9375
K2-83 c,7.9375
K2-83 c,7.9375
K2-84 b,3.48158
K2-84 b,3.48158
K2-84 c,3.48158
K2-84 c,3.48158
K2-85 b,10.2574
K2-85 b,10.2574
K2-85 b,10.2574
K2-85 b,10.2574
K2-85 b,10.2574
K2-85 b,10.2574
K2-85 b,10.2574
K2-85 b,10.2574
K2-86 b,3.83717
K2-86 b,3.83717
K2-86 b,3.83717
K2-87 b,2.00706
K2-87 b,2.00706
K2-87 b,2.00706
K2-87 b,2.00706
K2-88 b,9.01663
K2-88 b,9.01663
K2-88 b,9.01663
K2-89 b,11.594
K2-89 b,11.594
K2-89 b,11.594
K2-9 b,12.025
K2-9 b,12.025
K2-9 b,12.025
K2-9 b,12.025
K2-9 b,12.025
K2-90 b,7.42337
K2-90 b,7.42337
K2-90 b,7.42337
K2-90 b,7.42337
K2-90 b,7.42337
K2-90 c,7.42337
K2-90 c,7.42337
K2-90 c,7.42337
K2-91 b,15.9515
K2-91 b,15.9515
K2-91 b,15.9515
K2-91 b,15.9515
K2-95 b,5.53519
K2-95 b,5.53519
K2-95 b,5.53519
K2-95 b,5.53519
K2-95 b,5.53519
K2-95 b,5.53519
K2-95 b,5.53519
K2-95 b,5.53519
K2-97 b,1.10927
K2-97 b,1.10927
K2-97 b,1.10927
K2-97 b,1.10927
K2-97 b,1.10927
K2-97 b,1.10927
K2-97 b,1.10927
K2-97 b,1.10927
K2-97 b,1.10927
K2-97 b,1.10927
K2-98 b,1.89991
K2-98 b,1.89991
K2-98 b,1.89991
K2-98 b,1.89991
K2-98 b,1.89991
K2-98 b,1.89991
K2-98 b,1.89991
K2-98 b,1.89991
K2-98 b,1.89991
K2-98 b,1.89991
K2-99 b,1.89836
K2-99 b,1.89836
K2-99 b,1.89836
K2-99 b,1.89836
K2-99 b,1.89836
K2-99 b,1.89836
K2-99 b,1.89836
K2-99 b,1.89836
K2-99 c,1.89836
KELT-1 b,3.69704
KELT-1 b,3.69704
KELT-1 b,3.69704
KELT-1 b,3.69704
KELT-1 b,3.69704
KELT-1 b,3.69704
KELT-1 b,3.69704
KELT-10 b,5.28004
KELT-10 b,5.28004
KELT-10 b,5.28004
KELT-10 b,5.28004
KELT-10 b,5.28004
KELT-11 b,10.0562
KELT-11 b,10.0562
KELT-11 b,10.0562
KELT-11 b,10.0562
KELT-11 b,10.0562
KELT-11 b,10.0562
KELT-11 b,10.0562
KELT-11 b,10.0562
KELT-11 b,10.0562
KELT-11 b,10.0562
KELT-12 b,2.68846
KELT-12 b,2.68846
KELT-12 b,2.68846
KELT-12 b,2.68846
KELT-14 b,3.96931
KELT-14 b,3.96931
KELT-14 b,3.96931
KELT-14 b,3.96931
KELT-14 b,3.96931
KELT-14 b,3.96931
KELT-15 b,3.05121
KELT-15 b,3.05121
KELT-15 b,3.05121
KELT-15 b,3.05121
KELT-15 b,3.05121
KELT-15 b,3.05121
KELT-16 b,2.22084
KELT-16 b,2.22084
KELT-16 b,2.22084
KELT-16 b,2.22084
KELT-16 b,2.22084
KELT-16 b,2.22084
KELT-17 b,4.38678
KELT-17 b,4.38678
KELT-17 b,4.38678
KELT-17 b,4.38678
KELT-18 b,3.08284
KELT-18 b,3.08284
KELT-18 b,3.08284
KELT-18 b,3.08284
KELT-18 b,3.08284
KELT-18 b,3.08284
KELT-18 b,3.08284
KELT-19 A b,3.30249
KELT-19 A b,3.30249
KELT-19 A b,3.30249
KELT-19 A b,3.30249
KELT-2 A b,7.43094
KELT-2 A b,7.43094
KELT-2 A b,7.43094
KELT-2 A b,7.43094
KELT-2 A b,7.43094
KELT-20 b,7.30148
KELT-20 b,7.30148
KELT-20 b,7.30148
KELT-20 b,7.30148
KELT-20 b,7.30148
KELT-20 b,7.30148
KELT-21 b,2.0953
KELT-21 b,2.0953
KELT-21 b,2.0953
KELT-21 b,2.0953
KELT-23 A b,7.89124
KELT-23 A b,7.89124
KELT-23 A b,7.89124
KELT-23 A b,7.89124
KELT-23 A b,7.89124
KELT-23 A b,7.89124
KELT-24 b,10.332
KELT-24 b,10.332
KELT-24 b,10.332
KELT-24 b,10.332
KELT-24 b,10.332
KELT-24 b,10.332
KELT-24 b,10.332
KELT-24 b,10.332
KELT-3 b,4.73153
KELT-3 b,4.73153
KELT-3 b,4.73153
KELT-3 b,4.73153
KELT-3 b,4.73153
KELT-3 b,4.73153
KELT-3 b,4.73153
KELT-3 b,4.73153
KELT-3 b,4.73153
KELT-3 b,4.73153
KELT-4 A b,4.55767
KELT-4 A b,4.55767
KELT-4 A b,4.55767
KELT-4 A b,4.55767
KELT-4 A b,4.55767
KELT-6 b,4.1255
KELT-6 b,4.1255
KELT-6 b,4.1255
KELT-6 b,4.1255
KELT-6 b,4.1255
KELT-6 b,4.1255
KELT-6 b,4.1255
KELT-6 b,4.1255
KELT-6 c,4.1255
KELT-7 b,7.28791
KELT-7 b,7.28791
KELT-7 b,7.28791
KELT-7 b,7.28791
KELT-7 b,7.28791
KELT-7 b,7.28791
KELT-7 b,7.28791
KELT-7 b,7.28791
KELT-7 b,7.28791
KELT-7 b,7.28791
KELT-8 b,5.03267
KELT-8 b,5.03267
KELT-8 b,5.03267
KELT-8 b,5.03267
KELT-8 b,5.03267
KELT-8 b,5.03267
KELT-8 b,5.03267
KELT-8 b,5.03267
KELT-9 b,4.86254
KELT-9 b,4.86254
KELT-9 b,4.86254
KELT-9 b,4.86254
KELT-9 b,4.86254
KELT-9 b,4.86254
KIC 10001893 b,0.568678
KIC 10001893 c,0.568678
KIC 10001893 d,0.568678
KIC 10525077 b,0.655604
KIC 3526061 b,2.46389
KIC 3558849 b,0.794438
KIC 5437945 b,0.756155
KIC 5437945 b,0.756155
KIC 5437945 b,0.756155
KIC 5437945 b,0.756155
KIC 5437945 b,0.756155
KIC 5437945 b,0.756155
KIC 5437945 b,0.756155
KIC 5437945 b,0.756155
KIC 5479689 b,2.16944
KIC 7917485 b,0.694777
KIC 8121913 b,1.38538
KIC 8540376 b,0.90386
KIC 8540376 c,0.90386
KIC 9663113 b,0.598486
KIC 9663113 b,0.598486
KIC 9663113 b,0.598486
KIC 9663113 b,0.598486
KIC 9663113 b,0.598486
KIC 9663113 b,0.598486
KIC 9663113 b,0.598486
KIC 9663113 b,0.598486
KOBE-1 b,41.6867
KOBE-1 c,41.6867
KOI-12 b,2.4753
KOI-12 b,2.4753
KOI-12 b,2.4753
KOI-12 b,2.4753
KOI-12 b,2.4753
KOI-12 b,2.4753
KOI-12 b,2.4753
KOI-12 b,2.4753
KOI-12 b,2.4753
KOI-12 b,2.4753
KOI-12 b,2.4753
KOI-12 b,2.4753
KOI-12 b,2.4753
KOI-12 b,2.4753
KOI-12 b,2.4753
KOI-12 b,2.4753
KOI-13 b,1.9053
KOI-13 b,1.9053
KOI-13 b,1.9053
KOI-13 b,1.9053
KOI-13 b,1.9053
KOI-13 b,1.9053
KOI-13 b,1.9053
KOI-13 b,1.9053
KOI-13 b,1.9053
KOI-13 b,1.9053
KOI-13 b,1.9053
KOI-13 b,1.9053
KOI-13 b,1.9053
KOI-13 b,1.9053
KOI-13 b,1.9053
KOI-13 b,1.9053
KOI-13 b,1.9053
KOI-13 b,1.9053
KOI-13 b,1.9053
KOI-13 b,1.9053
KOI-134 b,0.833862
KOI-134 b,0.833862
KOI-134 b,0.833862
KOI-134 b,0.833862
KOI-134 b,0.833862
KOI-134 b,0.833862
KOI-134 b,0.833862
KOI-134 c,0.833862
KOI-142 b,2.62461
KOI-142 b,2.62461
KOI-142 b,2.62461
KOI-142 b,2.62461
KOI-142 b,2.62461
KOI-142 b,2.62461
KOI-142 b,2.62461
KOI-142 b,2.62461
KOI-142 b,2.62461
KOI-142 b,2.62461
KOI-142 c,2.62461
KOI-142 c,2.62461
KOI-142 c,2.62461
KOI-1599.01,0.855436
KOI-1599.01,0.855436
KOI-1599.01,0.855436
KOI-1599.01,0.855436
KOI-1599.01,0.855436
KOI-1599.01,0.855436
KOI-1599.01,0.855436
KOI-1599.01,0.855436
KOI-1599.02,0.855436
KOI-1599.02,0.855436
KOI-1599.02,0.855436
KOI-1599.02,0.855436
KOI-1599.02,0.855436
KOI-1599.02,0.855436
KOI-1599.02,0.855436
KOI-1783.01,1.12637
KOI-1783.01,1.12637
KOI-1783.01,1.12637
KOI-1783.01,1.12637
KOI-1783.01,1.12637
KOI-1783.01,1.12637
KOI-1783.01,1.12637
KOI-1783.01,1.12637
KOI-1783.01,1.12637
KOI-1783.01,1.12637
KOI-1783.02,1.12637
KOI-1783.02,1.12637
KOI-1783.02,1.12637
KOI-1783.02,1.12637
KOI-1783.02,1.12637
KOI-1783.02,1.12637
KOI-1783.02,1.12637
KOI-1783.02,1.12637
KOI-1783.02,1.12637
KOI-1783.02,1.12637
KOI-1831 d,1.96487
KOI-1831 d,1.96487
KOI-1831 d,1.96487
KOI-1831 d,1.96487
KOI-1831 d,1.96487
KOI-1831 d,1.96487
KOI-1831 d,1.96487
KOI-1831 d,1.96487
KOI-1831 d,1.96487
KOI-1831 d,1.96487
KOI-1833 d,3.41557
KOI-1833 d,3.41557
KOI-1833 d,3.41557
KOI-1833 d,3.41557
KOI-1833 d,3.41557
KOI-1833 d,3.41557
KOI-1833 d,3.41557
KOI-1843.03,7.41656
KOI-1843.03,7.41656
KOI-217 b,1.06473
KOI-217 b,1.06473
KOI-217 b,1.06473
KOI-217 b,1.06473
KOI-217 b,1.06473
KOI-217 b,1.06473
KOI-217 b,1.06473
KOI-217 b,1.06473
KOI-217 b,1.06473
KOI-217 b,1.06473
KOI-217 b,1.06473
KOI-217 b,1.06473
KOI-3503 b,1.09861
KOI-3503 b,1.09861
KOI-3503 b,1.09861
KOI-3503 b,1.09861
KOI-3503 b,1.09861
KOI-3503 b,1.09861
KOI-3503 b,1.09861
KOI-3503 c,1.09861
KOI-3503 c,1.09861
KOI-3503 c,1.09861
KOI-3503 c,1.09861
KOI-3503 c,1.09861
KOI-351 b,1.15007
KOI-351 b,1.15007
KOI-351 b,1.15007
KOI-351 b,1.15007
KOI-351 b,1.15007
KOI-351 b,1.15007
KOI-351 b,1.15007
KOI-351 b,1.15007
KOI-351 b,1.15007
KOI-351 b,1.15007
KOI-351 c,1.15007
KOI-351 c,1.15007
KOI-351 c,1.15007
KOI-351 c,1.15007
KOI-351 c,1.15007
KOI-351 c,1.15007
KOI-351 c,1.15007
KOI-351 c,1.15007
KOI-351 c,1.15007
KOI-351 c,1.15007
KOI-351 d,1.15007
KOI-351 d,1.15007
KOI-351 d,1.15007
KOI-351 d,1.15007
KOI-351 d,1.15007
KOI-351 d,1.15007
KOI-351 d,1.15007
KOI-351 d,1.15007
KOI-351 d,1.15007
KOI-351 d,1.15007
KOI-351 d,1.15007
KOI-351 e,1.15007
KOI-351 e,1.15007
KOI-351 e,1.15007
KOI-351 e,1.15007
KOI-351 e,1.15007
KOI-351 e,1.15007
KOI-351 e,1.15007
KOI-351 e,1.15007
KOI-351 e,1.15007
KOI-351 e,1.15007
KOI-351 e,1.15007
KOI-351 f,1.15007
KOI-351 f,1.15007
KOI-351 f,1.15007
KOI-351 f,1.15007
KOI-351 f,1.15007
KOI-351 f,1.15007
KOI-351 f,1.15007
KOI-351 f,1.15007
KOI-351 f,1.15007
KOI-351 g,1.15007
KOI-351 g,1.15007
KOI-351 g,1.15007
KOI-351 g,1.15007
KOI-351 g,1.15007
KOI-351 g,1.15007
KOI-351 g,1.15007
KOI-351 g,1.15007
KOI-351 g,1.15007
KOI-351 g,1.15007
KOI-351 g,1.15007
KOI-351 g,1.15007
KOI-351 g,1.15007
KOI-351 g,1.15007
KOI-351 h,1.15007
KOI-351 h,1.15007
KOI-351 h,1.15007
KOI-351 h,1.15007
KOI-351 h,1.15007
KOI-351 h,1.15007
KOI-351 h,1.15007
KOI-351 h,1.15007
KOI-351 h,1.15007
KOI-351 h,1.15007
KOI-351 h,1.15007
KOI-351 h,1.15007
KOI-351 h,1.15007
KOI-351 h,1.15007
KOI-3680 b,1.05642
KOI-3680 b,1.05642
KOI-3680 b,1.05642
KOI-3680 b,1.05642
KOI-3680 b,1.05642
KOI-3680 b,1.05642
KOI-3680 b,1.05642
KOI-3680 b,1.05642
KOI-4777.01,5.77722
KOI-4777.01,5.77722
KOI-4777.01,5.77722
KOI-4777.01,5.77722
KOI-4777.01,5.77722
KOI-4978 b,1.03972
KOI-55 b,0.785017
KOI-55 c,0.785017
KOI-7368 b,3.7449
KOI-7368 b,3.7449
KOI-7368 b,3.7449
KOI-7368 b,3.7449
KOI-7913 b,3.65739
KOI-7913 b,3.65739
KOI-7913 b,3.65739
KOI-94 b,2.0676
KOI-94 b,2.0676
KOI-94 b,2.0676
KOI-94 b,2.0676
KOI-94 b,2.0676
KOI-94 b,2.0676
KOI-94 b,2.0676
KOI-94 b,2.0676
KOI-94 b,2.0676
KOI-94 b,2.0676
KOI-94 b,2.0676
KOI-94 b,2.0676
KOI-94 b,2.0676
KOI-94 b,2.0676
KOI-94 c,2.0676
KOI-94 c,2.0676
KOI-94 c,2.0676
KOI-94 c,2.0676
KOI-94 c,2.0676
KOI-94 c,2.0676
KOI-94 c,2.0676
KOI-94 c,2.0676
KOI-94 c,2.0676
KOI-94 c,2.0676
KOI-94 c,2.0676
KOI-94 c,2.0676
KOI-94 c,2.0676
KOI-94 c,2.0676
KOI-94 c,2.0676
KOI-94 c,2.0676
KOI-94 c,2.0676
KOI-94 d,2.0676
KOI-94 d,2.0676
KOI-94 d,2.0676
KOI-94 d,2.0676
KOI-94 d,2.0676
KOI-94 d,2.0676
KOI-94 d,2.0676
KOI-94 d,2.0676
KOI-94 d,2.0676
KOI-94 d,2.0676
KOI-94 d,2.0676
KOI-94 d,2.0676
KOI-94 d,2.0676
KOI-94 d,2.0676
KOI-94 d,2.0676
KOI-94 d,2.0676
KOI-94 d,2.0676
KOI-94 d,2.0676
KOI-94 d,2.0676
KOI-94 e,2.0676
KOI-94 e,2.0676
KOI-94 e,2.0676
KOI-94 e,2.0676
KOI-94 e,2.0676
KOI-94 e,2.0676
KOI-94 e,2.0676
KOI-94 e,2.0676
KOI-94 e,2.0676
KOI-94 e,2.0676
KOI-94 e,2.0676
KOI-94 e,2.0676
KOI-94 e,2.0676
KOI-94 e,2.0676
KOI-94 e,2.0676
KOI-94 e,2.0676
KOI-94 e,2.0676
KOINTREAU-1 b,6.28264
KOINTREAU-3 b,7.08799
KOINTREAU-4 b,6.84881
KOINTREAU-4 b,6.84881
KPS-1 b,3.778
KPS-1 b,3.778
KPS-1 b,3.778
KPS-1 b,3.778
KPS-1 b,3.778
KPS-1 b,3.778
Kapteyn c,254.226
Kepler-10 b,5.36185
Kepler-10 b,5.36185
Kepler-10 b,5.36185
Kepler-10 b,5.36185
Kepler-10 b,5.36185
Kepler-10 b,5.36185
Kepler-10 b,5.36185
Kepler-10 b,5.36185
Kepler-10 b,5.36185
Kepler-10 b,5.36185
Kepler-10 b,5.36185
Kepler-10 b,5.36185
Kepler-10 b,5.36185
Kepler-10 b,5.36185
Kepler-10 b,5.36185
Kepler-10 b,5.36185
Kepler-10 b,5.36185
Kepler-10 b,5.36185
Kepler-10 b,5.36185
Kepler-10 b,5.36185
Kepler-10 b,5.36185
Kepler-10 b,5.36185
Kepler-10 b,5.36185
Kepler-10 b,5.36185
Kepler-10 b,5.36185
Kepler-10 c,5.36185
Kepler-10 c,5.36185
Kepler-10 c,5.36185
Kepler-10 c,5.36185
Kepler-10 c,5.36185
Kepler-10 c,5.36185
Kepler-10 c,5.36185
Kepler-10 c,5.36185
Kepler-10 c,5.36185
Kepler-10 c,5.36185
Kepler-10 c,5.36185
Kepler-10 c,5.36185
Kepler-10 c,5.36185
Kepler-10 c,5.36185
Kepler-10 c,5.36185
Kepler-10 c,5.36185
Kepler-10 c,5.36185
Kepler-10 c,5.36185
Kepler-10 c,5.36185
Kepler-10 c,5.36185
Kepler-10 c,5.36185
Kepler-10 d,5.36185
Kepler-10 d,5.36185
Kepler-100 b,3.2537
Kepler-100 b,3.2537
Kepler-100 b,3.2537
Kepler-100 b,3.2537
Kepler-100 b,3.2537
Kepler-100 b,3.2537
Kepler-100 b,3.2537
Kepler-100 b,3.2537
Kepler-100 b,3.2537
Kepler-100 b,3.2537
Kepler-100 b,3.2537
Kepler-100 b,3.2537
Kepler-100 b,3.2537
Kepler-100 b,3.2537
Kepler-100 b,3.2537
Kepler-100 c,3.2537
Kepler-100 c,3.2537
Kepler-100 c,3.2537
Kepler-100 c,3.2537
Kepler-100 c,3.2537
Kepler-100 c,3.2537
Kepler-100 c,3.2537
Kepler-100 c,3.2537
Kepler-100 c,3.2537
Kepler-100 c,3.2537
Kepler-100 c,3.2537
Kepler-100 c,3.2537
Kepler-100 c,3.2537
Kepler-100 c,3.2537
Kepler-100 d,3.2537
Kepler-100 d,3.2537
Kepler-100 d,3.2537
Kepler-100 d,3.2537
Kepler-100 d,3.2537
Kepler-100 d,3.2537
Kepler-100 d,3.2537
Kepler-100 d,3.2537
Kepler-100 d,3.2537
Kepler-100 d,3.2537
Kepler-100 d,3.2537
Kepler-100 d,3.2537
Kepler-100 d,3.2537
Kepler-100 d,3.2537
Kepler-100 e,3.2537
Kepler-1000 b,0.867489
Kepler-1000 b,0.867489
Kepler-1000 b,0.867489
Kepler-1000 b,0.867489
Kepler-1000 b,0.867489
Kepler-1000 b,0.867489
Kepler-1000 b,0.867489
Kepler-1000 b,0.867489
Kepler-1000 b,0.867489
Kepler-1000 b,0.867489
Kepler-1000 b,0.867489
Kepler-1001 b,1.04803
Kepler-1001 b,1.04803
Kepler-1001 b,1.04803
Kepler-1001 b,1.04803
Kepler-1001 b,1.04803
Kepler-1001 b,1.04803
Kepler-1001 b,1.04803
Kepler-1001 b,1.04803
Kepler-1001 b,1.04803
Kepler-1001 b,1.04803
Kepler-1001 b,1.04803
Kepler-1001 c,1.04803
Kepler-1001 c,1.04803
Kepler-1001 c,1.04803
Kepler-1001 c,1.04803
Kepler-1001 c,1.04803
Kepler-1001 c,1.04803
Kepler-1001 c,1.04803
Kepler-1001 c,1.04803
Kepler-1003 b,1.03299
Kepler-1003 b,1.03299
Kepler-1003 b,1.03299
Kepler-1003 b,1.03299
Kepler-1003 b,1.03299
Kepler-1003 b,1.03299
Kepler-1003 b,1.03299
Kepler-1003 b,1.03299
Kepler-1003 b,1.03299
Kepler-1003 b,1.03299
Kepler-1003 b,1.03299
Kepler-1004 b,0.839382
Kepler-1004 b,0.839382
Kepler-1004 b,0.839382
Kepler-1004 b,0.839382
Kepler-1004 b,0.839382
Kepler-1004 b,0.839382
Kepler-1004 b,0.839382
Kepler-1004 b,0.839382
Kepler-1004 b,0.839382
Kepler-1004 b,0.839382
Kepler-1004 b,0.839382
Kepler-1005 b,1.7323
Kepler-1005 b,1.7323
Kepler-1005 b,1.7323
Kepler-1005 b,1.7323
Kepler-1005 b,1.7323
Kepler-1005 b,1.7323
Kepler-1005 b,1.7323
Kepler-1005 b,1.7323
Kepler-1005 b,1.7323
Kepler-1005 b,1.7323
Kepler-1005 b,1.7323
Kepler-1008 b,3.51014
Kepler-1008 b,3.51014
Kepler-1008 b,3.51014
Kepler-1008 b,3.51014
Kepler-1008 b,3.51014
Kepler-1008 b,3.51014
Kepler-1008 b,3.51014
Kepler-1008 b,3.51014
Kepler-1008 b,3.51014
Kepler-1008 b,3.51014
Kepler-1008 b,3.51014
Kepler-1009 b,2.79009
Kepler-1009 b,2.79009
Kepler-1009 b,2.79009
Kepler-1009 b,2.79009
Kepler-1009 b,2.79009
Kepler-1009 b,2.79009
Kepler-1009 b,2.79009
Kepler-1009 b,2.79009
Kepler-1009 b,2.79009
Kepler-1009 b,2.79009
Kepler-101 b,1.04884
Kepler-101 b,1.04884
Kepler-101 b,1.04884
Kepler-101 b,1.04884
Kepler-101 b,1.04884
Kepler-101 b,1.04884
Kepler-101 b,1.04884
Kepler-101 b,1.04884
Kepler-101 b,1.04884
Kepler-101 b,1.04884
Kepler-101 b,1.04884
Kepler-101 b,1.04884
Kepler-101 c,1.04884
Kepler-101 c,1.04884
Kepler-101 c,1.04884
Kepler-101 c,1.04884
Kepler-101 c,1.04884
Kepler-101 c,1.04884
Kepler-101 c,1.04884
Kepler-101 c,1.04884
Kepler-101 c,1.04884
Kepler-101 c,1.04884
Kepler-101 c,1.04884
Kepler-1010 b,1.69765
Kepler-1010 b,1.69765
Kepler-1010 b,1.69765
Kepler-1010 b,1.69765
Kepler-1010 b,1.69765
Kepler-1010 b,1.69765
Kepler-1010 b,1.69765
Kepler-1010 b,1.69765
Kepler-1010 b,1.69765
Kepler-1010 b,1.69765
Kepler-1011 b,1.32886
Kepler-1011 b,1.32886
Kepler-1011 b,1.32886
Kepler-1011 b,1.32886
Kepler-1011 b,1.32886
Kepler-1011 b,1.32886
Kepler-1011 b,1.32886
Kepler-1011 b,1.32886
Kepler-1011 b,1.32886
Kepler-1011 b,1.32886
Kepler-1012 b,2.40375
Kepler-1012 b,2.40375
Kepler-1012 b,2.40375
Kepler-1012 b,2.40375
Kepler-1012 b,2.40375
Kepler-1012 b,2.40375
Kepler-1012 b,2.40375
Kepler-1012 b,2.40375
Kepler-1012 b,2.40375
Kepler-1012 b,2.40375
Kepler-1012 b,2.40375
Kepler-1013 b,2.33949
Kepler-1013 b,2.33949
Kepler-1013 b,2.33949
Kepler-1013 b,2.33949
Kepler-1013 b,2.33949
Kepler-1013 b,2.33949
Kepler-1013 b,2.33949
Kepler-1013 b,2.33949
Kepler-1013 b,2.33949
Kepler-1013 b,2.33949
Kepler-1014 b,1.57173
Kepler-1014 b,1.57173
Kepler-1014 b,1.57173
Kepler-1014 b,1.57173
Kepler-1014 b,1.57173
Kepler-1014 b,1.57173
Kepler-1014 b,1.57173
Kepler-1014 b,1.57173
Kepler-1014 b,1.57173
Kepler-1014 b,1.57173
Kepler-1015 b,1.32423
Kepler-1015 b,1.32423
Kepler-1015 b,1.32423
Kepler-1015 b,1.32423
Kepler-1015 b,1.32423
Kepler-1015 b,1.32423
Kepler-1015 b,1.32423
Kepler-1015 b,1.32423
Kepler-1015 b,1.32423
Kepler-1015 b,1.32423
Kepler-1015 b,1.32423
Kepler-1016 b,0.684883
Kepler-1016 b,0.684883
Kepler-1016 b,0.684883
Kepler-1016 b,0.684883
Kepler-1016 b,0.684883
Kepler-1016 b,0.684883
Kepler-1016 b,0.684883
Kepler-1016 b,0.684883
Kepler-1016 b,0.684883
Kepler-1016 b,0.684883
Kepler-1016 c,0.684883
Kepler-1016 c,0.684883
Kepler-1016 c,0.684883
Kepler-1016 c,0.684883
Kepler-1016 c,0.684883
Kepler-1016 c,0.684883
Kepler-1016 c,0.684883
Kepler-1016 c,0.684883
Kepler-1016 c,0.684883
Kepler-1016 c,0.684883
Kepler-1017 b,1.78257
Kepler-1017 b,1.78257
Kepler-1017 b,1.78257
Kepler-1017 b,1.78257
Kepler-1017 b,1.78257
Kepler-1017 b,1.78257
Kepler-1017 b,1.78257
Kepler-1017 b,1.78257
Kepler-1017 b,1.78257
Kepler-1017 b,1.78257
Kepler-1017 b,1.78257
Kepler-1018 b,0.961555
Kepler-1018 b,0.961555
Kepler-1018 b,0.961555
Kepler-1018 b,0.961555
Kepler-1018 b,0.961555
Kepler-1018 b,0.961555
Kepler-1018 b,0.961555
Kepler-1018 b,0.961555
Kepler-1018 b,0.961555
Kepler-1018 b,0.961555
Kepler-1019 b,5.12086
Kepler-1019 b,5.12086
Kepler-1019 b,5.12086
Kepler-1019 b,5.12086
Kepler-1019 b,5.12086
Kepler-1019 b,5.12086
Kepler-1019 b,5.12086
Kepler-1019 b,5.12086
Kepler-1019 b,5.12086
Kepler-1019 b,5.12086
Kepler-102 b,9.24784
Kepler-102 b,9.24784
Kepler-102 b,9.24784
Kepler-102 b,9.24784
Kepler-102 b,9.24784
Kepler-102 b,9.24784
Kepler-102 b,9.24784
Kepler-102 b,9.24784
Kepler-102 b,9.24784
Kepler-102 b,9.24784
Kepler-102 b,9.24784
Kepler-102 b,9.24784
Kepler-102 b,9.24784
Kepler-102 c,9.24784
Kepler-102 c,9.24784
Kepler-102 c,9.24784
Kepler-102 c,9.24784
Kepler-102 c,9.24784
Kepler-102 c,9.24784
Kepler-102 c,9.24784
Kepler-102 c,9.24784
Kepler-102 c,9.24784
Kepler-102 c,9.24784
Kepler-102 c,9.24784
Kepler-102 c,9.24784
Kepler-102 c,9.24784
Kepler-102 c,9.24784
Kepler-102 c,9.24784
Kepler-102 d,9.24784
Kepler-102 d,9.24784
Kepler-102 d,9.24784
Kepler-102 d,9.24784
Kepler-102 d,9.24784
Kepler-102 d,9.24784
Kepler-102 d,9.24784
Kepler-102 d,9.24784
Kepler-102 d,9.24784
Kepler-102 d,9.24784
Kepler-102 d,9.24784
Kepler-102 d,9.24784
Kepler-102 d,9.24784
Kepler-102 d,9.24784
Kepler-102 d,9.24784
Kepler-102 e,9.24784
Kepler-102 e,9.24784
Kepler-102 e,9.24784
Kepler-102 e,9.24784
Kepler-102 e,9.24784
Kepler-102 e,9.24784
Kepler-102 e,9.24784
Kepler-102 e,9.24784
Kepler-102 e,9.24784
Kepler-102 e,9.24784
Kepler-102 e,9.24784
Kepler-102 e,9.24784
Kepler-102 e,9.24784
Kepler-102 e,9.24784
Kepler-102 e,9.24784
Kepler-102 e,9.24784
Kepler-102 f,9.24784
Kepler-102 f,9.24784
Kepler-102 f,9.24784
Kepler-102 f,9.24784
Kepler-102 f,9.24784
Kepler-102 f,9.24784
Kepler-102 f,9.24784
Kepler-102 f,9.24784
Kepler-102 f,9.24784
Kepler-102 f,9.24784
Kepler-102 f,9.24784
Kepler-102 f,9.24784
Kepler-102 f,9.24784
Kepler-102 f,9.24784
Kepler-1020 b,2.37893
Kepler-1020 b,2.37893
Kepler-1020 b,2.37893
Kepler-1020 b,2.37893
Kepler-1020 b,2.37893
Kepler-1020 b,2.37893
Kepler-1020 b,2.37893
Kepler-1020 b,2.37893
Kepler-1020 b,2.37893
Kepler-1020 b,2.37893
Kepler-1020 b,2.37893
Kepler-1021 b,1.20647
Kepler-1021 b,1.20647
Kepler-1021 b,1.20647
Kepler-1021 b,1.20647
Kepler-1021 b,1.20647
Kepler-1021 b,1.20647
Kepler-1021 b,1.20647
Kepler-1021 b,1.20647
Kepler-1021 b,1.20647
Kepler-1021 b,1.20647
Kepler-1022 b,2.35234
Kepler-1022 b,2.35234
Kepler-1022 b,2.35234
Kepler-1022 b,2.35234
Kepler-1022 b,2.35234
Kepler-1022 b,2.35234
Kepler-1022 b,2.35234
Kepler-1022 b,2.35234
Kepler-1022 b,2.35234
Kepler-1022 b,2.35234
Kepler-1023 b,1.41206
Kepler-1023 b,1.41206
Kepler-1023 b,1.41206
Kepler-1023 b,1.41206
Kepler-1023 b,1.41206
Kepler-1023 b,1.41206
Kepler-1023 b,1.41206
Kepler-1023 b,1.41206
Kepler-1023 b,1.41206
Kepler-1023 b,1.41206
Kepler-1023 b,1.41206
Kepler-1024 b,0.8931
Kepler-1024 b,0.8931
Kepler-1024 b,0.8931
Kepler-1024 b,0.8931
Kepler-1024 b,0.8931
Kepler-1024 b,0.8931
Kepler-1024 b,0.8931
Kepler-1024 b,0.8931
Kepler-1024 b,0.8931
Kepler-1024 b,0.8931
Kepler-1025 b,1.21639
Kepler-1025 b,1.21639
Kepler-1025 b,1.21639
Kepler-1025 b,1.21639
Kepler-1025 b,1.21639
Kepler-1025 b,1.21639
Kepler-1025 b,1.21639
Kepler-1025 b,1.21639
Kepler-1025 b,1.21639
Kepler-1025 b,1.21639
Kepler-1025 b,1.21639
Kepler-1026 b,2.81831
Kepler-1026 b,2.81831
Kepler-1026 b,2.81831
Kepler-1026 b,2.81831
Kepler-1026 b,2.81831
Kepler-1026 b,2.81831
Kepler-1026 b,2.81831
Kepler-1026 b,2.81831
Kepler-1026 b,2.81831
Kepler-1026 b,2.81831
Kepler-1027 b,2.44005
Kepler-1027 b,2.44005
Kepler-1027 b,2.44005
Kepler-1027 b,2.44005
Kepler-1027 b,2.44005
Kepler-1027 b,2.44005
Kepler-1027 b,2.44005
Kepler-1027 b,2.44005
Kepler-1027 b,2.44005
Kepler-1027 b,2.44005
Kepler-1027 b,2.44005
Kepler-1028 b,1.61619
Kepler-1028 b,1.61619
Kepler-1028 b,1.61619
Kepler-1028 b,1.61619
Kepler-1028 b,1.61619
Kepler-1028 b,1.61619
Kepler-1028 b,1.61619
Kepler-1028 b,1.61619
Kepler-1028 b,1.61619
Kepler-1029 b,2.69858
Kepler-1029 b,2.69858
Kepler-1029 b,2.69858
Kepler-1029 b,2.69858
Kepler-1029 b,2.69858
Kepler-1029 b,2.69858
Kepler-1029 b,2.69858
Kepler-1029 b,2.69858
Kepler-103 b,1.9923
Kepler-103 b,1.9923
Kepler-103 b,1.9923
Kepler-103 b,1.9923
Kepler-103 b,1.9923
Kepler-103 b,1.9923
Kepler-103 b,1.9923
Kepler-103 b,1.9923
Kepler-103 b,1.9923
Kepler-103 b,1.9923
Kepler-103 b,1.9923
Kepler-103 b,1.9923
Kepler-103 b,1.9923
Kepler-103 b,1.9923
Kepler-103 b,1.9923
Kepler-103 b,1.9923
Kepler-103 c,1.9923
Kepler-103 c,1.9923
Kepler-103 c,1.9923
Kepler-103 c,1.9923
Kepler-103 c,1.9923
Kepler-103 c,1.9923
Kepler-103 c,1.9923
Kepler-103 c,1.9923
Kepler-103 c,1.9923
Kepler-103 c,1.9923
Kepler-103 c,1.9923
Kepler-103 c,1.9923
Kepler-103 c,1.9923
Kepler-103 c,1.9923
Kepler-103 c,1.9923
Kepler-103 c,1.9923
Kepler-1030 b,1.28989
Kepler-1030 b,1.28989
Kepler-1030 b,1.28989
Kepler-1030 b,1.28989
Kepler-1030 b,1.28989
Kepler-1030 b,1.28989
Kepler-1030 b,1.28989
Kepler-1030 b,1.28989
Kepler-1030 b,1.28989
Kepler-1030 b,1.28989
Kepler-1032 b,1.46227
Kepler-1032 b,1.46227
Kepler-1032 b,1.46227
Kepler-1032 b,1.46227
Kepler-1032 b,1.46227
Kepler-1032 b,1.46227
Kepler-1032 b,1.46227
Kepler-1032 b,1.46227
Kepler-1032 b,1.46227
Kepler-1033 b,0.658674
Kepler-1033 b,0.658674
Kepler-1033 b,0.658674
Kepler-1033 b,0.658674
Kepler-1033 b,0.658674
Kepler-1033 b,0.658674
Kepler-1033 b,0.658674
Kepler-1033 b,0.658674
Kepler-1033 b,0.658674
Kepler-1033 b,0.658674
Kepler-1034 b,1.49916
Kepler-1034 b,1.49916
Kepler-1034 b,1.49916
Kepler-1034 b,1.49916
Kepler-1034 b,1.49916
Kepler-1034 b,1.49916
Kepler-1034 b,1.49916
Kepler-1034 b,1.49916
Kepler-1034 b,1.49916
Kepler-1034 b,1.49916
Kepler-1035 b,1.75296
Kepler-1035 b,1.75296
Kepler-1035 b,1.75296
Kepler-1035 b,1.75296
Kepler-1035 b,1.75296
Kepler-1035 b,1.75296
Kepler-1035 b,1.75296
Kepler-1035 b,1.75296
Kepler-1035 b,1.75296
Kepler-1035 b,1.75296
Kepler-1035 b,1.75296
Kepler-1036 b,2.01436
Kepler-1036 b,2.01436
Kepler-1036 b,2.01436
Kepler-1036 b,2.01436
Kepler-1036 b,2.01436
Kepler-1036 b,2.01436
Kepler-1036 b,2.01436
Kepler-1036 b,2.01436
Kepler-1036 b,2.01436
Kepler-1036 b,2.01436
Kepler-1036 b,2.01436
Kepler-1037 b,2.20874
Kepler-1037 b,2.20874
Kepler-1037 b,2.20874
Kepler-1037 b,2.20874
Kepler-1037 b,2.20874
Kepler-1037 b,2.20874
Kepler-1037 b,2.20874
Kepler-1037 b,2.20874
Kepler-1037 b,2.20874
Kepler-1038 b,1.68372
Kepler-1038 b,1.68372
Kepler-1038 b,1.68372
Kepler-1038 b,1.68372
Kepler-1038 b,1.68372
Kepler-1038 b,1.68372
Kepler-1038 b,1.68372
Kepler-1038 b,1.68372
Kepler-1038 b,1.68372
Kepler-1038 b,1.68372
Kepler-1038 c,1.68372
Kepler-1038 c,1.68372
Kepler-1038 c,1.68372
Kepler-1038 c,1.68372
Kepler-1038 c,1.68372
Kepler-1038 c,1.68372
Kepler-1039 b,3.22952
Kepler-1039 b,3.22952
Kepler-1039 b,3.22952
Kepler-1039 b,3.22952
Kepler-1039 b,3.22952
Kepler-1039 b,3.22952
Kepler-1039 b,3.22952
Kepler-1039 b,3.22952
Kepler-1039 b,3.22952
Kepler-1039 b,3.22952
Kepler-104 b,2.46657
Kepler-104 b,2.46657
Kepler-104 b,2.46657
Kepler-104 b,2.46657
Kepler-104 b,2.46657
Kepler-104 b,2.46657
Kepler-104 b,2.46657
Kepler-104 b,2.46657
Kepler-104 b,2.46657
Kepler-104 b,2.46657
Kepler-104 b,2.46657
Kepler-104 b,2.46657
Kepler-104 b,2.46657
Kepler-104 b,2.46657
Kepler-104 c,2.46657
Kepler-104 c,2.46657
Kepler-104 c,2.46657
Kepler-104 c,2.46657
Kepler-104 c,2.46657
Kepler-104 c,2.46657
Kepler-104 c,2.46657
Kepler-104 c,2.46657
Kepler-104 c,2.46657
Kepler-104 c,2.46657
Kepler-104 c,2.46657
Kepler-104 c,2.46657
Kepler-104 c,2.46657
Kepler-104 c,2.46657
Kepler-104 d,2.46657
Kepler-104 d,2.46657
Kepler-104 d,2.46657
Kepler-104 d,2.46657
Kepler-104 d,2.46657
Kepler-104 d,2.46657
Kepler-104 d,2.46657
Kepler-104 d,2.46657
Kepler-104 d,2.46657
Kepler-104 d,2.46657
Kepler-104 d,2.46657
Kepler-104 d,2.46657
Kepler-104 d,2.46657
Kepler-1040 b,2.04531
Kepler-1040 b,2.04531
Kepler-1040 b,2.04531
Kepler-1040 b,2.04531
Kepler-1040 b,2.04531
Kepler-1040 b,2.04531
Kepler-1040 b,2.04531
Kepler-1040 b,2.04531
Kepler-1040 b,2.04531
Kepler-1040 b,2.04531
Kepler-1040 b,2.04531
Kepler-1041 b,0.644206
Kepler-1041 b,0.644206
Kepler-1041 b,0.644206
Kepler-1041 b,0.644206
Kepler-1041 b,0.644206
Kepler-1041 b,0.644206
Kepler-1041 b,0.644206
Kepler-1041 b,0.644206
Kepler-1041 b,0.644206
Kepler-1041 b,0.644206
Kepler-1043 b,1.07828
Kepler-1043 b,1.07828
Kepler-1043 b,1.07828
Kepler-1043 b,1.07828
Kepler-1043 b,1.07828
Kepler-1043 b,1.07828
Kepler-1043 b,1.07828
Kepler-1043 b,1.07828
Kepler-1043 b,1.07828
Kepler-1043 b,1.07828
Kepler-1044 b,0.75349
Kepler-1044 b,0.75349
Kepler-1044 b,0.75349
Kepler-1044 b,0.75349
Kepler-1044 b,0.75349
Kepler-1044 b,0.75349
Kepler-1044 b,0.75349
Kepler-1044 b,0.75349
Kepler-1044 b,0.75349
Kepler-1044 b,0.75349
Kepler-1045 b,1.03259
Kepler-1045 b,1.03259
Kepler-1045 b,1.03259
Kepler-1045 b,1.03259
Kepler-1045 b,1.03259
Kepler-1045 b,1.03259
Kepler-1045 b,1.03259
Kepler-1045 b,1.03259
Kepler-1045 b,1.03259
Kepler-1045 b,1.03259
Kepler-1047 b,1.19419
Kepler-1047 b,1.19419
Kepler-1047 b,1.19419
Kepler-1047 b,1.19419
Kepler-1047 b,1.19419
Kepler-1047 b,1.19419
Kepler-1047 b,1.19419
Kepler-1047 b,1.19419
Kepler-1047 b,1.19419
Kepler-1047 b,1.19419
Kepler-1047 b,1.19419
Kepler-1047 c,1.19419
Kepler-1047 c,1.19419
Kepler-1047 c,1.19419
Kepler-1047 c,1.19419
Kepler-1047 c,1.19419
Kepler-1047 c,1.19419
Kepler-1047 c,1.19419
Kepler-1047 c,1.19419
Kepler-1047 c,1.19419
Kepler-1048 b,1.76982
Kepler-1048 b,1.76982
Kepler-1048 b,1.76982
Kepler-1048 b,1.76982
Kepler-1048 b,1.76982
Kepler-1048 b,1.76982
Kepler-1048 b,1.76982
Kepler-1048 b,1.76982
Kepler-1048 b,1.76982
Kepler-1048 b,1.76982
Kepler-1049 b,6.14368
Kepler-1049 b,6.14368
Kepler-1049 b,6.14368
Kepler-1049 b,6.14368
Kepler-1049 b,6.14368
Kepler-1049 b,6.14368
Kepler-1049 b,6.14368
Kepler-1049 b,6.14368
Kepler-1049 b,6.14368
Kepler-1049 b,6.14368
Kepler-1049 b,6.14368
Kepler-105 b,2.14903
Kepler-105 b,2.14903
Kepler-105 b,2.14903
Kepler-105 b,2.14903
Kepler-105 b,2.14903
Kepler-105 b,2.14903
Kepler-105 b,2.14903
Kepler-105 b,2.14903
Kepler-105 b,2.14903
Kepler-105 b,2.14903
Kepler-105 b,2.14903
Kepler-105 b,2.14903
Kepler-105 b,2.14903
Kepler-105 b,2.14903
Kepler-105 b,2.14903
Kepler-105 b,2.14903
Kepler-105 c,2.14903
Kepler-105 c,2.14903
Kepler-105 c,2.14903
Kepler-105 c,2.14903
Kepler-105 c,2.14903
Kepler-105 c,2.14903
Kepler-105 c,2.14903
Kepler-105 c,2.14903
Kepler-105 c,2.14903
Kepler-105 c,2.14903
Kepler-105 c,2.14903
Kepler-105 c,2.14903
Kepler-105 c,2.14903
Kepler-105 c,2.14903
Kepler-105 c,2.14903
Kepler-105 c,2.14903
Kepler-105 c,2.14903
Kepler-1050 b,2.00993
Kepler-1050 b,2.00993
Kepler-1050 b,2.00993
Kepler-1050 b,2.00993
Kepler-1050 b,2.00993
Kepler-1050 b,2.00993
Kepler-1050 b,2.00993
Kepler-1050 b,2.00993
Kepler-1050 b,2.00993
Kepler-1050 b,2.00993
Kepler-1050 c,2.00993
Kepler-1050 c,2.00993
Kepler-1050 c,2.00993
Kepler-1050 c,2.00993
Kepler-1050 c,2.00993
Kepler-1050 c,2.00993
Kepler-1050 c,2.00993
Kepler-1050 c,2.00993
Kepler-1050 c,2.00993
Kepler-1050 c,2.00993
Kepler-1050 c,2.00993
Kepler-1051 b,1.17705
Kepler-1051 b,1.17705
Kepler-1051 b,1.17705
Kepler-1051 b,1.17705
Kepler-1051 b,1.17705
Kepler-1051 b,1.17705
Kepler-1051 b,1.17705
Kepler-1051 b,1.17705
Kepler-1051 b,1.17705
Kepler-1051 b,1.17705
Kepler-1051 b,1.17705
Kepler-1052 b,1.03137
Kepler-1052 b,1.03137
Kepler-1052 b,1.03137
Kepler-1052 b,1.03137
Kepler-1052 b,1.03137
Kepler-1052 b,1.03137
Kepler-1052 b,1.03137
Kepler-1052 b,1.03137
Kepler-1052 b,1.03137
Kepler-1052 b,1.03137
Kepler-1052 b,1.03137
Kepler-1052 c,1.03137
Kepler-1052 c,1.03137
Kepler-1052 c,1.03137
Kepler-1052 c,1.03137
Kepler-1052 c,1.03137
Kepler-1053 b,6.58796
Kepler-1053 b,6.58796
Kepler-1053 b,6.58796
Kepler-1053 b,6.58796
Kepler-1053 b,6.58796
Kepler-1053 b,6.58796
Kepler-1053 b,6.58796
Kepler-1053 b,6.58796
Kepler-1053 b,6.58796
Kepler-1053 b,6.58796
Kepler-1054 b,0.888327
Kepler-1054 b,0.888327
Kepler-1054 b,0.888327
Kepler-1054 b,0.888327
Kepler-1054 b,0.888327
Kepler-1054 b,0.888327
Kepler-1054 b,0.888327
Kepler-1054 b,0.888327
Kepler-1054 b,0.888327
Kepler-1054 b,0.888327
Kepler-1055 b,2.53923
Kepler-1055 b,2.53923
Kepler-1055 b,2.53923
Kepler-1055 b,2.53923
Kepler-1055 b,2.53923
Kepler-1055 b,2.53923
Kepler-1055 b,2.53923
Kepler-1055 b,2.53923
Kepler-1055 b,2.53923
Kepler-1055 b,2.53923
Kepler-1055 b,2.53923
Kepler-1056 b,0.989342
Kepler-1056 b,0.989342
Kepler-1056 b,0.989342
Kepler-1056 b,0.989342
Kepler-1056 b,0.989342
Kepler-1056 b,0.989342
Kepler-1056 b,0.989342
Kepler-1056 b,0.989342
Kepler-1056 b,0.989342
Kepler-1056 b,0.989342
Kepler-1057 b,0.804672
Kepler-1057 b,0.804672
Kepler-1057 b,0.804672
Kepler-1057 b,0.804672
Kepler-1057 b,0.804672
Kepler-1057 b,0.804672
Kepler-1057 b,0.804672
Kepler-1057 b,0.804672
Kepler-1057 b,0.804672
Kepler-1057 b,0.804672
Kepler-1059 b,1.37405
Kepler-1059 b,1.37405
Kepler-1059 b,1.37405
Kepler-1059 b,1.37405
Kepler-1059 b,1.37405
Kepler-1059 b,1.37405
Kepler-1059 b,1.37405
Kepler-1059 b,1.37405
Kepler-1059 b,1.37405
Kepler-1059 b,1.37405
Kepler-106 b,2.22233
Kepler-106 b,2.22233
Kepler-106 b,2.22233
Kepler-106 b,2.22233
Kepler-106 b,2.22233
Kepler-106 b,2.22233
Kepler-106 b,2.22233
Kepler-106 b,2.22233
Kepler-106 b,2.22233
Kepler-106 b,2.22233
Kepler-106 b,2.22233
Kepler-106 b,2.22233
Kepler-106 c,2.22233
Kepler-106 c,2.22233
Kepler-106 c,2.22233
Kepler-106 c,2.22233
Kepler-106 c,2.22233
Kepler-106 c,2.22233
Kepler-106 c,2.22233
Kepler-106 c,2.22233
Kepler-106 c,2.22233
Kepler-106 c,2.22233
Kepler-106 c,2.22233
Kepler-106 c,2.22233
Kepler-106 c,2.22233
Kepler-106 d,2.22233
Kepler-106 d,2.22233
Kepler-106 d,2.22233
Kepler-106 d,2.22233
Kepler-106 d,2.22233
Kepler-106 d,2.22233
Kepler-106 d,2.22233
Kepler-106 d,2.22233
Kepler-106 d,2.22233
Kepler-106 d,2.22233
Kepler-106 d,2.22233
Kepler-106 d,2.22233
Kepler-106 e,2.22233
Kepler-106 e,2.22233
Kepler-106 e,2.22233
Kepler-106 e,2.22233
Kepler-106 e,2.22233
Kepler-106 e,2.22233
Kepler-106 e,2.22233
Kepler-106 e,2.22233
Kepler-106 e,2.22233
Kepler-106 e,2.22233
Kepler-106 e,2.22233
Kepler-106 e,2.22233
Kepler-106 e,2.22233
Kepler-1060 b,1.02789
Kepler-1060 b,1.02789
Kepler-1060 b,1.02789
Kepler-1060 b,1.02789
Kepler-1060 b,1.02789
Kepler-1060 b,1.02789
Kepler-1060 b,1.02789
Kepler-1060 b,1.02789
Kepler-1060 b,1.02789
Kepler-1060 b,1.02789
Kepler-1061 b,1.81152
Kepler-1061 b,1.81152
Kepler-1061 b,1.81152
Kepler-1061 b,1.81152
Kepler-1061 b,1.81152
Kepler-1061 b,1.81152
Kepler-1061 b,1.81152
Kepler-1061 b,1.81152
Kepler-1061 b,1.81152
Kepler-1061 b,1.81152
Kepler-1061 b,1.81152
Kepler-1062 b,2.48732
Kepler-1062 b,2.48732
Kepler-1062 b,2.48732
Kepler-1062 b,2.48732
Kepler-1062 b,2.48732
Kepler-1062 b,2.48732
Kepler-1062 b,2.48732
Kepler-1062 b,2.48732
Kepler-1062 b,2.48732
Kepler-1062 b,2.48732
Kepler-1065 b,0.863893
Kepler-1065 b,0.863893
Kepler-1065 b,0.863893
Kepler-1065 b,0.863893
Kepler-1065 b,0.863893
Kepler-1065 b,0.863893
Kepler-1065 b,0.863893
Kepler-1065 b,0.863893
Kepler-1065 b,0.863893
Kepler-1065 b,0.863893
Kepler-1065 c,0.863893
Kepler-1065 c,0.863893
Kepler-1065 c,0.863893
Kepler-1065 c,0.863893
Kepler-1065 c,0.863893
Kepler-1065 c,0.863893
Kepler-1065 c,0.863893
Kepler-1066 b,2.87613
Kepler-1066 b,2.87613
Kepler-1066 b,2.87613
Kepler-1066 b,2.87613
Kepler-1066 b,2.87613
Kepler-1066 b,2.87613
Kepler-1066 b,2.87613
Kepler-1066 b,2.87613
Kepler-1066 b,2.87613
Kepler-1066 b,2.87613
Kepler-1066 b,2.87613
Kepler-1067 b,1.46897
Kepler-1067 b,1.46897
Kepler-1067 b,1.46897
Kepler-1067 b,1.46897
Kepler-1067 b,1.46897
Kepler-1067 b,1.46897
Kepler-1067 b,1.46897
Kepler-1067 b,1.46897
Kepler-1067 b,1.46897
Kepler-1067 c,1.46897
Kepler-1067 c,1.46897
Kepler-1067 c,1.46897
Kepler-1067 c,1.46897
Kepler-1067 c,1.46897
Kepler-1067 c,1.46897
Kepler-1067 c,1.46897
Kepler-1067 c,1.46897
Kepler-1067 c,1.46897
Kepler-1068 b,0.650755
Kepler-1068 b,0.650755
Kepler-1068 b,0.650755
Kepler-1068 b,0.650755
Kepler-1068 b,0.650755
Kepler-1068 b,0.650755
Kepler-1068 b,0.650755
Kepler-1068 b,0.650755
Kepler-1068 b,0.650755
Kepler-1068 b,0.650755
Kepler-1068 b,0.650755
Kepler-1069 b,1.40799
Kepler-1069 b,1.40799
Kepler-1069 b,1.40799
Kepler-1069 b,1.40799
Kepler-1069 b,1.40799
Kepler-1069 b,1.40799
Kepler-1069 b,1.40799
Kepler-1069 b,1.40799
Kepler-1069 b,1.40799
Kepler-1069 b,1.40799
Kepler-1069 b,1.40799
Kepler-107 b,1.87249
Kepler-107 b,1.87249
Kepler-107 b,1.87249
Kepler-107 b,1.87249
Kepler-107 b,1.87249
Kepler-107 b,1.87249
Kepler-107 b,1.87249
Kepler-107 b,1.87249
Kepler-107 b,1.87249
Kepler-107 b,1.87249
Kepler-107 b,1.87249
Kepler-107 b,1.87249
Kepler-107 b,1.87249
Kepler-107 b,1.87249
Kepler-107 b,1.87249
Kepler-107 c,1.87249
Kepler-107 c,1.87249
Kepler-107 c,1.87249
Kepler-107 c,1.87249
Kepler-107 c,1.87249
Kepler-107 c,1.87249
Kepler-107 c,1.87249
Kepler-107 c,1.87249
Kepler-107 c,1.87249
Kepler-107 c,1.87249
Kepler-107 c,1.87249
Kepler-107 c,1.87249
Kepler-107 c,1.87249
Kepler-107 c,1.87249
Kepler-107 c,1.87249
Kepler-107 d,1.87249
Kepler-107 d,1.87249
Kepler-107 d,1.87249
Kepler-107 d,1.87249
Kepler-107 d,1.87249
Kepler-107 d,1.87249
Kepler-107 d,1.87249
Kepler-107 d,1.87249
Kepler-107 d,1.87249
Kepler-107 d,1.87249
Kepler-107 d,1.87249
Kepler-107 d,1.87249
Kepler-107 d,1.87249
Kepler-107 d,1.87249
Kepler-107 e,1.87249
Kepler-107 e,1.87249
Kepler-107 e,1.87249
Kepler-107 e,1.87249
Kepler-107 e,1.87249
Kepler-107 e,1.87249
Kepler-107 e,1.87249
Kepler-107 e,1.87249
Kepler-107 e,1.87249
Kepler-107 e,1.87249
Kepler-107 e,1.87249
Kepler-107 e,1.87249
Kepler-107 e,1.87249
Kepler-107 e,1.87249
Kepler-107 e,1.87249
Kepler-1070 b,1.03612
Kepler-1070 b,1.03612
Kepler-1070 b,1.03612
Kepler-1070 b,1.03612
Kepler-1070 b,1.03612
Kepler-1070 b,1.03612
Kepler-1070 b,1.03612
Kepler-1070 b,1.03612
Kepler-1070 b,1.03612
Kepler-1070 b,1.03612
Kepler-1070 b,1.03612
Kepler-1071 b,0.932442
Kepler-1071 b,0.932442
Kepler-1071 b,0.932442
Kepler-1071 b,0.932442
Kepler-1071 b,0.932442
Kepler-1071 b,0.932442
Kepler-1071 b,0.932442
Kepler-1071 b,0.932442
Kepler-1071 b,0.932442
Kepler-1071 b,0.932442
Kepler-1071 b,0.932442
Kepler-1072 b,0.988814
Kepler-1072 b,0.988814
Kepler-1072 b,0.988814
Kepler-1072 b,0.988814
Kepler-1072 b,0.988814
Kepler-1072 b,0.988814
Kepler-1072 b,0.988814
Kepler-1072 b,0.988814
Kepler-1072 b,0.988814
Kepler-1072 b,0.988814
Kepler-1073 b,1.20622
Kepler-1073 b,1.20622
Kepler-1073 b,1.20622
Kepler-1073 b,1.20622
Kepler-1073 b,1.20622
Kepler-1073 b,1.20622
Kepler-1073 b,1.20622
Kepler-1073 b,1.20622
Kepler-1073 b,1.20622
Kepler-1073 b,1.20622
Kepler-1073 c,1.20622
Kepler-1073 c,1.20622
Kepler-1073 c,1.20622
Kepler-1073 c,1.20622
Kepler-1073 c,1.20622
Kepler-1073 c,1.20622
Kepler-1073 c,1.20622
Kepler-1073 c,1.20622
Kepler-1073 d,1.20622
Kepler-1073 d,1.20622
Kepler-1073 d,1.20622
Kepler-1073 d,1.20622
Kepler-1073 d,1.20622
Kepler-1073 d,1.20622
Kepler-1074 b,3.95819
Kepler-1074 b,3.95819
Kepler-1074 b,3.95819
Kepler-1074 b,3.95819
Kepler-1074 b,3.95819
Kepler-1074 b,3.95819
Kepler-1074 b,3.95819
Kepler-1074 b,3.95819
Kepler-1074 b,3.95819
Kepler-1074 b,3.95819
Kepler-1074 b,3.95819
Kepler-1075 b,3.40576
Kepler-1075 b,3.40576
Kepler-1075 b,3.40576
Kepler-1075 b,3.40576
Kepler-1075 b,3.40576
Kepler-1075 b,3.40576
Kepler-1075 b,3.40576
Kepler-1075 b,3.40576
Kepler-1077 b,0.879493
Kepler-1077 b,0.879493
Kepler-1077 b,0.879493
Kepler-1077 b,0.879493
Kepler-1077 b,0.879493
Kepler-1077 b,0.879493
Kepler-1077 b,0.879493
Kepler-1077 b,0.879493
Kepler-1077 b,0.879493
Kepler-1077 b,0.879493
Kepler-1078 b,0.374134
Kepler-1078 b,0.374134
Kepler-1078 b,0.374134
Kepler-1078 b,0.374134
Kepler-1078 b,0.374134
Kepler-1078 b,0.374134
Kepler-1078 b,0.374134
Kepler-1078 b,0.374134
Kepler-1080 b,0.694369
Kepler-1080 b,0.694369
Kepler-1080 b,0.694369
Kepler-1080 b,0.694369
Kepler-1080 b,0.694369
Kepler-1080 b,0.694369
Kepler-1080 b,0.694369
Kepler-1080 b,0.694369
Kepler-1080 b,0.694369
Kepler-1080 b,0.694369
Kepler-1081 b,2.3509
Kepler-1081 b,2.3509
Kepler-1081 b,2.3509
Kepler-1081 b,2.3509
Kepler-1081 b,2.3509
Kepler-1081 b,2.3509
Kepler-1081 b,2.3509
Kepler-1081 b,2.3509
Kepler-1081 b,2.3509
Kepler-1081 b,2.3509
Kepler-1082 b,1.32332
Kepler-1082 b,1.32332
Kepler-1082 b,1.32332
Kepler-1082 b,1.32332
Kepler-1082 b,1.32332
Kepler-1082 b,1.32332
Kepler-1082 b,1.32332
Kepler-1082 b,1.32332
Kepler-1082 b,1.32332
Kepler-1082 b,1.32332
Kepler-1083 b,1.07961
Kepler-1083 b,1.07961
Kepler-1083 b,1.07961
Kepler-1083 b,1.07961
Kepler-1083 b,1.07961
Kepler-1083 b,1.07961
Kepler-1083 b,1.07961
Kepler-1083 b,1.07961
Kepler-1083 b,1.07961
Kepler-1083 b,1.07961
Kepler-1084 b,2.43758
Kepler-1084 b,2.43758
Kepler-1084 b,2.43758
Kepler-1084 b,2.43758
Kepler-1084 b,2.43758
Kepler-1084 b,2.43758
Kepler-1084 b,2.43758
Kepler-1084 b,2.43758
Kepler-1085 b,0.704126
Kepler-1085 b,0.704126
Kepler-1085 b,0.704126
Kepler-1085 b,0.704126
Kepler-1085 b,0.704126
Kepler-1085 b,0.704126
Kepler-1085 b,0.704126
Kepler-1085 b,0.704126
Kepler-1085 b,0.704126
Kepler-1085 b,0.704126
Kepler-1085 c,0.704126
Kepler-1085 c,0.704126
Kepler-1085 c,0.704126
Kepler-1085 c,0.704126
Kepler-1085 c,0.704126
Kepler-1085 c,0.704126
Kepler-1085 c,0.704126
Kepler-1085 c,0.704126
Kepler-1085 c,0.704126
Kepler-1086 b,2.11736
Kepler-1086 b,2.11736
Kepler-1086 b,2.11736
Kepler-1086 b,2.11736
Kepler-1086 b,2.11736
Kepler-1086 b,2.11736
Kepler-1086 b,2.11736
Kepler-1086 b,2.11736
Kepler-1086 b,2.11736
Kepler-1086 b,2.11736
Kepler-1086 c,2.11736
Kepler-1086 c,2.11736
Kepler-1086 c,2.11736
Kepler-1086 c,2.11736
Kepler-1086 c,2.11736
Kepler-1086 c,2.11736
Kepler-1086 c,2.11736
Kepler-1086 c,2.11736
Kepler-1086 c,2.11736
Kepler-1087 b,2.72911
Kepler-1087 b,2.72911
Kepler-1087 b,2.72911
Kepler-1087 b,2.72911
Kepler-1087 b,2.72911
Kepler-1087 b,2.72911
Kepler-1087 b,2.72911
Kepler-1087 b,2.72911
Kepler-1087 b,2.72911
Kepler-1087 b,2.72911
Kepler-1088 b,3.53461
Kepler-1088 b,3.53461
Kepler-1088 b,3.53461
Kepler-1088 b,3.53461
Kepler-1088 b,3.53461
Kepler-1088 b,3.53461
Kepler-1088 b,3.53461
Kepler-1088 b,3.53461
Kepler-1088 b,3.53461
Kepler-1088 b,3.53461
Kepler-1088 b,3.53461
Kepler-1089 b,3.82772
Kepler-1089 b,3.82772
Kepler-1089 b,3.82772
Kepler-1089 b,3.82772
Kepler-1089 b,3.82772
Kepler-1089 b,3.82772
Kepler-1089 b,3.82772
Kepler-1089 b,3.82772
Kepler-1089 b,3.82772
Kepler-1089 b,3.82772
Kepler-1089 b,3.82772
Kepler-109 b,2.07728
Kepler-109 b,2.07728
Kepler-109 b,2.07728
Kepler-109 b,2.07728
Kepler-109 b,2.07728
Kepler-109 b,2.07728
Kepler-109 b,2.07728
Kepler-109 b,2.07728
Kepler-109 b,2.07728
Kepler-109 b,2.07728
Kepler-109 b,2.07728
Kepler-109 b,2.07728
Kepler-109 b,2.07728
Kepler-109 b,2.07728
Kepler-109 b,2.07728
Kepler-109 c,2.07728
Kepler-109 c,2.07728
Kepler-109 c,2.07728
Kepler-109 c,2.07728
Kepler-109 c,2.07728
Kepler-109 c,2.07728
Kepler-109 c,2.07728
Kepler-109 c,2.07728
Kepler-109 c,2.07728
Kepler-109 c,2.07728
Kepler-109 c,2.07728
Kepler-109 c,2.07728
Kepler-109 c,2.07728
Kepler-109 c,2.07728
Kepler-109 c,2.07728
Kepler-1090 b,1.13711
Kepler-1090 b,1.13711
Kepler-1090 b,1.13711
Kepler-1090 b,1.13711
Kepler-1090 b,1.13711
Kepler-1090 b,1.13711
Kepler-1090 b,1.13711
Kepler-1090 b,1.13711
Kepler-1090 b,1.13711
Kepler-1090 b,1.13711
Kepler-1090 c,1.13711
Kepler-1090 c,1.13711
Kepler-1090 c,1.13711
Kepler-1090 c,1.13711
Kepler-1090 c,1.13711
Kepler-1090 c,1.13711
Kepler-1090 c,1.13711
Kepler-1090 c,1.13711
Kepler-1090 c,1.13711
Kepler-1091 b,1.06542
Kepler-1091 b,1.06542
Kepler-1091 b,1.06542
Kepler-1091 b,1.06542
Kepler-1091 b,1.06542
Kepler-1091 b,1.06542
Kepler-1091 b,1.06542
Kepler-1091 b,1.06542
Kepler-1091 b,1.06542
Kepler-1092 b,0.990559
Kepler-1092 b,0.990559
Kepler-1092 b,0.990559
Kepler-1092 b,0.990559
Kepler-1092 b,0.990559
Kepler-1092 b,0.990559
Kepler-1092 b,0.990559
Kepler-1092 b,0.990559
Kepler-1092 b,0.990559
Kepler-1092 b,0.990559
Kepler-1093 b,0.90334
Kepler-1093 b,0.90334
Kepler-1093 b,0.90334
Kepler-1093 b,0.90334
Kepler-1093 b,0.90334
Kepler-1093 b,0.90334
Kepler-1093 b,0.90334
Kepler-1093 b,0.90334
Kepler-1093 b,0.90334
Kepler-1093 b,0.90334
Kepler-1093 c,0.90334
Kepler-1093 c,0.90334
Kepler-1093 c,0.90334
Kepler-1093 c,0.90334
Kepler-1093 c,0.90334
Kepler-1093 c,0.90334
Kepler-1093 c,0.90334
Kepler-1093 c,0.90334
Kepler-1093 c,0.90334
Kepler-1094 b,0.747234
Kepler-1094 b,0.747234
Kepler-1094 b,0.747234
Kepler-1094 b,0.747234
Kepler-1094 b,0.747234
Kepler-1094 b,0.747234
Kepler-1094 b,0.747234
Kepler-1094 b,0.747234
Kepler-1094 b,0.747234
Kepler-1094 b,0.747234
Kepler-1095 b,1.23319
Kepler-1095 b,1.23319
Kepler-1095 b,1.23319
Kepler-1095 b,1.23319
Kepler-1095 b,1.23319
Kepler-1095 b,1.23319
Kepler-1095 b,1.23319
Kepler-1095 b,1.23319
Kepler-1096 b,2.6172
Kepler-1096 b,2.6172
Kepler-1096 b,2.6172
Kepler-1096 b,2.6172
Kepler-1096 b,2.6172
Kepler-1096 b,2.6172
Kepler-1096 b,2.6172
Kepler-1096 b,2.6172
Kepler-1096 b,2.6172
Kepler-1097 b,1.36077
Kepler-1097 b,1.36077
Kepler-1097 b,1.36077
Kepler-1097 b,1.36077
Kepler-1097 b,1.36077
Kepler-1097 b,1.36077
Kepler-1097 b,1.36077
Kepler-1097 b,1.36077
Kepler-1097 b,1.36077
Kepler-1097 b,1.36077
Kepler-1098 b,0.924665
Kepler-1098 b,0.924665
Kepler-1098 b,0.924665
Kepler-1098 b,0.924665
Kepler-1098 b,0.924665
Kepler-1098 b,0.924665
Kepler-1098 b,0.924665
Kepler-1098 b,0.924665
Kepler-1098 b,0.924665
Kepler-1099 b,0.949177
Kepler-1099 b,0.949177
Kepler-1099 b,0.949177
Kepler-1099 b,0.949177
Kepler-1099 b,0.949177
Kepler-1099 b,0.949177
Kepler-1099 b,0.949177
Kepler-1099 b,0.949177
Kepler-1099 b,0.949177
Kepler-1099 b,0.949177
Kepler-11 b,1.51841
Kepler-11 b,1.51841
Kepler-11 b,1.51841
Kepler-11 b,1.51841
Kepler-11 b,1.51841
Kepler-11 b,1.51841
Kepler-11 b,1.51841
Kepler-11 b,1.51841
Kepler-11 b,1.51841
Kepler-11 b,1.51841
Kepler-11 b,1.51841
Kepler-11 b,1.51841
Kepler-11 b,1.51841
Kepler-11 b,1.51841
Kepler-11 b,1.51841
Kepler-11 b,1.51841
Kepler-11 b,1.51841
Kepler-11 c,1.51841
Kepler-11 c,1.51841
Kepler-11 c,1.51841
Kepler-11 c,1.51841
Kepler-11 c,1.51841
Kepler-11 c,1.51841
Kepler-11 c,1.51841
Kepler-11 c,1.51841
Kepler-11 c,1.51841
Kepler-11 c,1.51841
Kepler-11 c,1.51841
Kepler-11 c,1.51841
Kepler-11 c,1.51841
Kepler-11 c,1.51841
Kepler-11 c,1.51841
Kepler-11 c,1.51841
Kepler-11 c,1.51841
Kepler-11 d,1.51841
Kepler-11 d,1.51841
Kepler-11 d,1.51841
Kepler-11 d,1.51841
Kepler-11 d,1.51841
Kepler-11 d,1.51841
Kepler-11 d,1.51841
Kepler-11 d,1.51841
Kepler-11 d,1.51841
Kepler-11 d,1.51841
Kepler-11 d,1.51841
Kepler-11 d,1.51841
Kepler-11 d,1.51841
Kepler-11 d,1.51841
Kepler-11 d,1.51841
Kepler-11 d,1.51841
Kepler-11 d,1.51841
Kepler-11 d,1.51841
Kepler-11 e,1.51841
Kepler-11 e,1.51841
Kepler-11 e,1.51841
Kepler-11 e,1.51841
Kepler-11 e,1.51841
Kepler-11 e,1.51841
Kepler-11 e,1.51841
Kepler-11 e,1.51841
Kepler-11 e,1.51841
Kepler-11 e,1.51841
Kepler-11 e,1.51841
Kepler-11 e,1.51841
Kepler-11 e,1.51841
Kepler-11 e,1.51841
Kepler-11 e,1.51841
Kepler-11 e,1.51841
Kepler-11 e,1.51841
Kepler-11 f,1.51841
Kepler-11 f,1.51841
Kepler-11 f,1.51841
Kepler-11 f,1.51841
Kepler-11 f,1.51841
Kepler-11 f,1.51841
Kepler-11 f,1.51841
Kepler-11 f,1.51841
Kepler-11 f,1.51841
Kepler-11 f,1.51841
Kepler-11 f,1.51841
Kepler-11 f,1.51841
Kepler-11 f,1.51841
Kepler-11 f,1.51841
Kepler-11 f,1.51841
Kepler-11 f,1.51841
Kepler-11 f,1.51841
Kepler-11 f,1.51841
Kepler-11 g,1.51841
Kepler-11 g,1.51841
Kepler-11 g,1.51841
Kepler-11 g,1.51841
Kepler-11 g,1.51841
Kepler-11 g,1.51841
Kepler-11 g,1.51841
Kepler-11 g,1.51841
Kepler-11 g,1.51841
Kepler-11 g,1.51841
Kepler-11 g,1.51841
Kepler-11 g,1.51841
Kepler-11 g,1.51841
Kepler-11 g,1.51841
Kepler-11 g,1.51841
Kepler-11 g,1.51841
Kepler-110 b,1.67638
Kepler-110 b,1.67638
Kepler-110 b,1.67638
Kepler-110 b,1.67638
Kepler-110 b,1.67638
Kepler-110 b,1.67638
Kepler-110 b,1.67638
Kepler-110 b,1.67638
Kepler-110 b,1.67638
Kepler-110 b,1.67638
Kepler-110 b,1.67638
Kepler-110 b,1.67638
Kepler-110 c,1.67638
Kepler-110 c,1.67638
Kepler-110 c,1.67638
Kepler-110 c,1.67638
Kepler-110 c,1.67638
Kepler-110 c,1.67638
Kepler-110 c,1.67638
Kepler-110 c,1.67638
Kepler-110 c,1.67638
Kepler-110 c,1.67638
Kepler-110 c,1.67638
Kepler-110 c,1.67638
Kepler-1100 b,1.41297
Kepler-1100 b,1.41297
Kepler-1100 b,1.41297
Kepler-1100 b,1.41297
Kepler-1100 b,1.41297
Kepler-1100 b,1.41297
Kepler-1100 b,1.41297
Kepler-1100 b,1.41297
Kepler-1100 b,1.41297
Kepler-1100 b,1.41297
Kepler-1101 b,1.31846
Kepler-1101 b,1.31846
Kepler-1101 b,1.31846
Kepler-1101 b,1.31846
Kepler-1101 b,1.31846
Kepler-1101 b,1.31846
Kepler-1101 b,1.31846
Kepler-1101 b,1.31846
Kepler-1101 b,1.31846
Kepler-1101 b,1.31846
Kepler-1102 b,0.773735
Kepler-1102 b,0.773735
Kepler-1102 b,0.773735
Kepler-1102 b,0.773735
Kepler-1102 b,0.773735
Kepler-1102 b,0.773735
Kepler-1102 b,0.773735
Kepler-1102 b,0.773735
Kepler-1102 b,0.773735
Kepler-1102 b,0.773735
Kepler-1103 b,0.72188
Kepler-1103 b,0.72188
Kepler-1103 b,0.72188
Kepler-1103 b,0.72188
Kepler-1103 b,0.72188
Kepler-1103 b,0.72188
Kepler-1103 b,0.72188
Kepler-1103 b,0.72188
Kepler-1103 b,0.72188
Kepler-1103 b,0.72188
Kepler-1103 b,0.72188
Kepler-1104 b,1.85697
Kepler-1104 b,1.85697
Kepler-1104 b,1.85697
Kepler-1104 b,1.85697
Kepler-1104 b,1.85697
Kepler-1104 b,1.85697
Kepler-1104 b,1.85697
Kepler-1104 b,1.85697
Kepler-1104 b,1.85697
Kepler-1104 b,1.85697
Kepler-1105 b,3.11593
Kepler-1105 b,3.11593
Kepler-1105 b,3.11593
Kepler-1105 b,3.11593
Kepler-1105 b,3.11593
Kepler-1105 b,3.11593
Kepler-1105 b,3.11593
Kepler-1105 b,3.11593
Kepler-1105 b,3.11593
Kepler-1105 b,3.11593
Kepler-1106 b,0.888221
Kepler-1106 b,0.888221
Kepler-1106 b,0.888221
Kepler-1106 b,0.888221
Kepler-1106 b,0.888221
Kepler-1106 b,0.888221
Kepler-1106 b,0.888221
Kepler-1106 b,0.888221
Kepler-1106 b,0.888221
Kepler-1107 b,2.30347
Kepler-1107 b,2.30347
Kepler-1107 b,2.30347
Kepler-1107 b,2.30347
Kepler-1107 b,2.30347
Kepler-1107 b,2.30347
Kepler-1107 b,2.30347
Kepler-1107 b,2.30347
Kepler-1107 b,2.30347
Kepler-1108 b,1.27418
Kepler-1108 b,1.27418
Kepler-1108 b,1.27418
Kepler-1108 b,1.27418
Kepler-1108 b,1.27418
Kepler-1108 b,1.27418
Kepler-1108 b,1.27418
Kepler-1108 b,1.27418
Kepler-1108 b,1.27418
Kepler-1109 b,1.43113
Kepler-1109 b,1.43113
Kepler-1109 b,1.43113
Kepler-1109 b,1.43113
Kepler-1109 b,1.43113
Kepler-1109 b,1.43113
Kepler-1109 b,1.43113
Kepler-1109 b,1.43113
Kepler-1109 b,1.43113
Kepler-1109 b,1.43113
Kepler-111 b,1.49272
Kepler-111 b,1.49272
Kepler-111 b,1.49272
Kepler-111 b,1.49272
Kepler-111 b,1.49272
Kepler-111 b,1.49272
Kepler-111 b,1.49272
Kepler-111 b,1.49272
Kepler-111 b,1.49272
Kepler-111 b,1.49272
Kepler-111 b,1.49272
Kepler-111 b,1.49272
Kepler-111 c,1.49272
Kepler-111 c,1.49272
Kepler-111 c,1.49272
Kepler-111 c,1.49272
Kepler-111 c,1.49272
Kepler-111 c,1.49272
Kepler-111 c,1.49272
Kepler-111 c,1.49272
Kepler-111 c,1.49272
Kepler-111 c,1.49272
Kepler-111 c,1.49272
Kepler-111 c,1.49272
Kepler-111 c,1.49272
Kepler-1110 b,1.34795
Kepler-1110 b,1.34795
Kepler-1110 b,1.34795
Kepler-1110 b,1.34795
Kepler-1110 b,1.34795
Kepler-1110 b,1.34795
Kepler-1110 b,1.34795
Kepler-1110 b,1.34795
Kepler-1110 b,1.34795
Kepler-1110 b,1.34795
Kepler-1111 b,1.15986
Kepler-1111 b,1.15986
Kepler-1111 b,1.15986
Kepler-1111 b,1.15986
Kepler-1111 b,1.15986
Kepler-1111 b,1.15986
Kepler-1111 b,1.15986
Kepler-1111 b,1.15986
Kepler-1111 b,1.15986
Kepler-1111 b,1.15986
Kepler-1112 b,0.570006
Kepler-1112 b,0.570006
Kepler-1112 b,0.570006
Kepler-1112 b,0.570006
Kepler-1112 b,0.570006
Kepler-1112 b,0.570006
Kepler-1112 b,0.570006
Kepler-1112 b,0.570006
Kepler-1112 b,0.570006
Kepler-1112 b,0.570006
Kepler-1113 b,0.902756
Kepler-1113 b,0.902756
Kepler-1113 b,0.902756
Kepler-1113 b,0.902756
Kepler-1113 b,0.902756
Kepler-1113 b,0.902756
Kepler-1113 b,0.902756
Kepler-1113 b,0.902756
Kepler-1113 b,0.902756
Kepler-1114 b,2.36115
Kepler-1114 b,2.36115
Kepler-1114 b,2.36115
Kepler-1114 b,2.36115
Kepler-1114 b,2.36115
Kepler-1114 b,2.36115
Kepler-1114 b,2.36115
Kepler-1114 b,2.36115
Kepler-1114 b,2.36115
Kepler-1114 b,2.36115
Kepler-1114 b,2.36115
Kepler-1115 b,0.989042
Kepler-1115 b,0.989042
Kepler-1115 b,0.989042
Kepler-1115 b,0.989042
Kepler-1115 b,0.989042
Kepler-1115 b,0.989042
Kepler-1115 b,0.989042
Kepler-1115 b,0.989042
Kepler-1115 b,0.989042
Kepler-1115 b,0.989042
Kepler-1115 b,0.989042
Kepler-1116 b,0.963177
Kepler-1116 b,0.963177
Kepler-1116 b,0.963177
Kepler-1116 b,0.963177
Kepler-1116 b,0.963177
Kepler-1116 b,0.963177
Kepler-1116 b,0.963177
Kepler-1116 b,0.963177
Kepler-1116 b,0.963177
Kepler-1116 b,0.963177
Kepler-1117 b,1.73031
Kepler-1117 b,1.73031
Kepler-1117 b,1.73031
Kepler-1117 b,1.73031
Kepler-1117 b,1.73031
Kepler-1117 b,1.73031
Kepler-1117 b,1.73031
Kepler-1117 b,1.73031
Kepler-1117 b,1.73031
Kepler-1117 b,1.73031
Kepler-1118 b,1.09766
Kepler-1118 b,1.09766
Kepler-1118 b,1.09766
Kepler-1118 b,1.09766
Kepler-1118 b,1.09766
Kepler-1118 b,1.09766
Kepler-1118 b,1.09766
Kepler-1118 b,1.09766
Kepler-1118 b,1.09766
Kepler-1118 b,1.09766
Kepler-1119 b,0.541166
Kepler-1119 b,0.541166
Kepler-1119 b,0.541166
Kepler-1119 b,0.541166
Kepler-1119 b,0.541166
Kepler-1119 b,0.541166
Kepler-1119 b,0.541166
Kepler-1119 b,0.541166
Kepler-1119 b,0.541166
Kepler-112 b,1.91976
Kepler-112 b,1.91976
Kepler-112 b,1.91976
Kepler-112 b,1.91976
Kepler-112 b,1.91976
Kepler-112 b,1.91976
Kepler-112 b,1.91976
Kepler-112 b,1.91976
Kepler-112 b,1.91976
Kepler-112 b,1.91976
Kepler-112 b,1.91976
Kepler-112 b,1.91976
Kepler-112 c,1.91976
Kepler-112 c,1.91976
Kepler-112 c,1.91976
Kepler-112 c,1.91976
Kepler-112 c,1.91976
Kepler-112 c,1.91976
Kepler-112 c,1.91976
Kepler-112 c,1.91976
Kepler-112 c,1.91976
Kepler-112 c,1.91976
Kepler-112 c,1.91976
Kepler-112 c,1.91976
Kepler-1120 b,1.59688
Kepler-1120 b,1.59688
Kepler-1120 b,1.59688
Kepler-1120 b,1.59688
Kepler-1120 b,1.59688
Kepler-1120 b,1.59688
Kepler-1120 b,1.59688
Kepler-1120 b,1.59688
Kepler-1120 b,1.59688
Kepler-1121 b,2.04577
Kepler-1121 b,2.04577
Kepler-1121 b,2.04577
Kepler-1121 b,2.04577
Kepler-1121 b,2.04577
Kepler-1121 b,2.04577
Kepler-1121 b,2.04577
Kepler-1121 b,2.04577
Kepler-1121 b,2.04577
Kepler-1121 b,2.04577
Kepler-1121 b,2.04577
Kepler-1122 b,0.784081
Kepler-1122 b,0.784081
Kepler-1122 b,0.784081
Kepler-1122 b,0.784081
Kepler-1122 b,0.784081
Kepler-1122 b,0.784081
Kepler-1122 b,0.784081
Kepler-1122 b,0.784081
Kepler-1122 b,0.784081
Kepler-1122 b,0.784081
Kepler-1123 b,1.39116
Kepler-1123 b,1.39116
Kepler-1123 b,1.39116
Kepler-1123 b,1.39116
Kepler-1123 b,1.39116
Kepler-1123 b,1.39116
Kepler-1123 b,1.39116
Kepler-1123 b,1.39116
Kepler-1123 b,1.39116
Kepler-1124 b,3.42133
Kepler-1124 b,3.42133
Kepler-1124 b,3.42133
Kepler-1124 b,3.42133
Kepler-1124 b,3.42133
Kepler-1124 b,3.42133
Kepler-1124 b,3.42133
Kepler-1124 b,3.42133
Kepler-1124 b,3.42133
Kepler-1124 b,3.42133
Kepler-1125 b,0.474351
Kepler-1125 b,0.474351
Kepler-1125 b,0.474351
Kepler-1125 b,0.474351
Kepler-1125 b,0.474351
Kepler-1125 b,0.474351
Kepler-1125 b,0.474351
Kepler-1125 b,0.474351
Kepler-1125 b,0.474351
Kepler-1126 b,1.5442
Kepler-1126 b,1.5442
Kepler-1126 b,1.5442
Kepler-1126 b,1.5442
Kepler-1126 b,1.5442
Kepler-1126 b,1.5442
Kepler-1126 b,1.5442
Kepler-1126 b,1.5442
Kepler-1126 b,1.5442
Kepler-1126 b,1.5442
Kepler-1126 b,1.5442
Kepler-1126 c,1.5442
Kepler-1126 c,1.5442
Kepler-1126 c,1.5442
Kepler-1126 c,1.5442
Kepler-1126 c,1.5442
Kepler-1126 c,1.5442
Kepler-1126 c,1.5442
Kepler-1126 c,1.5442
Kepler-1127 b,1.1589
Kepler-1127 b,1.1589
Kepler-1127 b,1.1589
Kepler-1127 b,1.1589
Kepler-1127 b,1.1589
Kepler-1127 b,1.1589
Kepler-1127 b,1.1589
Kepler-1127 b,1.1589
Kepler-1127 b,1.1589
Kepler-1128 b,0.895523
Kepler-1128 b,0.895523
Kepler-1128 b,0.895523
Kepler-1128 b,0.895523
Kepler-1128 b,0.895523
Kepler-1128 b,0.895523
Kepler-1128 b,0.895523
Kepler-1128 b,0.895523
Kepler-1128 b,0.895523
Kepler-1129 b,0.816732
Kepler-1129 b,0.816732
Kepler-1129 b,0.816732
Kepler-1129 b,0.816732
Kepler-1129 b,0.816732
Kepler-1129 b,0.816732
Kepler-1129 b,0.816732
Kepler-1129 b,0.816732
Kepler-1129 b,0.816732
Kepler-1129 b,0.816732
Kepler-1129 b,0.816732
Kepler-1129 c,0.816732
Kepler-1129 c,0.816732
Kepler-1129 c,0.816732
Kepler-1129 c,0.816732
Kepler-1129 c,0.816732
Kepler-1129 c,0.816732
Kepler-1129 c,0.816732
Kepler-1129 c,0.816732
Kepler-1129 c,0.816732
Kepler-1129 c,0.816732
Kepler-113 b,3.78279
Kepler-113 b,3.78279
Kepler-113 b,3.78279
Kepler-113 b,3.78279
Kepler-113 b,3.78279
Kepler-113 b,3.78279
Kepler-113 b,3.78279
Kepler-113 b,3.78279
Kepler-113 b,3.78279
Kepler-113 b,3.78279
Kepler-113 b,3.78279
Kepler-113 b,3.78279
Kepler-113 b,3.78279
Kepler-113 c,3.78279
Kepler-113 c,3.78279
Kepler-113 c,3.78279
Kepler-113 c,3.78279
Kepler-113 c,3.78279
Kepler-113 c,3.78279
Kepler-113 c,3.78279
Kepler-113 c,3.78279
Kepler-113 c,3.78279
Kepler-113 c,3.78279
Kepler-113 c,3.78279
Kepler-113 c,3.78279
Kepler-113 c,3.78279
Kepler-1130 b,3.98189
Kepler-1130 b,3.98189
Kepler-1130 b,3.98189
Kepler-1130 b,3.98189
Kepler-1130 b,3.98189
Kepler-1130 b,3.98189
Kepler-1130 b,3.98189
Kepler-1130 b,3.98189
Kepler-1130 b,3.98189
Kepler-1130 b,3.98189
Kepler-1130 b,3.98189
Kepler-1130 b,3.98189
Kepler-1130 c,3.98189
Kepler-1130 c,3.98189
Kepler-1130 c,3.98189
Kepler-1130 c,3.98189
Kepler-1130 c,3.98189
Kepler-1130 c,3.98189
Kepler-1130 c,3.98189
Kepler-1130 c,3.98189
Kepler-1130 c,3.98189
Kepler-1130 d,3.98189
Kepler-1130 d,3.98189
Kepler-1130 d,3.98189
Kepler-1130 d,3.98189
Kepler-1130 d,3.98189
Kepler-1130 d,3.98189
Kepler-1130 d,3.98189
Kepler-1130 d,3.98189
Kepler-1130 d,3.98189
Kepler-1131 b,0.941726
Kepler-1131 b,0.941726
Kepler-1131 b,0.941726
Kepler-1131 b,0.941726
Kepler-1131 b,0.941726
Kepler-1131 b,0.941726
Kepler-1131 b,0.941726
Kepler-1131 b,0.941726
Kepler-1131 b,0.941726
Kepler-1132 b,1.12379
Kepler-1132 b,1.12379
Kepler-1132 b,1.12379
Kepler-1132 b,1.12379
Kepler-1132 b,1.12379
Kepler-1132 b,1.12379
Kepler-1132 b,1.12379
Kepler-1132 b,1.12379
Kepler-1132 b,1.12379
Kepler-1132 b,1.12379
Kepler-1133 b,1.29964
Kepler-1133 b,1.29964
Kepler-1133 b,1.29964
Kepler-1133 b,1.29964
Kepler-1133 b,1.29964
Kepler-1133 b,1.29964
Kepler-1133 b,1.29964
Kepler-1133 b,1.29964
Kepler-1133 b,1.29964
Kepler-1133 b,1.29964
Kepler-1134 b,1.03142
Kepler-1134 b,1.03142
Kepler-1134 b,1.03142
Kepler-1134 b,1.03142
Kepler-1134 b,1.03142
Kepler-1134 b,1.03142
Kepler-1134 b,1.03142
Kepler-1134 b,1.03142
Kepler-1134 b,1.03142
Kepler-1134 b,1.03142
Kepler-1135 b,0.731802
Kepler-1135 b,0.731802
Kepler-1135 b,0.731802
Kepler-1135 b,0.731802
Kepler-1135 b,0.731802
Kepler-1135 b,0.731802
Kepler-1135 b,0.731802
Kepler-1135 b,0.731802
Kepler-1135 b,0.731802
Kepler-1135 b,0.731802
Kepler-1136 b,2.00678
Kepler-1136 b,2.00678
Kepler-1136 b,2.00678
Kepler-1136 b,2.00678
Kepler-1136 b,2.00678
Kepler-1136 b,2.00678
Kepler-1136 b,2.00678
Kepler-1136 b,2.00678
Kepler-1136 b,2.00678
Kepler-1137 b,1.05624
Kepler-1137 b,1.05624
Kepler-1137 b,1.05624
Kepler-1137 b,1.05624
Kepler-1137 b,1.05624
Kepler-1137 b,1.05624
Kepler-1137 b,1.05624
Kepler-1137 b,1.05624
Kepler-1137 b,1.05624
Kepler-1137 b,1.05624
Kepler-1138 b,1.11804
Kepler-1138 b,1.11804
Kepler-1138 b,1.11804
Kepler-1138 b,1.11804
Kepler-1138 b,1.11804
Kepler-1138 b,1.11804
Kepler-1138 b,1.11804
Kepler-1138 b,1.11804
Kepler-1138 b,1.11804
Kepler-1139 b,1.99085
Kepler-1139 b,1.99085
Kepler-1139 b,1.99085
Kepler-1139 b,1.99085
Kepler-1139 b,1.99085
Kepler-1139 b,1.99085
Kepler-1139 b,1.99085
Kepler-1139 b,1.99085
Kepler-1139 b,1.99085
Kepler-1139 b,1.99085
Kepler-114 b,3.82424
Kepler-114 b,3.82424
Kepler-114 b,3.82424
Kepler-114 b,3.82424
Kepler-114 b,3.82424
Kepler-114 b,3.82424
Kepler-114 b,3.82424
Kepler-114 b,3.82424
Kepler-114 b,3.82424
Kepler-114 b,3.82424
Kepler-114 b,3.82424
Kepler-114 b,3.82424
Kepler-114 b,3.82424
Kepler-114 b,3.82424
Kepler-114 b,3.82424
Kepler-114 b,3.82424
Kepler-114 c,3.82424
Kepler-114 c,3.82424
Kepler-114 c,3.82424
Kepler-114 c,3.82424
Kepler-114 c,3.82424
Kepler-114 c,3.82424
Kepler-114 c,3.82424
Kepler-114 c,3.82424
Kepler-114 c,3.82424
Kepler-114 c,3.82424
Kepler-114 c,3.82424
Kepler-114 c,3.82424
Kepler-114 c,3.82424
Kepler-114 c,3.82424
Kepler-114 c,3.82424
Kepler-114 c,3.82424
Kepler-114 d,3.82424
Kepler-114 d,3.82424
Kepler-114 d,3.82424
Kepler-114 d,3.82424
Kepler-114 d,3.82424
Kepler-114 d,3.82424
Kepler-114 d,3.82424
Kepler-114 d,3.82424
Kepler-114 d,3.82424
Kepler-114 d,3.82424
Kepler-114 d,3.82424
Kepler-114 d,3.82424
Kepler-114 d,3.82424
Kepler-114 d,3.82424
Kepler-114 d,3.82424
Kepler-114 d,3.82424
Kepler-1140 b,1.49476
Kepler-1140 b,1.49476
Kepler-1140 b,1.49476
Kepler-1140 b,1.49476
Kepler-1140 b,1.49476
Kepler-1140 b,1.49476
Kepler-1140 b,1.49476
Kepler-1140 b,1.49476
Kepler-1140 b,1.49476
Kepler-1140 b,1.49476
Kepler-1141 b,2.51174
Kepler-1141 b,2.51174
Kepler-1141 b,2.51174
Kepler-1141 b,2.51174
Kepler-1141 b,2.51174
Kepler-1141 b,2.51174
Kepler-1141 b,2.51174
Kepler-1141 b,2.51174
Kepler-1141 b,2.51174
Kepler-1141 b,2.51174
Kepler-1142 b,0.756667
Kepler-1142 b,0.756667
Kepler-1142 b,0.756667
Kepler-1142 b,0.756667
Kepler-1142 b,0.756667
Kepler-1142 b,0.756667
Kepler-1142 b,0.756667
Kepler-1142 b,0.756667
Kepler-1142 b,0.756667
Kepler-1142 b,0.756667
Kepler-1143 b,1.77266
Kepler-1143 b,1.77266
Kepler-1143 b,1.77266
Kepler-1143 b,1.77266
Kepler-1143 b,1.77266
Kepler-1143 b,1.77266
Kepler-1143 b,1.77266
Kepler-1143 b,1.77266
Kepler-1143 b,1.77266
Kepler-1143 c,1.77266
Kepler-1143 c,1.77266
Kepler-1143 c,1.77266
Kepler-1143 c,1.77266
Kepler-1143 c,1.77266
Kepler-1143 c,1.77266
Kepler-1143 c,1.77266
Kepler-1144 b,0.848206
Kepler-1144 b,0.848206
Kepler-1144 b,0.848206
Kepler-1144 b,0.848206
Kepler-1144 b,0.848206
Kepler-1144 b,0.848206
Kepler-1144 b,0.848206
Kepler-1144 b,0.848206
Kepler-1144 b,0.848206
Kepler-1144 b,0.848206
Kepler-1145 b,1.41711
Kepler-1145 b,1.41711
Kepler-1145 b,1.41711
Kepler-1145 b,1.41711
Kepler-1145 b,1.41711
Kepler-1145 b,1.41711
Kepler-1145 b,1.41711
Kepler-1145 b,1.41711
Kepler-1146 b,1.39427
Kepler-1146 b,1.39427
Kepler-1146 b,1.39427
Kepler-1146 b,1.39427
Kepler-1146 b,1.39427
Kepler-1146 b,1.39427
Kepler-1146 b,1.39427
Kepler-1146 b,1.39427
Kepler-1146 b,1.39427
Kepler-1147 b,0.575366
Kepler-1147 b,0.575366
Kepler-1147 b,0.575366
Kepler-1147 b,0.575366
Kepler-1147 b,0.575366
Kepler-1147 b,0.575366
Kepler-1147 b,0.575366
Kepler-1147 b,0.575366
Kepler-1147 b,0.575366
Kepler-1147 b,0.575366
Kepler-1148 b,1.56982
Kepler-1148 b,1.56982
Kepler-1148 b,1.56982
Kepler-1148 b,1.56982
Kepler-1148 b,1.56982
Kepler-1148 b,1.56982
Kepler-1148 b,1.56982
Kepler-1148 b,1.56982
Kepler-1148 b,1.56982
Kepler-1149 b,0.793334
Kepler-1149 b,0.793334
Kepler-1149 b,0.793334
Kepler-1149 b,0.793334
Kepler-1149 b,0.793334
Kepler-1149 b,0.793334
Kepler-1149 b,0.793334
Kepler-1149 b,0.793334
Kepler-1149 b,0.793334
Kepler-115 b,1.57488
Kepler-115 b,1.57488
Kepler-115 b,1.57488
Kepler-115 b,1.57488
Kepler-115 b,1.57488
Kepler-115 b,1.57488
Kepler-115 b,1.57488
Kepler-115 b,1.57488
Kepler-115 b,1.57488
Kepler-115 b,1.57488
Kepler-115 b,1.57488
Kepler-115 c,1.57488
Kepler-115 c,1.57488
Kepler-115 c,1.57488
Kepler-115 c,1.57488
Kepler-115 c,1.57488
Kepler-115 c,1.57488
Kepler-115 c,1.57488
Kepler-115 c,1.57488
Kepler-115 c,1.57488
Kepler-115 c,1.57488
Kepler-115 c,1.57488
Kepler-115 c,1.57488
Kepler-1150 b,2.76045
Kepler-1150 b,2.76045
Kepler-1150 b,2.76045
Kepler-1150 b,2.76045
Kepler-1150 b,2.76045
Kepler-1150 b,2.76045
Kepler-1150 b,2.76045
Kepler-1150 b,2.76045
Kepler-1150 b,2.76045
Kepler-1151 b,1.43681
Kepler-1151 b,1.43681
Kepler-1151 b,1.43681
Kepler-1151 b,1.43681
Kepler-1151 b,1.43681
Kepler-1151 b,1.43681
Kepler-1151 b,1.43681
Kepler-1151 b,1.43681
Kepler-1151 b,1.43681
Kepler-1151 b,1.43681
Kepler-1152 b,4.61727
Kepler-1152 b,4.61727
Kepler-1152 b,4.61727
Kepler-1152 b,4.61727
Kepler-1152 b,4.61727
Kepler-1152 b,4.61727
Kepler-1152 b,4.61727
Kepler-1152 b,4.61727
Kepler-1152 b,4.61727
Kepler-1152 b,4.61727
Kepler-1153 b,0.865136
Kepler-1153 b,0.865136
Kepler-1153 b,0.865136
Kepler-1153 b,0.865136
Kepler-1153 b,0.865136
Kepler-1153 b,0.865136
Kepler-1153 b,0.865136
Kepler-1153 b,0.865136
Kepler-1154 b,0.656697
Kepler-1154 b,0.656697
Kepler-1154 b,0.656697
Kepler-1154 b,0.656697
Kepler-1154 b,0.656697
Kepler-1154 b,0.656697
Kepler-1154 b,0.656697
Kepler-1154 b,0.656697
Kepler-1154 b,0.656697
Kepler-1154 c,0.656697
Kepler-1154 c,0.656697
Kepler-1154 c,0.656697
Kepler-1154 c,0.656697
Kepler-1154 c,0.656697
Kepler-1154 c,0.656697
Kepler-1154 c,0.656697
Kepler-1154 c,0.656697
Kepler-1156 b,1.41767
Kepler-1156 b,1.41767
Kepler-1156 b,1.41767
Kepler-1156 b,1.41767
Kepler-1156 b,1.41767
Kepler-1156 b,1.41767
Kepler-1156 b,1.41767
Kepler-1156 b,1.41767
Kepler-1156 b,1.41767
Kepler-1156 b,1.41767
Kepler-1157 b,2.89397
Kepler-1157 b,2.89397
Kepler-1157 b,2.89397
Kepler-1157 b,2.89397
Kepler-1157 b,2.89397
Kepler-1157 b,2.89397
Kepler-1157 b,2.89397
Kepler-1157 b,2.89397
Kepler-1157 b,2.89397
Kepler-1158 b,0.645076
Kepler-1158 b,0.645076
Kepler-1158 b,0.645076
Kepler-1158 b,0.645076
Kepler-1158 b,0.645076
Kepler-1158 b,0.645076
Kepler-1158 b,0.645076
Kepler-1158 b,0.645076
Kepler-1158 b,0.645076
Kepler-1158 b,0.645076
Kepler-1158 b,0.645076
Kepler-1159 b,0.795359
Kepler-1159 b,0.795359
Kepler-1159 b,0.795359
Kepler-1159 b,0.795359
Kepler-1159 b,0.795359
Kepler-1159 b,0.795359
Kepler-1159 b,0.795359
Kepler-1159 b,0.795359
Kepler-1159 b,0.795359
Kepler-116 b,1.01829
Kepler-116 b,1.01829
Kepler-116 b,1.01829
Kepler-116 b,1.01829
Kepler-116 b,1.01829
Kepler-116 b,1.01829
Kepler-116 b,1.01829
Kepler-116 b,1.01829
Kepler-116 b,1.01829
Kepler-116 b,1.01829
Kepler-116 b,1.01829
Kepler-116 b,1.01829
Kepler-116 c,1.01829
Kepler-116 c,1.01829
Kepler-116 c,1.01829
Kepler-116 c,1.01829
Kepler-116 c,1.01829
Kepler-116 c,1.01829
Kepler-116 c,1.01829
Kepler-116 c,1.01829
Kepler-116 c,1.01829
Kepler-116 c,1.01829
Kepler-116 c,1.01829
Kepler-116 c,1.01829
Kepler-1160 b,0.899772
Kepler-1160 b,0.899772
Kepler-1160 b,0.899772
Kepler-1160 b,0.899772
Kepler-1160 b,0.899772
Kepler-1160 b,0.899772
Kepler-1160 b,0.899772
Kepler-1160 b,0.899772
Kepler-1160 b,0.899772
Kepler-1161 b,1.79771
Kepler-1161 b,1.79771
Kepler-1161 b,1.79771
Kepler-1161 b,1.79771
Kepler-1161 b,1.79771
Kepler-1161 b,1.79771
Kepler-1161 b,1.79771
Kepler-1161 b,1.79771
Kepler-1161 b,1.79771
Kepler-1161 b,1.79771
Kepler-1162 b,1.03527
Kepler-1162 b,1.03527
Kepler-1162 b,1.03527
Kepler-1162 b,1.03527
Kepler-1162 b,1.03527
Kepler-1162 b,1.03527
Kepler-1162 b,1.03527
Kepler-1162 b,1.03527
Kepler-1162 b,1.03527
Kepler-1162 b,1.03527
Kepler-1162 c,1.03527
Kepler-1162 c,1.03527
Kepler-1162 c,1.03527
Kepler-1162 c,1.03527
Kepler-1162 c,1.03527
Kepler-1162 c,1.03527
Kepler-1162 c,1.03527
Kepler-1163 b,2.06049
Kepler-1163 b,2.06049
Kepler-1163 b,2.06049
Kepler-1163 b,2.06049
Kepler-1163 b,2.06049
Kepler-1163 b,2.06049
Kepler-1163 b,2.06049
Kepler-1163 b,2.06049
Kepler-1163 b,2.06049
Kepler-1163 b,2.06049
Kepler-1164 b,2.28804
Kepler-1164 b,2.28804
Kepler-1164 b,2.28804
Kepler-1164 b,2.28804
Kepler-1164 b,2.28804
Kepler-1164 b,2.28804
Kepler-1164 b,2.28804
Kepler-1164 b,2.28804
Kepler-1164 b,2.28804
Kepler-1164 b,2.28804
Kepler-1165 b,0.605918
Kepler-1165 b,0.605918
Kepler-1165 b,0.605918
Kepler-1165 b,0.605918
Kepler-1165 b,0.605918
Kepler-1165 b,0.605918
Kepler-1165 b,0.605918
Kepler-1165 b,0.605918
Kepler-1165 b,0.605918
Kepler-1165 c,0.605918
Kepler-1165 c,0.605918
Kepler-1165 c,0.605918
Kepler-1165 c,0.605918
Kepler-1165 c,0.605918
Kepler-1165 c,0.605918
Kepler-1165 c,0.605918
Kepler-1165 c,0.605918
Kepler-1166 b,1.54633
Kepler-1166 b,1.54633
Kepler-1166 b,1.54633
Kepler-1166 b,1.54633
Kepler-1166 b,1.54633
Kepler-1166 b,1.54633
Kepler-1166 b,1.54633
Kepler-1166 b,1.54633
Kepler-1166 b,1.54633
Kepler-1166 b,1.54633
Kepler-1167 b,1.19075
Kepler-1167 b,1.19075
Kepler-1167 b,1.19075
Kepler-1167 b,1.19075
Kepler-1167 b,1.19075
Kepler-1167 b,1.19075
Kepler-1167 b,1.19075
Kepler-1167 b,1.19075
Kepler-1167 b,1.19075
Kepler-1168 b,1.3002
Kepler-1168 b,1.3002
Kepler-1168 b,1.3002
Kepler-1168 b,1.3002
Kepler-1168 b,1.3002
Kepler-1168 b,1.3002
Kepler-1168 b,1.3002
Kepler-1168 b,1.3002
Kepler-1168 b,1.3002
Kepler-1168 b,1.3002
Kepler-1169 b,1.88397
Kepler-1169 b,1.88397
Kepler-1169 b,1.88397
Kepler-1169 b,1.88397
Kepler-1169 b,1.88397
Kepler-1169 b,1.88397
Kepler-1169 b,1.88397
Kepler-1169 b,1.88397
Kepler-1169 b,1.88397
Kepler-1169 b,1.88397
Kepler-117 b,0.658131
Kepler-117 b,0.658131
Kepler-117 b,0.658131
Kepler-117 b,0.658131
Kepler-117 b,0.658131
Kepler-117 b,0.658131
Kepler-117 b,0.658131
Kepler-117 b,0.658131
Kepler-117 b,0.658131
Kepler-117 b,0.658131
Kepler-117 b,0.658131
Kepler-117 b,0.658131
Kepler-117 b,0.658131
Kepler-117 b,0.658131
Kepler-117 b,0.658131
Kepler-117 c,0.658131
Kepler-117 c,0.658131
Kepler-117 c,0.658131
Kepler-117 c,0.658131
Kepler-117 c,0.658131
Kepler-117 c,0.658131
Kepler-117 c,0.658131
Kepler-117 c,0.658131
Kepler-117 c,0.658131
Kepler-117 c,0.658131
Kepler-117 c,0.658131
Kepler-117 c,0.658131
Kepler-117 c,0.658131
Kepler-117 c,0.658131
Kepler-1170 b,0.924172
Kepler-1170 b,0.924172
Kepler-1170 b,0.924172
Kepler-1170 b,0.924172
Kepler-1170 b,0.924172
Kepler-1170 b,0.924172
Kepler-1170 b,0.924172
Kepler-1170 b,0.924172
Kepler-1170 b,0.924172
Kepler-1170 b,0.924172
Kepler-1171 b,1.7171
Kepler-1171 b,1.7171
Kepler-1171 b,1.7171
Kepler-1171 b,1.7171
Kepler-1171 b,1.7171
Kepler-1171 b,1.7171
Kepler-1171 b,1.7171
Kepler-1171 b,1.7171
Kepler-1171 b,1.7171
Kepler-1171 b,1.7171
Kepler-1172 b,0.737585
Kepler-1172 b,0.737585
Kepler-1172 b,0.737585
Kepler-1172 b,0.737585
Kepler-1172 b,0.737585
Kepler-1172 b,0.737585
Kepler-1172 b,0.737585
Kepler-1172 b,0.737585
Kepler-1172 b,0.737585
Kepler-1172 b,0.737585
Kepler-1173 b,2.62328
Kepler-1173 b,2.62328
Kepler-1173 b,2.62328
Kepler-1173 b,2.62328
Kepler-1173 b,2.62328
Kepler-1173 b,2.62328
Kepler-1173 b,2.62328
Kepler-1173 b,2.62328
Kepler-1173 b,2.62328
Kepler-1173 b,2.62328
Kepler-1174 b,0.680952
Kepler-1174 b,0.680952
Kepler-1174 b,0.680952
Kepler-1174 b,0.680952
Kepler-1174 b,0.680952
Kepler-1174 b,0.680952
Kepler-1174 b,0.680952
Kepler-1174 b,0.680952
Kepler-1174 b,0.680952
Kepler-1175 b,0.863916
Kepler-1175 b,0.863916
Kepler-1175 b,0.863916
Kepler-1175 b,0.863916
Kepler-1175 b,0.863916
Kepler-1175 b,0.863916
Kepler-1175 b,0.863916
Kepler-1175 b,0.863916
Kepler-1175 b,0.863916
Kepler-1175 b,0.863916
Kepler-1176 b,1.12865
Kepler-1176 b,1.12865
Kepler-1176 b,1.12865
Kepler-1176 b,1.12865
Kepler-1176 b,1.12865
Kepler-1176 b,1.12865
Kepler-1176 b,1.12865
Kepler-1176 b,1.12865
Kepler-1176 b,1.12865
Kepler-1177 b,0.740452
Kepler-1177 b,0.740452
Kepler-1177 b,0.740452
Kepler-1177 b,0.740452
Kepler-1177 b,0.740452
Kepler-1177 b,0.740452
Kepler-1177 b,0.740452
Kepler-1177 b,0.740452
Kepler-1177 b,0.740452
Kepler-1177 b,0.740452
Kepler-1178 b,2.04474
Kepler-1178 b,2.04474
Kepler-1178 b,2.04474
Kepler-1178 b,2.04474
Kepler-1178 b,2.04474
Kepler-1178 b,2.04474
Kepler-1178 b,2.04474
Kepler-1178 b,2.04474
Kepler-1179 b,2.37958
Kepler-1179 b,2.37958
Kepler-1179 b,2.37958
Kepler-1179 b,2.37958
Kepler-1179 b,2.37958
Kepler-1179 b,2.37958
Kepler-1179 b,2.37958
Kepler-1179 b,2.37958
Kepler-1179 b,2.37958
Kepler-1179 b,2.37958
Kepler-118 b,1.71289
Kepler-118 b,1.71289
Kepler-118 b,1.71289
Kepler-118 b,1.71289
Kepler-118 b,1.71289
Kepler-118 b,1.71289
Kepler-118 b,1.71289
Kepler-118 b,1.71289
Kepler-118 b,1.71289
Kepler-118 b,1.71289
Kepler-118 c,1.71289
Kepler-118 c,1.71289
Kepler-118 c,1.71289
Kepler-118 c,1.71289
Kepler-118 c,1.71289
Kepler-118 c,1.71289
Kepler-118 c,1.71289
Kepler-118 c,1.71289
Kepler-118 c,1.71289
Kepler-118 c,1.71289
Kepler-118 c,1.71289
Kepler-1180 b,0.598893
Kepler-1180 b,0.598893
Kepler-1180 b,0.598893
Kepler-1180 b,0.598893
Kepler-1180 b,0.598893
Kepler-1180 b,0.598893
Kepler-1180 b,0.598893
Kepler-1180 b,0.598893
Kepler-1180 b,0.598893
Kepler-1180 b,0.598893
Kepler-1181 b,1.03682
Kepler-1181 b,1.03682
Kepler-1181 b,1.03682
Kepler-1181 b,1.03682
Kepler-1181 b,1.03682
Kepler-1181 b,1.03682
Kepler-1181 b,1.03682
Kepler-1181 b,1.03682
Kepler-1181 b,1.03682
Kepler-1181 b,1.03682
Kepler-1181 c,1.03682
Kepler-1181 c,1.03682
Kepler-1181 c,1.03682
Kepler-1181 c,1.03682
Kepler-1181 c,1.03682
Kepler-1181 c,1.03682
Kepler-1182 b,0.619142
Kepler-1182 b,0.619142
Kepler-1182 b,0.619142
Kepler-1182 b,0.619142
Kepler-1182 b,0.619142
Kepler-1182 b,0.619142
Kepler-1182 b,0.619142
Kepler-1182 b,0.619142
Kepler-1182 b,0.619142
Kepler-1183 b,0.494531
Kepler-1183 b,0.494531
Kepler-1183 b,0.494531
Kepler-1183 b,0.494531
Kepler-1183 b,0.494531
Kepler-1183 b,0.494531
Kepler-1183 b,0.494531
Kepler-1183 b,0.494531
Kepler-1183 b,0.494531
Kepler-1183 b,0.494531
Kepler-1184 b,0.835163
Kepler-1184 b,0.835163
Kepler-1184 b,0.835163
Kepler-1184 b,0.835163
Kepler-1184 b,0.835163
Kepler-1184 b,0.835163
Kepler-1184 b,0.835163
Kepler-1184 b,0.835163
Kepler-1184 b,0.835163
Kepler-1184 b,0.835163
Kepler-1185 b,2.14871
Kepler-1185 b,2.14871
Kepler-1185 b,2.14871
Kepler-1185 b,2.14871
Kepler-1185 b,2.14871
Kepler-1185 b,2.14871
Kepler-1185 b,2.14871
Kepler-1186 b,0.719055
Kepler-1186 b,0.719055
Kepler-1186 b,0.719055
Kepler-1186 b,0.719055
Kepler-1186 b,0.719055
Kepler-1186 b,0.719055
Kepler-1186 b,0.719055
Kepler-1186 b,0.719055
Kepler-1186 b,0.719055
Kepler-1187 b,0.951686
Kepler-1187 b,0.951686
Kepler-1187 b,0.951686
Kepler-1187 b,0.951686
Kepler-1187 b,0.951686
Kepler-1187 b,0.951686
Kepler-1187 b,0.951686
Kepler-1187 b,0.951686
Kepler-1187 b,0.951686
Kepler-1187 b,0.951686
Kepler-1188 b,0.553261
Kepler-1188 b,0.553261
Kepler-1188 b,0.553261
Kepler-1188 b,0.553261
Kepler-1188 b,0.553261
Kepler-1188 b,0.553261
Kepler-1188 b,0.553261
Kepler-1188 b,0.553261
Kepler-1188 b,0.553261
Kepler-1188 b,0.553261
Kepler-1189 b,1.24877
Kepler-1189 b,1.24877
Kepler-1189 b,1.24877
Kepler-1189 b,1.24877
Kepler-1189 b,1.24877
Kepler-1189 b,1.24877
Kepler-1189 b,1.24877
Kepler-1189 b,1.24877
Kepler-1189 b,1.24877
Kepler-119 b,1.39619
Kepler-119 b,1.39619
Kepler-119 b,1.39619
Kepler-119 b,1.39619
Kepler-119 b,1.39619
Kepler-119 b,1.39619
Kepler-119 b,1.39619
Kepler-119 b,1.39619
Kepler-119 b,1.39619
Kepler-119 b,1.39619
Kepler-119 b,1.39619
Kepler-119 c,1.39619
Kepler-119 c,1.39619
Kepler-119 c,1.39619
Kepler-119 c,1.39619
Kepler-119 c,1.39619
Kepler-119 c,1.39619
Kepler-119 c,1.39619
Kepler-119 c,1.39619
Kepler-119 c,1.39619
Kepler-1190 b,2.89083
Kepler-1190 b,2.89083
Kepler-1190 b,2.89083
Kepler-1190 b,2.89083
Kepler-1190 b,2.89083
Kepler-1190 b,2.89083
Kepler-1190 b,2.89083
Kepler-1190 b,2.89083
Kepler-1190 b,2.89083
Kepler-1190 b,2.89083
Kepler-1191 b,1.01819
Kepler-1191 b,1.01819
Kepler-1191 b,1.01819
Kepler-1191 b,1.01819
Kepler-1191 b,1.01819
Kepler-1191 b,1.01819
Kepler-1191 b,1.01819
Kepler-1191 b,1.01819
Kepler-1191 b,1.01819
Kepler-1192 b,0.738486
Kepler-1192 b,0.738486
Kepler-1192 b,0.738486
Kepler-1192 b,0.738486
Kepler-1192 b,0.738486
Kepler-1192 b,0.738486
Kepler-1192 b,0.738486
Kepler-1192 b,0.738486
Kepler-1192 b,0.738486
Kepler-1192 b,0.738486
Kepler-1193 b,1.21792
Kepler-1193 b,1.21792
Kepler-1193 b,1.21792
Kepler-1193 b,1.21792
Kepler-1193 b,1.21792
Kepler-1193 b,1.21792
Kepler-1193 b,1.21792
Kepler-1193 b,1.21792
Kepler-1193 b,1.21792
Kepler-1193 b,1.21792
Kepler-1195 b,1.06088
Kepler-1195 b,1.06088
Kepler-1195 b,1.06088
Kepler-1195 b,1.06088
Kepler-1195 b,1.06088
Kepler-1195 b,1.06088
Kepler-1195 b,1.06088
Kepler-1195 b,1.06088
Kepler-1195 b,1.06088
Kepler-1196 b,1.05577
Kepler-1196 b,1.05577
Kepler-1196 b,1.05577
Kepler-1196 b,1.05577
Kepler-1196 b,1.05577
Kepler-1196 b,1.05577
Kepler-1196 b,1.05577
Kepler-1196 b,1.05577
Kepler-1196 b,1.05577
Kepler-1196 b,1.05577
Kepler-1197 b,2.02521
Kepler-1197 b,2.02521
Kepler-1197 b,2.02521
Kepler-1197 b,2.02521
Kepler-1197 b,2.02521
Kepler-1197 b,2.02521
Kepler-1197 b,2.02521
Kepler-1197 b,2.02521
Kepler-1197 b,2.02521
Kepler-1197 b,2.02521
Kepler-1198 b,1.31727
Kepler-1198 b,1.31727
Kepler-1198 b,1.31727
Kepler-1198 b,1.31727
Kepler-1198 b,1.31727
Kepler-1198 b,1.31727
Kepler-1198 b,1.31727
Kepler-1198 b,1.31727
Kepler-1198 b,1.31727
Kepler-12 b,1.1057
Kepler-12 b,1.1057
Kepler-12 b,1.1057
Kepler-12 b,1.1057
Kepler-12 b,1.1057
Kepler-12 b,1.1057
Kepler-12 b,1.1057
Kepler-12 b,1.1057
Kepler-12 b,1.1057
Kepler-12 b,1.1057
Kepler-12 b,1.1057
Kepler-12 b,1.1057
Kepler-12 b,1.1057
Kepler-12 b,1.1057
Kepler-12 b,1.1057
Kepler-12 b,1.1057
Kepler-12 b,1.1057
Kepler-12 b,1.1057
Kepler-120 b,2.54441
Kepler-120 b,2.54441
Kepler-120 b,2.54441
Kepler-120 b,2.54441
Kepler-120 b,2.54441
Kepler-120 b,2.54441
Kepler-120 b,2.54441
Kepler-120 b,2.54441
Kepler-120 b,2.54441
Kepler-120 b,2.54441
Kepler-120 b,2.54441
Kepler-120 b,2.54441
Kepler-120 b,2.54441
Kepler-120 c,2.54441
Kepler-120 c,2.54441
Kepler-120 c,2.54441
Kepler-120 c,2.54441
Kepler-120 c,2.54441
Kepler-120 c,2.54441
Kepler-120 c,2.54441
Kepler-120 c,2.54441
Kepler-120 c,2.54441
Kepler-120 c,2.54441
Kepler-120 c,2.54441
Kepler-120 c,2.54441
Kepler-120 c,2.54441
Kepler-1200 b,1.67082
Kepler-1200 b,1.67082
Kepler-1200 b,1.67082
Kepler-1200 b,1.67082
Kepler-1200 b,1.67082
Kepler-1200 b,1.67082
Kepler-1200 b,1.67082
Kepler-1200 b,1.67082
Kepler-1200 b,1.67082
Kepler-1201 b,1.03091
Kepler-1201 b,1.03091
Kepler-1201 b,1.03091
Kepler-1201 b,1.03091
Kepler-1201 b,1.03091
Kepler-1201 b,1.03091
Kepler-1201 b,1.03091
Kepler-1201 b,1.03091
Kepler-1201 b,1.03091
Kepler-1201 b,1.03091
Kepler-1202 b,0.822781
Kepler-1202 b,0.822781
Kepler-1202 b,0.822781
Kepler-1202 b,0.822781
Kepler-1202 b,0.822781
Kepler-1202 b,0.822781
Kepler-1202 b,0.822781
Kepler-1202 b,0.822781
Kepler-1202 b,0.822781
Kepler-1202 b,0.822781
Kepler-1203 b,3.1258
Kepler-1203 b,3.1258
Kepler-1203 b,3.1258
Kepler-1203 b,3.1258
Kepler-1203 b,3.1258
Kepler-1203 b,3.1258
Kepler-1203 b,3.1258
Kepler-1203 b,3.1258
Kepler-1203 b,3.1258
Kepler-1204 b,0.822404
Kepler-1204 b,0.822404
Kepler-1204 b,0.822404
Kepler-1204 b,0.822404
Kepler-1204 b,0.822404
Kepler-1204 b,0.822404
Kepler-1204 b,0.822404
Kepler-1204 b,0.822404
Kepler-1204 b,0.822404
Kepler-1204 b,0.822404
Kepler-1205 b,1.40312
Kepler-1205 b,1.40312
Kepler-1205 b,1.40312
Kepler-1205 b,1.40312
Kepler-1205 b,1.40312
Kepler-1205 b,1.40312
Kepler-1205 b,1.40312
Kepler-1205 b,1.40312
Kepler-1205 b,1.40312
Kepler-1206 b,1.28463
Kepler-1206 b,1.28463
Kepler-1206 b,1.28463
Kepler-1206 b,1.28463
Kepler-1206 b,1.28463
Kepler-1206 b,1.28463
Kepler-1206 b,1.28463
Kepler-1206 b,1.28463
Kepler-1206 b,1.28463
Kepler-1207 b,0.54123
Kepler-1207 b,0.54123
Kepler-1207 b,0.54123
Kepler-1207 b,0.54123
Kepler-1207 b,0.54123
Kepler-1207 b,0.54123
Kepler-1207 b,0.54123
Kepler-1207 b,0.54123
Kepler-1207 b,0.54123
Kepler-1208 b,1.18475
Kepler-1208 b,1.18475
Kepler-1208 b,1.18475
Kepler-1208 b,1.18475
Kepler-1208 b,1.18475
Kepler-1208 b,1.18475
Kepler-1208 b,1.18475
Kepler-1208 b,1.18475
Kepler-1208 b,1.18475
Kepler-1209 b,1.94973
Kepler-1209 b,1.94973
Kepler-1209 b,1.94973
Kepler-1209 b,1.94973
Kepler-1209 b,1.94973
Kepler-1209 b,1.94973
Kepler-1209 b,1.94973
Kepler-1209 b,1.94973
Kepler-1209 b,1.94973
Kepler-1209 b,1.94973
Kepler-1209 b,1.94973
Kepler-121 b,1.93016
Kepler-121 b,1.93016
Kepler-121 b,1.93016
Kepler-121 b,1.93016
Kepler-121 b,1.93016
Kepler-121 b,1.93016
Kepler-121 b,1.93016
Kepler-121 b,1.93016
Kepler-121 b,1.93016
Kepler-121 b,1.93016
Kepler-121 b,1.93016
Kepler-121 c,1.93016
Kepler-121 c,1.93016
Kepler-121 c,1.93016
Kepler-121 c,1.93016
Kepler-121 c,1.93016
Kepler-121 c,1.93016
Kepler-121 c,1.93016
Kepler-121 c,1.93016
Kepler-121 c,1.93016
Kepler-121 c,1.93016
Kepler-121 c,1.93016
Kepler-1210 b,0.821945
Kepler-1210 b,0.821945
Kepler-1210 b,0.821945
Kepler-1210 b,0.821945
Kepler-1210 b,0.821945
Kepler-1210 b,0.821945
Kepler-1210 b,0.821945
Kepler-1210 b,0.821945
Kepler-1210 b,0.821945
Kepler-1211 b,0.518186
Kepler-1211 b,0.518186
Kepler-1211 b,0.518186
Kepler-1211 b,0.518186
Kepler-1211 b,0.518186
Kepler-1211 b,0.518186
Kepler-1211 b,0.518186
Kepler-1211 b,0.518186
Kepler-1211 b,0.518186
Kepler-1211 b,0.518186
Kepler-1211 b,0.518186
Kepler-1212 b,0.731062
Kepler-1212 b,0.731062
Kepler-1212 b,0.731062
Kepler-1212 b,0.731062
Kepler-1212 b,0.731062
Kepler-1212 b,0.731062
Kepler-1212 b,0.731062
Kepler-1212 b,0.731062
Kepler-1212 b,0.731062
Kepler-1212 b,0.731062
Kepler-1213 b,1.20905
Kepler-1213 b,1.20905
Kepler-1213 b,1.20905
Kepler-1213 b,1.20905
Kepler-1213 b,1.20905
Kepler-1213 b,1.20905
Kepler-1213 b,1.20905
Kepler-1213 b,1.20905
Kepler-1213 b,1.20905
Kepler-1214 b,1.34295
Kepler-1214 b,1.34295
Kepler-1214 b,1.34295
Kepler-1214 b,1.34295
Kepler-1214 b,1.34295
Kepler-1214 b,1.34295
Kepler-1214 b,1.34295
Kepler-1214 b,1.34295
Kepler-1214 b,1.34295
Kepler-1215 b,1.48405
Kepler-1215 b,1.48405
Kepler-1215 b,1.48405
Kepler-1215 b,1.48405
Kepler-1215 b,1.48405
Kepler-1215 b,1.48405
Kepler-1215 b,1.48405
Kepler-1215 b,1.48405
Kepler-1215 b,1.48405
Kepler-1216 b,0.766115
Kepler-1216 b,0.766115
Kepler-1216 b,0.766115
Kepler-1216 b,0.766115
Kepler-1216 b,0.766115
Kepler-1216 b,0.766115
Kepler-1216 b,0.766115
Kepler-1216 b,0.766115
Kepler-1216 b,0.766115
Kepler-1217 b,0.713438
Kepler-1217 b,0.713438
Kepler-1217 b,0.713438
Kepler-1217 b,0.713438
Kepler-1217 b,0.713438
Kepler-1217 b,0.713438
Kepler-1217 b,0.713438
Kepler-1217 b,0.713438
Kepler-1217 b,0.713438
Kepler-1218 b,1.16109
Kepler-1218 b,1.16109
Kepler-1218 b,1.16109
Kepler-1218 b,1.16109
Kepler-1218 b,1.16109
Kepler-1218 b,1.16109
Kepler-1218 b,1.16109
Kepler-1218 b,1.16109
Kepler-1218 b,1.16109
Kepler-1218 b,1.16109
Kepler-1218 b,1.16109
Kepler-1219 b,1.10685
Kepler-1219 b,1.10685
Kepler-1219 b,1.10685
Kepler-1219 b,1.10685
Kepler-1219 b,1.10685
Kepler-1219 b,1.10685
Kepler-1219 b,1.10685
Kepler-1219 b,1.10685
Kepler-1219 b,1.10685
Kepler-1219 b,1.10685
Kepler-1219 b,1.10685
Kepler-122 b,0.944664
Kepler-122 b,0.944664
Kepler-122 b,0.944664
Kepler-122 b,0.944664
Kepler-122 b,0.944664
Kepler-122 b,0.944664
Kepler-122 b,0.944664
Kepler-122 b,0.944664
Kepler-122 b,0.944664
Kepler-122 b,0.944664
Kepler-122 b,0.944664
Kepler-122 b,0.944664
Kepler-122 c,0.944664
Kepler-122 c,0.944664
Kepler-122 c,0.944664
Kepler-122 c,0.944664
Kepler-122 c,0.944664
Kepler-122 c,0.944664
Kepler-122 c,0.944664
Kepler-122 c,0.944664
Kepler-122 c,0.944664
Kepler-122 c,0.944664
Kepler-122 c,0.944664
Kepler-122 c,0.944664
Kepler-122 d,0.944664
Kepler-122 d,0.944664
Kepler-122 d,0.944664
Kepler-122 d,0.944664
Kepler-122 d,0.944664
Kepler-122 d,0.944664
Kepler-122 d,0.944664
Kepler-122 d,0.944664
Kepler-122 d,0.944664
Kepler-122 d,0.944664
Kepler-122 d,0.944664
Kepler-122 d,0.944664
Kepler-122 e,0.944664
Kepler-122 e,0.944664
Kepler-122 e,0.944664
Kepler-122 e,0.944664
Kepler-122 e,0.944664
Kepler-122 e,0.944664
Kepler-122 e,0.944664
Kepler-122 e,0.944664
Kepler-122 e,0.944664
Kepler-122 e,0.944664
Kepler-122 e,0.944664
Kepler-122 e,0.944664
Kepler-122 e,0.944664
Kepler-122 f,0.944664
Kepler-122 f,0.944664
Kepler-122 f,0.944664
Kepler-122 f,0.944664
Kepler-122 f,0.944664
Kepler-122 f,0.944664
Kepler-122 f,0.944664
Kepler-122 f,0.944664
Kepler-122 f,0.944664
Kepler-122 f,0.944664
Kepler-122 f,0.944664
Kepler-1220 b,1.01233
Kepler-1220 b,1.01233
Kepler-1220 b,1.01233
Kepler-1220 b,1.01233
Kepler-1220 b,1.01233
Kepler-1220 b,1.01233
Kepler-1220 b,1.01233
Kepler-1220 b,1.01233
Kepler-1220 b,1.01233
Kepler-1222 b,2.3796
Kepler-1222 b,2.3796
Kepler-1222 b,2.3796
Kepler-1222 b,2.3796
Kepler-1222 b,2.3796
Kepler-1222 b,2.3796
Kepler-1222 b,2.3796
Kepler-1222 b,2.3796
Kepler-1222 b,2.3796
Kepler-1222 b,2.3796
Kepler-1223 b,2.14535
Kepler-1223 b,2.14535
Kepler-1223 b,2.14535
Kepler-1223 b,2.14535
Kepler-1223 b,2.14535
Kepler-1223 b,2.14535
Kepler-1223 b,2.14535
Kepler-1223 b,2.14535
Kepler-1223 b,2.14535
Kepler-1223 b,2.14535
Kepler-1224 b,1.75853
Kepler-1224 b,1.75853
Kepler-1224 b,1.75853
Kepler-1224 b,1.75853
Kepler-1224 b,1.75853
Kepler-1224 b,1.75853
Kepler-1224 b,1.75853
Kepler-1224 b,1.75853
Kepler-1224 b,1.75853
Kepler-1224 b,1.75853
Kepler-1224 b,1.75853
Kepler-1225 b,0.713579
Kepler-1225 b,0.713579
Kepler-1225 b,0.713579
Kepler-1225 b,0.713579
Kepler-1225 b,0.713579
Kepler-1225 b,0.713579
Kepler-1225 b,0.713579
Kepler-1225 b,0.713579
Kepler-1225 b,0.713579
Kepler-1226 b,0.860293
Kepler-1226 b,0.860293
Kepler-1226 b,0.860293
Kepler-1226 b,0.860293
Kepler-1226 b,0.860293
Kepler-1226 b,0.860293
Kepler-1226 b,0.860293
Kepler-1226 b,0.860293
Kepler-1226 b,0.860293
Kepler-1226 b,0.860293
Kepler-1226 b,0.860293
Kepler-1227 b,1.57451
Kepler-1227 b,1.57451
Kepler-1227 b,1.57451
Kepler-1227 b,1.57451
Kepler-1227 b,1.57451
Kepler-1227 b,1.57451
Kepler-1227 b,1.57451
Kepler-1227 b,1.57451
Kepler-1227 b,1.57451
Kepler-1227 b,1.57451
Kepler-1228 b,1.91138
Kepler-1228 b,1.91138
Kepler-1228 b,1.91138
Kepler-1228 b,1.91138
Kepler-1228 b,1.91138
Kepler-1228 b,1.91138
Kepler-1228 b,1.91138
Kepler-1228 b,1.91138
Kepler-1228 b,1.91138
Kepler-1228 b,1.91138
Kepler-1229 b,3.73881
Kepler-1229 b,3.73881
Kepler-1229 b,3.73881
Kepler-1229 b,3.73881
Kepler-1229 b,3.73881
Kepler-1229 b,3.73881
Kepler-1229 b,3.73881
Kepler-1229 b,3.73881
Kepler-1229 b,3.73881
Kepler-1229 b,3.73881
Kepler-1229 b,3.73881
Kepler-123 b,0.950448
Kepler-123 b,0.950448
Kepler-123 b,0.950448
Kepler-123 b,0.950448
Kepler-123 b,0.950448
Kepler-123 b,0.950448
Kepler-123 b,0.950448
Kepler-123 b,0.950448
Kepler-123 b,0.950448
Kepler-123 b,0.950448
Kepler-123 b,0.950448
Kepler-123 b,0.950448
Kepler-123 b,0.950448
Kepler-123 c,0.950448
Kepler-123 c,0.950448
Kepler-123 c,0.950448
Kepler-123 c,0.950448
Kepler-123 c,0.950448
Kepler-123 c,0.950448
Kepler-123 c,0.950448
Kepler-123 c,0.950448
Kepler-123 c,0.950448
Kepler-123 c,0.950448
Kepler-123 c,0.950448
Kepler-123 c,0.950448
Kepler-123 c,0.950448
Kepler-1230 b,0.704679
Kepler-1230 b,0.704679
Kepler-1230 b,0.704679
Kepler-1230 b,0.704679
Kepler-1230 b,0.704679
Kepler-1230 b,0.704679
Kepler-1230 b,0.704679
Kepler-1230 b,0.704679
Kepler-1230 b,0.704679
Kepler-1230 b,0.704679
Kepler-1231 b,0.984289
Kepler-1231 b,0.984289
Kepler-1231 b,0.984289
Kepler-1231 b,0.984289
Kepler-1231 b,0.984289
Kepler-1231 b,0.984289
Kepler-1231 b,0.984289
Kepler-1231 b,0.984289
Kepler-1231 b,0.984289
Kepler-1232 b,1.55144
Kepler-1232 b,1.55144
Kepler-1232 b,1.55144
Kepler-1232 b,1.55144
Kepler-1232 b,1.55144
Kepler-1232 b,1.55144
Kepler-1232 b,1.55144
Kepler-1232 b,1.55144
Kepler-1232 b,1.55144
Kepler-1232 b,1.55144
Kepler-1232 b,1.55144
Kepler-1233 b,0.820419
Kepler-1233 b,0.820419
Kepler-1233 b,0.820419
Kepler-1233 b,0.820419
Kepler-1233 b,0.820419
Kepler-1233 b,0.820419
Kepler-1233 b,0.820419
Kepler-1233 b,0.820419
Kepler-1233 b,0.820419
Kepler-1233 b,0.820419
Kepler-1234 b,1.06285
Kepler-1234 b,1.06285
Kepler-1234 b,1.06285
Kepler-1234 b,1.06285
Kepler-1234 b,1.06285
Kepler-1234 b,1.06285
Kepler-1234 b,1.06285
Kepler-1234 b,1.06285
Kepler-1234 b,1.06285
Kepler-1235 b,1.82094
Kepler-1235 b,1.82094
Kepler-1235 b,1.82094
Kepler-1235 b,1.82094
Kepler-1235 b,1.82094
Kepler-1235 b,1.82094
Kepler-1235 b,1.82094
Kepler-1235 b,1.82094
Kepler-1235 b,1.82094
Kepler-1235 b,1.82094
Kepler-1236 b,0.973229
Kepler-1236 b,0.973229
Kepler-1236 b,0.973229
Kepler-1236 b,0.973229
Kepler-1236 b,0.973229
Kepler-1236 b,0.973229
Kepler-1236 b,0.973229
Kepler-1236 b,0.973229
Kepler-1236 b,0.973229
Kepler-1236 b,0.973229
Kepler-1237 b,0.912359
Kepler-1237 b,0.912359
Kepler-1237 b,0.912359
Kepler-1237 b,0.912359
Kepler-1237 b,0.912359
Kepler-1237 b,0.912359
Kepler-1237 b,0.912359
Kepler-1237 b,0.912359
Kepler-1237 b,0.912359
Kepler-1237 b,0.912359
Kepler-1238 b,0.585003
Kepler-1238 b,0.585003
Kepler-1238 b,0.585003
Kepler-1238 b,0.585003
Kepler-1238 b,0.585003
Kepler-1238 b,0.585003
Kepler-1238 b,0.585003
Kepler-1238 b,0.585003
Kepler-1239 b,0.438967
Kepler-1239 b,0.438967
Kepler-1239 b,0.438967
Kepler-1239 b,0.438967
Kepler-1239 b,0.438967
Kepler-1239 b,0.438967
Kepler-1239 b,0.438967
Kepler-1239 b,0.438967
Kepler-124 b,2.35187
Kepler-124 b,2.35187
Kepler-124 b,2.35187
Kepler-124 b,2.35187
Kepler-124 b,2.35187
Kepler-124 b,2.35187
Kepler-124 b,2.35187
Kepler-124 b,2.35187
Kepler-124 b,2.35187
Kepler-124 b,2.35187
Kepler-124 c,2.35187
Kepler-124 c,2.35187
Kepler-124 c,2.35187
Kepler-124 c,2.35187
Kepler-124 c,2.35187
Kepler-124 c,2.35187
Kepler-124 c,2.35187
Kepler-124 c,2.35187
Kepler-124 c,2.35187
Kepler-124 c,2.35187
Kepler-124 c,2.35187
Kepler-124 c,2.35187
Kepler-124 d,2.35187
Kepler-124 d,2.35187
Kepler-124 d,2.35187
Kepler-124 d,2.35187
Kepler-124 d,2.35187
Kepler-124 d,2.35187
Kepler-124 d,2.35187
Kepler-124 d,2.35187
Kepler-124 d,2.35187
Kepler-124 d,2.35187
Kepler-124 d,2.35187
Kepler-124 d,2.35187
Kepler-1240 b,1.13114
Kepler-1240 b,1.13114
Kepler-1240 b,1.13114
Kepler-1240 b,1.13114
Kepler-1240 b,1.13114
Kepler-1240 b,1.13114
Kepler-1240 b,1.13114
Kepler-1240 b,1.13114
Kepler-1240 b,1.13114
Kepler-1240 b,1.13114
Kepler-1241 b,1.00482
Kepler-1241 b,1.00482
Kepler-1241 b,1.00482
Kepler-1241 b,1.00482
Kepler-1241 b,1.00482
Kepler-1241 b,1.00482
Kepler-1241 b,1.00482
Kepler-1241 b,1.00482
Kepler-1241 b,1.00482
Kepler-1241 b,1.00482
Kepler-1242 b,1.42599
Kepler-1242 b,1.42599
Kepler-1242 b,1.42599
Kepler-1242 b,1.42599
Kepler-1242 b,1.42599
Kepler-1242 b,1.42599
Kepler-1242 b,1.42599
Kepler-1242 b,1.42599
Kepler-1242 b,1.42599
Kepler-1242 b,1.42599
Kepler-1243 b,1.29057
Kepler-1243 b,1.29057
Kepler-1243 b,1.29057
Kepler-1243 b,1.29057
Kepler-1243 b,1.29057
Kepler-1243 b,1.29057
Kepler-1243 b,1.29057
Kepler-1243 b,1.29057
Kepler-1243 b,1.29057
Kepler-1243 b,1.29057
Kepler-1244 b,0.900907
Kepler-1244 b,0.900907
Kepler-1244 b,0.900907
Kepler-1244 b,0.900907
Kepler-1244 b,0.900907
Kepler-1244 b,0.900907
Kepler-1244 b,0.900907
Kepler-1244 b,0.900907
Kepler-1244 b,0.900907
Kepler-1245 b,1.21237
Kepler-1245 b,1.21237
Kepler-1245 b,1.21237
Kepler-1245 b,1.21237
Kepler-1245 b,1.21237
Kepler-1245 b,1.21237
Kepler-1245 b,1.21237
Kepler-1245 b,1.21237
Kepler-1245 b,1.21237
Kepler-1245 c,1.21237
Kepler-1245 c,1.21237
Kepler-1245 c,1.21237
Kepler-1245 c,1.21237
Kepler-1245 c,1.21237
Kepler-1245 c,1.21237
Kepler-1245 c,1.21237
Kepler-1245 c,1.21237
Kepler-1246 b,2.26281
Kepler-1246 b,2.26281
Kepler-1246 b,2.26281
Kepler-1246 b,2.26281
Kepler-1246 b,2.26281
Kepler-1246 b,2.26281
Kepler-1246 b,2.26281
Kepler-1246 b,2.26281
Kepler-1246 b,2.26281
Kepler-1247 b,0.92864
Kepler-1247 b,0.92864
Kepler-1247 b,0.92864
Kepler-1247 b,0.92864
Kepler-1247 b,0.92864
Kepler-1247 b,0.92864
Kepler-1247 b,0.92864
Kepler-1247 b,0.92864
Kepler-1247 b,0.92864
Kepler-1247 b,0.92864
Kepler-1249 b,0.497523
Kepler-1249 b,0.497523
Kepler-1249 b,0.497523
Kepler-1249 b,0.497523
Kepler-1249 b,0.497523
Kepler-1249 b,0.497523
Kepler-1249 b,0.497523
Kepler-1249 b,0.497523
Kepler-1249 b,0.497523
Kepler-1249 b,0.497523
Kepler-125 b,5.4249
Kepler-125 b,5.4249
Kepler-125 b,5.4249
Kepler-125 b,5.4249
Kepler-125 b,5.4249
Kepler-125 b,5.4249
Kepler-125 b,5.4249
Kepler-125 b,5.4249
Kepler-125 b,5.4249
Kepler-125 b,5.4249
Kepler-125 b,5.4249
Kepler-125 b,5.4249
Kepler-125 b,5.4249
Kepler-125 b,5.4249
Kepler-125 b,5.4249
Kepler-125 b,5.4249
Kepler-125 c,5.4249
Kepler-125 c,5.4249
Kepler-125 c,5.4249
Kepler-125 c,5.4249
Kepler-125 c,5.4249
Kepler-125 c,5.4249
Kepler-125 c,5.4249
Kepler-125 c,5.4249
Kepler-125 c,5.4249
Kepler-125 c,5.4249
Kepler-125 c,5.4249
Kepler-125 c,5.4249
Kepler-125 c,5.4249
Kepler-125 c,5.4249
Kepler-1250 b,0.440291
Kepler-1250 b,0.440291
Kepler-1250 b,0.440291
Kepler-1250 b,0.440291
Kepler-1250 b,0.440291
Kepler-1250 b,0.440291
Kepler-1250 b,0.440291
Kepler-1250 b,0.440291
Kepler-1250 b,0.440291
Kepler-1251 b,1.08
Kepler-1251 b,1.08
Kepler-1251 b,1.08
Kepler-1251 b,1.08
Kepler-1251 b,1.08
Kepler-1251 b,1.08
Kepler-1251 b,1.08
Kepler-1251 b,1.08
Kepler-1251 b,1.08
Kepler-1251 b,1.08
Kepler-1252 b,1.51226
Kepler-1252 b,1.51226
Kepler-1252 b,1.51226
Kepler-1252 b,1.51226
Kepler-1252 b,1.51226
Kepler-1252 b,1.51226
Kepler-1252 b,1.51226
Kepler-1252 b,1.51226
Kepler-1252 b,1.51226
Kepler-1253 b,1.91487
Kepler-1253 b,1.91487
Kepler-1253 b,1.91487
Kepler-1253 b,1.91487
Kepler-1253 b,1.91487
Kepler-1253 b,1.91487
Kepler-1253 b,1.91487
Kepler-1253 b,1.91487
Kepler-1253 b,1.91487
Kepler-1253 b,1.91487
Kepler-1253 b,1.91487
Kepler-1254 b,1.577
Kepler-1254 b,1.577
Kepler-1254 b,1.577
Kepler-1254 b,1.577
Kepler-1254 b,1.577
Kepler-1254 b,1.577
Kepler-1254 b,1.577
Kepler-1254 b,1.577
Kepler-1254 b,1.577
Kepler-1254 c,1.577
Kepler-1254 c,1.577
Kepler-1254 c,1.577
Kepler-1254 c,1.577
Kepler-1254 c,1.577
Kepler-1254 c,1.577
Kepler-1254 c,1.577
Kepler-1254 c,1.577
Kepler-1254 d,1.577
Kepler-1254 d,1.577
Kepler-1254 d,1.577
Kepler-1254 d,1.577
Kepler-1254 d,1.577
Kepler-1254 d,1.577
Kepler-1254 d,1.577
Kepler-1254 d,1.577
Kepler-1255 b,0.590994
Kepler-1255 b,0.590994
Kepler-1255 b,0.590994
Kepler-1255 b,0.590994
Kepler-1255 b,0.590994
Kepler-1255 b,0.590994
Kepler-1255 b,0.590994
Kepler-1255 b,0.590994
Kepler-1255 b,0.590994
Kepler-1255 b,0.590994
Kepler-1256 b,1.09336
Kepler-1256 b,1.09336
Kepler-1256 b,1.09336
Kepler-1256 b,1.09336
Kepler-1256 b,1.09336
Kepler-1256 b,1.09336
Kepler-1256 b,1.09336
Kepler-1256 b,1.09336
Kepler-1256 b,1.09336
Kepler-1256 b,1.09336
Kepler-1257 b,0.876807
Kepler-1257 b,0.876807
Kepler-1257 b,0.876807
Kepler-1257 b,0.876807
Kepler-1257 b,0.876807
Kepler-1257 b,0.876807
Kepler-1257 b,0.876807
Kepler-1257 b,0.876807
Kepler-1257 b,0.876807
Kepler-1258 b,1.36485
Kepler-1258 b,1.36485
Kepler-1258 b,1.36485
Kepler-1258 b,1.36485
Kepler-1258 b,1.36485
Kepler-1258 b,1.36485
Kepler-1258 b,1.36485
Kepler-1258 b,1.36485
Kepler-1258 b,1.36485
Kepler-1258 b,1.36485
Kepler-1259 b,1.2131
Kepler-1259 b,1.2131
Kepler-1259 b,1.2131
Kepler-1259 b,1.2131
Kepler-1259 b,1.2131
Kepler-1259 b,1.2131
Kepler-1259 b,1.2131
Kepler-1259 b,1.2131
Kepler-1259 b,1.2131
Kepler-126 b,4.18363
Kepler-126 b,4.18363
Kepler-126 b,4.18363
Kepler-126 b,4.18363
Kepler-126 b,4.18363
Kepler-126 b,4.18363
Kepler-126 b,4.18363
Kepler-126 b,4.18363
Kepler-126 b,4.18363
Kepler-126 b,4.18363
Kepler-126 b,4.18363
Kepler-126 b,4.18363
Kepler-126 b,4.18363
Kepler-126 b,4.18363
Kepler-126 c,4.18363
Kepler-126 c,4.18363
Kepler-126 c,4.18363
Kepler-126 c,4.18363
Kepler-126 c,4.18363
Kepler-126 c,4.18363
Kepler-126 c,4.18363
Kepler-126 c,4.18363
Kepler-126 c,4.18363
Kepler-126 c,4.18363
Kepler-126 c,4.18363
Kepler-126 c,4.18363
Kepler-126 c,4.18363
Kepler-126 c,4.18363
Kepler-126 d,4.18363
Kepler-126 d,4.18363
Kepler-126 d,4.18363
Kepler-126 d,4.18363
Kepler-126 d,4.18363
Kepler-126 d,4.18363
Kepler-126 d,4.18363
Kepler-126 d,4.18363
Kepler-126 d,4.18363
Kepler-126 d,4.18363
Kepler-126 d,4.18363
Kepler-126 d,4.18363
Kepler-126 d,4.18363
Kepler-126 d,4.18363
Kepler-1260 b,0.548413
Kepler-1260 b,0.548413
Kepler-1260 b,0.548413
Kepler-1260 b,0.548413
Kepler-1260 b,0.548413
Kepler-1260 b,0.548413
Kepler-1260 b,0.548413
Kepler-1260 b,0.548413
Kepler-1260 b,0.548413
Kepler-1260 b,0.548413
Kepler-1261 b,1.31506
Kepler-1261 b,1.31506
Kepler-1261 b,1.31506
Kepler-1261 b,1.31506
Kepler-1261 b,1.31506
Kepler-1261 b,1.31506
Kepler-1261 b,1.31506
Kepler-1261 b,1.31506
Kepler-1261 b,1.31506
Kepler-1261 b,1.31506
Kepler-1262 b,0.919613
Kepler-1262 b,0.919613
Kepler-1262 b,0.919613
Kepler-1262 b,0.919613
Kepler-1262 b,0.919613
Kepler-1262 b,0.919613
Kepler-1262 b,0.919613
Kepler-1262 b,0.919613
Kepler-1262 b,0.919613
Kepler-1263 b,1.47547
Kepler-1263 b,1.47547
Kepler-1263 b,1.47547
Kepler-1263 b,1.47547
Kepler-1263 b,1.47547
Kepler-1263 b,1.47547
Kepler-1263 b,1.47547
Kepler-1263 b,1.47547
Kepler-1263 b,1.47547
Kepler-1264 b,1.21925
Kepler-1264 b,1.21925
Kepler-1264 b,1.21925
Kepler-1264 b,1.21925
Kepler-1264 b,1.21925
Kepler-1264 b,1.21925
Kepler-1264 b,1.21925
Kepler-1264 b,1.21925
Kepler-1264 b,1.21925
Kepler-1265 b,1.68501
Kepler-1265 b,1.68501
Kepler-1265 b,1.68501
Kepler-1265 b,1.68501
Kepler-1265 b,1.68501
Kepler-1265 b,1.68501
Kepler-1265 b,1.68501
Kepler-1265 b,1.68501
Kepler-1265 b,1.68501
Kepler-1266 b,1.14948
Kepler-1266 b,1.14948
Kepler-1266 b,1.14948
Kepler-1266 b,1.14948
Kepler-1266 b,1.14948
Kepler-1266 b,1.14948
Kepler-1266 b,1.14948
Kepler-1266 b,1.14948
Kepler-1266 b,1.14948
Kepler-1266 b,1.14948
Kepler-1266 b,1.14948
Kepler-1266 c,1.14948
Kepler-1266 c,1.14948
Kepler-1266 c,1.14948
Kepler-1266 c,1.14948
Kepler-1266 c,1.14948
Kepler-1266 c,1.14948
Kepler-1266 c,1.14948
Kepler-1266 c,1.14948
Kepler-1267 b,0.697575
Kepler-1267 b,0.697575
Kepler-1267 b,0.697575
Kepler-1267 b,0.697575
Kepler-1267 b,0.697575
Kepler-1267 b,0.697575
Kepler-1267 b,0.697575
Kepler-1267 b,0.697575
Kepler-1267 b,0.697575
Kepler-1267 b,0.697575
Kepler-1268 b,0.514107
Kepler-1268 b,0.514107
Kepler-1268 b,0.514107
Kepler-1268 b,0.514107
Kepler-1268 b,0.514107
Kepler-1268 b,0.514107
Kepler-1268 b,0.514107
Kepler-1268 b,0.514107
Kepler-1268 b,0.514107
Kepler-1268 b,0.514107
Kepler-1269 b,0.882619
Kepler-1269 b,0.882619
Kepler-1269 b,0.882619
Kepler-1269 b,0.882619
Kepler-1269 b,0.882619
Kepler-1269 b,0.882619
Kepler-1269 b,0.882619
Kepler-1269 b,0.882619
Kepler-1269 b,0.882619
Kepler-1269 b,0.882619
Kepler-1269 b,0.882619
Kepler-127 b,2.80577
Kepler-127 b,2.80577
Kepler-127 b,2.80577
Kepler-127 b,2.80577
Kepler-127 b,2.80577
Kepler-127 b,2.80577
Kepler-127 b,2.80577
Kepler-127 b,2.80577
Kepler-127 b,2.80577
Kepler-127 b,2.80577
Kepler-127 b,2.80577
Kepler-127 b,2.80577
Kepler-127 b,2.80577
Kepler-127 c,2.80577
Kepler-127 c,2.80577
Kepler-127 c,2.80577
Kepler-127 c,2.80577
Kepler-127 c,2.80577
Kepler-127 c,2.80577
Kepler-127 c,2.80577
Kepler-127 c,2.80577
Kepler-127 c,2.80577
Kepler-127 c,2.80577
Kepler-127 c,2.80577
Kepler-127 c,2.80577
Kepler-127 c,2.80577
Kepler-127 d,2.80577
Kepler-127 d,2.80577
Kepler-127 d,2.80577
Kepler-127 d,2.80577
Kepler-127 d,2.80577
Kepler-127 d,2.80577
Kepler-127 d,2.80577
Kepler-127 d,2.80577
Kepler-127 d,2.80577
Kepler-127 d,2.80577
Kepler-127 d,2.80577
Kepler-127 d,2.80577
Kepler-127 d,2.80577
Kepler-1270 b,0.884313
Kepler-1270 b,0.884313
Kepler-1270 b,0.884313
Kepler-1270 b,0.884313
Kepler-1270 b,0.884313
Kepler-1270 b,0.884313
Kepler-1270 b,0.884313
Kepler-1270 b,0.884313
Kepler-1270 b,0.884313
Kepler-1270 b,0.884313
Kepler-1270 b,0.884313
Kepler-1271 b,1.17358
Kepler-1271 b,1.17358
Kepler-1271 b,1.17358
Kepler-1271 b,1.17358
Kepler-1271 b,1.17358
Kepler-1271 b,1.17358
Kepler-1271 b,1.17358
Kepler-1271 b,1.17358
Kepler-1271 b,1.17358
Kepler-1271 b,1.17358
Kepler-1272 b,0.800307
Kepler-1272 b,0.800307
Kepler-1272 b,0.800307
Kepler-1272 b,0.800307
Kepler-1272 b,0.800307
Kepler-1272 b,0.800307
Kepler-1272 b,0.800307
Kepler-1272 b,0.800307
Kepler-1272 b,0.800307
Kepler-1272 b,0.800307
Kepler-1273 b,0.869576
Kepler-1273 b,0.869576
Kepler-1273 b,0.869576
Kepler-1273 b,0.869576
Kepler-1273 b,0.869576
Kepler-1273 b,0.869576
Kepler-1273 b,0.869576
Kepler-1273 b,0.869576
Kepler-1273 b,0.869576
Kepler-1273 b,0.869576
Kepler-1274 b,1.59861
Kepler-1274 b,1.59861
Kepler-1274 b,1.59861
Kepler-1274 b,1.59861
Kepler-1274 b,1.59861
Kepler-1274 b,1.59861
Kepler-1274 b,1.59861
Kepler-1274 b,1.59861
Kepler-1274 b,1.59861
Kepler-1274 b,1.59861
Kepler-1275 b,0.838045
Kepler-1275 b,0.838045
Kepler-1275 b,0.838045
Kepler-1275 b,0.838045
Kepler-1275 b,0.838045
Kepler-1275 b,0.838045
Kepler-1275 b,0.838045
Kepler-1275 b,0.838045
Kepler-1275 b,0.838045
Kepler-1276 b,1.8285
Kepler-1276 b,1.8285
Kepler-1276 b,1.8285
Kepler-1276 b,1.8285
Kepler-1276 b,1.8285
Kepler-1276 b,1.8285
Kepler-1276 b,1.8285
Kepler-1276 b,1.8285
Kepler-1276 b,1.8285
Kepler-1276 b,1.8285
Kepler-1276 b,1.8285
Kepler-1277 b,1.76603
Kepler-1277 b,1.76603
Kepler-1277 b,1.76603
Kepler-1277 b,1.76603
Kepler-1277 b,1.76603
Kepler-1277 b,1.76603
Kepler-1277 b,1.76603
Kepler-1277 b,1.76603
Kepler-1277 b,1.76603
Kepler-1277 b,1.76603
Kepler-1277 b,1.76603
Kepler-1278 b,1.09568
Kepler-1278 b,1.09568
Kepler-1278 b,1.09568
Kepler-1278 b,1.09568
Kepler-1278 b,1.09568
Kepler-1278 b,1.09568
Kepler-1278 b,1.09568
Kepler-1278 b,1.09568
Kepler-1278 b,1.09568
Kepler-1278 b,1.09568
Kepler-1279 b,0.640381
Kepler-1279 b,0.640381
Kepler-1279 b,0.640381
Kepler-1279 b,0.640381
Kepler-1279 b,0.640381
Kepler-1279 b,0.640381
Kepler-1279 b,0.640381
Kepler-1279 b,0.640381
Kepler-1279 b,0.640381
Kepler-1279 b,0.640381
Kepler-1279 b,0.640381
Kepler-128 b,2.49421
Kepler-128 b,2.49421
Kepler-128 b,2.49421
Kepler-128 b,2.49421
Kepler-128 b,2.49421
Kepler-128 b,2.49421
Kepler-128 b,2.49421
Kepler-128 b,2.49421
Kepler-128 b,2.49421
Kepler-128 b,2.49421
Kepler-128 b,2.49421
Kepler-128 b,2.49421
Kepler-128 b,2.49421
Kepler-128 b,2.49421
Kepler-128 b,2.49421
Kepler-128 b,2.49421
Kepler-128 b,2.49421
Kepler-128 b,2.49421
Kepler-128 c,2.49421
Kepler-128 c,2.49421
Kepler-128 c,2.49421
Kepler-128 c,2.49421
Kepler-128 c,2.49421
Kepler-128 c,2.49421
Kepler-128 c,2.49421
Kepler-128 c,2.49421
Kepler-128 c,2.49421
Kepler-128 c,2.49421
Kepler-128 c,2.49421
Kepler-128 c,2.49421
Kepler-128 c,2.49421
Kepler-128 c,2.49421
Kepler-128 c,2.49421
Kepler-128 c,2.49421
Kepler-128 c,2.49421
Kepler-128 c,2.49421
Kepler-1280 b,0.643883
Kepler-1280 b,0.643883
Kepler-1280 b,0.643883
Kepler-1280 b,0.643883
Kepler-1280 b,0.643883
Kepler-1280 b,0.643883
Kepler-1280 b,0.643883
Kepler-1280 b,0.643883
Kepler-1280 b,0.643883
Kepler-1280 b,0.643883
Kepler-1280 b,0.643883
Kepler-1282 b,0.878043
Kepler-1282 b,0.878043
Kepler-1282 b,0.878043
Kepler-1282 b,0.878043
Kepler-1282 b,0.878043
Kepler-1282 b,0.878043
Kepler-1282 b,0.878043
Kepler-1282 b,0.878043
Kepler-1282 b,0.878043
Kepler-1283 b,0.314584
Kepler-1283 b,0.314584
Kepler-1283 b,0.314584
Kepler-1283 b,0.314584
Kepler-1283 b,0.314584
Kepler-1283 b,0.314584
Kepler-1283 b,0.314584
Kepler-1283 b,0.314584
Kepler-1283 b,0.314584
Kepler-1284 b,1.10517
Kepler-1284 b,1.10517
Kepler-1284 b,1.10517
Kepler-1284 b,1.10517
Kepler-1284 b,1.10517
Kepler-1284 b,1.10517
Kepler-1284 b,1.10517
Kepler-1284 b,1.10517
Kepler-1284 b,1.10517
Kepler-1285 b,2.33938
Kepler-1285 b,2.33938
Kepler-1285 b,2.33938
Kepler-1285 b,2.33938
Kepler-1285 b,2.33938
Kepler-1285 b,2.33938
Kepler-1285 b,2.33938
Kepler-1285 b,2.33938
Kepler-1285 b,2.33938
Kepler-1285 b,2.33938
Kepler-1285 b,2.33938
Kepler-1286 b,0.709606
Kepler-1286 b,0.709606
Kepler-1286 b,0.709606
Kepler-1286 b,0.709606
Kepler-1286 b,0.709606
Kepler-1286 b,0.709606
Kepler-1286 b,0.709606
Kepler-1286 b,0.709606
Kepler-1286 b,0.709606
Kepler-1286 b,0.709606
Kepler-1287 b,0.968282
Kepler-1287 b,0.968282
Kepler-1287 b,0.968282
Kepler-1287 b,0.968282
Kepler-1287 b,0.968282
Kepler-1287 b,0.968282
Kepler-1287 b,0.968282
Kepler-1287 b,0.968282
Kepler-1287 b,0.968282
Kepler-1289 b,0.920716
Kepler-1289 b,0.920716
Kepler-1289 b,0.920716
Kepler-1289 b,0.920716
Kepler-1289 b,0.920716
Kepler-1289 b,0.920716
Kepler-1289 b,0.920716
Kepler-1289 b,0.920716
Kepler-1289 b,0.920716
Kepler-129 b,2.41732
Kepler-129 b,2.41732
Kepler-129 b,2.41732
Kepler-129 b,2.41732
Kepler-129 b,2.41732
Kepler-129 b,2.41732
Kepler-129 b,2.41732
Kepler-129 b,2.41732
Kepler-129 b,2.41732
Kepler-129 b,2.41732
Kepler-129 b,2.41732
Kepler-129 b,2.41732
Kepler-129 b,2.41732
Kepler-129 b,2.41732
Kepler-129 b,2.41732
Kepler-129 c,2.41732
Kepler-129 c,2.41732
Kepler-129 c,2.41732
Kepler-129 c,2.41732
Kepler-129 c,2.41732
Kepler-129 c,2.41732
Kepler-129 c,2.41732
Kepler-129 c,2.41732
Kepler-129 c,2.41732
Kepler-129 c,2.41732
Kepler-129 c,2.41732
Kepler-129 c,2.41732
Kepler-129 c,2.41732
Kepler-129 c,2.41732
Kepler-129 c,2.41732
Kepler-129 d,2.41732
Kepler-129 d,2.41732
Kepler-1290 b,0.599171
Kepler-1290 b,0.599171
Kepler-1290 b,0.599171
Kepler-1290 b,0.599171
Kepler-1290 b,0.599171
Kepler-1290 b,0.599171
Kepler-1290 b,0.599171
Kepler-1290 b,0.599171
Kepler-1290 b,0.599171
Kepler-1291 b,1.08646
Kepler-1291 b,1.08646
Kepler-1291 b,1.08646
Kepler-1291 b,1.08646
Kepler-1291 b,1.08646
Kepler-1291 b,1.08646
Kepler-1291 b,1.08646
Kepler-1291 b,1.08646
Kepler-1291 b,1.08646
Kepler-1292 b,0.64124
Kepler-1292 b,0.64124
Kepler-1292 b,0.64124
Kepler-1292 b,0.64124
Kepler-1292 b,0.64124
Kepler-1292 b,0.64124
Kepler-1292 b,0.64124
Kepler-1292 b,0.64124
Kepler-1292 b,0.64124
Kepler-1293 b,0.943767
Kepler-1293 b,0.943767
Kepler-1293 b,0.943767
Kepler-1293 b,0.943767
Kepler-1293 b,0.943767
Kepler-1293 b,0.943767
Kepler-1293 b,0.943767
Kepler-1293 b,0.943767
Kepler-1293 b,0.943767
Kepler-1293 b,0.943767
Kepler-1294 b,0.510047
Kepler-1294 b,0.510047
Kepler-1294 b,0.510047
Kepler-1294 b,0.510047
Kepler-1294 b,0.510047
Kepler-1294 b,0.510047
Kepler-1294 b,0.510047
Kepler-1294 b,0.510047
Kepler-1294 b,0.510047
Kepler-1295 b,0.823879
Kepler-1295 b,0.823879
Kepler-1295 b,0.823879
Kepler-1295 b,0.823879
Kepler-1295 b,0.823879
Kepler-1295 b,0.823879
Kepler-1295 b,0.823879
Kepler-1295 b,0.823879
Kepler-1295 b,0.823879
Kepler-1296 b,0.616204
Kepler-1296 b,0.616204
Kepler-1296 b,0.616204
Kepler-1296 b,0.616204
Kepler-1296 b,0.616204
Kepler-1296 b,0.616204
Kepler-1296 b,0.616204
Kepler-1296 b,0.616204
Kepler-1297 b,0.665904
Kepler-1297 b,0.665904
Kepler-1297 b,0.665904
Kepler-1297 b,0.665904
Kepler-1297 b,0.665904
Kepler-1297 b,0.665904
Kepler-1297 b,0.665904
Kepler-1297 b,0.665904
Kepler-1297 b,0.665904
Kepler-1298 b,1.80906
Kepler-1298 b,1.80906
Kepler-1298 b,1.80906
Kepler-1298 b,1.80906
Kepler-1298 b,1.80906
Kepler-1298 b,1.80906
Kepler-1298 b,1.80906
Kepler-1298 b,1.80906
Kepler-1298 b,1.80906
Kepler-1298 b,1.80906
Kepler-1298 b,1.80906
Kepler-1299 b,0.683821
Kepler-1299 b,0.683821
Kepler-1299 b,0.683821
Kepler-1299 b,0.683821
Kepler-1299 b,0.683821
Kepler-1299 b,0.683821
Kepler-1299 b,0.683821
Kepler-1299 b,0.683821
Kepler-1299 b,0.683821
Kepler-1299 b,0.683821
Kepler-130 b,3.12921
Kepler-130 b,3.12921
Kepler-130 b,3.12921
Kepler-130 b,3.12921
Kepler-130 b,3.12921
Kepler-130 b,3.12921
Kepler-130 b,3.12921
Kepler-130 b,3.12921
Kepler-130 b,3.12921
Kepler-130 b,3.12921
Kepler-130 b,3.12921
Kepler-130 b,3.12921
Kepler-130 b,3.12921
Kepler-130 b,3.12921
Kepler-130 c,3.12921
Kepler-130 c,3.12921
Kepler-130 c,3.12921
Kepler-130 c,3.12921
Kepler-130 c,3.12921
Kepler-130 c,3.12921
Kepler-130 c,3.12921
Kepler-130 c,3.12921
Kepler-130 c,3.12921
Kepler-130 c,3.12921
Kepler-130 c,3.12921
Kepler-130 c,3.12921
Kepler-130 c,3.12921
Kepler-130 c,3.12921
Kepler-130 d,3.12921
Kepler-130 d,3.12921
Kepler-130 d,3.12921
Kepler-130 d,3.12921
Kepler-130 d,3.12921
Kepler-130 d,3.12921
Kepler-130 d,3.12921
Kepler-130 d,3.12921
Kepler-130 d,3.12921
Kepler-130 d,3.12921
Kepler-130 d,3.12921
Kepler-130 d,3.12921
Kepler-130 d,3.12921
Kepler-130 d,3.12921
Kepler-1300 b,1.25848
Kepler-1300 b,1.25848
Kepler-1300 b,1.25848
Kepler-1300 b,1.25848
Kepler-1300 b,1.25848
Kepler-1300 b,1.25848
Kepler-1300 b,1.25848
Kepler-1300 b,1.25848
Kepler-1300 b,1.25848
Kepler-1300 b,1.25848
Kepler-1300 b,1.25848
Kepler-1301 b,1.14221
Kepler-1301 b,1.14221
Kepler-1301 b,1.14221
Kepler-1301 b,1.14221
Kepler-1301 b,1.14221
Kepler-1301 b,1.14221
Kepler-1301 b,1.14221
Kepler-1301 b,1.14221
Kepler-1301 b,1.14221
Kepler-1302 b,1.54718
Kepler-1302 b,1.54718
Kepler-1302 b,1.54718
Kepler-1302 b,1.54718
Kepler-1302 b,1.54718
Kepler-1302 b,1.54718
Kepler-1302 b,1.54718
Kepler-1302 b,1.54718
Kepler-1302 b,1.54718
Kepler-1303 b,1.08546
Kepler-1303 b,1.08546
Kepler-1303 b,1.08546
Kepler-1303 b,1.08546
Kepler-1303 b,1.08546
Kepler-1303 b,1.08546
Kepler-1303 b,1.08546
Kepler-1303 b,1.08546
Kepler-1303 b,1.08546
Kepler-1304 b,0.429857
Kepler-1304 b,0.429857
Kepler-1304 b,0.429857
Kepler-1304 b,0.429857
Kepler-1304 b,0.429857
Kepler-1304 b,0.429857
Kepler-1304 b,0.429857
Kepler-1304 b,0.429857
Kepler-1304 b,0.429857
Kepler-1305 b,0.607504
Kepler-1305 b,0.607504
Kepler-1305 b,0.607504
Kepler-1305 b,0.607504
Kepler-1305 b,0.607504
Kepler-1305 b,0.607504
Kepler-1305 b,0.607504
Kepler-1305 b,0.607504
Kepler-1305 b,0.607504
Kepler-1306 b,0.874581
Kepler-1306 b,0.874581
Kepler-1306 b,0.874581
Kepler-1306 b,0.874581
Kepler-1306 b,0.874581
Kepler-1306 b,0.874581
Kepler-1306 b,0.874581
Kepler-1306 b,0.874581
Kepler-1306 b,0.874581
Kepler-1307 b,0.957395
Kepler-1307 b,0.957395
Kepler-1307 b,0.957395
Kepler-1307 b,0.957395
Kepler-1307 b,0.957395
Kepler-1307 b,0.957395
Kepler-1307 b,0.957395
Kepler-1307 b,0.957395
Kepler-1307 b,0.957395
Kepler-1307 b,0.957395
Kepler-1308 b,8.84392
Kepler-1308 b,8.84392
Kepler-1308 b,8.84392
Kepler-1308 b,8.84392
Kepler-1308 b,8.84392
Kepler-1308 b,8.84392
Kepler-1308 b,8.84392
Kepler-1308 b,8.84392
Kepler-1308 b,8.84392
Kepler-1308 b,8.84392
Kepler-131 b,4.34425
Kepler-131 b,4.34425
Kepler-131 b,4.34425
Kepler-131 b,4.34425
Kepler-131 b,4.34425
Kepler-131 b,4.34425
Kepler-131 b,4.34425
Kepler-131 b,4.34425
Kepler-131 b,4.34425
Kepler-131 b,4.34425
Kepler-131 b,4.34425
Kepler-131 b,4.34425
Kepler-131 b,4.34425
Kepler-131 c,4.34425
Kepler-131 c,4.34425
Kepler-131 c,4.34425
Kepler-131 c,4.34425
Kepler-131 c,4.34425
Kepler-131 c,4.34425
Kepler-131 c,4.34425
Kepler-131 c,4.34425
Kepler-131 c,4.34425
Kepler-131 c,4.34425
Kepler-131 c,4.34425
Kepler-131 c,4.34425
Kepler-131 c,4.34425
Kepler-1310 b,1.72822
Kepler-1310 b,1.72822
Kepler-1310 b,1.72822
Kepler-1310 b,1.72822
Kepler-1310 b,1.72822
Kepler-1310 b,1.72822
Kepler-1310 b,1.72822
Kepler-1310 b,1.72822
Kepler-1310 b,1.72822
Kepler-1310 b,1.72822
Kepler-1311 b,1.12557
Kepler-1311 b,1.12557
Kepler-1311 b,1.12557
Kepler-1311 b,1.12557
Kepler-1311 b,1.12557
Kepler-1311 b,1.12557
Kepler-1311 b,1.12557
Kepler-1311 b,1.12557
Kepler-1311 b,1.12557
Kepler-1311 b,1.12557
Kepler-1311 c,1.12557
Kepler-1311 c,1.12557
Kepler-1311 c,1.12557
Kepler-1311 c,1.12557
Kepler-1311 c,1.12557
Kepler-1311 c,1.12557
Kepler-1311 c,1.12557
Kepler-1311 c,1.12557
Kepler-1311 c,1.12557
Kepler-1311 c,1.12557
Kepler-1311 d,1.12557
Kepler-1311 d,1.12557
Kepler-1311 d,1.12557
Kepler-1311 d,1.12557
Kepler-1311 d,1.12557
Kepler-1311 d,1.12557
Kepler-1311 d,1.12557
Kepler-1311 d,1.12557
Kepler-1311 d,1.12557
Kepler-1312 b,3.31466
Kepler-1312 b,3.31466
Kepler-1312 b,3.31466
Kepler-1312 b,3.31466
Kepler-1312 b,3.31466
Kepler-1312 b,3.31466
Kepler-1312 b,3.31466
Kepler-1312 b,3.31466
Kepler-1312 b,3.31466
Kepler-1312 b,3.31466
Kepler-1312 b,3.31466
Kepler-1312 c,3.31466
Kepler-1312 c,3.31466
Kepler-1312 c,3.31466
Kepler-1312 c,3.31466
Kepler-1312 c,3.31466
Kepler-1312 c,3.31466
Kepler-1312 c,3.31466
Kepler-1312 c,3.31466
Kepler-1313 b,5.7106
Kepler-1313 b,5.7106
Kepler-1313 b,5.7106
Kepler-1313 b,5.7106
Kepler-1313 b,5.7106
Kepler-1313 b,5.7106
Kepler-1313 b,5.7106
Kepler-1313 b,5.7106
Kepler-1313 b,5.7106
Kepler-1313 b,5.7106
Kepler-1313 b,5.7106
Kepler-1315 b,2.05104
Kepler-1315 b,2.05104
Kepler-1315 b,2.05104
Kepler-1315 b,2.05104
Kepler-1315 b,2.05104
Kepler-1315 b,2.05104
Kepler-1315 b,2.05104
Kepler-1315 b,2.05104
Kepler-1315 b,2.05104
Kepler-1315 b,2.05104
Kepler-1315 c,2.05104
Kepler-1315 c,2.05104
Kepler-1315 c,2.05104
Kepler-1315 c,2.05104
Kepler-1315 c,2.05104
Kepler-1315 c,2.05104
Kepler-1315 c,2.05104
Kepler-1315 c,2.05104
Kepler-1315 c,2.05104
Kepler-1316 b,1.21994
Kepler-1316 b,1.21994
Kepler-1316 b,1.21994
Kepler-1316 b,1.21994
Kepler-1316 b,1.21994
Kepler-1316 b,1.21994
Kepler-1316 b,1.21994
Kepler-1316 b,1.21994
Kepler-1316 b,1.21994
Kepler-1316 b,1.21994
Kepler-1317 b,1.34457
Kepler-1317 b,1.34457
Kepler-1317 b,1.34457
Kepler-1317 b,1.34457
Kepler-1317 b,1.34457
Kepler-1317 b,1.34457
Kepler-1317 b,1.34457
Kepler-1317 b,1.34457
Kepler-1317 b,1.34457
Kepler-1318 b,2.07563
Kepler-1318 b,2.07563
Kepler-1318 b,2.07563
Kepler-1318 b,2.07563
Kepler-1318 b,2.07563
Kepler-1318 b,2.07563
Kepler-1318 b,2.07563
Kepler-1318 b,2.07563
Kepler-1318 b,2.07563
Kepler-1318 b,2.07563
Kepler-1319 b,9.59428
Kepler-1319 b,9.59428
Kepler-1319 b,9.59428
Kepler-1319 b,9.59428
Kepler-1319 b,9.59428
Kepler-1319 b,9.59428
Kepler-1319 b,9.59428
Kepler-1319 b,9.59428
Kepler-1319 b,9.59428
Kepler-1319 b,9.59428
Kepler-1319 b,9.59428
Kepler-1319 b,9.59428
Kepler-1320 b,1.51664
Kepler-1320 b,1.51664
Kepler-1320 b,1.51664
Kepler-1320 b,1.51664
Kepler-1320 b,1.51664
Kepler-1320 b,1.51664
Kepler-1320 b,1.51664
Kepler-1320 b,1.51664
Kepler-1320 b,1.51664
Kepler-1321 b,1.27528
Kepler-1321 b,1.27528
Kepler-1321 b,1.27528
Kepler-1321 b,1.27528
Kepler-1321 b,1.27528
Kepler-1321 b,1.27528
Kepler-1321 b,1.27528
Kepler-1321 b,1.27528
Kepler-1321 b,1.27528
Kepler-1321 b,1.27528
Kepler-1321 b,1.27528
Kepler-1321 c,1.27528
Kepler-1321 c,1.27528
Kepler-1321 c,1.27528
Kepler-1321 c,1.27528
Kepler-1321 c,1.27528
Kepler-1321 c,1.27528
Kepler-1321 c,1.27528
Kepler-1321 c,1.27528
Kepler-1321 c,1.27528
Kepler-1321 c,1.27528
Kepler-1321 c,1.27528
Kepler-1321 d,1.27528
Kepler-1321 d,1.27528
Kepler-1321 d,1.27528
Kepler-1321 d,1.27528
Kepler-1321 d,1.27528
Kepler-1321 d,1.27528
Kepler-1321 d,1.27528
Kepler-1321 d,1.27528
Kepler-1322 b,0.712904
Kepler-1322 b,0.712904
Kepler-1322 b,0.712904
Kepler-1322 b,0.712904
Kepler-1322 b,0.712904
Kepler-1322 b,0.712904
Kepler-1322 b,0.712904
Kepler-1322 b,0.712904
Kepler-1322 b,0.712904
Kepler-1322 c,0.712904
Kepler-1322 c,0.712904
Kepler-1322 c,0.712904
Kepler-1322 c,0.712904
Kepler-1322 c,0.712904
Kepler-1322 c,0.712904
Kepler-1322 c,0.712904
Kepler-1323 b,2.11996
Kepler-1323 b,2.11996
Kepler-1323 b,2.11996
Kepler-1323 b,2.11996
Kepler-1323 b,2.11996
Kepler-1323 b,2.11996
Kepler-1323 b,2.11996
Kepler-1323 b,2.11996
Kepler-1323 b,2.11996
Kepler-1323 b,2.11996
Kepler-1323 b,2.11996
Kepler-1324 b,2.04769
Kepler-1324 b,2.04769
Kepler-1324 b,2.04769
Kepler-1324 b,2.04769
Kepler-1324 b,2.04769
Kepler-1324 b,2.04769
Kepler-1324 b,2.04769
Kepler-1324 b,2.04769
Kepler-1324 b,2.04769
Kepler-1325 b,0.998791
Kepler-1325 b,0.998791
Kepler-1325 b,0.998791
Kepler-1325 b,0.998791
Kepler-1325 b,0.998791
Kepler-1325 b,0.998791
Kepler-1325 b,0.998791
Kepler-1325 b,0.998791
Kepler-1325 b,0.998791
Kepler-1325 b,0.998791
Kepler-1326 b,1.40429
Kepler-1326 b,1.40429
Kepler-1326 b,1.40429
Kepler-1326 b,1.40429
Kepler-1326 b,1.40429
Kepler-1326 b,1.40429
Kepler-1326 b,1.40429
Kepler-1326 b,1.40429
Kepler-1326 b,1.40429
Kepler-1326 b,1.40429
Kepler-1327 b,1.4459
Kepler-1327 b,1.4459
Kepler-1327 b,1.4459
Kepler-1327 b,1.4459
Kepler-1327 b,1.4459
Kepler-1327 b,1.4459
Kepler-1327 b,1.4459
Kepler-1327 b,1.4459
Kepler-1327 b,1.4459
Kepler-1327 b,1.4459
Kepler-1328 b,1.20042
Kepler-1328 b,1.20042
Kepler-1328 b,1.20042
Kepler-1328 b,1.20042
Kepler-1328 b,1.20042
Kepler-1328 b,1.20042
Kepler-1328 b,1.20042
Kepler-1328 b,1.20042
Kepler-1328 b,1.20042
Kepler-1328 b,1.20042
Kepler-1329 b,1.67244
Kepler-1329 b,1.67244
Kepler-1329 b,1.67244
Kepler-1329 b,1.67244
Kepler-1329 b,1.67244
Kepler-1329 b,1.67244
Kepler-1329 b,1.67244
Kepler-1329 b,1.67244
Kepler-1329 b,1.67244
Kepler-1329 b,1.67244
Kepler-133 b,1.50292
Kepler-133 b,1.50292
Kepler-133 b,1.50292
Kepler-133 b,1.50292
Kepler-133 b,1.50292
Kepler-133 b,1.50292
Kepler-133 b,1.50292
Kepler-133 b,1.50292
Kepler-133 b,1.50292
Kepler-133 b,1.50292
Kepler-133 b,1.50292
Kepler-133 b,1.50292
Kepler-133 c,1.50292
Kepler-133 c,1.50292
Kepler-133 c,1.50292
Kepler-133 c,1.50292
Kepler-133 c,1.50292
Kepler-133 c,1.50292
Kepler-133 c,1.50292
Kepler-133 c,1.50292
Kepler-133 c,1.50292
Kepler-133 c,1.50292
Kepler-133 c,1.50292
Kepler-133 c,1.50292
Kepler-1330 b,0.552647
Kepler-1330 b,0.552647
Kepler-1330 b,0.552647
Kepler-1330 b,0.552647
Kepler-1330 b,0.552647
Kepler-1330 b,0.552647
Kepler-1330 b,0.552647
Kepler-1330 b,0.552647
Kepler-1330 b,0.552647
Kepler-1330 b,0.552647
Kepler-1331 b,3.10424
Kepler-1331 b,3.10424
Kepler-1331 b,3.10424
Kepler-1331 b,3.10424
Kepler-1331 b,3.10424
Kepler-1331 b,3.10424
Kepler-1331 b,3.10424
Kepler-1331 b,3.10424
Kepler-1331 b,3.10424
Kepler-1332 b,1.86266
Kepler-1332 b,1.86266
Kepler-1332 b,1.86266
Kepler-1332 b,1.86266
Kepler-1332 b,1.86266
Kepler-1332 b,1.86266
Kepler-1332 b,1.86266
Kepler-1332 b,1.86266
Kepler-1332 b,1.86266
Kepler-1332 b,1.86266
Kepler-1332 b,1.86266
Kepler-1333 b,1.04501
Kepler-1333 b,1.04501
Kepler-1333 b,1.04501
Kepler-1333 b,1.04501
Kepler-1333 b,1.04501
Kepler-1333 b,1.04501
Kepler-1333 b,1.04501
Kepler-1333 b,1.04501
Kepler-1333 b,1.04501
Kepler-1333 b,1.04501
Kepler-1334 b,0.788915
Kepler-1334 b,0.788915
Kepler-1334 b,0.788915
Kepler-1334 b,0.788915
Kepler-1334 b,0.788915
Kepler-1334 b,0.788915
Kepler-1334 b,0.788915
Kepler-1334 b,0.788915
Kepler-1334 b,0.788915
Kepler-1334 b,0.788915
Kepler-1335 b,1.57956
Kepler-1335 b,1.57956
Kepler-1335 b,1.57956
Kepler-1335 b,1.57956
Kepler-1335 b,1.57956
Kepler-1335 b,1.57956
Kepler-1335 b,1.57956
Kepler-1335 b,1.57956
Kepler-1335 b,1.57956
Kepler-1336 b,0.859004
Kepler-1336 b,0.859004
Kepler-1336 b,0.859004
Kepler-1336 b,0.859004
Kepler-1336 b,0.859004
Kepler-1336 b,0.859004
Kepler-1336 b,0.859004
Kepler-1336 b,0.859004
Kepler-1336 b,0.859004
Kepler-1336 b,0.859004
Kepler-1336 b,0.859004
Kepler-1336 c,0.859004
Kepler-1336 c,0.859004
Kepler-1336 c,0.859004
Kepler-1336 c,0.859004
Kepler-1336 c,0.859004
Kepler-1336 c,0.859004
Kepler-1336 c,0.859004
Kepler-1336 c,0.859004
Kepler-1336 c,0.859004
Kepler-1336 c,0.859004
Kepler-1337 b,1.63392
Kepler-1337 b,1.63392
Kepler-1337 b,1.63392
Kepler-1337 b,1.63392
Kepler-1337 b,1.63392
Kepler-1337 b,1.63392
Kepler-1337 b,1.63392
Kepler-1337 b,1.63392
Kepler-1337 b,1.63392
Kepler-1337 b,1.63392
Kepler-1338 b,1.29886
Kepler-1338 b,1.29886
Kepler-1338 b,1.29886
Kepler-1338 b,1.29886
Kepler-1338 b,1.29886
Kepler-1338 b,1.29886
Kepler-1338 b,1.29886
Kepler-1338 b,1.29886
Kepler-1338 b,1.29886
Kepler-1338 b,1.29886
Kepler-1339 b,2.66794
Kepler-1339 b,2.66794
Kepler-1339 b,2.66794
Kepler-1339 b,2.66794
Kepler-1339 b,2.66794
Kepler-1339 b,2.66794
Kepler-1339 b,2.66794
Kepler-1339 b,2.66794
Kepler-1339 b,2.66794
Kepler-1339 b,2.66794
Kepler-134 b,2.95812
Kepler-134 b,2.95812
Kepler-134 b,2.95812
Kepler-134 b,2.95812
Kepler-134 b,2.95812
Kepler-134 b,2.95812
Kepler-134 b,2.95812
Kepler-134 b,2.95812
Kepler-134 b,2.95812
Kepler-134 b,2.95812
Kepler-134 b,2.95812
Kepler-134 b,2.95812
Kepler-134 b,2.95812
Kepler-134 b,2.95812
Kepler-134 c,2.95812
Kepler-134 c,2.95812
Kepler-134 c,2.95812
Kepler-134 c,2.95812
Kepler-134 c,2.95812
Kepler-134 c,2.95812
Kepler-134 c,2.95812
Kepler-134 c,2.95812
Kepler-134 c,2.95812
Kepler-134 c,2.95812
Kepler-134 c,2.95812
Kepler-134 c,2.95812
Kepler-134 c,2.95812
Kepler-1340 b,0.990413
Kepler-1340 b,0.990413
Kepler-1340 b,0.990413
Kepler-1340 b,0.990413
Kepler-1340 b,0.990413
Kepler-1340 b,0.990413
Kepler-1340 b,0.990413
Kepler-1340 b,0.990413
Kepler-1340 b,0.990413
Kepler-1340 b,0.990413
Kepler-1341 b,2.06794
Kepler-1341 b,2.06794
Kepler-1341 b,2.06794
Kepler-1341 b,2.06794
Kepler-1341 b,2.06794
Kepler-1341 b,2.06794
Kepler-1341 b,2.06794
Kepler-1341 b,2.06794
Kepler-1341 b,2.06794
Kepler-1341 b,2.06794
Kepler-1341 b,2.06794
Kepler-1342 b,1.09517
Kepler-1342 b,1.09517
Kepler-1342 b,1.09517
Kepler-1342 b,1.09517
Kepler-1342 b,1.09517
Kepler-1342 b,1.09517
Kepler-1342 b,1.09517
Kepler-1342 b,1.09517
Kepler-1342 b,1.09517
Kepler-1343 b,0.540401
Kepler-1343 b,0.540401
Kepler-1343 b,0.540401
Kepler-1343 b,0.540401
Kepler-1343 b,0.540401
Kepler-1343 b,0.540401
Kepler-1343 b,0.540401
Kepler-1343 b,0.540401
Kepler-1343 b,0.540401
Kepler-1344 b,1.14228
Kepler-1344 b,1.14228
Kepler-1344 b,1.14228
Kepler-1344 b,1.14228
Kepler-1344 b,1.14228
Kepler-1344 b,1.14228
Kepler-1344 b,1.14228
Kepler-1344 b,1.14228
Kepler-1344 b,1.14228
Kepler-1344 b,1.14228
Kepler-1344 b,1.14228
Kepler-1345 b,0.709146
Kepler-1345 b,0.709146
Kepler-1345 b,0.709146
Kepler-1345 b,0.709146
Kepler-1345 b,0.709146
Kepler-1345 b,0.709146
Kepler-1345 b,0.709146
Kepler-1345 b,0.709146
Kepler-1345 b,0.709146
Kepler-1345 b,0.709146
Kepler-1345 b,0.709146
Kepler-1346 b,1.15658
Kepler-1346 b,1.15658
Kepler-1346 b,1.15658
Kepler-1346 b,1.15658
Kepler-1346 b,1.15658
Kepler-1346 b,1.15658
Kepler-1346 b,1.15658
Kepler-1346 b,1.15658
Kepler-1346 b,1.15658
Kepler-1348 b,0.795085
Kepler-1348 b,0.795085
Kepler-1348 b,0.795085
Kepler-1348 b,0.795085
Kepler-1348 b,0.795085
Kepler-1348 b,0.795085
Kepler-1348 b,0.795085
Kepler-1348 b,0.795085
Kepler-1348 b,0.795085
Kepler-1348 b,0.795085
Kepler-1349 b,3.59023
Kepler-1349 b,3.59023
Kepler-1349 b,3.59023
Kepler-1349 b,3.59023
Kepler-1349 b,3.59023
Kepler-1349 b,3.59023
Kepler-1349 b,3.59023
Kepler-1349 b,3.59023
Kepler-1349 b,3.59023
Kepler-1349 b,3.59023
Kepler-135 b,1.5798
Kepler-135 b,1.5798
Kepler-135 b,1.5798
Kepler-135 b,1.5798
Kepler-135 b,1.5798
Kepler-135 b,1.5798
Kepler-135 b,1.5798
Kepler-135 b,1.5798
Kepler-135 b,1.5798
Kepler-135 b,1.5798
Kepler-135 b,1.5798
Kepler-135 c,1.5798
Kepler-135 c,1.5798
Kepler-135 c,1.5798
Kepler-135 c,1.5798
Kepler-135 c,1.5798
Kepler-135 c,1.5798
Kepler-135 c,1.5798
Kepler-135 c,1.5798
Kepler-135 c,1.5798
Kepler-135 c,1.5798
Kepler-135 c,1.5798
Kepler-1350 b,2.90756
Kepler-1350 b,2.90756
Kepler-1350 b,2.90756
Kepler-1350 b,2.90756
Kepler-1350 b,2.90756
Kepler-1350 b,2.90756
Kepler-1350 b,2.90756
Kepler-1350 b,2.90756
Kepler-1350 b,2.90756
Kepler-1350 b,2.90756
Kepler-1350 b,2.90756
Kepler-1350 c,2.90756
Kepler-1350 c,2.90756
Kepler-1350 c,2.90756
Kepler-1350 c,2.90756
Kepler-1350 c,2.90756
Kepler-1350 c,2.90756
Kepler-1350 c,2.90756
Kepler-1350 c,2.90756
Kepler-1350 c,2.90756
Kepler-1350 c,2.90756
Kepler-1351 b,4.90251
Kepler-1351 b,4.90251
Kepler-1351 b,4.90251
Kepler-1351 b,4.90251
Kepler-1351 b,4.90251
Kepler-1351 b,4.90251
Kepler-1351 b,4.90251
Kepler-1351 b,4.90251
Kepler-1351 b,4.90251
Kepler-1352 b,1.46181
Kepler-1352 b,1.46181
Kepler-1352 b,1.46181
Kepler-1352 b,1.46181
Kepler-1352 b,1.46181
Kepler-1352 b,1.46181
Kepler-1352 b,1.46181
Kepler-1352 b,1.46181
Kepler-1352 b,1.46181
Kepler-1352 b,1.46181
Kepler-1353 b,1.65711
Kepler-1353 b,1.65711
Kepler-1353 b,1.65711
Kepler-1353 b,1.65711
Kepler-1353 b,1.65711
Kepler-1353 b,1.65711
Kepler-1353 b,1.65711
Kepler-1353 b,1.65711
Kepler-1353 b,1.65711
Kepler-1353 b,1.65711
Kepler-1354 b,0.864732
Kepler-1354 b,0.864732
Kepler-1354 b,0.864732
Kepler-1354 b,0.864732
Kepler-1354 b,0.864732
Kepler-1354 b,0.864732
Kepler-1354 b,0.864732
Kepler-1354 b,0.864732
Kepler-1354 b,0.864732
Kepler-1355 b,1.06907
Kepler-1355 b,1.06907
Kepler-1355 b,1.06907
Kepler-1355 b,1.06907
Kepler-1355 b,1.06907
Kepler-1355 b,1.06907
Kepler-1355 b,1.06907
Kepler-1355 b,1.06907
Kepler-1355 b,1.06907
Kepler-1356 b,1.15512
Kepler-1356 b,1.15512
Kepler-1356 b,1.15512
Kepler-1356 b,1.15512
Kepler-1356 b,1.15512
Kepler-1356 b,1.15512
Kepler-1356 b,1.15512
Kepler-1356 b,1.15512
Kepler-1356 b,1.15512
Kepler-1357 b,0.95603
Kepler-1357 b,0.95603
Kepler-1357 b,0.95603
Kepler-1357 b,0.95603
Kepler-1357 b,0.95603
Kepler-1357 b,0.95603
Kepler-1357 b,0.95603
Kepler-1357 b,0.95603
Kepler-1357 b,0.95603
Kepler-1358 b,1.79947
Kepler-1358 b,1.79947
Kepler-1358 b,1.79947
Kepler-1358 b,1.79947
Kepler-1358 b,1.79947
Kepler-1358 b,1.79947
Kepler-1358 b,1.79947
Kepler-1358 b,1.79947
Kepler-1358 b,1.79947
Kepler-1359 b,1.59854
Kepler-1359 b,1.59854
Kepler-1359 b,1.59854
Kepler-1359 b,1.59854
Kepler-1359 b,1.59854
Kepler-1359 b,1.59854
Kepler-1359 b,1.59854
Kepler-1359 b,1.59854
Kepler-1359 b,1.59854
Kepler-1359 b,1.59854
Kepler-136 b,2.34776
Kepler-136 b,2.34776
Kepler-136 b,2.34776
Kepler-136 b,2.34776
Kepler-136 b,2.34776
Kepler-136 b,2.34776
Kepler-136 b,2.34776
Kepler-136 b,2.34776
Kepler-136 b,2.34776
Kepler-136 b,2.34776
Kepler-136 b,2.34776
Kepler-136 b,2.34776
Kepler-136 c,2.34776
Kepler-136 c,2.34776
Kepler-136 c,2.34776
Kepler-136 c,2.34776
Kepler-136 c,2.34776
Kepler-136 c,2.34776
Kepler-136 c,2.34776
Kepler-136 c,2.34776
Kepler-136 c,2.34776
Kepler-136 c,2.34776
Kepler-136 c,2.34776
Kepler-136 c,2.34776
Kepler-1360 b,0.630932
Kepler-1360 b,0.630932
Kepler-1360 b,0.630932
Kepler-1360 b,0.630932
Kepler-1360 b,0.630932
Kepler-1360 b,0.630932
Kepler-1360 b,0.630932
Kepler-1360 b,0.630932
Kepler-1360 b,0.630932
Kepler-1360 b,0.630932
Kepler-1361 b,2.54086
Kepler-1361 b,2.54086
Kepler-1361 b,2.54086
Kepler-1361 b,2.54086
Kepler-1361 b,2.54086
Kepler-1361 b,2.54086
Kepler-1361 b,2.54086
Kepler-1361 b,2.54086
Kepler-1361 b,2.54086
Kepler-1361 b,2.54086
Kepler-1362 b,1.33936
Kepler-1362 b,1.33936
Kepler-1362 b,1.33936
Kepler-1362 b,1.33936
Kepler-1362 b,1.33936
Kepler-1362 b,1.33936
Kepler-1362 b,1.33936
Kepler-1362 b,1.33936
Kepler-1362 b,1.33936
Kepler-1362 b,1.33936
Kepler-1363 b,1.8174
Kepler-1363 b,1.8174
Kepler-1363 b,1.8174
Kepler-1363 b,1.8174
Kepler-1363 b,1.8174
Kepler-1363 b,1.8174
Kepler-1363 b,1.8174
Kepler-1363 b,1.8174
Kepler-1363 b,1.8174
Kepler-1365 b,1.16159
Kepler-1365 b,1.16159
Kepler-1365 b,1.16159
Kepler-1365 b,1.16159
Kepler-1365 b,1.16159
Kepler-1365 b,1.16159
Kepler-1365 b,1.16159
Kepler-1365 b,1.16159
Kepler-1365 b,1.16159
Kepler-1365 b,1.16159
Kepler-1365 c,1.16159
Kepler-1365 c,1.16159
Kepler-1365 c,1.16159
Kepler-1365 c,1.16159
Kepler-1365 c,1.16159
Kepler-1365 c,1.16159
Kepler-1365 c,1.16159
Kepler-1365 c,1.16159
Kepler-1365 c,1.16159
Kepler-1365 c,1.16159
Kepler-1366 b,2.11896
Kepler-1366 b,2.11896
Kepler-1366 b,2.11896
Kepler-1366 b,2.11896
Kepler-1366 b,2.11896
Kepler-1366 b,2.11896
Kepler-1366 b,2.11896
Kepler-1366 b,2.11896
Kepler-1366 b,2.11896
Kepler-1366 b,2.11896
Kepler-1367 b,2.46234
Kepler-1367 b,2.46234
Kepler-1367 b,2.46234
Kepler-1367 b,2.46234
Kepler-1367 b,2.46234
Kepler-1367 b,2.46234
Kepler-1367 b,2.46234
Kepler-1367 b,2.46234
Kepler-1367 b,2.46234
Kepler-1368 b,0.586022
Kepler-1368 b,0.586022
Kepler-1368 b,0.586022
Kepler-1368 b,0.586022
Kepler-1368 b,0.586022
Kepler-1368 b,0.586022
Kepler-1368 b,0.586022
Kepler-1368 b,0.586022
Kepler-1368 b,0.586022
Kepler-1369 b,0.7802
Kepler-1369 b,0.7802
Kepler-1369 b,0.7802
Kepler-1369 b,0.7802
Kepler-1369 b,0.7802
Kepler-1369 b,0.7802
Kepler-1369 b,0.7802
Kepler-1369 b,0.7802
Kepler-1369 b,0.7802
Kepler-1369 b,0.7802
Kepler-137 b,3.27176
Kepler-137 b,3.27176
Kepler-137 b,3.27176
Kepler-137 b,3.27176
Kepler-137 b,3.27176
Kepler-137 b,3.27176
Kepler-137 b,3.27176
Kepler-137 b,3.27176
Kepler-137 b,3.27176
Kepler-137 b,3.27176
Kepler-137 b,3.27176
Kepler-137 b,3.27176
Kepler-137 c,3.27176
Kepler-137 c,3.27176
Kepler-137 c,3.27176
Kepler-137 c,3.27176
Kepler-137 c,3.27176
Kepler-137 c,3.27176
Kepler-137 c,3.27176
Kepler-137 c,3.27176
Kepler-137 c,3.27176
Kepler-137 c,3.27176
Kepler-137 c,3.27176
Kepler-1370 b,0.967127
Kepler-1370 b,0.967127
Kepler-1370 b,0.967127
Kepler-1370 b,0.967127
Kepler-1370 b,0.967127
Kepler-1370 b,0.967127
Kepler-1370 b,0.967127
Kepler-1370 b,0.967127
Kepler-1370 b,0.967127
Kepler-1370 b,0.967127
Kepler-1370 b,0.967127
Kepler-1370 c,0.967127
Kepler-1370 c,0.967127
Kepler-1370 c,0.967127
Kepler-1370 c,0.967127
Kepler-1370 c,0.967127
Kepler-1370 c,0.967127
Kepler-1370 c,0.967127
Kepler-1370 c,0.967127
Kepler-1370 c,0.967127
Kepler-1370 c,0.967127
Kepler-1371 b,1.91179
Kepler-1371 b,1.91179
Kepler-1371 b,1.91179
Kepler-1371 b,1.91179
Kepler-1371 b,1.91179
Kepler-1371 b,1.91179
Kepler-1371 b,1.91179
Kepler-1371 b,1.91179
Kepler-1371 b,1.91179
Kepler-1371 b,1.91179
Kepler-1371 c,1.91179
Kepler-1371 c,1.91179
Kepler-1371 c,1.91179
Kepler-1371 c,1.91179
Kepler-1371 c,1.91179
Kepler-1371 c,1.91179
Kepler-1371 c,1.91179
Kepler-1371 c,1.91179
Kepler-1371 c,1.91179
Kepler-1372 b,0.738946
Kepler-1372 b,0.738946
Kepler-1372 b,0.738946
Kepler-1372 b,0.738946
Kepler-1372 b,0.738946
Kepler-1372 b,0.738946
Kepler-1372 b,0.738946
Kepler-1372 b,0.738946
Kepler-1372 b,0.738946
Kepler-1373 b,0.559563
Kepler-1373 b,0.559563
Kepler-1373 b,0.559563
Kepler-1373 b,0.559563
Kepler-1373 b,0.559563
Kepler-1373 b,0.559563
Kepler-1373 b,0.559563
Kepler-1373 b,0.559563
Kepler-1373 b,0.559563
Kepler-1373 b,0.559563
Kepler-1374 b,0.899368
Kepler-1374 b,0.899368
Kepler-1374 b,0.899368
Kepler-1374 b,0.899368
Kepler-1374 b,0.899368
Kepler-1374 b,0.899368
Kepler-1374 b,0.899368
Kepler-1374 b,0.899368
Kepler-1374 b,0.899368
Kepler-1374 b,0.899368
Kepler-1375 b,0.670294
Kepler-1375 b,0.670294
Kepler-1375 b,0.670294
Kepler-1375 b,0.670294
Kepler-1375 b,0.670294
Kepler-1375 b,0.670294
Kepler-1375 b,0.670294
Kepler-1375 b,0.670294
Kepler-1375 b,0.670294
Kepler-1376 b,1.12332
Kepler-1376 b,1.12332
Kepler-1376 b,1.12332
Kepler-1376 b,1.12332
Kepler-1376 b,1.12332
Kepler-1376 b,1.12332
Kepler-1376 b,1.12332
Kepler-1376 b,1.12332
Kepler-1376 b,1.12332
Kepler-1377 b,0.844673
Kepler-1377 b,0.844673
Kepler-1377 b,0.844673
Kepler-1377 b,0.844673
Kepler-1377 b,0.844673
Kepler-1377 b,0.844673
Kepler-1377 b,0.844673
Kepler-1377 b,0.844673
Kepler-1378 b,1.94764
Kepler-1378 b,1.94764
Kepler-1378 b,1.94764
Kepler-1378 b,1.94764
Kepler-1378 b,1.94764
Kepler-1378 b,1.94764
Kepler-1378 b,1.94764
Kepler-1378 b,1.94764
Kepler-1378 b,1.94764
Kepler-1378 b,1.94764
Kepler-1379 b,1.00331
Kepler-1379 b,1.00331
Kepler-1379 b,1.00331
Kepler-1379 b,1.00331
Kepler-1379 b,1.00331
Kepler-1379 b,1.00331
Kepler-1379 b,1.00331
Kepler-1379 b,1.00331
Kepler-1379 b,1.00331
Kepler-138 b,14.9272
Kepler-138 b,14.9272
Kepler-138 b,14.9272
Kepler-138 b,14.9272
Kepler-138 b,14.9272
Kepler-138 b,14.9272
Kepler-138 b,14.9272
Kepler-138 b,14.9272
Kepler-138 b,14.9272
Kepler-138 b,14.9272
Kepler-138 b,14.9272
Kepler-138 b,14.9272
Kepler-138 b,14.9272
Kepler-138 b,14.9272
Kepler-138 b,14.9272
Kepler-138 b,14.9272
Kepler-138 c,14.9272
Kepler-138 c,14.9272
Kepler-138 c,14.9272
Kepler-138 c,14.9272
Kepler-138 c,14.9272
Kepler-138 c,14.9272
Kepler-138 c,14.9272
Kepler-138 c,14.9272
Kepler-138 c,14.9272
Kepler-138 c,14.9272
Kepler-138 c,14.9272
Kepler-138 c,14.9272
Kepler-138 c,14.9272
Kepler-138 c,14.9272
Kepler-138 c,14.9272
Kepler-138 c,14.9272
Kepler-138 c,14.9272
Kepler-138 c,14.9272
Kepler-138 c,14.9272
Kepler-138 d,14.9272
Kepler-138 d,14.9272
Kepler-138 d,14.9272
Kepler-138 d,14.9272
Kepler-138 d,14.9272
Kepler-138 d,14.9272
Kepler-138 d,14.9272
Kepler-138 d,14.9272
Kepler-138 d,14.9272
Kepler-138 d,14.9272
Kepler-138 d,14.9272
Kepler-138 d,14.9272
Kepler-138 d,14.9272
Kepler-138 d,14.9272
Kepler-138 d,14.9272
Kepler-138 d,14.9272
Kepler-138 d,14.9272
Kepler-138 e,14.9272
Kepler-1380 b,0.375361
Kepler-1380 b,0.375361
Kepler-1380 b,0.375361
Kepler-1380 b,0.375361
Kepler-1380 b,0.375361
Kepler-1380 b,0.375361
Kepler-1380 b,0.375361
Kepler-1380 b,0.375361
Kepler-1380 b,0.375361
Kepler-1381 b,0.806839
Kepler-1381 b,0.806839
Kepler-1381 b,0.806839
Kepler-1381 b,0.806839
Kepler-1381 b,0.806839
Kepler-1381 b,0.806839
Kepler-1381 b,0.806839
Kepler-1381 b,0.806839
Kepler-1381 b,0.806839
Kepler-1381 b,0.806839
Kepler-1382 b,1.32903
Kepler-1382 b,1.32903
Kepler-1382 b,1.32903
Kepler-1382 b,1.32903
Kepler-1382 b,1.32903
Kepler-1382 b,1.32903
Kepler-1382 b,1.32903
Kepler-1382 b,1.32903
Kepler-1382 b,1.32903
Kepler-1382 b,1.32903
Kepler-1383 b,0.945245
Kepler-1383 b,0.945245
Kepler-1383 b,0.945245
Kepler-1383 b,0.945245
Kepler-1383 b,0.945245
Kepler-1383 b,0.945245
Kepler-1383 b,0.945245
Kepler-1383 b,0.945245
Kepler-1383 b,0.945245
Kepler-1383 b,0.945245
Kepler-1385 b,1.42367
Kepler-1385 b,1.42367
Kepler-1385 b,1.42367
Kepler-1385 b,1.42367
Kepler-1385 b,1.42367
Kepler-1385 b,1.42367
Kepler-1385 b,1.42367
Kepler-1385 b,1.42367
Kepler-1385 b,1.42367
Kepler-1385 b,1.42367
Kepler-1386 b,1.16761
Kepler-1386 b,1.16761
Kepler-1386 b,1.16761
Kepler-1386 b,1.16761
Kepler-1386 b,1.16761
Kepler-1386 b,1.16761
Kepler-1386 b,1.16761
Kepler-1386 b,1.16761
Kepler-1386 b,1.16761
Kepler-1387 b,2.16738
Kepler-1387 b,2.16738
Kepler-1387 b,2.16738
Kepler-1387 b,2.16738
Kepler-1387 b,2.16738
Kepler-1387 b,2.16738
Kepler-1387 b,2.16738
Kepler-1387 b,2.16738
Kepler-1387 b,2.16738
Kepler-1388 b,2.17549
Kepler-1388 b,2.17549
Kepler-1388 b,2.17549
Kepler-1388 b,2.17549
Kepler-1388 b,2.17549
Kepler-1388 b,2.17549
Kepler-1388 b,2.17549
Kepler-1388 b,2.17549
Kepler-1388 b,2.17549
Kepler-1388 b,2.17549
Kepler-1388 b,2.17549
Kepler-1388 b,2.17549
Kepler-1388 c,2.17549
Kepler-1388 c,2.17549
Kepler-1388 c,2.17549
Kepler-1388 c,2.17549
Kepler-1388 c,2.17549
Kepler-1388 c,2.17549
Kepler-1388 c,2.17549
Kepler-1388 c,2.17549
Kepler-1388 c,2.17549
Kepler-1388 c,2.17549
Kepler-1388 c,2.17549
Kepler-1388 c,2.17549
Kepler-1388 d,2.17549
Kepler-1388 d,2.17549
Kepler-1388 d,2.17549
Kepler-1388 d,2.17549
Kepler-1388 d,2.17549
Kepler-1388 d,2.17549
Kepler-1388 d,2.17549
Kepler-1388 d,2.17549
Kepler-1388 d,2.17549
Kepler-1388 e,2.17549
Kepler-1388 e,2.17549
Kepler-1388 e,2.17549
Kepler-1388 e,2.17549
Kepler-1388 e,2.17549
Kepler-1388 e,2.17549
Kepler-1388 e,2.17549
Kepler-1388 e,2.17549
Kepler-1388 e,2.17549
Kepler-1389 b,1.98294
Kepler-1389 b,1.98294
Kepler-1389 b,1.98294
Kepler-1389 b,1.98294
Kepler-1389 b,1.98294
Kepler-1389 b,1.98294
Kepler-1389 b,1.98294
Kepler-1389 b,1.98294
Kepler-1389 b,1.98294
Kepler-1389 b,1.98294
Kepler-1389 b,1.98294
Kepler-139 b,2.52874
Kepler-139 b,2.52874
Kepler-139 b,2.52874
Kepler-139 b,2.52874
Kepler-139 b,2.52874
Kepler-139 b,2.52874
Kepler-139 b,2.52874
Kepler-139 b,2.52874
Kepler-139 b,2.52874
Kepler-139 b,2.52874
Kepler-139 b,2.52874
Kepler-139 b,2.52874
Kepler-139 b,2.52874
Kepler-139 b,2.52874
Kepler-139 c,2.52874
Kepler-139 c,2.52874
Kepler-139 c,2.52874
Kepler-139 c,2.52874
Kepler-139 c,2.52874
Kepler-139 c,2.52874
Kepler-139 c,2.52874
Kepler-139 c,2.52874
Kepler-139 c,2.52874
Kepler-139 c,2.52874
Kepler-139 c,2.52874
Kepler-139 c,2.52874
Kepler-139 c,2.52874
Kepler-139 c,2.52874
Kepler-139 d,2.52874
Kepler-139 d,2.52874
Kepler-139 d,2.52874
Kepler-139 d,2.52874
Kepler-139 d,2.52874
Kepler-139 d,2.52874
Kepler-139 d,2.52874
Kepler-139 d,2.52874
Kepler-139 d,2.52874
Kepler-139 d,2.52874
Kepler-139 e,2.52874
Kepler-139 e,2.52874
Kepler-139 f,2.52874
Kepler-1390 b,1.35373
Kepler-1390 b,1.35373
Kepler-1390 b,1.35373
Kepler-1390 b,1.35373
Kepler-1390 b,1.35373
Kepler-1390 b,1.35373
Kepler-1390 b,1.35373
Kepler-1390 b,1.35373
Kepler-1390 b,1.35373
Kepler-1391 b,0.934364
Kepler-1391 b,0.934364
Kepler-1391 b,0.934364
Kepler-1391 b,0.934364
Kepler-1391 b,0.934364
Kepler-1391 b,0.934364
Kepler-1391 b,0.934364
Kepler-1391 b,0.934364
Kepler-1391 b,0.934364
Kepler-1391 b,0.934364
Kepler-1391 b,0.934364
Kepler-1394 b,1.53281
Kepler-1394 b,1.53281
Kepler-1394 b,1.53281
Kepler-1394 b,1.53281
Kepler-1394 b,1.53281
Kepler-1394 b,1.53281
Kepler-1394 b,1.53281
Kepler-1394 b,1.53281
Kepler-1394 b,1.53281
Kepler-1394 b,1.53281
Kepler-1395 b,2.00043
Kepler-1395 b,2.00043
Kepler-1395 b,2.00043
Kepler-1395 b,2.00043
Kepler-1395 b,2.00043
Kepler-1395 b,2.00043
Kepler-1395 b,2.00043
Kepler-1395 b,2.00043
Kepler-1395 b,2.00043
Kepler-1395 b,2.00043
Kepler-1396 b,0.909095
Kepler-1396 b,0.909095
Kepler-1396 b,0.909095
Kepler-1396 b,0.909095
Kepler-1396 b,0.909095
Kepler-1396 b,0.909095
Kepler-1396 b,0.909095
Kepler-1396 b,0.909095
Kepler-1396 b,0.909095
Kepler-1396 b,0.909095
Kepler-1397 b,0.805976
Kepler-1397 b,0.805976
Kepler-1397 b,0.805976
Kepler-1397 b,0.805976
Kepler-1397 b,0.805976
Kepler-1397 b,0.805976
Kepler-1397 b,0.805976
Kepler-1397 b,0.805976
Kepler-1397 b,0.805976
Kepler-1397 b,0.805976
Kepler-1397 b,0.805976
Kepler-1398 b,1.14464
Kepler-1398 b,1.14464
Kepler-1398 b,1.14464
Kepler-1398 b,1.14464
Kepler-1398 b,1.14464
Kepler-1398 b,1.14464
Kepler-1398 b,1.14464
Kepler-1398 b,1.14464
Kepler-1398 b,1.14464
Kepler-1398 b,1.14464
Kepler-1398 c,1.14464
Kepler-1398 c,1.14464
Kepler-1398 c,1.14464
Kepler-1398 c,1.14464
Kepler-1398 c,1.14464
Kepler-1398 c,1.14464
Kepler-1398 c,1.14464
Kepler-1398 c,1.14464
Kepler-1398 c,1.14464
Kepler-1398 c,1.14464
Kepler-1399 b,0.693543
Kepler-1399 b,0.693543
Kepler-1399 b,0.693543
Kepler-1399 b,0.693543
Kepler-1399 b,0.693543
Kepler-1399 b,0.693543
Kepler-1399 b,0.693543
Kepler-1399 b,0.693543
Kepler-1399 b,0.693543
Kepler-140 b,1.68406
Kepler-140 b,1.68406
Kepler-140 b,1.68406
Kepler-140 b,1.68406
Kepler-140 b,1.68406
Kepler-140 b,1.68406
Kepler-140 b,1.68406
Kepler-140 b,1.68406
Kepler-140 b,1.68406
Kepler-140 b,1.68406
Kepler-140 b,1.68406
Kepler-140 b,1.68406
Kepler-140 c,1.68406
Kepler-140 c,1.68406
Kepler-140 c,1.68406
Kepler-140 c,1.68406
Kepler-140 c,1.68406
Kepler-140 c,1.68406
Kepler-140 c,1.68406
Kepler-140 c,1.68406
Kepler-140 c,1.68406
Kepler-140 c,1.68406
Kepler-140 c,1.68406
Kepler-140 c,1.68406
Kepler-1400 b,1.30113
Kepler-1400 b,1.30113
Kepler-1400 b,1.30113
Kepler-1400 b,1.30113
Kepler-1400 b,1.30113
Kepler-1400 b,1.30113
Kepler-1400 b,1.30113
Kepler-1400 b,1.30113
Kepler-1400 b,1.30113
Kepler-1402 b,0.640641
Kepler-1402 b,0.640641
Kepler-1402 b,0.640641
Kepler-1402 b,0.640641
Kepler-1402 b,0.640641
Kepler-1402 b,0.640641
Kepler-1402 b,0.640641
Kepler-1402 b,0.640641
Kepler-1402 b,0.640641
Kepler-1403 b,0.433661
Kepler-1403 b,0.433661
Kepler-1403 b,0.433661
Kepler-1403 b,0.433661
Kepler-1403 b,0.433661
Kepler-1403 b,0.433661
Kepler-1403 b,0.433661
Kepler-1403 b,0.433661
Kepler-1403 b,0.433661
Kepler-1404 b,1.01226
Kepler-1404 b,1.01226
Kepler-1404 b,1.01226
Kepler-1404 b,1.01226
Kepler-1404 b,1.01226
Kepler-1404 b,1.01226
Kepler-1404 b,1.01226
Kepler-1404 b,1.01226
Kepler-1404 b,1.01226
Kepler-1404 b,1.01226
Kepler-1405 b,0.626845
Kepler-1405 b,0.626845
Kepler-1405 b,0.626845
Kepler-1405 b,0.626845
Kepler-1405 b,0.626845
Kepler-1405 b,0.626845
Kepler-1405 b,0.626845
Kepler-1405 b,0.626845
Kepler-1405 b,0.626845
Kepler-1405 b,0.626845
Kepler-1407 b,0.687467
Kepler-1407 b,0.687467
Kepler-1407 b,0.687467
Kepler-1407 b,0.687467
Kepler-1407 b,0.687467
Kepler-1407 b,0.687467
Kepler-1407 b,0.687467
Kepler-1407 b,0.687467
Kepler-1407 b,0.687467
Kepler-1407 b,0.687467
Kepler-1408 b,1.84034
Kepler-1408 b,1.84034
Kepler-1408 b,1.84034
Kepler-1408 b,1.84034
Kepler-1408 b,1.84034
Kepler-1408 b,1.84034
Kepler-1408 b,1.84034
Kepler-1408 b,1.84034
Kepler-1408 b,1.84034
Kepler-1408 b,1.84034
Kepler-1409 b,1.4104
Kepler-1409 b,1.4104
Kepler-1409 b,1.4104
Kepler-1409 b,1.4104
Kepler-1409 b,1.4104
Kepler-1409 b,1.4104
Kepler-1409 b,1.4104
Kepler-1409 b,1.4104
Kepler-1409 b,1.4104
Kepler-1409 b,1.4104
Kepler-141 b,3.29135
Kepler-141 b,3.29135
Kepler-141 b,3.29135
Kepler-141 b,3.29135
Kepler-141 b,3.29135
Kepler-141 b,3.29135
Kepler-141 b,3.29135
Kepler-141 b,3.29135
Kepler-141 b,3.29135
Kepler-141 b,3.29135
Kepler-141 b,3.29135
Kepler-141 c,3.29135
Kepler-141 c,3.29135
Kepler-141 c,3.29135
Kepler-141 c,3.29135
Kepler-141 c,3.29135
Kepler-141 c,3.29135
Kepler-141 c,3.29135
Kepler-141 c,3.29135
Kepler-141 c,3.29135
Kepler-141 c,3.29135
Kepler-141 c,3.29135
Kepler-141 c,3.29135
Kepler-1411 b,0.573312
Kepler-1411 b,0.573312
Kepler-1411 b,0.573312
Kepler-1411 b,0.573312
Kepler-1411 b,0.573312
Kepler-1411 b,0.573312
Kepler-1411 b,0.573312
Kepler-1411 b,0.573312
Kepler-1411 b,0.573312
Kepler-1411 b,0.573312
Kepler-1412 b,1.29452
Kepler-1412 b,1.29452
Kepler-1412 b,1.29452
Kepler-1412 b,1.29452
Kepler-1412 b,1.29452
Kepler-1412 b,1.29452
Kepler-1412 b,1.29452
Kepler-1412 b,1.29452
Kepler-1412 b,1.29452
Kepler-1412 b,1.29452
Kepler-1413 b,0.830047
Kepler-1413 b,0.830047
Kepler-1413 b,0.830047
Kepler-1413 b,0.830047
Kepler-1413 b,0.830047
Kepler-1413 b,0.830047
Kepler-1413 b,0.830047
Kepler-1413 b,0.830047
Kepler-1413 b,0.830047
Kepler-1414 b,1.72319
Kepler-1414 b,1.72319
Kepler-1414 b,1.72319
Kepler-1414 b,1.72319
Kepler-1414 b,1.72319
Kepler-1414 b,1.72319
Kepler-1414 b,1.72319
Kepler-1414 b,1.72319
Kepler-1414 b,1.72319
Kepler-1415 b,0.930226
Kepler-1415 b,0.930226
Kepler-1415 b,0.930226
Kepler-1415 b,0.930226
Kepler-1415 b,0.930226
Kepler-1415 b,0.930226
Kepler-1415 b,0.930226
Kepler-1415 b,0.930226
Kepler-1415 b,0.930226
Kepler-1415 b,0.930226
Kepler-1416 b,1.02457
Kepler-1416 b,1.02457
Kepler-1416 b,1.02457
Kepler-1416 b,1.02457
Kepler-1416 b,1.02457
Kepler-1416 b,1.02457
Kepler-1416 b,1.02457
Kepler-1416 b,1.02457
Kepler-1417 b,0.979545
Kepler-1417 b,0.979545
Kepler-1417 b,0.979545
Kepler-1417 b,0.979545
Kepler-1417 b,0.979545
Kepler-1417 b,0.979545
Kepler-1417 b,0.979545
Kepler-1417 b,0.979545
Kepler-1417 b,0.979545
Kepler-1417 b,0.979545
Kepler-1419 b,0.6402
Kepler-1419 b,0.6402
Kepler-1419 b,0.6402
Kepler-1419 b,0.6402
Kepler-1419 b,0.6402
Kepler-1419 b,0.6402
Kepler-1419 b,0.6402
Kepler-1419 b,0.6402
Kepler-1419 b,0.6402
Kepler-1419 b,0.6402
Kepler-142 b,1.79369
Kepler-142 b,1.79369
Kepler-142 b,1.79369
Kepler-142 b,1.79369
Kepler-142 b,1.79369
Kepler-142 b,1.79369
Kepler-142 b,1.79369
Kepler-142 b,1.79369
Kepler-142 b,1.79369
Kepler-142 b,1.79369
Kepler-142 b,1.79369
Kepler-142 b,1.79369
Kepler-142 c,1.79369
Kepler-142 c,1.79369
Kepler-142 c,1.79369
Kepler-142 c,1.79369
Kepler-142 c,1.79369
Kepler-142 c,1.79369
Kepler-142 c,1.79369
Kepler-142 c,1.79369
Kepler-142 c,1.79369
Kepler-142 c,1.79369
Kepler-142 c,1.79369
Kepler-142 c,1.79369
Kepler-142 d,1.79369
Kepler-142 d,1.79369
Kepler-142 d,1.79369
Kepler-142 d,1.79369
Kepler-142 d,1.79369
Kepler-142 d,1.79369
Kepler-142 d,1.79369
Kepler-142 d,1.79369
Kepler-142 d,1.79369
Kepler-142 d,1.79369
Kepler-142 d,1.79369
Kepler-142 d,1.79369
Kepler-1420 b,0.92243
Kepler-1420 b,0.92243
Kepler-1420 b,0.92243
Kepler-1420 b,0.92243
Kepler-1420 b,0.92243
Kepler-1420 b,0.92243
Kepler-1420 b,0.92243
Kepler-1420 b,0.92243
Kepler-1420 b,0.92243
Kepler-1421 b,1.24785
Kepler-1421 b,1.24785
Kepler-1421 b,1.24785
Kepler-1421 b,1.24785
Kepler-1421 b,1.24785
Kepler-1421 b,1.24785
Kepler-1421 b,1.24785
Kepler-1421 b,1.24785
Kepler-1421 b,1.24785
Kepler-1421 b,1.24785
Kepler-1422 b,0.375273
Kepler-1422 b,0.375273
Kepler-1422 b,0.375273
Kepler-1422 b,0.375273
Kepler-1422 b,0.375273
Kepler-1422 b,0.375273
Kepler-1422 b,0.375273
Kepler-1422 b,0.375273
Kepler-1422 b,0.375273
Kepler-1425 b,1.12886
Kepler-1425 b,1.12886
Kepler-1425 b,1.12886
Kepler-1425 b,1.12886
Kepler-1425 b,1.12886
Kepler-1425 b,1.12886
Kepler-1425 b,1.12886
Kepler-1425 b,1.12886
Kepler-1425 b,1.12886
Kepler-1425 b,1.12886
Kepler-1428 b,0.624761
Kepler-1428 b,0.624761
Kepler-1428 b,0.624761
Kepler-1428 b,0.624761
Kepler-1428 b,0.624761
Kepler-1428 b,0.624761
Kepler-1428 b,0.624761
Kepler-1428 b,0.624761
Kepler-1428 b,0.624761
Kepler-1428 b,0.624761
Kepler-1428 b,0.624761
Kepler-1429 b,0.794899
Kepler-1429 b,0.794899
Kepler-1429 b,0.794899
Kepler-1429 b,0.794899
Kepler-1429 b,0.794899
Kepler-1429 b,0.794899
Kepler-1429 b,0.794899
Kepler-1429 b,0.794899
Kepler-1429 b,0.794899
Kepler-143 b,1.2067
Kepler-143 b,1.2067
Kepler-143 b,1.2067
Kepler-143 b,1.2067
Kepler-143 b,1.2067
Kepler-143 b,1.2067
Kepler-143 b,1.2067
Kepler-143 b,1.2067
Kepler-143 b,1.2067
Kepler-143 b,1.2067
Kepler-143 c,1.2067
Kepler-143 c,1.2067
Kepler-143 c,1.2067
Kepler-143 c,1.2067
Kepler-143 c,1.2067
Kepler-143 c,1.2067
Kepler-143 c,1.2067
Kepler-143 c,1.2067
Kepler-143 c,1.2067
Kepler-143 c,1.2067
Kepler-143 c,1.2067
Kepler-1431 b,0.587191
Kepler-1431 b,0.587191
Kepler-1431 b,0.587191
Kepler-1431 b,0.587191
Kepler-1431 b,0.587191
Kepler-1431 b,0.587191
Kepler-1431 b,0.587191
Kepler-1431 b,0.587191
Kepler-1431 b,0.587191
Kepler-1432 b,0.431246
Kepler-1432 b,0.431246
Kepler-1432 b,0.431246
Kepler-1432 b,0.431246
Kepler-1432 b,0.431246
Kepler-1432 b,0.431246
Kepler-1432 b,0.431246
Kepler-1432 b,0.431246
Kepler-1432 b,0.431246
Kepler-1434 b,1.26097
Kepler-1434 b,1.26097
Kepler-1434 b,1.26097
Kepler-1434 b,1.26097
Kepler-1434 b,1.26097
Kepler-1434 b,1.26097
Kepler-1434 b,1.26097
Kepler-1434 b,1.26097
Kepler-1434 b,1.26097
Kepler-1434 b,1.26097
Kepler-1435 b,1.39134
Kepler-1435 b,1.39134
Kepler-1435 b,1.39134
Kepler-1435 b,1.39134
Kepler-1435 b,1.39134
Kepler-1435 b,1.39134
Kepler-1435 b,1.39134
Kepler-1435 b,1.39134
Kepler-1435 b,1.39134
Kepler-1435 b,1.39134
Kepler-1436 b,0.366448
Kepler-1436 b,0.366448
Kepler-1436 b,0.366448
Kepler-1436 b,0.366448
Kepler-1436 b,0.366448
Kepler-1436 b,0.366448
Kepler-1436 b,0.366448
Kepler-1436 b,0.366448
Kepler-1437 b,0.443927
Kepler-1437 b,0.443927
Kepler-1437 b,0.443927
Kepler-1437 b,0.443927
Kepler-1437 b,0.443927
Kepler-1437 b,0.443927
Kepler-1437 b,0.443927
Kepler-1437 b,0.443927
Kepler-1437 b,0.443927
Kepler-1438 b,0.839323
Kepler-1438 b,0.839323
Kepler-1438 b,0.839323
Kepler-1438 b,0.839323
Kepler-1438 b,0.839323
Kepler-1438 b,0.839323
Kepler-1438 b,0.839323
Kepler-1438 b,0.839323
Kepler-1439 b,4.40862
Kepler-1439 b,4.40862
Kepler-1439 b,4.40862
Kepler-1439 b,4.40862
Kepler-1439 b,4.40862
Kepler-1439 b,4.40862
Kepler-1439 b,4.40862
Kepler-1439 b,4.40862
Kepler-1439 b,4.40862
Kepler-1439 b,4.40862
Kepler-1439 b,4.40862
Kepler-144 b,2.56925
Kepler-144 b,2.56925
Kepler-144 b,2.56925
Kepler-144 b,2.56925
Kepler-144 b,2.56925
Kepler-144 b,2.56925
Kepler-144 b,2.56925
Kepler-144 b,2.56925
Kepler-144 b,2.56925
Kepler-144 b,2.56925
Kepler-144 b,2.56925
Kepler-144 b,2.56925
Kepler-144 b,2.56925
Kepler-144 c,2.56925
Kepler-144 c,2.56925
Kepler-144 c,2.56925
Kepler-144 c,2.56925
Kepler-144 c,2.56925
Kepler-144 c,2.56925
Kepler-144 c,2.56925
Kepler-144 c,2.56925
Kepler-144 c,2.56925
Kepler-144 c,2.56925
Kepler-144 c,2.56925
Kepler-144 c,2.56925
Kepler-144 c,2.56925
Kepler-1440 b,0.867838
Kepler-1440 b,0.867838
Kepler-1440 b,0.867838
Kepler-1440 b,0.867838
Kepler-1440 b,0.867838
Kepler-1440 b,0.867838
Kepler-1440 b,0.867838
Kepler-1440 b,0.867838
Kepler-1440 b,0.867838
Kepler-1440 b,0.867838
Kepler-1440 b,0.867838
Kepler-1441 b,0.871935
Kepler-1441 b,0.871935
Kepler-1441 b,0.871935
Kepler-1441 b,0.871935
Kepler-1441 b,0.871935
Kepler-1441 b,0.871935
Kepler-1441 b,0.871935
Kepler-1441 b,0.871935
Kepler-1441 b,0.871935
Kepler-1441 b,0.871935
Kepler-1442 b,1.61439
Kepler-1442 b,1.61439
Kepler-1442 b,1.61439
Kepler-1442 b,1.61439
Kepler-1442 b,1.61439
Kepler-1442 b,1.61439
Kepler-1442 b,1.61439
Kepler-1442 b,1.61439
Kepler-1442 b,1.61439
Kepler-1442 b,1.61439
Kepler-1443 b,1.65821
Kepler-1443 b,1.65821
Kepler-1443 b,1.65821
Kepler-1443 b,1.65821
Kepler-1443 b,1.65821
Kepler-1443 b,1.65821
Kepler-1443 b,1.65821
Kepler-1443 b,1.65821
Kepler-1443 b,1.65821
Kepler-1444 b,3.0994
Kepler-1444 b,3.0994
Kepler-1444 b,3.0994
Kepler-1444 b,3.0994
Kepler-1444 b,3.0994
Kepler-1444 b,3.0994
Kepler-1444 b,3.0994
Kepler-1444 b,3.0994
Kepler-1444 b,3.0994
Kepler-1444 b,3.0994
Kepler-1445 b,1.94635
Kepler-1445 b,1.94635
Kepler-1445 b,1.94635
Kepler-1445 b,1.94635
Kepler-1445 b,1.94635
Kepler-1445 b,1.94635
Kepler-1445 b,1.94635
Kepler-1445 b,1.94635
Kepler-1445 b,1.94635
Kepler-1446 b,6.54694
Kepler-1446 b,6.54694
Kepler-1446 b,6.54694
Kepler-1446 b,6.54694
Kepler-1446 b,6.54694
Kepler-1446 b,6.54694
Kepler-1446 b,6.54694
Kepler-1446 b,6.54694
Kepler-1446 b,6.54694
Kepler-1446 b,6.54694
Kepler-1447 b,1.09459
Kepler-1447 b,1.09459
Kepler-1447 b,1.09459
Kepler-1447 b,1.09459
Kepler-1447 b,1.09459
Kepler-1447 b,1.09459
Kepler-1447 b,1.09459
Kepler-1447 b,1.09459
Kepler-1447 b,1.09459
Kepler-1448 b,1.27179
Kepler-1448 b,1.27179
Kepler-1448 b,1.27179
Kepler-1448 b,1.27179
Kepler-1448 b,1.27179
Kepler-1448 b,1.27179
Kepler-1448 b,1.27179
Kepler-1448 b,1.27179
Kepler-1448 b,1.27179
Kepler-1449 b,0.468974
Kepler-1449 b,0.468974
Kepler-1449 b,0.468974
Kepler-1449 b,0.468974
Kepler-1449 b,0.468974
Kepler-1449 b,0.468974
Kepler-1449 b,0.468974
Kepler-1449 b,0.468974
Kepler-145 b,1.73566
Kepler-145 b,1.73566
Kepler-145 b,1.73566
Kepler-145 b,1.73566
Kepler-145 b,1.73566
Kepler-145 b,1.73566
Kepler-145 b,1.73566
Kepler-145 b,1.73566
Kepler-145 b,1.73566
Kepler-145 b,1.73566
Kepler-145 b,1.73566
Kepler-145 b,1.73566
Kepler-145 b,1.73566
Kepler-145 b,1.73566
Kepler-145 b,1.73566
Kepler-145 c,1.73566
Kepler-145 c,1.73566
Kepler-145 c,1.73566
Kepler-145 c,1.73566
Kepler-145 c,1.73566
Kepler-145 c,1.73566
Kepler-145 c,1.73566
Kepler-145 c,1.73566
Kepler-145 c,1.73566
Kepler-145 c,1.73566
Kepler-145 c,1.73566
Kepler-145 c,1.73566
Kepler-145 c,1.73566
Kepler-145 c,1.73566
Kepler-145 c,1.73566
Kepler-1450 b,1.94862
Kepler-1450 b,1.94862
Kepler-1450 b,1.94862
Kepler-1450 b,1.94862
Kepler-1450 b,1.94862
Kepler-1450 b,1.94862
Kepler-1450 b,1.94862
Kepler-1450 b,1.94862
Kepler-1450 b,1.94862
Kepler-1451 b,0.916503
Kepler-1451 b,0.916503
Kepler-1451 b,0.916503
Kepler-1451 b,0.916503
Kepler-1451 b,0.916503
Kepler-1451 b,0.916503
Kepler-1451 b,0.916503
Kepler-1451 b,0.916503
Kepler-1452 b,0.975034
Kepler-1452 b,0.975034
Kepler-1452 b,0.975034
Kepler-1452 b,0.975034
Kepler-1452 b,0.975034
Kepler-1452 b,0.975034
Kepler-1452 b,0.975034
Kepler-1452 b,0.975034
Kepler-1452 b,0.975034
Kepler-1452 b,0.975034
Kepler-1453 b,0.807612
Kepler-1453 b,0.807612
Kepler-1453 b,0.807612
Kepler-1453 b,0.807612
Kepler-1453 b,0.807612
Kepler-1453 b,0.807612
Kepler-1453 b,0.807612
Kepler-1453 b,0.807612
Kepler-1453 b,0.807612
Kepler-1454 b,1.25259
Kepler-1454 b,1.25259
Kepler-1454 b,1.25259
Kepler-1454 b,1.25259
Kepler-1454 b,1.25259
Kepler-1454 b,1.25259
Kepler-1454 b,1.25259
Kepler-1454 b,1.25259
Kepler-1454 b,1.25259
Kepler-1455 b,2.76822
Kepler-1455 b,2.76822
Kepler-1455 b,2.76822
Kepler-1455 b,2.76822
Kepler-1455 b,2.76822
Kepler-1455 b,2.76822
Kepler-1455 b,2.76822
Kepler-1455 b,2.76822
Kepler-1455 b,2.76822
Kepler-1455 b,2.76822
Kepler-1455 b,2.76822
Kepler-1456 b,2.67192
Kepler-1456 b,2.67192
Kepler-1456 b,2.67192
Kepler-1456 b,2.67192
Kepler-1456 b,2.67192
Kepler-1456 b,2.67192
Kepler-1456 b,2.67192
Kepler-1456 b,2.67192
Kepler-1457 b,1.09492
Kepler-1457 b,1.09492
Kepler-1457 b,1.09492
Kepler-1457 b,1.09492
Kepler-1457 b,1.09492
Kepler-1457 b,1.09492
Kepler-1457 b,1.09492
Kepler-1457 b,1.09492
Kepler-1457 b,1.09492
Kepler-1457 b,1.09492
Kepler-1458 b,1.80791
Kepler-1458 b,1.80791
Kepler-1458 b,1.80791
Kepler-1458 b,1.80791
Kepler-1458 b,1.80791
Kepler-1458 b,1.80791
Kepler-1458 b,1.80791
Kepler-1458 b,1.80791
Kepler-1458 b,1.80791
Kepler-1458 b,1.80791
Kepler-1459 b,2.16677
Kepler-1459 b,2.16677
Kepler-1459 b,2.16677
Kepler-1459 b,2.16677
Kepler-1459 b,2.16677
Kepler-1459 b,2.16677
Kepler-1459 b,2.16677
Kepler-1459 b,2.16677
Kepler-1459 b,2.16677
Kepler-146 b,1.36647
Kepler-146 b,1.36647
Kepler-146 b,1.36647
Kepler-146 b,1.36647
Kepler-146 b,1.36647
Kepler-146 b,1.36647
Kepler-146 b,1.36647
Kepler-146 b,1.36647
Kepler-146 b,1.36647
Kepler-146 b,1.36647
Kepler-146 b,1.36647
Kepler-146 b,1.36647
Kepler-146 c,1.36647
Kepler-146 c,1.36647
Kepler-146 c,1.36647
Kepler-146 c,1.36647
Kepler-146 c,1.36647
Kepler-146 c,1.36647
Kepler-146 c,1.36647
Kepler-146 c,1.36647
Kepler-146 c,1.36647
Kepler-146 c,1.36647
Kepler-146 c,1.36647
Kepler-146 c,1.36647
Kepler-146 c,1.36647
Kepler-1460 b,1.77935
Kepler-1460 b,1.77935
Kepler-1460 b,1.77935
Kepler-1460 b,1.77935
Kepler-1460 b,1.77935
Kepler-1460 b,1.77935
Kepler-1460 b,1.77935
Kepler-1460 b,1.77935
Kepler-1460 b,1.77935
Kepler-1461 b,1.44425
Kepler-1461 b,1.44425
Kepler-1461 b,1.44425
Kepler-1461 b,1.44425
Kepler-1461 b,1.44425
Kepler-1461 b,1.44425
Kepler-1461 b,1.44425
Kepler-1461 b,1.44425
Kepler-1461 b,1.44425
Kepler-1462 b,0.956491
Kepler-1462 b,0.956491
Kepler-1462 b,0.956491
Kepler-1462 b,0.956491
Kepler-1462 b,0.956491
Kepler-1462 b,0.956491
Kepler-1462 b,0.956491
Kepler-1462 b,0.956491
Kepler-1462 b,0.956491
Kepler-1463 b,0.56516
Kepler-1463 b,0.56516
Kepler-1463 b,0.56516
Kepler-1463 b,0.56516
Kepler-1463 b,0.56516
Kepler-1463 b,0.56516
Kepler-1463 b,0.56516
Kepler-1463 b,0.56516
Kepler-1464 b,0.839467
Kepler-1464 b,0.839467
Kepler-1464 b,0.839467
Kepler-1464 b,0.839467
Kepler-1464 b,0.839467
Kepler-1464 b,0.839467
Kepler-1464 b,0.839467
Kepler-1464 b,0.839467
Kepler-1464 b,0.839467
Kepler-1464 b,0.839467
Kepler-1464 c,0.839467
Kepler-1464 c,0.839467
Kepler-1464 c,0.839467
Kepler-1464 c,0.839467
Kepler-1464 c,0.839467
Kepler-1464 c,0.839467
Kepler-1464 c,0.839467
Kepler-1464 c,0.839467
Kepler-1464 c,0.839467
Kepler-1465 b,2.75616
Kepler-1465 b,2.75616
Kepler-1465 b,2.75616
Kepler-1465 b,2.75616
Kepler-1465 b,2.75616
Kepler-1465 b,2.75616
Kepler-1465 b,2.75616
Kepler-1465 b,2.75616
Kepler-1466 b,1.5536
Kepler-1466 b,1.5536
Kepler-1466 b,1.5536
Kepler-1466 b,1.5536
Kepler-1466 b,1.5536
Kepler-1466 b,1.5536
Kepler-1466 b,1.5536
Kepler-1466 b,1.5536
Kepler-1466 b,1.5536
Kepler-1466 b,1.5536
Kepler-1467 b,1.14445
Kepler-1467 b,1.14445
Kepler-1467 b,1.14445
Kepler-1467 b,1.14445
Kepler-1467 b,1.14445
Kepler-1467 b,1.14445
Kepler-1467 b,1.14445
Kepler-1467 b,1.14445
Kepler-1467 b,1.14445
Kepler-1468 b,0.498369
Kepler-1468 b,0.498369
Kepler-1468 b,0.498369
Kepler-1468 b,0.498369
Kepler-1468 b,0.498369
Kepler-1468 b,0.498369
Kepler-1468 b,0.498369
Kepler-1468 b,0.498369
Kepler-1468 b,0.498369
Kepler-1468 c,0.498369
Kepler-1468 c,0.498369
Kepler-1468 c,0.498369
Kepler-1468 c,0.498369
Kepler-1468 c,0.498369
Kepler-1468 c,0.498369
Kepler-1468 c,0.498369
Kepler-1468 c,0.498369
Kepler-1468 d,0.498369
Kepler-1468 d,0.498369
Kepler-1468 d,0.498369
Kepler-1468 d,0.498369
Kepler-1468 d,0.498369
Kepler-1468 d,0.498369
Kepler-1468 d,0.498369
Kepler-1469 b,0.835524
Kepler-1469 b,0.835524
Kepler-1469 b,0.835524
Kepler-1469 b,0.835524
Kepler-1469 b,0.835524
Kepler-1469 b,0.835524
Kepler-1469 b,0.835524
Kepler-1469 b,0.835524
Kepler-1469 b,0.835524
Kepler-147 b,0.931192
Kepler-147 b,0.931192
Kepler-147 b,0.931192
Kepler-147 b,0.931192
Kepler-147 b,0.931192
Kepler-147 b,0.931192
Kepler-147 b,0.931192
Kepler-147 b,0.931192
Kepler-147 b,0.931192
Kepler-147 b,0.931192
Kepler-147 b,0.931192
Kepler-147 c,0.931192
Kepler-147 c,0.931192
Kepler-147 c,0.931192
Kepler-147 c,0.931192
Kepler-147 c,0.931192
Kepler-147 c,0.931192
Kepler-147 c,0.931192
Kepler-147 c,0.931192
Kepler-147 c,0.931192
Kepler-147 c,0.931192
Kepler-147 c,0.931192
Kepler-147 c,0.931192
Kepler-1470 b,1.66467
Kepler-1470 b,1.66467
Kepler-1470 b,1.66467
Kepler-1470 b,1.66467
Kepler-1470 b,1.66467
Kepler-1470 b,1.66467
Kepler-1470 b,1.66467
Kepler-1470 b,1.66467
Kepler-1471 b,0.993378
Kepler-1471 b,0.993378
Kepler-1471 b,0.993378
Kepler-1471 b,0.993378
Kepler-1471 b,0.993378
Kepler-1471 b,0.993378
Kepler-1471 b,0.993378
Kepler-1471 b,0.993378
Kepler-1471 c,0.993378
Kepler-1471 c,0.993378
Kepler-1471 c,0.993378
Kepler-1471 c,0.993378
Kepler-1471 c,0.993378
Kepler-1471 c,0.993378
Kepler-1472 b,0.647423
Kepler-1472 b,0.647423
Kepler-1472 b,0.647423
Kepler-1472 b,0.647423
Kepler-1472 b,0.647423
Kepler-1472 b,0.647423
Kepler-1472 b,0.647423
Kepler-1472 b,0.647423
Kepler-1472 b,0.647423
Kepler-1473 b,1.50432
Kepler-1473 b,1.50432
Kepler-1473 b,1.50432
Kepler-1473 b,1.50432
Kepler-1473 b,1.50432
Kepler-1473 b,1.50432
Kepler-1473 b,1.50432
Kepler-1473 b,1.50432
Kepler-1473 b,1.50432
Kepler-1474 b,0.819164
Kepler-1474 b,0.819164
Kepler-1474 b,0.819164
Kepler-1474 b,0.819164
Kepler-1474 b,0.819164
Kepler-1474 b,0.819164
Kepler-1474 b,0.819164
Kepler-1474 b,0.819164
Kepler-1474 b,0.819164
Kepler-1475 b,0.610133
Kepler-1475 b,0.610133
Kepler-1475 b,0.610133
Kepler-1475 b,0.610133
Kepler-1475 b,0.610133
Kepler-1475 b,0.610133
Kepler-1475 b,0.610133
Kepler-1475 b,0.610133
Kepler-1475 b,0.610133
Kepler-1476 b,0.968895
Kepler-1476 b,0.968895
Kepler-1476 b,0.968895
Kepler-1476 b,0.968895
Kepler-1476 b,0.968895
Kepler-1476 b,0.968895
Kepler-1476 b,0.968895
Kepler-1476 b,0.968895
Kepler-1477 b,1.44005
Kepler-1477 b,1.44005
Kepler-1477 b,1.44005
Kepler-1477 b,1.44005
Kepler-1477 b,1.44005
Kepler-1477 b,1.44005
Kepler-1477 b,1.44005
Kepler-1477 b,1.44005
Kepler-1478 b,0.513683
Kepler-1478 b,0.513683
Kepler-1478 b,0.513683
Kepler-1478 b,0.513683
Kepler-1478 b,0.513683
Kepler-1478 b,0.513683
Kepler-1478 b,0.513683
Kepler-1478 b,0.513683
Kepler-1479 b,1.34359
Kepler-1479 b,1.34359
Kepler-1479 b,1.34359
Kepler-1479 b,1.34359
Kepler-1479 b,1.34359
Kepler-1479 b,1.34359
Kepler-1479 b,1.34359
Kepler-1479 b,1.34359
Kepler-1479 b,1.34359
Kepler-1479 b,1.34359
Kepler-148 b,1.23545
Kepler-148 b,1.23545
Kepler-148 b,1.23545
Kepler-148 b,1.23545
Kepler-148 b,1.23545
Kepler-148 b,1.23545
Kepler-148 b,1.23545
Kepler-148 b,1.23545
Kepler-148 b,1.23545
Kepler-148 b,1.23545
Kepler-148 b,1.23545
Kepler-148 c,1.23545
Kepler-148 c,1.23545
Kepler-148 c,1.23545
Kepler-148 c,1.23545
Kepler-148 c,1.23545
Kepler-148 c,1.23545
Kepler-148 c,1.23545
Kepler-148 c,1.23545
Kepler-148 c,1.23545
Kepler-148 c,1.23545
Kepler-148 c,1.23545
Kepler-148 d,1.23545
Kepler-148 d,1.23545
Kepler-148 d,1.23545
Kepler-148 d,1.23545
Kepler-148 d,1.23545
Kepler-148 d,1.23545
Kepler-148 d,1.23545
Kepler-148 d,1.23545
Kepler-148 d,1.23545
Kepler-148 d,1.23545
Kepler-1480 b,1.96771
Kepler-1480 b,1.96771
Kepler-1480 b,1.96771
Kepler-1480 b,1.96771
Kepler-1480 b,1.96771
Kepler-1480 b,1.96771
Kepler-1480 b,1.96771
Kepler-1480 b,1.96771
Kepler-1480 b,1.96771
Kepler-1481 b,2.14959
Kepler-1481 b,2.14959
Kepler-1481 b,2.14959
Kepler-1481 b,2.14959
Kepler-1481 b,2.14959
Kepler-1481 b,2.14959
Kepler-1481 b,2.14959
Kepler-1481 b,2.14959
Kepler-1482 b,1.73383
Kepler-1482 b,1.73383
Kepler-1482 b,1.73383
Kepler-1482 b,1.73383
Kepler-1482 b,1.73383
Kepler-1482 b,1.73383
Kepler-1482 b,1.73383
Kepler-1482 b,1.73383
Kepler-1483 b,0.75684
Kepler-1483 b,0.75684
Kepler-1483 b,0.75684
Kepler-1483 b,0.75684
Kepler-1483 b,0.75684
Kepler-1483 b,0.75684
Kepler-1483 b,0.75684
Kepler-1483 b,0.75684
Kepler-1484 b,0.326942
Kepler-1484 b,0.326942
Kepler-1484 b,0.326942
Kepler-1484 b,0.326942
Kepler-1484 b,0.326942
Kepler-1484 b,0.326942
Kepler-1484 b,0.326942
Kepler-1484 b,0.326942
Kepler-1485 b,1.59556
Kepler-1485 b,1.59556
Kepler-1485 b,1.59556
Kepler-1485 b,1.59556
Kepler-1485 b,1.59556
Kepler-1485 b,1.59556
Kepler-1485 b,1.59556
Kepler-1485 b,1.59556
Kepler-1485 b,1.59556
Kepler-1485 b,1.59556
Kepler-1486 b,0.53635
Kepler-1486 b,0.53635
Kepler-1486 b,0.53635
Kepler-1486 b,0.53635
Kepler-1486 b,0.53635
Kepler-1486 b,0.53635
Kepler-1486 b,0.53635
Kepler-1486 b,0.53635
Kepler-1486 b,0.53635
Kepler-1487 b,0.957092
Kepler-1487 b,0.957092
Kepler-1487 b,0.957092
Kepler-1487 b,0.957092
Kepler-1487 b,0.957092
Kepler-1487 b,0.957092
Kepler-1487 b,0.957092
Kepler-1487 b,0.957092
Kepler-1487 c,0.957092
Kepler-1487 c,0.957092
Kepler-1487 c,0.957092
Kepler-1487 c,0.957092
Kepler-1487 c,0.957092
Kepler-1487 c,0.957092
Kepler-1487 c,0.957092
Kepler-1488 b,1.07512
Kepler-1488 b,1.07512
Kepler-1488 b,1.07512
Kepler-1488 b,1.07512
Kepler-1488 b,1.07512
Kepler-1488 b,1.07512
Kepler-1488 b,1.07512
Kepler-1488 b,1.07512
Kepler-1488 b,1.07512
Kepler-1488 b,1.07512
Kepler-1488 c,1.07512
Kepler-1488 c,1.07512
Kepler-1488 c,1.07512
Kepler-1488 c,1.07512
Kepler-1488 c,1.07512
Kepler-1488 c,1.07512
Kepler-1488 c,1.07512
Kepler-1489 b,0.750671
Kepler-1489 b,0.750671
Kepler-1489 b,0.750671
Kepler-1489 b,0.750671
Kepler-1489 b,0.750671
Kepler-1489 b,0.750671
Kepler-1489 b,0.750671
Kepler-1489 b,0.750671
Kepler-1489 b,0.750671
Kepler-1489 c,0.750671
Kepler-149 b,1.72244
Kepler-149 b,1.72244
Kepler-149 b,1.72244
Kepler-149 b,1.72244
Kepler-149 b,1.72244
Kepler-149 b,1.72244
Kepler-149 b,1.72244
Kepler-149 b,1.72244
Kepler-149 b,1.72244
Kepler-149 b,1.72244
Kepler-149 b,1.72244
Kepler-149 c,1.72244
Kepler-149 c,1.72244
Kepler-149 c,1.72244
Kepler-149 c,1.72244
Kepler-149 c,1.72244
Kepler-149 c,1.72244
Kepler-149 c,1.72244
Kepler-149 c,1.72244
Kepler-149 c,1.72244
Kepler-149 c,1.72244
Kepler-149 c,1.72244
Kepler-149 c,1.72244
Kepler-149 d,1.72244
Kepler-149 d,1.72244
Kepler-149 d,1.72244
Kepler-149 d,1.72244
Kepler-149 d,1.72244
Kepler-149 d,1.72244
Kepler-149 d,1.72244
Kepler-149 d,1.72244
Kepler-149 d,1.72244
Kepler-149 d,1.72244
Kepler-149 d,1.72244
Kepler-149 d,1.72244
Kepler-1490 b,1.13096
Kepler-1490 b,1.13096
Kepler-1490 b,1.13096
Kepler-1490 b,1.13096
Kepler-1490 b,1.13096
Kepler-1490 b,1.13096
Kepler-1490 b,1.13096
Kepler-1490 b,1.13096
Kepler-1490 b,1.13096
Kepler-1491 b,0.455359
Kepler-1491 b,0.455359
Kepler-1491 b,0.455359
Kepler-1491 b,0.455359
Kepler-1491 b,0.455359
Kepler-1491 b,0.455359
Kepler-1491 b,0.455359
Kepler-1491 b,0.455359
Kepler-1491 c,0.455359
Kepler-1491 c,0.455359
Kepler-1491 c,0.455359
Kepler-1491 c,0.455359
Kepler-1491 c,0.455359
Kepler-1492 b,2.98734
Kepler-1492 b,2.98734
Kepler-1492 b,2.98734
Kepler-1492 b,2.98734
Kepler-1492 b,2.98734
Kepler-1492 b,2.98734
Kepler-1492 b,2.98734
Kepler-1492 b,2.98734
Kepler-1492 b,2.98734
Kepler-1494 b,0.749224
Kepler-1494 b,0.749224
Kepler-1494 b,0.749224
Kepler-1494 b,0.749224
Kepler-1494 b,0.749224
Kepler-1494 b,0.749224
Kepler-1494 b,0.749224
Kepler-1494 b,0.749224
Kepler-1494 b,0.749224
Kepler-1496 b,0.73607
Kepler-1496 b,0.73607
Kepler-1496 b,0.73607
Kepler-1496 b,0.73607
Kepler-1496 b,0.73607
Kepler-1496 b,0.73607
Kepler-1496 b,0.73607
Kepler-1496 b,0.73607
Kepler-1496 b,0.73607
Kepler-1499 b,3.1983
Kepler-1499 b,3.1983
Kepler-1499 b,3.1983
Kepler-1499 b,3.1983
Kepler-1499 b,3.1983
Kepler-1499 b,3.1983
Kepler-1499 b,3.1983
Kepler-1499 b,3.1983
Kepler-1499 b,3.1983
Kepler-1499 b,3.1983
Kepler-15 b,1.32383
Kepler-15 b,1.32383
Kepler-15 b,1.32383
Kepler-15 b,1.32383
Kepler-15 b,1.32383
Kepler-15 b,1.32383
Kepler-15 b,1.32383
Kepler-15 b,1.32383
Kepler-15 b,1.32383
Kepler-15 b,1.32383
Kepler-15 b,1.32383
Kepler-15 b,1.32383
Kepler-15 b,1.32383
Kepler-15 b,1.32383
Kepler-15 b,1.32383
Kepler-150 b,1.09362
Kepler-150 b,1.09362
Kepler-150 b,1.09362
Kepler-150 b,1.09362
Kepler-150 b,1.09362
Kepler-150 b,1.09362
Kepler-150 b,1.09362
Kepler-150 b,1.09362
Kepler-150 b,1.09362
Kepler-150 b,1.09362
Kepler-150 b,1.09362
Kepler-150 c,1.09362
Kepler-150 c,1.09362
Kepler-150 c,1.09362
Kepler-150 c,1.09362
Kepler-150 c,1.09362
Kepler-150 c,1.09362
Kepler-150 c,1.09362
Kepler-150 c,1.09362
Kepler-150 c,1.09362
Kepler-150 c,1.09362
Kepler-150 c,1.09362
Kepler-150 c,1.09362
Kepler-150 d,1.09362
Kepler-150 d,1.09362
Kepler-150 d,1.09362
Kepler-150 d,1.09362
Kepler-150 d,1.09362
Kepler-150 d,1.09362
Kepler-150 d,1.09362
Kepler-150 d,1.09362
Kepler-150 d,1.09362
Kepler-150 d,1.09362
Kepler-150 d,1.09362
Kepler-150 d,1.09362
Kepler-150 e,1.09362
Kepler-150 e,1.09362
Kepler-150 e,1.09362
Kepler-150 e,1.09362
Kepler-150 e,1.09362
Kepler-150 e,1.09362
Kepler-150 e,1.09362
Kepler-150 e,1.09362
Kepler-150 e,1.09362
Kepler-150 e,1.09362
Kepler-150 e,1.09362
Kepler-150 e,1.09362
Kepler-150 f,1.09362
Kepler-1500 b,0.792592
Kepler-1500 b,0.792592
Kepler-1500 b,0.792592
Kepler-1500 b,0.792592
Kepler-1500 b,0.792592
Kepler-1500 b,0.792592
Kepler-1500 b,0.792592
Kepler-1500 b,0.792592
Kepler-1501 b,1.30615
Kepler-1501 b,1.30615
Kepler-1501 b,1.30615
Kepler-1501 b,1.30615
Kepler-1501 b,1.30615
Kepler-1501 b,1.30615
Kepler-1501 b,1.30615
Kepler-1501 b,1.30615
Kepler-1501 b,1.30615
Kepler-1502 b,0.632298
Kepler-1502 b,0.632298
Kepler-1502 b,0.632298
Kepler-1502 b,0.632298
Kepler-1502 b,0.632298
Kepler-1502 b,0.632298
Kepler-1502 b,0.632298
Kepler-1502 b,0.632298
Kepler-1502 b,0.632298
Kepler-1503 b,0.788784
Kepler-1503 b,0.788784
Kepler-1503 b,0.788784
Kepler-1503 b,0.788784
Kepler-1503 b,0.788784
Kepler-1503 b,0.788784
Kepler-1503 b,0.788784
Kepler-1503 b,0.788784
Kepler-1503 b,0.788784
Kepler-1504 b,0.379237
Kepler-1504 b,0.379237
Kepler-1504 b,0.379237
Kepler-1504 b,0.379237
Kepler-1504 b,0.379237
Kepler-1504 b,0.379237
Kepler-1504 b,0.379237
Kepler-1504 b,0.379237
Kepler-1504 b,0.379237
Kepler-1505 b,1.99146
Kepler-1505 b,1.99146
Kepler-1505 b,1.99146
Kepler-1505 b,1.99146
Kepler-1505 b,1.99146
Kepler-1505 b,1.99146
Kepler-1505 b,1.99146
Kepler-1505 b,1.99146
Kepler-1505 b,1.99146
Kepler-1505 b,1.99146
Kepler-1506 b,0.393109
Kepler-1506 b,0.393109
Kepler-1506 b,0.393109
Kepler-1506 b,0.393109
Kepler-1506 b,0.393109
Kepler-1506 b,0.393109
Kepler-1506 b,0.393109
Kepler-1506 b,0.393109
Kepler-1507 b,3.09144
Kepler-1507 b,3.09144
Kepler-1507 b,3.09144
Kepler-1507 b,3.09144
Kepler-1507 b,3.09144
Kepler-1507 b,3.09144
Kepler-1507 b,3.09144
Kepler-1507 b,3.09144
Kepler-1507 b,3.09144
Kepler-1507 b,3.09144
Kepler-1508 b,0.765167
Kepler-1508 b,0.765167
Kepler-1508 b,0.765167
Kepler-1508 b,0.765167
Kepler-1508 b,0.765167
Kepler-1508 b,0.765167
Kepler-1508 b,0.765167
Kepler-1509 b,0.469774
Kepler-1509 b,0.469774
Kepler-1509 b,0.469774
Kepler-1509 b,0.469774
Kepler-1509 b,0.469774
Kepler-1509 b,0.469774
Kepler-1509 b,0.469774
Kepler-1509 b,0.469774
Kepler-1509 b,0.469774
Kepler-151 b,1.51014
Kepler-151 b,1.51014
Kepler-151 b,1.51014
Kepler-151 b,1.51014
Kepler-151 b,1.51014
Kepler-151 b,1.51014
Kepler-151 b,1.51014
Kepler-151 b,1.51014
Kepler-151 b,1.51014
Kepler-151 b,1.51014
Kepler-151 b,1.51014
Kepler-151 c,1.51014
Kepler-151 c,1.51014
Kepler-151 c,1.51014
Kepler-151 c,1.51014
Kepler-151 c,1.51014
Kepler-151 c,1.51014
Kepler-151 c,1.51014
Kepler-151 c,1.51014
Kepler-151 c,1.51014
Kepler-151 c,1.51014
Kepler-151 c,1.51014
Kepler-1510 b,0.56165
Kepler-1510 b,0.56165
Kepler-1510 b,0.56165
Kepler-1510 b,0.56165
Kepler-1510 b,0.56165
Kepler-1510 b,0.56165
Kepler-1510 b,0.56165
Kepler-1510 b,0.56165
Kepler-1510 b,0.56165
Kepler-1511 b,0.648825
Kepler-1511 b,0.648825
Kepler-1511 b,0.648825
Kepler-1511 b,0.648825
Kepler-1511 b,0.648825
Kepler-1511 b,0.648825
Kepler-1511 b,0.648825
Kepler-1511 b,0.648825
Kepler-1511 b,0.648825
Kepler-1513 b,2.83455
Kepler-1513 b,2.83455
Kepler-1513 b,2.83455
Kepler-1513 b,2.83455
Kepler-1513 b,2.83455
Kepler-1513 b,2.83455
Kepler-1513 b,2.83455
Kepler-1513 b,2.83455
Kepler-1513 b,2.83455
Kepler-1513 b,2.83455
Kepler-1513 b,2.83455
Kepler-1513 c,2.83455
Kepler-1514 b,2.4885
Kepler-1514 b,2.4885
Kepler-1514 b,2.4885
Kepler-1514 b,2.4885
Kepler-1514 b,2.4885
Kepler-1514 b,2.4885
Kepler-1514 b,2.4885
Kepler-1514 b,2.4885
Kepler-1514 b,2.4885
Kepler-1514 b,2.4885
Kepler-1514 b,2.4885
Kepler-1514 b,2.4885
Kepler-1514 c,2.4885
Kepler-1514 c,2.4885
Kepler-1514 c,2.4885
Kepler-1514 c,2.4885
Kepler-1514 c,2.4885
Kepler-1514 c,2.4885
Kepler-1514 c,2.4885
Kepler-1514 c,2.4885
Kepler-1514 c,2.4885
Kepler-1515 b,1.82555
Kepler-1515 b,1.82555
Kepler-1515 b,1.82555
Kepler-1515 b,1.82555
Kepler-1515 b,1.82555
Kepler-1515 b,1.82555
Kepler-1515 b,1.82555
Kepler-1515 b,1.82555
Kepler-1515 b,1.82555
Kepler-1515 b,1.82555
Kepler-1516 b,0.707317
Kepler-1516 b,0.707317
Kepler-1516 b,0.707317
Kepler-1516 b,0.707317
Kepler-1516 b,0.707317
Kepler-1516 b,0.707317
Kepler-1516 b,0.707317
Kepler-1516 b,0.707317
Kepler-1516 b,0.707317
Kepler-1517 b,1.15156
Kepler-1517 b,1.15156
Kepler-1517 b,1.15156
Kepler-1517 b,1.15156
Kepler-1517 b,1.15156
Kepler-1517 b,1.15156
Kepler-1517 b,1.15156
Kepler-1517 b,1.15156
Kepler-1517 b,1.15156
Kepler-1517 b,1.15156
Kepler-1518 b,1.07808
Kepler-1518 b,1.07808
Kepler-1518 b,1.07808
Kepler-1518 b,1.07808
Kepler-1518 b,1.07808
Kepler-1518 b,1.07808
Kepler-1518 c,1.07808
Kepler-1518 c,1.07808
Kepler-1518 c,1.07808
Kepler-1518 c,1.07808
Kepler-1518 c,1.07808
Kepler-1519 b,0.665148
Kepler-1519 b,0.665148
Kepler-1519 b,0.665148
Kepler-1519 b,0.665148
Kepler-1519 b,0.665148
Kepler-1519 b,0.665148
Kepler-1519 b,0.665148
Kepler-1519 b,0.665148
Kepler-1519 b,0.665148
Kepler-152 b,2.23828
Kepler-152 b,2.23828
Kepler-152 b,2.23828
Kepler-152 b,2.23828
Kepler-152 b,2.23828
Kepler-152 b,2.23828
Kepler-152 b,2.23828
Kepler-152 b,2.23828
Kepler-152 b,2.23828
Kepler-152 b,2.23828
Kepler-152 b,2.23828
Kepler-152 b,2.23828
Kepler-152 c,2.23828
Kepler-152 c,2.23828
Kepler-152 c,2.23828
Kepler-152 c,2.23828
Kepler-152 c,2.23828
Kepler-152 c,2.23828
Kepler-152 c,2.23828
Kepler-152 c,2.23828
Kepler-152 c,2.23828
Kepler-152 c,2.23828
Kepler-152 c,2.23828
Kepler-152 c,2.23828
Kepler-1520 b,1.61666
Kepler-1520 b,1.61666
Kepler-1520 b,1.61666
Kepler-1520 b,1.61666
Kepler-1520 b,1.61666
Kepler-1520 b,1.61666
Kepler-1520 b,1.61666
Kepler-1520 b,1.61666
Kepler-1521 b,4.80257
Kepler-1521 b,4.80257
Kepler-1521 b,4.80257
Kepler-1521 b,4.80257
Kepler-1521 b,4.80257
Kepler-1521 b,4.80257
Kepler-1521 b,4.80257
Kepler-1521 b,4.80257
Kepler-1521 b,4.80257
Kepler-1521 b,4.80257
Kepler-1522 b,1.19953
Kepler-1522 b,1.19953
Kepler-1522 b,1.19953
Kepler-1522 b,1.19953
Kepler-1522 b,1.19953
Kepler-1522 b,1.19953
Kepler-1522 b,1.19953
Kepler-1522 b,1.19953
Kepler-1522 b,1.19953
Kepler-1523 b,1.12694
Kepler-1523 b,1.12694
Kepler-1523 b,1.12694
Kepler-1523 b,1.12694
Kepler-1523 b,1.12694
Kepler-1523 b,1.12694
Kepler-1523 b,1.12694
Kepler-1523 b,1.12694
Kepler-1523 b,1.12694
Kepler-1524 b,2.5907
Kepler-1524 b,2.5907
Kepler-1524 b,2.5907
Kepler-1524 b,2.5907
Kepler-1524 b,2.5907
Kepler-1524 b,2.5907
Kepler-1524 b,2.5907
Kepler-1524 b,2.5907
Kepler-1525 b,2.5823
Kepler-1525 b,2.5823
Kepler-1525 b,2.5823
Kepler-1525 b,2.5823
Kepler-1525 b,2.5823
Kepler-1525 b,2.5823
Kepler-1525 b,2.5823
Kepler-1525 b,2.5823
Kepler-1525 b,2.5823
Kepler-1526 b,1.77176
Kepler-1526 b,1.77176
Kepler-1526 b,1.77176
Kepler-1526 b,1.77176
Kepler-1526 b,1.77176
Kepler-1526 b,1.77176
Kepler-1526 b,1.77176
Kepler-1526 b,1.77176
Kepler-1526 b,1.77176
Kepler-1527 b,0.515025
Kepler-1527 b,0.515025
Kepler-1527 b,0.515025
Kepler-1527 b,0.515025
Kepler-1527 b,0.515025
Kepler-1527 b,0.515025
Kepler-1527 b,0.515025
Kepler-1527 b,0.515025
Kepler-1527 b,0.515025
Kepler-1528 b,1.19446
Kepler-1528 b,1.19446
Kepler-1528 b,1.19446
Kepler-1528 b,1.19446
Kepler-1528 b,1.19446
Kepler-1528 b,1.19446
Kepler-1528 b,1.19446
Kepler-1528 b,1.19446
Kepler-1529 b,1.48438
Kepler-1529 b,1.48438
Kepler-1529 b,1.48438
Kepler-1529 b,1.48438
Kepler-1529 b,1.48438
Kepler-1529 b,1.48438
Kepler-1529 b,1.48438
Kepler-1529 b,1.48438
Kepler-1529 b,1.48438
Kepler-153 b,2.14807
Kepler-153 b,2.14807
Kepler-153 b,2.14807
Kepler-153 b,2.14807
Kepler-153 b,2.14807
Kepler-153 b,2.14807
Kepler-153 b,2.14807
Kepler-153 b,2.14807
Kepler-153 b,2.14807
Kepler-153 b,2.14807
Kepler-153 b,2.14807
Kepler-153 b,2.14807
Kepler-153 c,2.14807
Kepler-153 c,2.14807
Kepler-153 c,2.14807
Kepler-153 c,2.14807
Kepler-153 c,2.14807
Kepler-153 c,2.14807
Kepler-153 c,2.14807
Kepler-153 c,2.14807
Kepler-153 c,2.14807
Kepler-153 c,2.14807
Kepler-153 c,2.14807
Kepler-153 c,2.14807
Kepler-1530 b,2.0125
Kepler-1530 b,2.0125
Kepler-1530 b,2.0125
Kepler-1530 b,2.0125
Kepler-1530 b,2.0125
Kepler-1530 b,2.0125
Kepler-1530 b,2.0125
Kepler-1530 b,2.0125
Kepler-1530 b,2.0125
Kepler-1530 b,2.0125
Kepler-1530 c,2.0125
Kepler-1530 c,2.0125
Kepler-1530 c,2.0125
Kepler-1530 c,2.0125
Kepler-1530 c,2.0125
Kepler-1530 c,2.0125
Kepler-1530 c,2.0125
Kepler-1530 c,2.0125
Kepler-1530 c,2.0125
Kepler-1530 c,2.0125
Kepler-1530 d,2.0125
Kepler-1530 d,2.0125
Kepler-1530 d,2.0125
Kepler-1530 d,2.0125
Kepler-1530 d,2.0125
Kepler-1530 d,2.0125
Kepler-1530 d,2.0125
Kepler-1530 d,2.0125
Kepler-1531 b,1.47187
Kepler-1531 b,1.47187
Kepler-1531 b,1.47187
Kepler-1531 b,1.47187
Kepler-1531 b,1.47187
Kepler-1531 b,1.47187
Kepler-1531 b,1.47187
Kepler-1531 b,1.47187
Kepler-1532 b,1.22441
Kepler-1532 b,1.22441
Kepler-1532 b,1.22441
Kepler-1532 b,1.22441
Kepler-1532 b,1.22441
Kepler-1532 b,1.22441
Kepler-1532 b,1.22441
Kepler-1532 b,1.22441
Kepler-1533 b,1.00583
Kepler-1533 b,1.00583
Kepler-1533 b,1.00583
Kepler-1533 b,1.00583
Kepler-1533 b,1.00583
Kepler-1533 b,1.00583
Kepler-1533 b,1.00583
Kepler-1533 b,1.00583
Kepler-1533 b,1.00583
Kepler-1535 b,1.08519
Kepler-1535 b,1.08519
Kepler-1535 b,1.08519
Kepler-1535 b,1.08519
Kepler-1535 b,1.08519
Kepler-1535 b,1.08519
Kepler-1535 b,1.08519
Kepler-1535 b,1.08519
Kepler-1535 b,1.08519
Kepler-1536 b,2.55391
Kepler-1536 b,2.55391
Kepler-1536 b,2.55391
Kepler-1536 b,2.55391
Kepler-1536 b,2.55391
Kepler-1536 b,2.55391
Kepler-1536 b,2.55391
Kepler-1537 b,1.90453
Kepler-1537 b,1.90453
Kepler-1537 b,1.90453
Kepler-1537 b,1.90453
Kepler-1537 b,1.90453
Kepler-1537 b,1.90453
Kepler-1537 b,1.90453
Kepler-1537 b,1.90453
Kepler-1538 b,0.860085
Kepler-1538 b,0.860085
Kepler-1538 b,0.860085
Kepler-1538 b,0.860085
Kepler-1538 b,0.860085
Kepler-1538 b,0.860085
Kepler-1538 b,0.860085
Kepler-1538 b,0.860085
Kepler-1538 b,0.860085
Kepler-1539 b,1.30801
Kepler-1539 b,1.30801
Kepler-1539 b,1.30801
Kepler-1539 b,1.30801
Kepler-1539 b,1.30801
Kepler-1539 b,1.30801
Kepler-1539 b,1.30801
Kepler-1539 b,1.30801
Kepler-1539 b,1.30801
Kepler-154 b,1.06396
Kepler-154 b,1.06396
Kepler-154 b,1.06396
Kepler-154 b,1.06396
Kepler-154 b,1.06396
Kepler-154 b,1.06396
Kepler-154 b,1.06396
Kepler-154 b,1.06396
Kepler-154 b,1.06396
Kepler-154 b,1.06396
Kepler-154 b,1.06396
Kepler-154 c,1.06396
Kepler-154 c,1.06396
Kepler-154 c,1.06396
Kepler-154 c,1.06396
Kepler-154 c,1.06396
Kepler-154 c,1.06396
Kepler-154 c,1.06396
Kepler-154 c,1.06396
Kepler-154 c,1.06396
Kepler-154 c,1.06396
Kepler-154 d,1.06396
Kepler-154 d,1.06396
Kepler-154 d,1.06396
Kepler-154 d,1.06396
Kepler-154 d,1.06396
Kepler-154 d,1.06396
Kepler-154 d,1.06396
Kepler-154 d,1.06396
Kepler-154 d,1.06396
Kepler-154 d,1.06396
Kepler-154 d,1.06396
Kepler-154 e,1.06396
Kepler-154 e,1.06396
Kepler-154 e,1.06396
Kepler-154 e,1.06396
Kepler-154 e,1.06396
Kepler-154 e,1.06396
Kepler-154 e,1.06396
Kepler-154 e,1.06396
Kepler-154 e,1.06396
Kepler-154 f,1.06396
Kepler-154 f,1.06396
Kepler-154 f,1.06396
Kepler-154 f,1.06396
Kepler-154 f,1.06396
Kepler-154 f,1.06396
Kepler-154 f,1.06396
Kepler-154 f,1.06396
Kepler-154 f,1.06396
Kepler-1540 b,4.05339
Kepler-1540 b,4.05339
Kepler-1540 b,4.05339
Kepler-1540 b,4.05339
Kepler-1540 b,4.05339
Kepler-1540 b,4.05339
Kepler-1540 b,4.05339
Kepler-1540 b,4.05339
Kepler-1541 b,2.37098
Kepler-1541 b,2.37098
Kepler-1541 b,2.37098
Kepler-1541 b,2.37098
Kepler-1541 b,2.37098
Kepler-1541 b,2.37098
Kepler-1541 b,2.37098
Kepler-1541 b,2.37098
Kepler-1541 b,2.37098
Kepler-1541 b,2.37098
Kepler-1542 b,2.47691
Kepler-1542 b,2.47691
Kepler-1542 b,2.47691
Kepler-1542 b,2.47691
Kepler-1542 b,2.47691
Kepler-1542 b,2.47691
Kepler-1542 b,2.47691
Kepler-1542 b,2.47691
Kepler-1542 b,2.47691
Kepler-1542 c,2.47691
Kepler-1542 c,2.47691
Kepler-1542 c,2.47691
Kepler-1542 c,2.47691
Kepler-1542 c,2.47691
Kepler-1542 c,2.47691
Kepler-1542 c,2.47691
Kepler-1542 c,2.47691
Kepler-1542 c,2.47691
Kepler-1542 d,2.47691
Kepler-1542 d,2.47691
Kepler-1542 d,2.47691
Kepler-1542 d,2.47691
Kepler-1542 d,2.47691
Kepler-1542 d,2.47691
Kepler-1542 d,2.47691
Kepler-1542 d,2.47691
Kepler-1542 e,2.47691
Kepler-1542 e,2.47691
Kepler-1542 e,2.47691
Kepler-1542 e,2.47691
Kepler-1542 e,2.47691
Kepler-1542 e,2.47691
Kepler-1542 e,2.47691
Kepler-1542 e,2.47691
Kepler-1543 b,1.05618
Kepler-1543 b,1.05618
Kepler-1543 b,1.05618
Kepler-1543 b,1.05618
Kepler-1543 b,1.05618
Kepler-1543 b,1.05618
Kepler-1543 b,1.05618
Kepler-1543 b,1.05618
Kepler-1544 b,2.9554
Kepler-1544 b,2.9554
Kepler-1544 b,2.9554
Kepler-1544 b,2.9554
Kepler-1544 b,2.9554
Kepler-1544 b,2.9554
Kepler-1544 b,2.9554
Kepler-1544 b,2.9554
Kepler-1544 b,2.9554
Kepler-1544 b,2.9554
Kepler-1544 b,2.9554
Kepler-1545 b,1.34157
Kepler-1545 b,1.34157
Kepler-1545 b,1.34157
Kepler-1545 b,1.34157
Kepler-1545 b,1.34157
Kepler-1545 b,1.34157
Kepler-1545 b,1.34157
Kepler-1545 b,1.34157
Kepler-1545 b,1.34157
Kepler-1546 b,1.04496
Kepler-1546 b,1.04496
Kepler-1546 b,1.04496
Kepler-1546 b,1.04496
Kepler-1546 b,1.04496
Kepler-1546 b,1.04496
Kepler-1546 b,1.04496
Kepler-1546 b,1.04496
Kepler-1546 b,1.04496
Kepler-1547 b,1.45329
Kepler-1547 b,1.45329
Kepler-1547 b,1.45329
Kepler-1547 b,1.45329
Kepler-1547 b,1.45329
Kepler-1547 b,1.45329
Kepler-1547 b,1.45329
Kepler-1547 b,1.45329
Kepler-1548 b,1.1179
Kepler-1548 b,1.1179
Kepler-1548 b,1.1179
Kepler-1548 b,1.1179
Kepler-1548 b,1.1179
Kepler-1548 b,1.1179
Kepler-1548 b,1.1179
Kepler-1548 b,1.1179
Kepler-1548 b,1.1179
Kepler-1549 b,1.21678
Kepler-1549 b,1.21678
Kepler-1549 b,1.21678
Kepler-1549 b,1.21678
Kepler-1549 b,1.21678
Kepler-1549 b,1.21678
Kepler-1549 b,1.21678
Kepler-1549 b,1.21678
Kepler-1549 b,1.21678
Kepler-155 b,3.3785
Kepler-155 b,3.3785
Kepler-155 b,3.3785
Kepler-155 b,3.3785
Kepler-155 b,3.3785
Kepler-155 b,3.3785
Kepler-155 b,3.3785
Kepler-155 b,3.3785
Kepler-155 b,3.3785
Kepler-155 b,3.3785
Kepler-155 b,3.3785
Kepler-155 b,3.3785
Kepler-155 c,3.3785
Kepler-155 c,3.3785
Kepler-155 c,3.3785
Kepler-155 c,3.3785
Kepler-155 c,3.3785
Kepler-155 c,3.3785
Kepler-155 c,3.3785
Kepler-155 c,3.3785
Kepler-155 c,3.3785
Kepler-155 c,3.3785
Kepler-155 c,3.3785
Kepler-155 c,3.3785
Kepler-155 c,3.3785
Kepler-1550 b,0.819653
Kepler-1550 b,0.819653
Kepler-1550 b,0.819653
Kepler-1550 b,0.819653
Kepler-1550 b,0.819653
Kepler-1550 b,0.819653
Kepler-1550 b,0.819653
Kepler-1550 b,0.819653
Kepler-1550 b,0.819653
Kepler-1551 b,0.655339
Kepler-1551 b,0.655339
Kepler-1551 b,0.655339
Kepler-1551 b,0.655339
Kepler-1551 b,0.655339
Kepler-1551 b,0.655339
Kepler-1551 b,0.655339
Kepler-1551 b,0.655339
Kepler-1551 b,0.655339
Kepler-1552 b,1.27177
Kepler-1552 b,1.27177
Kepler-1552 b,1.27177
Kepler-1552 b,1.27177
Kepler-1552 b,1.27177
Kepler-1552 b,1.27177
Kepler-1552 b,1.27177
Kepler-1552 b,1.27177
Kepler-1552 b,1.27177
Kepler-1553 b,1.41546
Kepler-1553 b,1.41546
Kepler-1553 b,1.41546
Kepler-1553 b,1.41546
Kepler-1553 b,1.41546
Kepler-1553 b,1.41546
Kepler-1553 b,1.41546
Kepler-1553 b,1.41546
Kepler-1554 b,1.02811
Kepler-1554 b,1.02811
Kepler-1554 b,1.02811
Kepler-1554 b,1.02811
Kepler-1554 b,1.02811
Kepler-1554 b,1.02811
Kepler-1554 b,1.02811
Kepler-1554 b,1.02811
Kepler-1554 b,1.02811
Kepler-1554 b,1.02811
Kepler-1555 b,0.467086
Kepler-1555 b,0.467086
Kepler-1555 b,0.467086
Kepler-1555 b,0.467086
Kepler-1555 b,0.467086
Kepler-1555 b,0.467086
Kepler-1555 b,0.467086
Kepler-1555 b,0.467086
Kepler-1556 b,1.03044
Kepler-1556 b,1.03044
Kepler-1556 b,1.03044
Kepler-1556 b,1.03044
Kepler-1556 b,1.03044
Kepler-1556 b,1.03044
Kepler-1556 b,1.03044
Kepler-1556 b,1.03044
Kepler-1556 b,1.03044
Kepler-1557 b,0.696106
Kepler-1557 b,0.696106
Kepler-1557 b,0.696106
Kepler-1557 b,0.696106
Kepler-1557 b,0.696106
Kepler-1557 b,0.696106
Kepler-1557 b,0.696106
Kepler-1557 b,0.696106
Kepler-1558 b,3.04107
Kepler-1558 b,3.04107
Kepler-1558 b,3.04107
Kepler-1558 b,3.04107
Kepler-1558 b,3.04107
Kepler-1558 b,3.04107
Kepler-1558 b,3.04107
Kepler-1558 b,3.04107
Kepler-1558 b,3.04107
Kepler-1559 b,1.59805
Kepler-1559 b,1.59805
Kepler-1559 b,1.59805
Kepler-1559 b,1.59805
Kepler-1559 b,1.59805
Kepler-1559 b,1.59805
Kepler-1559 b,1.59805
Kepler-1559 b,1.59805
Kepler-1559 b,1.59805
Kepler-156 b,2.22611
Kepler-156 b,2.22611
Kepler-156 b,2.22611
Kepler-156 b,2.22611
Kepler-156 b,2.22611
Kepler-156 b,2.22611
Kepler-156 b,2.22611
Kepler-156 b,2.22611
Kepler-156 b,2.22611
Kepler-156 b,2.22611
Kepler-156 b,2.22611
Kepler-156 b,2.22611
Kepler-156 c,2.22611
Kepler-156 c,2.22611
Kepler-156 c,2.22611
Kepler-156 c,2.22611
Kepler-156 c,2.22611
Kepler-156 c,2.22611
Kepler-156 c,2.22611
Kepler-156 c,2.22611
Kepler-156 c,2.22611
Kepler-156 c,2.22611
Kepler-156 c,2.22611
Kepler-156 c,2.22611
Kepler-1560 b,1.96128
Kepler-1560 b,1.96128
Kepler-1560 b,1.96128
Kepler-1560 b,1.96128
Kepler-1560 b,1.96128
Kepler-1560 b,1.96128
Kepler-1560 b,1.96128
Kepler-1560 b,1.96128
Kepler-1560 b,1.96128
Kepler-1561 b,1.16365
Kepler-1561 b,1.16365
Kepler-1561 b,1.16365
Kepler-1561 b,1.16365
Kepler-1561 b,1.16365
Kepler-1561 b,1.16365
Kepler-1561 b,1.16365
Kepler-1561 b,1.16365
Kepler-1562 b,0.456447
Kepler-1562 b,0.456447
Kepler-1562 b,0.456447
Kepler-1562 b,0.456447
Kepler-1562 b,0.456447
Kepler-1562 b,0.456447
Kepler-1562 b,0.456447
Kepler-1562 b,0.456447
Kepler-1562 b,0.456447
Kepler-1564 b,1.07181
Kepler-1564 b,1.07181
Kepler-1564 b,1.07181
Kepler-1564 b,1.07181
Kepler-1564 b,1.07181
Kepler-1564 b,1.07181
Kepler-1564 b,1.07181
Kepler-1564 b,1.07181
Kepler-1564 b,1.07181
Kepler-1565 b,1.55935
Kepler-1565 b,1.55935
Kepler-1565 b,1.55935
Kepler-1565 b,1.55935
Kepler-1565 b,1.55935
Kepler-1565 b,1.55935
Kepler-1565 b,1.55935
Kepler-1565 b,1.55935
Kepler-1566 b,2.11442
Kepler-1566 b,2.11442
Kepler-1566 b,2.11442
Kepler-1566 b,2.11442
Kepler-1566 b,2.11442
Kepler-1566 b,2.11442
Kepler-1566 b,2.11442
Kepler-1566 b,2.11442
Kepler-1566 b,2.11442
Kepler-1567 b,0.800777
Kepler-1567 b,0.800777
Kepler-1567 b,0.800777
Kepler-1567 b,0.800777
Kepler-1567 b,0.800777
Kepler-1567 b,0.800777
Kepler-1567 b,0.800777
Kepler-1567 b,0.800777
Kepler-1567 b,0.800777
Kepler-1568 b,1.06256
Kepler-1568 b,1.06256
Kepler-1568 b,1.06256
Kepler-1568 b,1.06256
Kepler-1568 b,1.06256
Kepler-1568 b,1.06256
Kepler-1568 b,1.06256
Kepler-1568 b,1.06256
Kepler-1568 b,1.06256
Kepler-1568 b,1.06256
Kepler-1569 b,1.02913
Kepler-1569 b,1.02913
Kepler-1569 b,1.02913
Kepler-1569 b,1.02913
Kepler-1569 b,1.02913
Kepler-1569 b,1.02913
Kepler-1569 b,1.02913
Kepler-1569 b,1.02913
Kepler-157 b,1.2638
Kepler-157 b,1.2638
Kepler-157 b,1.2638
Kepler-157 b,1.2638
Kepler-157 b,1.2638
Kepler-157 b,1.2638
Kepler-157 b,1.2638
Kepler-157 b,1.2638
Kepler-157 b,1.2638
Kepler-157 b,1.2638
Kepler-157 b,1.2638
Kepler-157 c,1.2638
Kepler-157 c,1.2638
Kepler-157 c,1.2638
Kepler-157 c,1.2638
Kepler-157 c,1.2638
Kepler-157 c,1.2638
Kepler-157 c,1.2638
Kepler-157 c,1.2638
Kepler-157 c,1.2638
Kepler-157 c,1.2638
Kepler-157 c,1.2638
Kepler-157 c,1.2638
Kepler-157 d,1.2638
Kepler-157 d,1.2638
Kepler-157 d,1.2638
Kepler-157 d,1.2638
Kepler-157 d,1.2638
Kepler-157 d,1.2638
Kepler-157 d,1.2638
Kepler-157 d,1.2638
Kepler-157 d,1.2638
Kepler-157 d,1.2638
Kepler-1570 b,1.05951
Kepler-1570 b,1.05951
Kepler-1570 b,1.05951
Kepler-1570 b,1.05951
Kepler-1570 b,1.05951
Kepler-1570 b,1.05951
Kepler-1570 b,1.05951
Kepler-1570 b,1.05951
Kepler-1570 b,1.05951
Kepler-1570 b,1.05951
Kepler-1571 b,1.45213
Kepler-1571 b,1.45213
Kepler-1571 b,1.45213
Kepler-1571 b,1.45213
Kepler-1571 b,1.45213
Kepler-1571 b,1.45213
Kepler-1571 b,1.45213
Kepler-1571 b,1.45213
Kepler-1571 b,1.45213
Kepler-1572 b,1.02757
Kepler-1572 b,1.02757
Kepler-1572 b,1.02757
Kepler-1572 b,1.02757
Kepler-1572 b,1.02757
Kepler-1572 b,1.02757
Kepler-1572 b,1.02757
Kepler-1572 b,1.02757
Kepler-1572 b,1.02757
Kepler-1573 b,0.658501
Kepler-1573 b,0.658501
Kepler-1573 b,0.658501
Kepler-1573 b,0.658501
Kepler-1573 b,0.658501
Kepler-1573 b,0.658501
Kepler-1573 b,0.658501
Kepler-1573 b,0.658501
Kepler-1574 b,0.693832
Kepler-1574 b,0.693832
Kepler-1574 b,0.693832
Kepler-1574 b,0.693832
Kepler-1574 b,0.693832
Kepler-1574 b,0.693832
Kepler-1574 b,0.693832
Kepler-1574 b,0.693832
Kepler-1575 b,0.773719
Kepler-1575 b,0.773719
Kepler-1575 b,0.773719
Kepler-1575 b,0.773719
Kepler-1575 b,0.773719
Kepler-1575 b,0.773719
Kepler-1575 b,0.773719
Kepler-1575 b,0.773719
Kepler-1576 b,2.14073
Kepler-1576 b,2.14073
Kepler-1576 b,2.14073
Kepler-1576 b,2.14073
Kepler-1576 b,2.14073
Kepler-1576 b,2.14073
Kepler-1576 b,2.14073
Kepler-1576 b,2.14073
Kepler-1576 b,2.14073
Kepler-1577 b,1.93214
Kepler-1577 b,1.93214
Kepler-1577 b,1.93214
Kepler-1577 b,1.93214
Kepler-1577 b,1.93214
Kepler-1577 b,1.93214
Kepler-1577 b,1.93214
Kepler-1577 b,1.93214
Kepler-1578 b,0.911685
Kepler-1578 b,0.911685
Kepler-1578 b,0.911685
Kepler-1578 b,0.911685
Kepler-1578 b,0.911685
Kepler-1578 b,0.911685
Kepler-1578 b,0.911685
Kepler-1578 b,0.911685
Kepler-158 b,3.14405
Kepler-158 b,3.14405
Kepler-158 b,3.14405
Kepler-158 b,3.14405
Kepler-158 b,3.14405
Kepler-158 b,3.14405
Kepler-158 b,3.14405
Kepler-158 b,3.14405
Kepler-158 b,3.14405
Kepler-158 b,3.14405
Kepler-158 b,3.14405
Kepler-158 b,3.14405
Kepler-158 c,3.14405
Kepler-158 c,3.14405
Kepler-158 c,3.14405
Kepler-158 c,3.14405
Kepler-158 c,3.14405
Kepler-158 c,3.14405
Kepler-158 c,3.14405
Kepler-158 c,3.14405
Kepler-158 c,3.14405
Kepler-158 c,3.14405
Kepler-158 c,3.14405
Kepler-158 c,3.14405
Kepler-158 d,3.14405
Kepler-1580 b,0.969463
Kepler-1580 b,0.969463
Kepler-1580 b,0.969463
Kepler-1580 b,0.969463
Kepler-1580 b,0.969463
Kepler-1580 b,0.969463
Kepler-1580 b,0.969463
Kepler-1580 b,0.969463
Kepler-1580 b,0.969463
Kepler-1580 b,0.969463
Kepler-1581 b,1.99907
Kepler-1581 b,1.99907
Kepler-1581 b,1.99907
Kepler-1581 b,1.99907
Kepler-1581 b,1.99907
Kepler-1581 b,1.99907
Kepler-1581 b,1.99907
Kepler-1581 b,1.99907
Kepler-1581 b,1.99907
Kepler-1582 b,12.6475
Kepler-1582 b,12.6475
Kepler-1582 b,12.6475
Kepler-1582 b,12.6475
Kepler-1582 b,12.6475
Kepler-1582 b,12.6475
Kepler-1582 b,12.6475
Kepler-1582 b,12.6475
Kepler-1583 b,2.44685
Kepler-1583 b,2.44685
Kepler-1583 b,2.44685
Kepler-1583 b,2.44685
Kepler-1583 b,2.44685
Kepler-1583 b,2.44685
Kepler-1583 b,2.44685
Kepler-1583 b,2.44685
Kepler-1583 b,2.44685
Kepler-1584 b,0.677238
Kepler-1584 b,0.677238
Kepler-1584 b,0.677238
Kepler-1584 b,0.677238
Kepler-1584 b,0.677238
Kepler-1584 b,0.677238
Kepler-1584 b,0.677238
Kepler-1584 b,0.677238
Kepler-1585 b,1.03152
Kepler-1585 b,1.03152
Kepler-1585 b,1.03152
Kepler-1585 b,1.03152
Kepler-1585 b,1.03152
Kepler-1585 b,1.03152
Kepler-1585 b,1.03152
Kepler-1585 b,1.03152
Kepler-1586 b,1.78099
Kepler-1586 b,1.78099
Kepler-1586 b,1.78099
Kepler-1586 b,1.78099
Kepler-1586 b,1.78099
Kepler-1586 b,1.78099
Kepler-1586 b,1.78099
Kepler-1586 b,1.78099
Kepler-1586 b,1.78099
Kepler-1587 b,0.945453
Kepler-1587 b,0.945453
Kepler-1587 b,0.945453
Kepler-1587 b,0.945453
Kepler-1587 b,0.945453
Kepler-1587 b,0.945453
Kepler-1587 b,0.945453
Kepler-1587 b,0.945453
Kepler-1587 b,0.945453
Kepler-1588 b,1.05335
Kepler-1588 b,1.05335
Kepler-1588 b,1.05335
Kepler-1588 b,1.05335
Kepler-1588 b,1.05335
Kepler-1588 b,1.05335
Kepler-1588 b,1.05335
Kepler-1588 b,1.05335
Kepler-1588 b,1.05335
Kepler-1589 b,0.633158
Kepler-1589 b,0.633158
Kepler-1589 b,0.633158
Kepler-1589 b,0.633158
Kepler-1589 b,0.633158
Kepler-1589 b,0.633158
Kepler-1589 b,0.633158
Kepler-159 b,2.64697
Kepler-159 b,2.64697
Kepler-159 b,2.64697
Kepler-159 b,2.64697
Kepler-159 b,2.64697
Kepler-159 b,2.64697
Kepler-159 b,2.64697
Kepler-159 b,2.64697
Kepler-159 b,2.64697
Kepler-159 b,2.64697
Kepler-159 b,2.64697
Kepler-159 b,2.64697
Kepler-159 b,2.64697
Kepler-159 c,2.64697
Kepler-159 c,2.64697
Kepler-159 c,2.64697
Kepler-159 c,2.64697
Kepler-159 c,2.64697
Kepler-159 c,2.64697
Kepler-159 c,2.64697
Kepler-159 c,2.64697
Kepler-159 c,2.64697
Kepler-159 c,2.64697
Kepler-159 c,2.64697
Kepler-159 c,2.64697
Kepler-1590 b,1.26804
Kepler-1590 b,1.26804
Kepler-1590 b,1.26804
Kepler-1590 b,1.26804
Kepler-1590 b,1.26804
Kepler-1590 b,1.26804
Kepler-1590 b,1.26804
Kepler-1590 b,1.26804
Kepler-1590 b,1.26804
Kepler-1591 b,0.676306
Kepler-1591 b,0.676306
Kepler-1591 b,0.676306
Kepler-1591 b,0.676306
Kepler-1591 b,0.676306
Kepler-1591 b,0.676306
Kepler-1591 b,0.676306
Kepler-1592 b,0.582108
Kepler-1592 b,0.582108
Kepler-1592 b,0.582108
Kepler-1592 b,0.582108
Kepler-1592 b,0.582108
Kepler-1592 b,0.582108
Kepler-1592 b,0.582108
Kepler-1592 b,0.582108
Kepler-1593 b,1.53886
Kepler-1593 b,1.53886
Kepler-1593 b,1.53886
Kepler-1593 b,1.53886
Kepler-1593 b,1.53886
Kepler-1593 b,1.53886
Kepler-1593 b,1.53886
Kepler-1593 b,1.53886
Kepler-1593 b,1.53886
Kepler-1593 b,1.53886
Kepler-1593 b,1.53886
Kepler-1594 b,0.995227
Kepler-1594 b,0.995227
Kepler-1594 b,0.995227
Kepler-1594 b,0.995227
Kepler-1594 b,0.995227
Kepler-1594 b,0.995227
Kepler-1594 b,0.995227
Kepler-1594 b,0.995227
Kepler-1595 b,1.15515
Kepler-1595 b,1.15515
Kepler-1595 b,1.15515
Kepler-1595 b,1.15515
Kepler-1595 b,1.15515
Kepler-1595 b,1.15515
Kepler-1595 b,1.15515
Kepler-1595 b,1.15515
Kepler-1596 b,0.435728
Kepler-1596 b,0.435728
Kepler-1596 b,0.435728
Kepler-1596 b,0.435728
Kepler-1596 b,0.435728
Kepler-1596 b,0.435728
Kepler-1596 b,0.435728
Kepler-1596 b,0.435728
Kepler-1596 b,0.435728
Kepler-1597 b,0.790157
Kepler-1597 b,0.790157
Kepler-1597 b,0.790157
Kepler-1597 b,0.790157
Kepler-1597 b,0.790157
Kepler-1597 b,0.790157
Kepler-1597 b,0.790157
Kepler-1597 b,0.790157
Kepler-1597 b,0.790157
Kepler-1598 b,1.58453
Kepler-1598 b,1.58453
Kepler-1598 b,1.58453
Kepler-1598 b,1.58453
Kepler-1598 b,1.58453
Kepler-1598 b,1.58453
Kepler-1598 b,1.58453
Kepler-1598 b,1.58453
Kepler-1598 b,1.58453
Kepler-1599 b,0.724168
Kepler-1599 b,0.724168
Kepler-1599 b,0.724168
Kepler-1599 b,0.724168
Kepler-1599 b,0.724168
Kepler-1599 b,0.724168
Kepler-1599 b,0.724168
Kepler-1599 b,0.724168
Kepler-1599 b,0.724168
Kepler-16 b,13.2893
Kepler-16 b,13.2893
Kepler-160 b,1.03851
Kepler-160 b,1.03851
Kepler-160 b,1.03851
Kepler-160 b,1.03851
Kepler-160 b,1.03851
Kepler-160 b,1.03851
Kepler-160 b,1.03851
Kepler-160 b,1.03851
Kepler-160 b,1.03851
Kepler-160 b,1.03851
Kepler-160 b,1.03851
Kepler-160 b,1.03851
Kepler-160 b,1.03851
Kepler-160 c,1.03851
Kepler-160 c,1.03851
Kepler-160 c,1.03851
Kepler-160 c,1.03851
Kepler-160 c,1.03851
Kepler-160 c,1.03851
Kepler-160 c,1.03851
Kepler-160 c,1.03851
Kepler-160 c,1.03851
Kepler-160 c,1.03851
Kepler-160 c,1.03851
Kepler-160 c,1.03851
Kepler-160 d,1.03851
Kepler-1600 b,0.942406
Kepler-1600 b,0.942406
Kepler-1600 b,0.942406
Kepler-1600 b,0.942406
Kepler-1600 b,0.942406
Kepler-1600 b,0.942406
Kepler-1600 b,0.942406
Kepler-1600 c,0.942406
Kepler-1600 c,0.942406
Kepler-1600 c,0.942406
Kepler-1600 c,0.942406
Kepler-1600 c,0.942406
Kepler-1600 c,0.942406
Kepler-1600 c,0.942406
Kepler-1601 b,1.52288
Kepler-1601 b,1.52288
Kepler-1601 b,1.52288
Kepler-1601 b,1.52288
Kepler-1601 b,1.52288
Kepler-1601 b,1.52288
Kepler-1601 b,1.52288
Kepler-1601 b,1.52288
Kepler-1601 b,1.52288
Kepler-1602 b,1.55899
Kepler-1602 b,1.55899
Kepler-1602 b,1.55899
Kepler-1602 b,1.55899
Kepler-1602 b,1.55899
Kepler-1602 b,1.55899
Kepler-1602 b,1.55899
Kepler-1602 b,1.55899
Kepler-1602 b,1.55899
Kepler-1603 b,0.340536
Kepler-1603 b,0.340536
Kepler-1603 b,0.340536
Kepler-1603 b,0.340536
Kepler-1603 b,0.340536
Kepler-1603 b,0.340536
Kepler-1603 b,0.340536
Kepler-1603 b,0.340536
Kepler-1604 b,1.81912
Kepler-1604 b,1.81912
Kepler-1604 b,1.81912
Kepler-1604 b,1.81912
Kepler-1604 b,1.81912
Kepler-1604 b,1.81912
Kepler-1604 b,1.81912
Kepler-1604 b,1.81912
Kepler-1605 b,1.80209
Kepler-1605 b,1.80209
Kepler-1605 b,1.80209
Kepler-1605 b,1.80209
Kepler-1605 b,1.80209
Kepler-1605 b,1.80209
Kepler-1605 b,1.80209
Kepler-1605 b,1.80209
Kepler-1605 b,1.80209
Kepler-1605 b,1.80209
Kepler-1606 b,1.17453
Kepler-1606 b,1.17453
Kepler-1606 b,1.17453
Kepler-1606 b,1.17453
Kepler-1606 b,1.17453
Kepler-1606 b,1.17453
Kepler-1606 b,1.17453
Kepler-1606 b,1.17453
Kepler-1606 b,1.17453
Kepler-1606 b,1.17453
Kepler-1607 b,0.74942
Kepler-1607 b,0.74942
Kepler-1607 b,0.74942
Kepler-1607 b,0.74942
Kepler-1607 b,0.74942
Kepler-1607 b,0.74942
Kepler-1607 b,0.74942
Kepler-1607 b,0.74942
Kepler-1609 b,0.519126
Kepler-1609 b,0.519126
Kepler-1609 b,0.519126
Kepler-1609 b,0.519126
Kepler-1609 b,0.519126
Kepler-1609 b,0.519126
Kepler-1609 b,0.519126
Kepler-1609 b,0.519126
Kepler-1609 b,0.519126
Kepler-161 b,2.27197
Kepler-161 b,2.27197
Kepler-161 b,2.27197
Kepler-161 b,2.27197
Kepler-161 b,2.27197
Kepler-161 b,2.27197
Kepler-161 b,2.27197
Kepler-161 b,2.27197
Kepler-161 b,2.27197
Kepler-161 b,2.27197
Kepler-161 b,2.27197
Kepler-161 b,2.27197
Kepler-161 b,2.27197
Kepler-161 b,2.27197
Kepler-161 b,2.27197
Kepler-161 c,2.27197
Kepler-161 c,2.27197
Kepler-161 c,2.27197
Kepler-161 c,2.27197
Kepler-161 c,2.27197
Kepler-161 c,2.27197
Kepler-161 c,2.27197
Kepler-161 c,2.27197
Kepler-161 c,2.27197
Kepler-161 c,2.27197
Kepler-161 c,2.27197
Kepler-161 c,2.27197
Kepler-161 c,2.27197
Kepler-161 c,2.27197
Kepler-1610 b,1.1292
Kepler-1610 b,1.1292
Kepler-1610 b,1.1292
Kepler-1610 b,1.1292
Kepler-1610 b,1.1292
Kepler-1610 b,1.1292
Kepler-1610 b,1.1292
Kepler-1610 b,1.1292
Kepler-1610 c,1.1292
Kepler-1610 c,1.1292
Kepler-1610 c,1.1292
Kepler-1610 c,1.1292
Kepler-1610 c,1.1292
Kepler-1610 c,1.1292
Kepler-1610 c,1.1292
Kepler-1612 b,1.27914
Kepler-1612 b,1.27914
Kepler-1612 b,1.27914
Kepler-1612 b,1.27914
Kepler-1612 b,1.27914
Kepler-1612 b,1.27914
Kepler-1612 b,1.27914
Kepler-1612 b,1.27914
Kepler-1613 b,0.634424
Kepler-1613 b,0.634424
Kepler-1613 b,0.634424
Kepler-1613 b,0.634424
Kepler-1613 b,0.634424
Kepler-1613 b,0.634424
Kepler-1613 b,0.634424
Kepler-1613 b,0.634424
Kepler-1613 b,0.634424
Kepler-1613 b,0.634424
Kepler-1614 b,0.811097
Kepler-1614 b,0.811097
Kepler-1614 b,0.811097
Kepler-1614 b,0.811097
Kepler-1614 b,0.811097
Kepler-1614 b,0.811097
Kepler-1614 b,0.811097
Kepler-1614 b,0.811097
Kepler-1615 b,0.688644
Kepler-1615 b,0.688644
Kepler-1615 b,0.688644
Kepler-1615 b,0.688644
Kepler-1615 b,0.688644
Kepler-1615 b,0.688644
Kepler-1615 b,0.688644
Kepler-1615 b,0.688644
Kepler-1616 b,0.850017
Kepler-1616 b,0.850017
Kepler-1616 b,0.850017
Kepler-1616 b,0.850017
Kepler-1616 b,0.850017
Kepler-1616 b,0.850017
Kepler-1616 b,0.850017
Kepler-1616 b,0.850017
Kepler-1616 b,0.850017
Kepler-1617 b,1.08441
Kepler-1617 b,1.08441
Kepler-1617 b,1.08441
Kepler-1617 b,1.08441
Kepler-1617 b,1.08441
Kepler-1617 b,1.08441
Kepler-1617 b,1.08441
Kepler-1617 b,1.08441
Kepler-1617 b,1.08441
Kepler-1618 b,0.784916
Kepler-1618 b,0.784916
Kepler-1618 b,0.784916
Kepler-1618 b,0.784916
Kepler-1618 b,0.784916
Kepler-1618 b,0.784916
Kepler-1618 b,0.784916
Kepler-1618 b,0.784916
Kepler-1618 b,0.784916
Kepler-1619 b,1.332
Kepler-1619 b,1.332
Kepler-1619 b,1.332
Kepler-1619 b,1.332
Kepler-1619 b,1.332
Kepler-1619 b,1.332
Kepler-1619 b,1.332
Kepler-1619 b,1.332
Kepler-1619 b,1.332
Kepler-162 b,1.14023
Kepler-162 b,1.14023
Kepler-162 b,1.14023
Kepler-162 b,1.14023
Kepler-162 b,1.14023
Kepler-162 b,1.14023
Kepler-162 b,1.14023
Kepler-162 b,1.14023
Kepler-162 b,1.14023
Kepler-162 b,1.14023
Kepler-162 b,1.14023
Kepler-162 c,1.14023
Kepler-162 c,1.14023
Kepler-162 c,1.14023
Kepler-162 c,1.14023
Kepler-162 c,1.14023
Kepler-162 c,1.14023
Kepler-162 c,1.14023
Kepler-162 c,1.14023
Kepler-162 c,1.14023
Kepler-162 c,1.14023
Kepler-162 c,1.14023
Kepler-162 c,1.14023
Kepler-1621 b,0.584989
Kepler-1621 b,0.584989
Kepler-1621 b,0.584989
Kepler-1621 b,0.584989
Kepler-1621 b,0.584989
Kepler-1621 b,0.584989
Kepler-1621 b,0.584989
Kepler-1621 b,0.584989
Kepler-1621 b,0.584989
Kepler-1622 b,1.22675
Kepler-1622 b,1.22675
Kepler-1622 b,1.22675
Kepler-1622 b,1.22675
Kepler-1622 b,1.22675
Kepler-1622 b,1.22675
Kepler-1622 b,1.22675
Kepler-1622 b,1.22675
Kepler-1622 b,1.22675
Kepler-1623 b,1.16562
Kepler-1623 b,1.16562
Kepler-1623 b,1.16562
Kepler-1623 b,1.16562
Kepler-1623 b,1.16562
Kepler-1623 b,1.16562
Kepler-1623 b,1.16562
Kepler-1623 b,1.16562
Kepler-1624 b,3.83323
Kepler-1624 b,3.83323
Kepler-1624 b,3.83323
Kepler-1624 b,3.83323
Kepler-1624 b,3.83323
Kepler-1624 b,3.83323
Kepler-1624 b,3.83323
Kepler-1624 b,3.83323
Kepler-1624 b,3.83323
Kepler-1625 b,0.40645
Kepler-1625 b,0.40645
Kepler-1625 b,0.40645
Kepler-1625 b,0.40645
Kepler-1625 b,0.40645
Kepler-1625 b,0.40645
Kepler-1625 b,0.40645
Kepler-1625 b,0.40645
Kepler-1626 b,0.702119
Kepler-1626 b,0.702119
Kepler-1626 b,0.702119
Kepler-1626 b,0.702119
Kepler-1626 b,0.702119
Kepler-1626 b,0.702119
Kepler-1626 b,0.702119
Kepler-1627 b,3.12223
Kepler-1627 b,3.12223
Kepler-1627 b,3.12223
Kepler-1627 b,3.12223
Kepler-1627 b,3.12223
Kepler-1627 b,3.12223
Kepler-1627 b,3.12223
Kepler-1629 b,2.94668
Kepler-1629 b,2.94668
Kepler-1629 b,2.94668
Kepler-1629 b,2.94668
Kepler-1629 b,2.94668
Kepler-1629 b,2.94668
Kepler-163 b,1.42108
Kepler-163 b,1.42108
Kepler-163 b,1.42108
Kepler-163 b,1.42108
Kepler-163 b,1.42108
Kepler-163 b,1.42108
Kepler-163 b,1.42108
Kepler-163 b,1.42108
Kepler-163 b,1.42108
Kepler-163 b,1.42108
Kepler-163 c,1.42108
Kepler-163 c,1.42108
Kepler-163 c,1.42108
Kepler-163 c,1.42108
Kepler-163 c,1.42108
Kepler-163 c,1.42108
Kepler-163 c,1.42108
Kepler-163 c,1.42108
Kepler-163 c,1.42108
Kepler-163 c,1.42108
Kepler-163 c,1.42108
Kepler-1630 b,2.99043
Kepler-1630 b,2.99043
Kepler-1630 b,2.99043
Kepler-1630 b,2.99043
Kepler-1631 b,0.738012
Kepler-1631 b,0.738012
Kepler-1631 b,0.738012
Kepler-1631 b,0.738012
Kepler-1631 b,0.738012
Kepler-1631 b,0.738012
Kepler-1632 b,1.36634
Kepler-1632 b,1.36634
Kepler-1632 b,1.36634
Kepler-1632 b,1.36634
Kepler-1632 b,1.36634
Kepler-1632 b,1.36634
Kepler-1633 b,0.86808
Kepler-1633 b,0.86808
Kepler-1633 b,0.86808
Kepler-1633 b,0.86808
Kepler-1633 b,0.86808
Kepler-1633 b,0.86808
Kepler-1633 b,0.86808
Kepler-1633 b,0.86808
Kepler-1634 b,1.5913
Kepler-1634 b,1.5913
Kepler-1634 b,1.5913
Kepler-1634 b,1.5913
Kepler-1634 b,1.5913
Kepler-1634 b,1.5913
Kepler-1635 b,0.906922
Kepler-1635 b,0.906922
Kepler-1635 b,0.906922
Kepler-1635 b,0.906922
Kepler-1635 b,0.906922
Kepler-1635 b,0.906922
Kepler-1635 b,0.906922
Kepler-1636 b,0.484946
Kepler-1636 b,0.484946
Kepler-1636 b,0.484946
Kepler-1636 b,0.484946
Kepler-1636 b,0.484946
Kepler-1636 b,0.484946
Kepler-1636 b,0.484946
Kepler-1638 b,0.626933
Kepler-1638 b,0.626933
Kepler-1638 b,0.626933
Kepler-1638 b,0.626933
Kepler-1638 b,0.626933
Kepler-1638 b,0.626933
Kepler-1638 b,0.626933
Kepler-1638 b,0.626933
Kepler-1638 b,0.626933
Kepler-1639 b,0.940878
Kepler-1639 b,0.940878
Kepler-1639 b,0.940878
Kepler-1639 b,0.940878
Kepler-1639 b,0.940878
Kepler-1639 b,0.940878
Kepler-1639 b,0.940878
Kepler-1639 b,0.940878
Kepler-164 b,1.09387
Kepler-164 b,1.09387
Kepler-164 b,1.09387
Kepler-164 b,1.09387
Kepler-164 b,1.09387
Kepler-164 b,1.09387
Kepler-164 b,1.09387
Kepler-164 b,1.09387
Kepler-164 b,1.09387
Kepler-164 b,1.09387
Kepler-164 b,1.09387
Kepler-164 c,1.09387
Kepler-164 c,1.09387
Kepler-164 c,1.09387
Kepler-164 c,1.09387
Kepler-164 c,1.09387
Kepler-164 c,1.09387
Kepler-164 c,1.09387
Kepler-164 c,1.09387
Kepler-164 c,1.09387
Kepler-164 c,1.09387
Kepler-164 c,1.09387
Kepler-164 c,1.09387
Kepler-164 d,1.09387
Kepler-164 d,1.09387
Kepler-164 d,1.09387
Kepler-164 d,1.09387
Kepler-164 d,1.09387
Kepler-164 d,1.09387
Kepler-164 d,1.09387
Kepler-164 d,1.09387
Kepler-164 d,1.09387
Kepler-164 d,1.09387
Kepler-164 d,1.09387
Kepler-164 d,1.09387
Kepler-164 e,1.09387
Kepler-164 e,1.09387
Kepler-164 e,1.09387
Kepler-164 e,1.09387
Kepler-164 e,1.09387
Kepler-164 e,1.09387
Kepler-164 e,1.09387
Kepler-164 e,1.09387
Kepler-164 e,1.09387
Kepler-1641 b,1.13394
Kepler-1641 b,1.13394
Kepler-1641 b,1.13394
Kepler-1641 b,1.13394
Kepler-1641 b,1.13394
Kepler-1641 b,1.13394
Kepler-1641 b,1.13394
Kepler-1641 c,1.13394
Kepler-1641 c,1.13394
Kepler-1641 c,1.13394
Kepler-1641 c,1.13394
Kepler-1641 c,1.13394
Kepler-1641 c,1.13394
Kepler-1641 c,1.13394
Kepler-1642 b,2.38745
Kepler-1642 b,2.38745
Kepler-1642 b,2.38745
Kepler-1642 b,2.38745
Kepler-1642 b,2.38745
Kepler-1642 b,2.38745
Kepler-1642 b,2.38745
Kepler-1642 c,2.38745
Kepler-1642 c,2.38745
Kepler-1642 c,2.38745
Kepler-1642 c,2.38745
Kepler-1642 c,2.38745
Kepler-1642 c,2.38745
Kepler-1642 c,2.38745
Kepler-1643 b,2.8972
Kepler-1643 b,2.8972
Kepler-1643 b,2.8972
Kepler-1643 b,2.8972
Kepler-1643 b,2.8972
Kepler-1643 b,2.8972
Kepler-1643 b,2.8972
Kepler-1643 b,2.8972
Kepler-1645 b,0.803145
Kepler-1645 b,0.803145
Kepler-1645 b,0.803145
Kepler-1645 b,0.803145
Kepler-1645 b,0.803145
Kepler-1645 b,0.803145
Kepler-1645 b,0.803145
Kepler-1646 b,7.80885
Kepler-1646 b,7.80885
Kepler-1646 b,7.80885
Kepler-1646 b,7.80885
Kepler-1646 b,7.80885
Kepler-1646 b,7.80885
Kepler-1646 b,7.80885
Kepler-1647 b,0.796176
Kepler-1649 b,10.8187
Kepler-1649 b,10.8187
Kepler-1649 b,10.8187
Kepler-1649 b,10.8187
Kepler-1649 b,10.8187
Kepler-1649 b,10.8187
Kepler-1649 b,10.8187
Kepler-1649 b,10.8187
Kepler-1649 c,10.8187
Kepler-1649 c,10.8187
Kepler-1649 c,10.8187
Kepler-165 b,1.75418
Kepler-165 b,1.75418
Kepler-165 b,1.75418
Kepler-165 b,1.75418
Kepler-165 b,1.75418
Kepler-165 b,1.75418
Kepler-165 b,1.75418
Kepler-165 b,1.75418
Kepler-165 b,1.75418
Kepler-165 b,1.75418
Kepler-165 b,1.75418
Kepler-165 b,1.75418
Kepler-165 c,1.75418
Kepler-165 c,1.75418
Kepler-165 c,1.75418
Kepler-165 c,1.75418
Kepler-165 c,1.75418
Kepler-165 c,1.75418
Kepler-165 c,1.75418
Kepler-165 c,1.75418
Kepler-165 c,1.75418
Kepler-165 c,1.75418
Kepler-165 c,1.75418
Kepler-165 c,1.75418
Kepler-1650 b,7.41203
Kepler-1650 b,7.41203
Kepler-1650 b,7.41203
Kepler-1650 b,7.41203
Kepler-1650 b,7.41203
Kepler-1650 b,7.41203
Kepler-1650 b,7.41203
Kepler-1650 b,7.41203
Kepler-1650 b,7.41203
Kepler-1650 b,7.41203
Kepler-1651 b,15.0296
Kepler-1651 b,15.0296
Kepler-1651 b,15.0296
Kepler-1651 b,15.0296
Kepler-1651 b,15.0296
Kepler-1651 b,15.0296
Kepler-1651 b,15.0296
Kepler-1651 b,15.0296
Kepler-1654 b,1.73131
Kepler-1655 b,4.66028
Kepler-1655 b,4.66028
Kepler-1655 b,4.66028
Kepler-1655 b,4.66028
Kepler-1655 b,4.66028
Kepler-1655 b,4.66028
Kepler-1655 b,4.66028
Kepler-1655 b,4.66028
Kepler-1655 b,4.66028
Kepler-1655 b,4.66028
Kepler-1655 b,4.66028
Kepler-1656 b,5.35115
Kepler-1656 b,5.35115
Kepler-1656 b,5.35115
Kepler-1656 b,5.35115
Kepler-1656 b,5.35115
Kepler-1656 b,5.35115
Kepler-1656 b,5.35115
Kepler-1656 b,5.35115
Kepler-1656 b,5.35115
Kepler-1656 b,5.35115
Kepler-1656 b,5.35115
Kepler-1656 c,5.35115
Kepler-166 b,1.62825
Kepler-166 b,1.62825
Kepler-166 b,1.62825
Kepler-166 b,1.62825
Kepler-166 b,1.62825
Kepler-166 b,1.62825
Kepler-166 b,1.62825
Kepler-166 b,1.62825
Kepler-166 b,1.62825
Kepler-166 b,1.62825
Kepler-166 b,1.62825
Kepler-166 b,1.62825
Kepler-166 c,1.62825
Kepler-166 c,1.62825
Kepler-166 c,1.62825
Kepler-166 c,1.62825
Kepler-166 c,1.62825
Kepler-166 c,1.62825
Kepler-166 c,1.62825
Kepler-166 c,1.62825
Kepler-166 c,1.62825
Kepler-166 c,1.62825
Kepler-166 c,1.62825
Kepler-166 c,1.62825
Kepler-166 d,1.62825
Kepler-166 d,1.62825
Kepler-166 d,1.62825
Kepler-166 d,1.62825
Kepler-166 d,1.62825
Kepler-166 d,1.62825
Kepler-166 d,1.62825
Kepler-166 d,1.62825
Kepler-166 d,1.62825
Kepler-166 d,1.62825
Kepler-166 d,1.62825
Kepler-1660 AB b,0.812612
Kepler-1660 AB b,0.812612
Kepler-1661 b,2.4066
Kepler-1663 b,2.9307
Kepler-1663 b,2.9307
Kepler-1663 b,2.9307
Kepler-1663 b,2.9307
Kepler-1663 b,2.9307
Kepler-1663 b,2.9307
Kepler-1663 b,2.9307
Kepler-1663 b,2.9307
Kepler-1665 b,2.9516
Kepler-1665 b,2.9516
Kepler-1665 b,2.9516
Kepler-1665 b,2.9516
Kepler-1665 b,2.9516
Kepler-1665 b,2.9516
Kepler-1665 b,2.9516
Kepler-1665 b,2.9516
Kepler-1665 b,2.9516
Kepler-1666 b,0.697148
Kepler-1666 b,0.697148
Kepler-1666 b,0.697148
Kepler-1666 b,0.697148
Kepler-1666 b,0.697148
Kepler-1666 b,0.697148
Kepler-1666 b,0.697148
Kepler-1666 b,0.697148
Kepler-1666 c,0.697148
Kepler-1666 c,0.697148
Kepler-1666 c,0.697148
Kepler-1666 c,0.697148
Kepler-1666 c,0.697148
Kepler-1666 c,0.697148
Kepler-1666 c,0.697148
Kepler-1666 c,0.697148
Kepler-1667 b,1.56654
Kepler-1667 b,1.56654
Kepler-1667 b,1.56654
Kepler-1667 b,1.56654
Kepler-1667 b,1.56654
Kepler-1667 b,1.56654
Kepler-1667 b,1.56654
Kepler-1667 b,1.56654
Kepler-1667 b,1.56654
Kepler-1668 b,0.721399
Kepler-1668 b,0.721399
Kepler-1668 b,0.721399
Kepler-1668 b,0.721399
Kepler-1668 b,0.721399
Kepler-1668 b,0.721399
Kepler-1668 b,0.721399
Kepler-1668 b,0.721399
Kepler-1669 b,1.81232
Kepler-1669 b,1.81232
Kepler-1669 b,1.81232
Kepler-1669 b,1.81232
Kepler-1669 b,1.81232
Kepler-1669 b,1.81232
Kepler-1669 b,1.81232
Kepler-1669 b,1.81232
Kepler-1669 c,1.81232
Kepler-1669 c,1.81232
Kepler-1669 c,1.81232
Kepler-1669 c,1.81232
Kepler-1669 c,1.81232
Kepler-1669 c,1.81232
Kepler-1669 c,1.81232
Kepler-1669 d,1.81232
Kepler-1669 d,1.81232
Kepler-1669 d,1.81232
Kepler-1669 d,1.81232
Kepler-1669 d,1.81232
Kepler-1669 d,1.81232
Kepler-1669 d,1.81232
Kepler-167 b,2.89593
Kepler-167 b,2.89593
Kepler-167 b,2.89593
Kepler-167 b,2.89593
Kepler-167 b,2.89593
Kepler-167 b,2.89593
Kepler-167 b,2.89593
Kepler-167 b,2.89593
Kepler-167 b,2.89593
Kepler-167 b,2.89593
Kepler-167 b,2.89593
Kepler-167 b,2.89593
Kepler-167 b,2.89593
Kepler-167 b,2.89593
Kepler-167 c,2.89593
Kepler-167 c,2.89593
Kepler-167 c,2.89593
Kepler-167 c,2.89593
Kepler-167 c,2.89593
Kepler-167 c,2.89593
Kepler-167 c,2.89593
Kepler-167 c,2.89593
Kepler-167 c,2.89593
Kepler-167 c,2.89593
Kepler-167 c,2.89593
Kepler-167 c,2.89593
Kepler-167 c,2.89593
Kepler-167 c,2.89593
Kepler-167 d,2.89593
Kepler-167 d,2.89593
Kepler-167 d,2.89593
Kepler-167 d,2.89593
Kepler-167 d,2.89593
Kepler-167 d,2.89593
Kepler-167 d,2.89593
Kepler-167 d,2.89593
Kepler-167 d,2.89593
Kepler-167 d,2.89593
Kepler-167 d,2.89593
Kepler-167 d,2.89593
Kepler-167 d,2.89593
Kepler-167 e,2.89593
Kepler-167 e,2.89593
Kepler-167 e,2.89593
Kepler-167 e,2.89593
Kepler-167 e,2.89593
Kepler-167 e,2.89593
Kepler-167 e,2.89593
Kepler-167 e,2.89593
Kepler-167 e,2.89593
Kepler-167 e,2.89593
Kepler-1670 b,0.454875
Kepler-1670 b,0.454875
Kepler-1670 b,0.454875
Kepler-1670 b,0.454875
Kepler-1670 b,0.454875
Kepler-1670 b,0.454875
Kepler-1670 b,0.454875
Kepler-1670 b,0.454875
Kepler-1671 b,2.77183
Kepler-1671 b,2.77183
Kepler-1671 b,2.77183
Kepler-1671 b,2.77183
Kepler-1671 b,2.77183
Kepler-1671 b,2.77183
Kepler-1671 b,2.77183
Kepler-1671 b,2.77183
Kepler-1671 b,2.77183
Kepler-1672 b,2.52796
Kepler-1672 b,2.52796
Kepler-1672 b,2.52796
Kepler-1672 b,2.52796
Kepler-1672 b,2.52796
Kepler-1672 b,2.52796
Kepler-1672 b,2.52796
Kepler-1672 b,2.52796
Kepler-1672 b,2.52796
Kepler-1673 b,1.34629
Kepler-1673 b,1.34629
Kepler-1673 b,1.34629
Kepler-1673 b,1.34629
Kepler-1673 b,1.34629
Kepler-1673 b,1.34629
Kepler-1673 b,1.34629
Kepler-1673 b,1.34629
Kepler-1673 b,1.34629
Kepler-1674 b,0.959626
Kepler-1674 b,0.959626
Kepler-1674 b,0.959626
Kepler-1674 b,0.959626
Kepler-1674 b,0.959626
Kepler-1674 b,0.959626
Kepler-1674 b,0.959626
Kepler-1674 b,0.959626
Kepler-1675 b,1.50698
Kepler-1675 b,1.50698
Kepler-1675 b,1.50698
Kepler-1675 b,1.50698
Kepler-1675 b,1.50698
Kepler-1675 b,1.50698
Kepler-1675 b,1.50698
Kepler-1675 b,1.50698
Kepler-1675 b,1.50698
Kepler-1677 b,1.33114
Kepler-1677 b,1.33114
Kepler-1677 b,1.33114
Kepler-1677 b,1.33114
Kepler-1677 b,1.33114
Kepler-1677 b,1.33114
Kepler-1677 b,1.33114
Kepler-1677 b,1.33114
Kepler-1677 b,1.33114
Kepler-1678 b,1.15215
Kepler-1678 b,1.15215
Kepler-1678 b,1.15215
Kepler-1678 b,1.15215
Kepler-1678 b,1.15215
Kepler-1678 b,1.15215
Kepler-1678 b,1.15215
Kepler-1678 b,1.15215
Kepler-1679 b,1.07224
Kepler-1679 b,1.07224
Kepler-1679 b,1.07224
Kepler-1679 b,1.07224
Kepler-1679 b,1.07224
Kepler-1679 b,1.07224
Kepler-1679 b,1.07224
Kepler-1679 b,1.07224
Kepler-168 b,0.716333
Kepler-168 b,0.716333
Kepler-168 b,0.716333
Kepler-168 b,0.716333
Kepler-168 b,0.716333
Kepler-168 b,0.716333
Kepler-168 b,0.716333
Kepler-168 b,0.716333
Kepler-168 b,0.716333
Kepler-168 b,0.716333
Kepler-168 c,0.716333
Kepler-168 c,0.716333
Kepler-168 c,0.716333
Kepler-168 c,0.716333
Kepler-168 c,0.716333
Kepler-168 c,0.716333
Kepler-168 c,0.716333
Kepler-168 c,0.716333
Kepler-168 c,0.716333
Kepler-168 c,0.716333
Kepler-168 c,0.716333
Kepler-1680 b,3.19368
Kepler-1680 b,3.19368
Kepler-1680 b,3.19368
Kepler-1680 b,3.19368
Kepler-1680 b,3.19368
Kepler-1680 b,3.19368
Kepler-1680 b,3.19368
Kepler-1680 b,3.19368
Kepler-1680 b,3.19368
Kepler-1682 b,0.834984
Kepler-1682 b,0.834984
Kepler-1682 b,0.834984
Kepler-1682 b,0.834984
Kepler-1682 b,0.834984
Kepler-1682 b,0.834984
Kepler-1682 b,0.834984
Kepler-1682 b,0.834984
Kepler-1683 b,1.33575
Kepler-1683 b,1.33575
Kepler-1683 b,1.33575
Kepler-1683 b,1.33575
Kepler-1683 b,1.33575
Kepler-1683 b,1.33575
Kepler-1683 b,1.33575
Kepler-1683 b,1.33575
Kepler-1684 b,1.57966
Kepler-1684 b,1.57966
Kepler-1684 b,1.57966
Kepler-1684 b,1.57966
Kepler-1684 b,1.57966
Kepler-1684 b,1.57966
Kepler-1684 b,1.57966
Kepler-1684 b,1.57966
Kepler-1685 b,0.848296
Kepler-1685 b,0.848296
Kepler-1685 b,0.848296
Kepler-1685 b,0.848296
Kepler-1685 b,0.848296
Kepler-1685 b,0.848296
Kepler-1685 b,0.848296
Kepler-1685 b,0.848296
Kepler-1686 b,1.34139
Kepler-1686 b,1.34139
Kepler-1686 b,1.34139
Kepler-1686 b,1.34139
Kepler-1686 b,1.34139
Kepler-1686 b,1.34139
Kepler-1686 b,1.34139
Kepler-1686 b,1.34139
Kepler-1687 b,2.36958
Kepler-1687 b,2.36958
Kepler-1687 b,2.36958
Kepler-1687 b,2.36958
Kepler-1687 b,2.36958
Kepler-1687 b,2.36958
Kepler-1687 b,2.36958
Kepler-1687 b,2.36958
Kepler-1689 b,3.37116
Kepler-1689 b,3.37116
Kepler-1689 b,3.37116
Kepler-1689 b,3.37116
Kepler-1689 b,3.37116
Kepler-1689 b,3.37116
Kepler-1689 b,3.37116
Kepler-1689 b,3.37116
Kepler-169 b,2.43105
Kepler-169 b,2.43105
Kepler-169 b,2.43105
Kepler-169 b,2.43105
Kepler-169 b,2.43105
Kepler-169 b,2.43105
Kepler-169 b,2.43105
Kepler-169 b,2.43105
Kepler-169 b,2.43105
Kepler-169 b,2.43105
Kepler-169 b,2.43105
Kepler-169 c,2.43105
Kepler-169 c,2.43105
Kepler-169 c,2.43105
Kepler-169 c,2.43105
Kepler-169 c,2.43105
Kepler-169 c,2.43105
Kepler-169 c,2.43105
Kepler-169 c,2.43105
Kepler-169 c,2.43105
Kepler-169 c,2.43105
Kepler-169 c,2.43105
Kepler-169 c,2.43105
Kepler-169 d,2.43105
Kepler-169 d,2.43105
Kepler-169 d,2.43105
Kepler-169 d,2.43105
Kepler-169 d,2.43105
Kepler-169 d,2.43105
Kepler-169 d,2.43105
Kepler-169 d,2.43105
Kepler-169 d,2.43105
Kepler-169 d,2.43105
Kepler-169 d,2.43105
Kepler-169 d,2.43105
Kepler-169 e,2.43105
Kepler-169 e,2.43105
Kepler-169 e,2.43105
Kepler-169 e,2.43105
Kepler-169 e,2.43105
Kepler-169 e,2.43105
Kepler-169 e,2.43105
Kepler-169 e,2.43105
Kepler-169 e,2.43105
Kepler-169 e,2.43105
Kepler-169 e,2.43105
Kepler-169 e,2.43105
Kepler-169 f,2.43105
Kepler-169 f,2.43105
Kepler-169 f,2.43105
Kepler-169 f,2.43105
Kepler-169 f,2.43105
Kepler-169 f,2.43105
Kepler-169 f,2.43105
Kepler-169 f,2.43105
Kepler-169 f,2.43105
Kepler-169 f,2.43105
Kepler-169 f,2.43105
Kepler-169 f,2.43105
Kepler-1690 b,1.39218
Kepler-1690 b,1.39218
Kepler-1690 b,1.39218
Kepler-1690 b,1.39218
Kepler-1690 b,1.39218
Kepler-1690 b,1.39218
Kepler-1690 b,1.39218
Kepler-1690 b,1.39218
Kepler-1691 b,0.760108
Kepler-1691 b,0.760108
Kepler-1691 b,0.760108
Kepler-1691 b,0.760108
Kepler-1691 b,0.760108
Kepler-1691 b,0.760108
Kepler-1691 b,0.760108
Kepler-1692 b,1.66328
Kepler-1692 b,1.66328
Kepler-1692 b,1.66328
Kepler-1692 b,1.66328
Kepler-1692 b,1.66328
Kepler-1692 b,1.66328
Kepler-1692 b,1.66328
Kepler-1693 b,1.28713
Kepler-1693 b,1.28713
Kepler-1693 b,1.28713
Kepler-1693 b,1.28713
Kepler-1693 b,1.28713
Kepler-1693 b,1.28713
Kepler-1693 b,1.28713
Kepler-1693 c,1.28713
Kepler-1693 c,1.28713
Kepler-1693 c,1.28713
Kepler-1693 c,1.28713
Kepler-1693 c,1.28713
Kepler-1693 c,1.28713
Kepler-1693 c,1.28713
Kepler-1694 b,1.91937
Kepler-1694 b,1.91937
Kepler-1694 b,1.91937
Kepler-1694 b,1.91937
Kepler-1694 b,1.91937
Kepler-1694 b,1.91937
Kepler-1694 b,1.91937
Kepler-1695 b,1.23532
Kepler-1695 b,1.23532
Kepler-1695 b,1.23532
Kepler-1695 b,1.23532
Kepler-1695 b,1.23532
Kepler-1695 b,1.23532
Kepler-1695 b,1.23532
Kepler-1696 b,0.6364
Kepler-1696 b,0.6364
Kepler-1696 b,0.6364
Kepler-1696 b,0.6364
Kepler-1696 b,0.6364
Kepler-1696 b,0.6364
Kepler-1696 b,0.6364
Kepler-1697 b,4.00705
Kepler-1697 b,4.00705
Kepler-1697 b,4.00705
Kepler-1697 b,4.00705
Kepler-1697 b,4.00705
Kepler-1697 b,4.00705
Kepler-1697 b,4.00705
Kepler-1698 b,4.46876
Kepler-1698 b,4.46876
Kepler-1698 b,4.46876
Kepler-1698 b,4.46876
Kepler-1698 b,4.46876
Kepler-1698 b,4.46876
Kepler-1698 b,4.46876
Kepler-1698 b,4.46876
Kepler-17 b,1.35886
Kepler-17 b,1.35886
Kepler-17 b,1.35886
Kepler-17 b,1.35886
Kepler-17 b,1.35886
Kepler-17 b,1.35886
Kepler-17 b,1.35886
Kepler-17 b,1.35886
Kepler-17 b,1.35886
Kepler-17 b,1.35886
Kepler-17 b,1.35886
Kepler-17 b,1.35886
Kepler-17 b,1.35886
Kepler-17 b,1.35886
Kepler-17 b,1.35886
Kepler-170 b,1.32514
Kepler-170 b,1.32514
Kepler-170 b,1.32514
Kepler-170 b,1.32514
Kepler-170 b,1.32514
Kepler-170 b,1.32514
Kepler-170 b,1.32514
Kepler-170 b,1.32514
Kepler-170 b,1.32514
Kepler-170 b,1.32514
Kepler-170 b,1.32514
Kepler-170 b,1.32514
Kepler-170 b,1.32514
Kepler-170 c,1.32514
Kepler-170 c,1.32514
Kepler-170 c,1.32514
Kepler-170 c,1.32514
Kepler-170 c,1.32514
Kepler-170 c,1.32514
Kepler-170 c,1.32514
Kepler-170 c,1.32514
Kepler-170 c,1.32514
Kepler-170 c,1.32514
Kepler-170 c,1.32514
Kepler-170 c,1.32514
Kepler-170 c,1.32514
Kepler-1700 b,1.36476
Kepler-1700 b,1.36476
Kepler-1700 b,1.36476
Kepler-1700 b,1.36476
Kepler-1700 b,1.36476
Kepler-1700 b,1.36476
Kepler-1700 b,1.36476
Kepler-1700 b,1.36476
Kepler-1701 b,1.68321
Kepler-1701 b,1.68321
Kepler-1701 b,1.68321
Kepler-1701 b,1.68321
Kepler-1701 b,1.68321
Kepler-1701 b,1.68321
Kepler-1701 b,1.68321
Kepler-1701 b,1.68321
Kepler-1702 b,1.13866
Kepler-1702 b,1.13866
Kepler-1702 b,1.13866
Kepler-1702 b,1.13866
Kepler-1702 b,1.13866
Kepler-1702 b,1.13866
Kepler-1704 b,1.16809
Kepler-1704 b,1.16809
Kepler-1704 b,1.16809
Kepler-1704 b,1.16809
Kepler-1704 b,1.16809
Kepler-1704 b,1.16809
Kepler-1705 b,0.584903
Kepler-1705 b,0.584903
Kepler-1705 b,0.584903
Kepler-1705 b,0.584903
Kepler-1705 c,0.584903
Kepler-1708 b,0.572954
Kepler-1709 b,3.62163
Kepler-1709 b,3.62163
Kepler-1709 b,3.62163
Kepler-1709 b,3.62163
Kepler-1709 b,3.62163
Kepler-1709 b,3.62163
Kepler-1709 b,3.62163
Kepler-1709 b,3.62163
Kepler-1709 b,3.62163
Kepler-171 b,1.1294
Kepler-171 b,1.1294
Kepler-171 b,1.1294
Kepler-171 b,1.1294
Kepler-171 b,1.1294
Kepler-171 b,1.1294
Kepler-171 b,1.1294
Kepler-171 b,1.1294
Kepler-171 b,1.1294
Kepler-171 b,1.1294
Kepler-171 b,1.1294
Kepler-171 b,1.1294
Kepler-171 c,1.1294
Kepler-171 c,1.1294
Kepler-171 c,1.1294
Kepler-171 c,1.1294
Kepler-171 c,1.1294
Kepler-171 c,1.1294
Kepler-171 c,1.1294
Kepler-171 c,1.1294
Kepler-171 c,1.1294
Kepler-171 c,1.1294
Kepler-171 c,1.1294
Kepler-171 c,1.1294
Kepler-171 d,1.1294
Kepler-171 d,1.1294
Kepler-171 d,1.1294
Kepler-171 d,1.1294
Kepler-171 d,1.1294
Kepler-171 d,1.1294
Kepler-171 d,1.1294
Kepler-171 d,1.1294
Kepler-171 d,1.1294
Kepler-171 d,1.1294
Kepler-171 d,1.1294
Kepler-171 d,1.1294
Kepler-1710 b,3.24797
Kepler-1710 b,3.24797
Kepler-1710 b,3.24797
Kepler-1710 b,3.24797
Kepler-1710 b,3.24797
Kepler-1710 b,3.24797
Kepler-1710 b,3.24797
Kepler-1710 b,3.24797
Kepler-1710 b,3.24797
Kepler-1710 b,3.24797
Kepler-1712 b,6.37055
Kepler-1712 b,6.37055
Kepler-1712 b,6.37055
Kepler-1712 b,6.37055
Kepler-1712 b,6.37055
Kepler-1712 b,6.37055
Kepler-1712 b,6.37055
Kepler-1712 b,6.37055
Kepler-1712 b,6.37055
Kepler-1713 b,3.35779
Kepler-1713 b,3.35779
Kepler-1713 b,3.35779
Kepler-1713 b,3.35779
Kepler-1713 b,3.35779
Kepler-1713 b,3.35779
Kepler-1713 b,3.35779
Kepler-1713 b,3.35779
Kepler-1713 b,3.35779
Kepler-1714 b,2.41366
Kepler-1714 b,2.41366
Kepler-1714 b,2.41366
Kepler-1714 b,2.41366
Kepler-1714 b,2.41366
Kepler-1714 b,2.41366
Kepler-1714 b,2.41366
Kepler-1714 b,2.41366
Kepler-1714 b,2.41366
Kepler-1715 b,1.88726
Kepler-1715 b,1.88726
Kepler-1715 b,1.88726
Kepler-1715 b,1.88726
Kepler-1715 b,1.88726
Kepler-1715 b,1.88726
Kepler-1715 b,1.88726
Kepler-1715 b,1.88726
Kepler-1715 b,1.88726
Kepler-1716 b,5.08792
Kepler-1716 b,5.08792
Kepler-1716 b,5.08792
Kepler-1716 b,5.08792
Kepler-1716 b,5.08792
Kepler-1716 b,5.08792
Kepler-1716 b,5.08792
Kepler-1716 b,5.08792
Kepler-1716 b,5.08792
Kepler-1717 b,0.962586
Kepler-1717 b,0.962586
Kepler-1717 b,0.962586
Kepler-1717 b,0.962586
Kepler-1717 b,0.962586
Kepler-1717 b,0.962586
Kepler-1717 b,0.962586
Kepler-1717 b,0.962586
Kepler-1718 b,2.63424
Kepler-1718 b,2.63424
Kepler-1718 b,2.63424
Kepler-1718 b,2.63424
Kepler-1718 b,2.63424
Kepler-1718 b,2.63424
Kepler-1718 b,2.63424
Kepler-1718 b,2.63424
Kepler-1718 b,2.63424
Kepler-1719 b,1.07562
Kepler-1719 b,1.07562
Kepler-1719 b,1.07562
Kepler-1719 b,1.07562
Kepler-1719 b,1.07562
Kepler-1719 b,1.07562
Kepler-1719 b,1.07562
Kepler-1719 b,1.07562
Kepler-1719 b,1.07562
Kepler-172 b,1.17846
Kepler-172 b,1.17846
Kepler-172 b,1.17846
Kepler-172 b,1.17846
Kepler-172 b,1.17846
Kepler-172 b,1.17846
Kepler-172 b,1.17846
Kepler-172 b,1.17846
Kepler-172 b,1.17846
Kepler-172 b,1.17846
Kepler-172 b,1.17846
Kepler-172 b,1.17846
Kepler-172 c,1.17846
Kepler-172 c,1.17846
Kepler-172 c,1.17846
Kepler-172 c,1.17846
Kepler-172 c,1.17846
Kepler-172 c,1.17846
Kepler-172 c,1.17846
Kepler-172 c,1.17846
Kepler-172 c,1.17846
Kepler-172 c,1.17846
Kepler-172 c,1.17846
Kepler-172 c,1.17846
Kepler-172 d,1.17846
Kepler-172 d,1.17846
Kepler-172 d,1.17846
Kepler-172 d,1.17846
Kepler-172 d,1.17846
Kepler-172 d,1.17846
Kepler-172 d,1.17846
Kepler-172 d,1.17846
Kepler-172 d,1.17846
Kepler-172 d,1.17846
Kepler-172 d,1.17846
Kepler-172 d,1.17846
Kepler-172 e,1.17846
Kepler-172 e,1.17846
Kepler-172 e,1.17846
Kepler-172 e,1.17846
Kepler-172 e,1.17846
Kepler-172 e,1.17846
Kepler-172 e,1.17846
Kepler-172 e,1.17846
Kepler-172 e,1.17846
Kepler-172 e,1.17846
Kepler-172 e,1.17846
Kepler-1720 b,1.56001
Kepler-1720 b,1.56001
Kepler-1720 b,1.56001
Kepler-1720 b,1.56001
Kepler-1720 b,1.56001
Kepler-1720 b,1.56001
Kepler-1720 b,1.56001
Kepler-1720 b,1.56001
Kepler-1721 b,1.53046
Kepler-1721 b,1.53046
Kepler-1721 b,1.53046
Kepler-1721 b,1.53046
Kepler-1721 b,1.53046
Kepler-1721 b,1.53046
Kepler-1721 b,1.53046
Kepler-1721 b,1.53046
Kepler-1722 b,1.26663
Kepler-1722 b,1.26663
Kepler-1722 b,1.26663
Kepler-1722 b,1.26663
Kepler-1722 b,1.26663
Kepler-1722 b,1.26663
Kepler-1722 b,1.26663
Kepler-1722 b,1.26663
Kepler-1723 b,1.20389
Kepler-1723 b,1.20389
Kepler-1723 b,1.20389
Kepler-1723 b,1.20389
Kepler-1723 b,1.20389
Kepler-1723 b,1.20389
Kepler-1723 b,1.20389
Kepler-1723 b,1.20389
Kepler-1724 b,0.914247
Kepler-1724 b,0.914247
Kepler-1724 b,0.914247
Kepler-1724 b,0.914247
Kepler-1724 b,0.914247
Kepler-1724 b,0.914247
Kepler-1724 b,0.914247
Kepler-1724 b,0.914247
Kepler-1725 b,1.76131
Kepler-1725 b,1.76131
Kepler-1725 b,1.76131
Kepler-1725 b,1.76131
Kepler-1725 b,1.76131
Kepler-1725 b,1.76131
Kepler-1725 b,1.76131
Kepler-1725 b,1.76131
Kepler-1725 b,1.76131
Kepler-1726 b,2.53159
Kepler-1726 b,2.53159
Kepler-1726 b,2.53159
Kepler-1726 b,2.53159
Kepler-1726 b,2.53159
Kepler-1726 b,2.53159
Kepler-1726 b,2.53159
Kepler-1726 b,2.53159
Kepler-1726 b,2.53159
Kepler-1727 b,1.09019
Kepler-1727 b,1.09019
Kepler-1727 b,1.09019
Kepler-1727 b,1.09019
Kepler-1727 b,1.09019
Kepler-1727 b,1.09019
Kepler-1727 b,1.09019
Kepler-1727 b,1.09019
Kepler-1728 b,1.50566
Kepler-1728 b,1.50566
Kepler-1728 b,1.50566
Kepler-1728 b,1.50566
Kepler-1728 b,1.50566
Kepler-1728 b,1.50566
Kepler-1728 b,1.50566
Kepler-1728 b,1.50566
Kepler-1729 b,1.70785
Kepler-1729 b,1.70785
Kepler-1729 b,1.70785
Kepler-1729 b,1.70785
Kepler-1729 b,1.70785
Kepler-1729 b,1.70785
Kepler-1729 b,1.70785
Kepler-1729 b,1.70785
Kepler-173 b,1.1718
Kepler-173 b,1.1718
Kepler-173 b,1.1718
Kepler-173 b,1.1718
Kepler-173 b,1.1718
Kepler-173 b,1.1718
Kepler-173 b,1.1718
Kepler-173 b,1.1718
Kepler-173 b,1.1718
Kepler-173 b,1.1718
Kepler-173 b,1.1718
Kepler-173 c,1.1718
Kepler-173 c,1.1718
Kepler-173 c,1.1718
Kepler-173 c,1.1718
Kepler-173 c,1.1718
Kepler-173 c,1.1718
Kepler-173 c,1.1718
Kepler-173 c,1.1718
Kepler-173 c,1.1718
Kepler-173 c,1.1718
Kepler-173 c,1.1718
Kepler-173 c,1.1718
Kepler-1730 b,0.67214
Kepler-1730 b,0.67214
Kepler-1730 b,0.67214
Kepler-1730 b,0.67214
Kepler-1730 b,0.67214
Kepler-1730 b,0.67214
Kepler-1730 b,0.67214
Kepler-1730 b,0.67214
Kepler-1731 b,5.8553
Kepler-1731 b,5.8553
Kepler-1731 b,5.8553
Kepler-1731 b,5.8553
Kepler-1731 b,5.8553
Kepler-1731 b,5.8553
Kepler-1731 b,5.8553
Kepler-1731 b,5.8553
Kepler-1732 b,0.747525
Kepler-1732 b,0.747525
Kepler-1732 b,0.747525
Kepler-1732 b,0.747525
Kepler-1732 b,0.747525
Kepler-1732 b,0.747525
Kepler-1732 b,0.747525
Kepler-1732 b,0.747525
Kepler-1733 b,0.452585
Kepler-1733 b,0.452585
Kepler-1733 b,0.452585
Kepler-1733 b,0.452585
Kepler-1733 b,0.452585
Kepler-1733 b,0.452585
Kepler-1733 b,0.452585
Kepler-1734 b,0.646345
Kepler-1734 b,0.646345
Kepler-1734 b,0.646345
Kepler-1734 b,0.646345
Kepler-1734 b,0.646345
Kepler-1734 b,0.646345
Kepler-1734 b,0.646345
Kepler-1734 b,0.646345
Kepler-1735 b,4.04785
Kepler-1735 b,4.04785
Kepler-1735 b,4.04785
Kepler-1735 b,4.04785
Kepler-1735 b,4.04785
Kepler-1735 b,4.04785
Kepler-1735 b,4.04785
Kepler-1735 b,4.04785
Kepler-1736 b,0.67096
Kepler-1736 b,0.67096
Kepler-1736 b,0.67096
Kepler-1736 b,0.67096
Kepler-1736 b,0.67096
Kepler-1736 b,0.67096
Kepler-1736 b,0.67096
Kepler-1736 b,0.67096
Kepler-1738 b,0.739337
Kepler-1738 b,0.739337
Kepler-1738 b,0.739337
Kepler-1738 b,0.739337
Kepler-1738 b,0.739337
Kepler-1738 b,0.739337
Kepler-1738 b,0.739337
Kepler-1739 b,1.24757
Kepler-1739 b,1.24757
Kepler-1739 b,1.24757
Kepler-1739 b,1.24757
Kepler-1739 b,1.24757
Kepler-1739 b,1.24757
Kepler-1739 b,1.24757
Kepler-1739 b,1.24757
Kepler-174 b,2.57024
Kepler-174 b,2.57024
Kepler-174 b,2.57024
Kepler-174 b,2.57024
Kepler-174 b,2.57024
Kepler-174 b,2.57024
Kepler-174 b,2.57024
Kepler-174 b,2.57024
Kepler-174 b,2.57024
Kepler-174 b,2.57024
Kepler-174 b,2.57024
Kepler-174 b,2.57024
Kepler-174 c,2.57024
Kepler-174 c,2.57024
Kepler-174 c,2.57024
Kepler-174 c,2.57024
Kepler-174 c,2.57024
Kepler-174 c,2.57024
Kepler-174 c,2.57024
Kepler-174 c,2.57024
Kepler-174 c,2.57024
Kepler-174 c,2.57024
Kepler-174 c,2.57024
Kepler-174 c,2.57024
Kepler-174 c,2.57024
Kepler-174 d,2.57024
Kepler-174 d,2.57024
Kepler-174 d,2.57024
Kepler-174 d,2.57024
Kepler-174 d,2.57024
Kepler-174 d,2.57024
Kepler-174 d,2.57024
Kepler-174 d,2.57024
Kepler-174 d,2.57024
Kepler-174 d,2.57024
Kepler-174 d,2.57024
Kepler-174 d,2.57024
Kepler-174 d,2.57024
Kepler-1740 b,0.9144
Kepler-1740 b,0.9144
Kepler-1740 b,0.9144
Kepler-1740 b,0.9144
Kepler-1740 b,0.9144
Kepler-1740 b,0.9144
Kepler-1740 b,0.9144
Kepler-1740 b,0.9144
Kepler-1741 b,3.66526
Kepler-1741 b,3.66526
Kepler-1741 b,3.66526
Kepler-1741 b,3.66526
Kepler-1741 b,3.66526
Kepler-1741 b,3.66526
Kepler-1741 b,3.66526
Kepler-1742 b,1.4648
Kepler-1742 b,1.4648
Kepler-1742 b,1.4648
Kepler-1742 b,1.4648
Kepler-1742 b,1.4648
Kepler-1742 b,1.4648
Kepler-1742 b,1.4648
Kepler-1742 b,1.4648
Kepler-1743 b,1.82727
Kepler-1743 b,1.82727
Kepler-1743 b,1.82727
Kepler-1743 b,1.82727
Kepler-1743 b,1.82727
Kepler-1743 b,1.82727
Kepler-1743 b,1.82727
Kepler-1743 b,1.82727
Kepler-1743 b,1.82727
Kepler-1744 b,0.887717
Kepler-1744 b,0.887717
Kepler-1744 b,0.887717
Kepler-1744 b,0.887717
Kepler-1744 b,0.887717
Kepler-1744 b,0.887717
Kepler-1744 b,0.887717
Kepler-1744 b,0.887717
Kepler-1744 b,0.887717
Kepler-1745 b,0.975743
Kepler-1745 b,0.975743
Kepler-1745 b,0.975743
Kepler-1745 b,0.975743
Kepler-1745 b,0.975743
Kepler-1745 b,0.975743
Kepler-1745 b,0.975743
Kepler-1746 b,0.992175
Kepler-1746 b,0.992175
Kepler-1746 b,0.992175
Kepler-1746 b,0.992175
Kepler-1746 b,0.992175
Kepler-1746 b,0.992175
Kepler-1746 b,0.992175
Kepler-1746 b,0.992175
Kepler-1747 b,0.728415
Kepler-1747 b,0.728415
Kepler-1747 b,0.728415
Kepler-1747 b,0.728415
Kepler-1747 b,0.728415
Kepler-1747 b,0.728415
Kepler-1747 b,0.728415
Kepler-1747 b,0.728415
Kepler-1748 b,0.895087
Kepler-1748 b,0.895087
Kepler-1748 b,0.895087
Kepler-1748 b,0.895087
Kepler-1748 b,0.895087
Kepler-1748 b,0.895087
Kepler-1748 b,0.895087
Kepler-1748 b,0.895087
Kepler-1749 b,3.69973
Kepler-1749 b,3.69973
Kepler-1749 b,3.69973
Kepler-1749 b,3.69973
Kepler-1749 b,3.69973
Kepler-1749 b,3.69973
Kepler-1749 b,3.69973
Kepler-1749 b,3.69973
Kepler-1749 b,3.69973
Kepler-175 b,0.733467
Kepler-175 b,0.733467
Kepler-175 b,0.733467
Kepler-175 b,0.733467
Kepler-175 b,0.733467
Kepler-175 b,0.733467
Kepler-175 b,0.733467
Kepler-175 b,0.733467
Kepler-175 b,0.733467
Kepler-175 b,0.733467
Kepler-175 b,0.733467
Kepler-175 b,0.733467
Kepler-175 c,0.733467
Kepler-175 c,0.733467
Kepler-175 c,0.733467
Kepler-175 c,0.733467
Kepler-175 c,0.733467
Kepler-175 c,0.733467
Kepler-175 c,0.733467
Kepler-175 c,0.733467
Kepler-175 c,0.733467
Kepler-175 c,0.733467
Kepler-175 c,0.733467
Kepler-175 c,0.733467
Kepler-1750 b,0.639291
Kepler-1750 b,0.639291
Kepler-1750 b,0.639291
Kepler-1750 b,0.639291
Kepler-1750 b,0.639291
Kepler-1750 b,0.639291
Kepler-1750 b,0.639291
Kepler-1750 b,0.639291
Kepler-1751 b,0.745576
Kepler-1751 b,0.745576
Kepler-1751 b,0.745576
Kepler-1751 b,0.745576
Kepler-1751 b,0.745576
Kepler-1751 b,0.745576
Kepler-1751 b,0.745576
Kepler-1752 b,1.0103
Kepler-1752 b,1.0103
Kepler-1752 b,1.0103
Kepler-1752 b,1.0103
Kepler-1752 b,1.0103
Kepler-1752 b,1.0103
Kepler-1752 b,1.0103
Kepler-1752 b,1.0103
Kepler-1753 b,1.38477
Kepler-1753 b,1.38477
Kepler-1753 b,1.38477
Kepler-1753 b,1.38477
Kepler-1753 b,1.38477
Kepler-1753 b,1.38477
Kepler-1753 b,1.38477
Kepler-1753 b,1.38477
Kepler-1754 b,1.36346
Kepler-1754 b,1.36346
Kepler-1754 b,1.36346
Kepler-1754 b,1.36346
Kepler-1754 b,1.36346
Kepler-1754 b,1.36346
Kepler-1754 b,1.36346
Kepler-1754 b,1.36346
Kepler-1755 b,0.989745
Kepler-1755 b,0.989745
Kepler-1755 b,0.989745
Kepler-1755 b,0.989745
Kepler-1755 b,0.989745
Kepler-1755 b,0.989745
Kepler-1755 b,0.989745
Kepler-1755 b,0.989745
Kepler-1757 b,1.21039
Kepler-1757 b,1.21039
Kepler-1757 b,1.21039
Kepler-1757 b,1.21039
Kepler-1757 b,1.21039
Kepler-1757 b,1.21039
Kepler-1757 b,1.21039
Kepler-1757 b,1.21039
Kepler-1758 b,0.602226
Kepler-1758 b,0.602226
Kepler-1758 b,0.602226
Kepler-1758 b,0.602226
Kepler-1758 b,0.602226
Kepler-1758 b,0.602226
Kepler-1758 b,0.602226
Kepler-1759 b,2.56635
Kepler-1759 b,2.56635
Kepler-1759 b,2.56635
Kepler-1759 b,2.56635
Kepler-1759 b,2.56635
Kepler-1759 b,2.56635
Kepler-1759 b,2.56635
Kepler-176 b,1.86777
Kepler-176 b,1.86777
Kepler-176 b,1.86777
Kepler-176 b,1.86777
Kepler-176 b,1.86777
Kepler-176 b,1.86777
Kepler-176 b,1.86777
Kepler-176 b,1.86777
Kepler-176 b,1.86777
Kepler-176 b,1.86777
Kepler-176 b,1.86777
Kepler-176 b,1.86777
Kepler-176 b,1.86777
Kepler-176 c,1.86777
Kepler-176 c,1.86777
Kepler-176 c,1.86777
Kepler-176 c,1.86777
Kepler-176 c,1.86777
Kepler-176 c,1.86777
Kepler-176 c,1.86777
Kepler-176 c,1.86777
Kepler-176 c,1.86777
Kepler-176 c,1.86777
Kepler-176 c,1.86777
Kepler-176 c,1.86777
Kepler-176 c,1.86777
Kepler-176 c,1.86777
Kepler-176 d,1.86777
Kepler-176 d,1.86777
Kepler-176 d,1.86777
Kepler-176 d,1.86777
Kepler-176 d,1.86777
Kepler-176 d,1.86777
Kepler-176 d,1.86777
Kepler-176 d,1.86777
Kepler-176 d,1.86777
Kepler-176 d,1.86777
Kepler-176 d,1.86777
Kepler-176 d,1.86777
Kepler-176 d,1.86777
Kepler-176 d,1.86777
Kepler-176 e,1.86777
Kepler-176 e,1.86777
Kepler-176 e,1.86777
Kepler-176 e,1.86777
Kepler-176 e,1.86777
Kepler-176 e,1.86777
Kepler-176 e,1.86777
Kepler-176 e,1.86777
Kepler-176 e,1.86777
Kepler-1761 b,4.49228
Kepler-1761 b,4.49228
Kepler-1761 b,4.49228
Kepler-1761 b,4.49228
Kepler-1761 b,4.49228
Kepler-1761 b,4.49228
Kepler-1761 b,4.49228
Kepler-1761 b,4.49228
Kepler-1762 b,0.572829
Kepler-1762 b,0.572829
Kepler-1762 b,0.572829
Kepler-1762 b,0.572829
Kepler-1762 b,0.572829
Kepler-1762 b,0.572829
Kepler-1762 b,0.572829
Kepler-1762 b,0.572829
Kepler-1763 b,1.29324
Kepler-1763 b,1.29324
Kepler-1763 b,1.29324
Kepler-1763 b,1.29324
Kepler-1763 b,1.29324
Kepler-1763 b,1.29324
Kepler-1763 b,1.29324
Kepler-1764 b,0.620325
Kepler-1764 b,0.620325
Kepler-1764 b,0.620325
Kepler-1764 b,0.620325
Kepler-1764 b,0.620325
Kepler-1764 b,0.620325
Kepler-1764 b,0.620325
Kepler-1764 b,0.620325
Kepler-1765 b,1.27973
Kepler-1765 b,1.27973
Kepler-1765 b,1.27973
Kepler-1765 b,1.27973
Kepler-1765 b,1.27973
Kepler-1765 b,1.27973
Kepler-1765 b,1.27973
Kepler-1765 b,1.27973
Kepler-1766 b,1.96639
Kepler-1766 b,1.96639
Kepler-1766 b,1.96639
Kepler-1766 b,1.96639
Kepler-1766 b,1.96639
Kepler-1766 b,1.96639
Kepler-1766 b,1.96639
Kepler-1766 b,1.96639
Kepler-1766 b,1.96639
Kepler-1767 b,1.19062
Kepler-1767 b,1.19062
Kepler-1767 b,1.19062
Kepler-1767 b,1.19062
Kepler-1767 b,1.19062
Kepler-1767 b,1.19062
Kepler-1767 b,1.19062
Kepler-1767 b,1.19062
Kepler-1768 b,1.55159
Kepler-1768 b,1.55159
Kepler-1768 b,1.55159
Kepler-1768 b,1.55159
Kepler-1768 b,1.55159
Kepler-1768 b,1.55159
Kepler-1768 b,1.55159
Kepler-1768 b,1.55159
Kepler-1769 b,2.25236
Kepler-1769 b,2.25236
Kepler-1769 b,2.25236
Kepler-1769 b,2.25236
Kepler-1769 b,2.25236
Kepler-1769 b,2.25236
Kepler-1769 b,2.25236
Kepler-1769 b,2.25236
Kepler-1769 b,2.25236
Kepler-177 b,0.667813
Kepler-177 b,0.667813
Kepler-177 b,0.667813
Kepler-177 b,0.667813
Kepler-177 b,0.667813
Kepler-177 b,0.667813
Kepler-177 b,0.667813
Kepler-177 b,0.667813
Kepler-177 b,0.667813
Kepler-177 b,0.667813
Kepler-177 b,0.667813
Kepler-177 b,0.667813
Kepler-177 b,0.667813
Kepler-177 c,0.667813
Kepler-177 c,0.667813
Kepler-177 c,0.667813
Kepler-177 c,0.667813
Kepler-177 c,0.667813
Kepler-177 c,0.667813
Kepler-177 c,0.667813
Kepler-177 c,0.667813
Kepler-177 c,0.667813
Kepler-177 c,0.667813
Kepler-177 c,0.667813
Kepler-177 c,0.667813
Kepler-177 c,0.667813
Kepler-1770 b,1.68672
Kepler-1770 b,1.68672
Kepler-1770 b,1.68672
Kepler-1770 b,1.68672
Kepler-1770 b,1.68672
Kepler-1770 b,1.68672
Kepler-1770 b,1.68672
Kepler-1770 b,1.68672
Kepler-1772 b,1.11863
Kepler-1772 b,1.11863
Kepler-1772 b,1.11863
Kepler-1772 b,1.11863
Kepler-1772 b,1.11863
Kepler-1772 b,1.11863
Kepler-1772 b,1.11863
Kepler-1772 b,1.11863
Kepler-1772 b,1.11863
Kepler-1773 b,1.43924
Kepler-1773 b,1.43924
Kepler-1773 b,1.43924
Kepler-1773 b,1.43924
Kepler-1773 b,1.43924
Kepler-1773 b,1.43924
Kepler-1773 b,1.43924
Kepler-1773 b,1.43924
Kepler-1773 b,1.43924
Kepler-1774 b,1.19588
Kepler-1774 b,1.19588
Kepler-1774 b,1.19588
Kepler-1774 b,1.19588
Kepler-1774 b,1.19588
Kepler-1774 b,1.19588
Kepler-1774 b,1.19588
Kepler-1774 b,1.19588
Kepler-1774 b,1.19588
Kepler-1775 b,1.49317
Kepler-1775 b,1.49317
Kepler-1775 b,1.49317
Kepler-1775 b,1.49317
Kepler-1775 b,1.49317
Kepler-1775 b,1.49317
Kepler-1775 b,1.49317
Kepler-1775 b,1.49317
Kepler-1775 b,1.49317
Kepler-1776 b,1.41974
Kepler-1776 b,1.41974
Kepler-1776 b,1.41974
Kepler-1776 b,1.41974
Kepler-1776 b,1.41974
Kepler-1776 b,1.41974
Kepler-1776 b,1.41974
Kepler-1776 b,1.41974
Kepler-1776 b,1.41974
Kepler-1777 b,1.58636
Kepler-1777 b,1.58636
Kepler-1777 b,1.58636
Kepler-1777 b,1.58636
Kepler-1777 b,1.58636
Kepler-1777 b,1.58636
Kepler-1777 b,1.58636
Kepler-1777 b,1.58636
Kepler-1777 b,1.58636
Kepler-1778 b,0.755071
Kepler-1778 b,0.755071
Kepler-1778 b,0.755071
Kepler-1778 b,0.755071
Kepler-1778 b,0.755071
Kepler-1778 b,0.755071
Kepler-1778 b,0.755071
Kepler-1778 b,0.755071
Kepler-1779 b,1.07291
Kepler-1779 b,1.07291
Kepler-1779 b,1.07291
Kepler-1779 b,1.07291
Kepler-1779 b,1.07291
Kepler-1779 b,1.07291
Kepler-1779 b,1.07291
Kepler-1779 b,1.07291
Kepler-178 b,1.36792
Kepler-178 b,1.36792
Kepler-178 b,1.36792
Kepler-178 b,1.36792
Kepler-178 b,1.36792
Kepler-178 b,1.36792
Kepler-178 b,1.36792
Kepler-178 b,1.36792
Kepler-178 b,1.36792
Kepler-178 b,1.36792
Kepler-178 b,1.36792
Kepler-178 b,1.36792
Kepler-178 c,1.36792
Kepler-178 c,1.36792
Kepler-178 c,1.36792
Kepler-178 c,1.36792
Kepler-178 c,1.36792
Kepler-178 c,1.36792
Kepler-178 c,1.36792
Kepler-178 c,1.36792
Kepler-178 c,1.36792
Kepler-178 c,1.36792
Kepler-178 c,1.36792
Kepler-178 c,1.36792
Kepler-178 d,1.36792
Kepler-178 d,1.36792
Kepler-178 d,1.36792
Kepler-178 d,1.36792
Kepler-178 d,1.36792
Kepler-178 d,1.36792
Kepler-178 d,1.36792
Kepler-178 d,1.36792
Kepler-178 d,1.36792
Kepler-178 d,1.36792
Kepler-178 d,1.36792
Kepler-1780 b,1.23661
Kepler-1780 b,1.23661
Kepler-1780 b,1.23661
Kepler-1780 b,1.23661
Kepler-1780 b,1.23661
Kepler-1780 b,1.23661
Kepler-1780 b,1.23661
Kepler-1780 b,1.23661
Kepler-1781 b,1.01127
Kepler-1781 b,1.01127
Kepler-1781 b,1.01127
Kepler-1781 b,1.01127
Kepler-1781 b,1.01127
Kepler-1781 b,1.01127
Kepler-1781 b,1.01127
Kepler-1781 b,1.01127
Kepler-1782 b,3.2413
Kepler-1782 b,3.2413
Kepler-1782 b,3.2413
Kepler-1782 b,3.2413
Kepler-1782 b,3.2413
Kepler-1782 b,3.2413
Kepler-1782 b,3.2413
Kepler-1782 b,3.2413
Kepler-1782 b,3.2413
Kepler-1783 b,3.75791
Kepler-1783 b,3.75791
Kepler-1783 b,3.75791
Kepler-1783 b,3.75791
Kepler-1783 b,3.75791
Kepler-1783 b,3.75791
Kepler-1783 b,3.75791
Kepler-1783 b,3.75791
Kepler-1783 b,3.75791
Kepler-1784 b,1.10436
Kepler-1784 b,1.10436
Kepler-1784 b,1.10436
Kepler-1784 b,1.10436
Kepler-1784 b,1.10436
Kepler-1784 b,1.10436
Kepler-1784 b,1.10436
Kepler-1784 b,1.10436
Kepler-1785 b,1.31231
Kepler-1785 b,1.31231
Kepler-1785 b,1.31231
Kepler-1785 b,1.31231
Kepler-1785 b,1.31231
Kepler-1785 b,1.31231
Kepler-1785 b,1.31231
Kepler-1785 b,1.31231
Kepler-1785 b,1.31231
Kepler-1786 b,1.12892
Kepler-1786 b,1.12892
Kepler-1786 b,1.12892
Kepler-1786 b,1.12892
Kepler-1786 b,1.12892
Kepler-1786 b,1.12892
Kepler-1786 b,1.12892
Kepler-1786 b,1.12892
Kepler-1786 b,1.12892
Kepler-1787 b,1.25572
Kepler-1787 b,1.25572
Kepler-1787 b,1.25572
Kepler-1787 b,1.25572
Kepler-1787 b,1.25572
Kepler-1787 b,1.25572
Kepler-1787 b,1.25572
Kepler-1787 b,1.25572
Kepler-1788 b,1.75581
Kepler-1788 b,1.75581
Kepler-1788 b,1.75581
Kepler-1788 b,1.75581
Kepler-1788 b,1.75581
Kepler-1788 b,1.75581
Kepler-1788 b,1.75581
Kepler-1788 b,1.75581
Kepler-1789 b,1.60677
Kepler-1789 b,1.60677
Kepler-1789 b,1.60677
Kepler-1789 b,1.60677
Kepler-1789 b,1.60677
Kepler-1789 b,1.60677
Kepler-1789 b,1.60677
Kepler-1789 b,1.60677
Kepler-179 b,1.62234
Kepler-179 b,1.62234
Kepler-179 b,1.62234
Kepler-179 b,1.62234
Kepler-179 b,1.62234
Kepler-179 b,1.62234
Kepler-179 b,1.62234
Kepler-179 b,1.62234
Kepler-179 b,1.62234
Kepler-179 b,1.62234
Kepler-179 b,1.62234
Kepler-179 b,1.62234
Kepler-179 c,1.62234
Kepler-179 c,1.62234
Kepler-179 c,1.62234
Kepler-179 c,1.62234
Kepler-179 c,1.62234
Kepler-179 c,1.62234
Kepler-179 c,1.62234
Kepler-179 c,1.62234
Kepler-179 c,1.62234
Kepler-179 c,1.62234
Kepler-179 c,1.62234
Kepler-179 c,1.62234
Kepler-1790 b,0.905832
Kepler-1790 b,0.905832
Kepler-1790 b,0.905832
Kepler-1790 b,0.905832
Kepler-1790 b,0.905832
Kepler-1790 b,0.905832
Kepler-1790 b,0.905832
Kepler-1790 b,0.905832
Kepler-1790 b,0.905832
Kepler-1792 b,1.63554
Kepler-1792 b,1.63554
Kepler-1792 b,1.63554
Kepler-1792 b,1.63554
Kepler-1792 b,1.63554
Kepler-1792 b,1.63554
Kepler-1792 b,1.63554
Kepler-1792 b,1.63554
Kepler-1793 b,0.813187
Kepler-1793 b,0.813187
Kepler-1793 b,0.813187
Kepler-1793 b,0.813187
Kepler-1793 b,0.813187
Kepler-1793 b,0.813187
Kepler-1793 b,0.813187
Kepler-1793 b,0.813187
Kepler-1794 b,1.75381
Kepler-1794 b,1.75381
Kepler-1794 b,1.75381
Kepler-1794 b,1.75381
Kepler-1794 b,1.75381
Kepler-1794 b,1.75381
Kepler-1794 b,1.75381
Kepler-1794 b,1.75381
Kepler-1796 b,1.18244
Kepler-1796 b,1.18244
Kepler-1796 b,1.18244
Kepler-1796 b,1.18244
Kepler-1796 b,1.18244
Kepler-1796 b,1.18244
Kepler-1796 b,1.18244
Kepler-1796 b,1.18244
Kepler-1797 b,0.71858
Kepler-1797 b,0.71858
Kepler-1797 b,0.71858
Kepler-1797 b,0.71858
Kepler-1797 b,0.71858
Kepler-1797 b,0.71858
Kepler-1797 b,0.71858
Kepler-1797 b,0.71858
Kepler-1798 b,2.5024
Kepler-1798 b,2.5024
Kepler-1798 b,2.5024
Kepler-1798 b,2.5024
Kepler-1798 b,2.5024
Kepler-1798 b,2.5024
Kepler-1798 b,2.5024
Kepler-1798 b,2.5024
Kepler-1798 b,2.5024
Kepler-1799 b,0.412942
Kepler-1799 b,0.412942
Kepler-1799 b,0.412942
Kepler-1799 b,0.412942
Kepler-1799 b,0.412942
Kepler-1799 b,0.412942
Kepler-1799 b,0.412942
Kepler-1799 b,0.412942
Kepler-18 b,2.28043
Kepler-18 b,2.28043
Kepler-18 b,2.28043
Kepler-18 b,2.28043
Kepler-18 b,2.28043
Kepler-18 b,2.28043
Kepler-18 b,2.28043
Kepler-18 b,2.28043
Kepler-18 b,2.28043
Kepler-18 b,2.28043
Kepler-18 b,2.28043
Kepler-18 b,2.28043
Kepler-18 b,2.28043
Kepler-18 b,2.28043
Kepler-18 b,2.28043
Kepler-18 c,2.28043
Kepler-18 c,2.28043
Kepler-18 c,2.28043
Kepler-18 c,2.28043
Kepler-18 c,2.28043
Kepler-18 c,2.28043
Kepler-18 c,2.28043
Kepler-18 c,2.28043
Kepler-18 c,2.28043
Kepler-18 c,2.28043
Kepler-18 c,2.28043
Kepler-18 c,2.28043
Kepler-18 c,2.28043
Kepler-18 c,2.28043
Kepler-18 c,2.28043
Kepler-18 d,2.28043
Kepler-18 d,2.28043
Kepler-18 d,2.28043
Kepler-18 d,2.28043
Kepler-18 d,2.28043
Kepler-18 d,2.28043
Kepler-18 d,2.28043
Kepler-18 d,2.28043
Kepler-18 d,2.28043
Kepler-18 d,2.28043
Kepler-18 d,2.28043
Kepler-18 d,2.28043
Kepler-18 d,2.28043
Kepler-18 d,2.28043
Kepler-18 d,2.28043
Kepler-18 d,2.28043
Kepler-18 d,2.28043
Kepler-18 d,2.28043
Kepler-180 b,1.40879
Kepler-180 b,1.40879
Kepler-180 b,1.40879
Kepler-180 b,1.40879
Kepler-180 b,1.40879
Kepler-180 b,1.40879
Kepler-180 b,1.40879
Kepler-180 b,1.40879
Kepler-180 b,1.40879
Kepler-180 b,1.40879
Kepler-180 c,1.40879
Kepler-180 c,1.40879
Kepler-180 c,1.40879
Kepler-180 c,1.40879
Kepler-180 c,1.40879
Kepler-180 c,1.40879
Kepler-180 c,1.40879
Kepler-180 c,1.40879
Kepler-180 c,1.40879
Kepler-180 c,1.40879
Kepler-180 c,1.40879
Kepler-1800 b,2.82462
Kepler-1800 b,2.82462
Kepler-1800 b,2.82462
Kepler-1800 b,2.82462
Kepler-1800 b,2.82462
Kepler-1800 b,2.82462
Kepler-1800 b,2.82462
Kepler-1800 b,2.82462
Kepler-1801 b,1.16308
Kepler-1801 b,1.16308
Kepler-1801 b,1.16308
Kepler-1801 b,1.16308
Kepler-1801 b,1.16308
Kepler-1801 b,1.16308
Kepler-1801 b,1.16308
Kepler-1801 b,1.16308
Kepler-1801 c,1.16308
Kepler-1801 c,1.16308
Kepler-1801 c,1.16308
Kepler-1801 c,1.16308
Kepler-1801 c,1.16308
Kepler-1801 c,1.16308
Kepler-1801 c,1.16308
Kepler-1802 b,1.55423
Kepler-1802 b,1.55423
Kepler-1802 b,1.55423
Kepler-1802 b,1.55423
Kepler-1802 b,1.55423
Kepler-1802 b,1.55423
Kepler-1802 b,1.55423
Kepler-1802 c,1.55423
Kepler-1802 c,1.55423
Kepler-1802 c,1.55423
Kepler-1802 c,1.55423
Kepler-1802 c,1.55423
Kepler-1802 c,1.55423
Kepler-1802 c,1.55423
Kepler-1802 c,1.55423
Kepler-1804 b,2.2734
Kepler-1804 b,2.2734
Kepler-1804 b,2.2734
Kepler-1804 b,2.2734
Kepler-1804 b,2.2734
Kepler-1804 b,2.2734
Kepler-1804 b,2.2734
Kepler-1804 b,2.2734
Kepler-1805 b,4.48309
Kepler-1805 b,4.48309
Kepler-1805 b,4.48309
Kepler-1805 b,4.48309
Kepler-1805 b,4.48309
Kepler-1805 b,4.48309
Kepler-1805 b,4.48309
Kepler-1805 b,4.48309
Kepler-1805 b,4.48309
Kepler-1806 b,0.994354
Kepler-1806 b,0.994354
Kepler-1806 b,0.994354
Kepler-1806 b,0.994354
Kepler-1806 b,0.994354
Kepler-1806 b,0.994354
Kepler-1806 b,0.994354
Kepler-1806 b,0.994354
Kepler-1807 b,0.740922
Kepler-1807 b,0.740922
Kepler-1807 b,0.740922
Kepler-1807 b,0.740922
Kepler-1807 b,0.740922
Kepler-1807 b,0.740922
Kepler-1807 b,0.740922
Kepler-1807 b,0.740922
Kepler-1808 b,0.950059
Kepler-1808 b,0.950059
Kepler-1808 b,0.950059
Kepler-1808 b,0.950059
Kepler-1808 b,0.950059
Kepler-1808 b,0.950059
Kepler-1808 b,0.950059
Kepler-1808 b,0.950059
Kepler-1809 b,2.41265
Kepler-1809 b,2.41265
Kepler-1809 b,2.41265
Kepler-1809 b,2.41265
Kepler-1809 b,2.41265
Kepler-1809 b,2.41265
Kepler-1809 b,2.41265
Kepler-1809 b,2.41265
Kepler-181 b,1.61267
Kepler-181 b,1.61267
Kepler-181 b,1.61267
Kepler-181 b,1.61267
Kepler-181 b,1.61267
Kepler-181 b,1.61267
Kepler-181 b,1.61267
Kepler-181 b,1.61267
Kepler-181 b,1.61267
Kepler-181 b,1.61267
Kepler-181 b,1.61267
Kepler-181 c,1.61267
Kepler-181 c,1.61267
Kepler-181 c,1.61267
Kepler-181 c,1.61267
Kepler-181 c,1.61267
Kepler-181 c,1.61267
Kepler-181 c,1.61267
Kepler-181 c,1.61267
Kepler-181 c,1.61267
Kepler-181 c,1.61267
Kepler-181 c,1.61267
Kepler-181 c,1.61267
Kepler-1810 b,0.962318
Kepler-1810 b,0.962318
Kepler-1810 b,0.962318
Kepler-1810 b,0.962318
Kepler-1810 b,0.962318
Kepler-1810 b,0.962318
Kepler-1810 b,0.962318
Kepler-1810 b,0.962318
Kepler-1811 b,0.690806
Kepler-1811 b,0.690806
Kepler-1811 b,0.690806
Kepler-1811 b,0.690806
Kepler-1811 b,0.690806
Kepler-1811 b,0.690806
Kepler-1811 b,0.690806
Kepler-1811 b,0.690806
Kepler-1812 b,0.682188
Kepler-1812 b,0.682188
Kepler-1812 b,0.682188
Kepler-1812 b,0.682188
Kepler-1812 b,0.682188
Kepler-1812 b,0.682188
Kepler-1812 b,0.682188
Kepler-1814 b,1.34842
Kepler-1814 b,1.34842
Kepler-1814 b,1.34842
Kepler-1814 b,1.34842
Kepler-1814 b,1.34842
Kepler-1814 b,1.34842
Kepler-1814 b,1.34842
Kepler-1814 b,1.34842
Kepler-1814 b,1.34842
Kepler-1814 c,1.34842
Kepler-1814 c,1.34842
Kepler-1814 c,1.34842
Kepler-1814 c,1.34842
Kepler-1814 c,1.34842
Kepler-1814 c,1.34842
Kepler-1814 c,1.34842
Kepler-1815 b,0.965849
Kepler-1815 b,0.965849
Kepler-1815 b,0.965849
Kepler-1815 b,0.965849
Kepler-1815 b,0.965849
Kepler-1815 b,0.965849
Kepler-1815 b,0.965849
Kepler-1815 b,0.965849
Kepler-1816 b,2.25527
Kepler-1816 b,2.25527
Kepler-1816 b,2.25527
Kepler-1816 b,2.25527
Kepler-1816 b,2.25527
Kepler-1816 b,2.25527
Kepler-1816 b,2.25527
Kepler-1816 b,2.25527
Kepler-1816 b,2.25527
Kepler-1817 b,1.30731
Kepler-1817 b,1.30731
Kepler-1817 b,1.30731
Kepler-1817 b,1.30731
Kepler-1817 b,1.30731
Kepler-1817 b,1.30731
Kepler-1817 b,1.30731
Kepler-1817 b,1.30731
Kepler-1818 b,0.937926
Kepler-1818 b,0.937926
Kepler-1818 b,0.937926
Kepler-1818 b,0.937926
Kepler-1818 b,0.937926
Kepler-1818 b,0.937926
Kepler-1818 b,0.937926
Kepler-1819 b,0.705552
Kepler-1819 b,0.705552
Kepler-1819 b,0.705552
Kepler-1819 b,0.705552
Kepler-1819 b,0.705552
Kepler-1819 b,0.705552
Kepler-1819 b,0.705552
Kepler-1819 b,0.705552
Kepler-182 b,0.616601
Kepler-182 b,0.616601
Kepler-182 b,0.616601
Kepler-182 b,0.616601
Kepler-182 b,0.616601
Kepler-182 b,0.616601
Kepler-182 b,0.616601
Kepler-182 b,0.616601
Kepler-182 b,0.616601
Kepler-182 b,0.616601
Kepler-182 b,0.616601
Kepler-182 b,0.616601
Kepler-182 c,0.616601
Kepler-182 c,0.616601
Kepler-182 c,0.616601
Kepler-182 c,0.616601
Kepler-182 c,0.616601
Kepler-182 c,0.616601
Kepler-182 c,0.616601
Kepler-182 c,0.616601
Kepler-182 c,0.616601
Kepler-182 c,0.616601
Kepler-182 c,0.616601
Kepler-182 c,0.616601
Kepler-1820 b,0.673508
Kepler-1820 b,0.673508
Kepler-1820 b,0.673508
Kepler-1820 b,0.673508
Kepler-1820 b,0.673508
Kepler-1820 b,0.673508
Kepler-1820 b,0.673508
Kepler-1820 b,0.673508
Kepler-1821 b,1.2218
Kepler-1821 b,1.2218
Kepler-1821 b,1.2218
Kepler-1821 b,1.2218
Kepler-1821 b,1.2218
Kepler-1821 b,1.2218
Kepler-1821 b,1.2218
Kepler-1821 b,1.2218
Kepler-1822 b,1.08697
Kepler-1822 b,1.08697
Kepler-1822 b,1.08697
Kepler-1822 b,1.08697
Kepler-1822 b,1.08697
Kepler-1822 b,1.08697
Kepler-1822 b,1.08697
Kepler-1822 b,1.08697
Kepler-1823 b,1.35057
Kepler-1823 b,1.35057
Kepler-1823 b,1.35057
Kepler-1823 b,1.35057
Kepler-1823 b,1.35057
Kepler-1823 b,1.35057
Kepler-1823 b,1.35057
Kepler-1823 b,1.35057
Kepler-1823 b,1.35057
Kepler-1824 b,0.933309
Kepler-1824 b,0.933309
Kepler-1824 b,0.933309
Kepler-1824 b,0.933309
Kepler-1824 b,0.933309
Kepler-1824 b,0.933309
Kepler-1824 b,0.933309
Kepler-1824 b,0.933309
Kepler-1825 b,2.29544
Kepler-1825 b,2.29544
Kepler-1825 b,2.29544
Kepler-1825 b,2.29544
Kepler-1825 b,2.29544
Kepler-1825 b,2.29544
Kepler-1825 b,2.29544
Kepler-1826 b,2.9392
Kepler-1826 b,2.9392
Kepler-1826 b,2.9392
Kepler-1826 b,2.9392
Kepler-1826 b,2.9392
Kepler-1826 b,2.9392
Kepler-1826 b,2.9392
Kepler-1826 b,2.9392
Kepler-1827 b,1.42803
Kepler-1827 b,1.42803
Kepler-1827 b,1.42803
Kepler-1827 b,1.42803
Kepler-1827 b,1.42803
Kepler-1827 b,1.42803
Kepler-1827 b,1.42803
Kepler-1827 b,1.42803
Kepler-1828 b,1.11875
Kepler-1828 b,1.11875
Kepler-1828 b,1.11875
Kepler-1828 b,1.11875
Kepler-1828 b,1.11875
Kepler-1828 b,1.11875
Kepler-1828 b,1.11875
Kepler-1829 b,1.44209
Kepler-1829 b,1.44209
Kepler-1829 b,1.44209
Kepler-1829 b,1.44209
Kepler-1829 b,1.44209
Kepler-1829 b,1.44209
Kepler-1829 b,1.44209
Kepler-183 b,0.923702
Kepler-183 b,0.923702
Kepler-183 b,0.923702
Kepler-183 b,0.923702
Kepler-183 b,0.923702
Kepler-183 b,0.923702
Kepler-183 b,0.923702
Kepler-183 b,0.923702
Kepler-183 b,0.923702
Kepler-183 b,0.923702
Kepler-183 b,0.923702
Kepler-183 b,0.923702
Kepler-183 b,0.923702
Kepler-183 c,0.923702
Kepler-183 c,0.923702
Kepler-183 c,0.923702
Kepler-183 c,0.923702
Kepler-183 c,0.923702
Kepler-183 c,0.923702
Kepler-183 c,0.923702
Kepler-183 c,0.923702
Kepler-183 c,0.923702
Kepler-183 c,0.923702
Kepler-183 c,0.923702
Kepler-183 c,0.923702
Kepler-183 c,0.923702
Kepler-1830 b,0.917615
Kepler-1830 b,0.917615
Kepler-1830 b,0.917615
Kepler-1830 b,0.917615
Kepler-1830 b,0.917615
Kepler-1830 b,0.917615
Kepler-1830 b,0.917615
Kepler-1830 b,0.917615
Kepler-1830 b,0.917615
Kepler-1831 b,0.920577
Kepler-1831 b,0.920577
Kepler-1831 b,0.920577
Kepler-1831 b,0.920577
Kepler-1831 b,0.920577
Kepler-1831 b,0.920577
Kepler-1831 b,0.920577
Kepler-1832 b,2.02831
Kepler-1832 b,2.02831
Kepler-1832 b,2.02831
Kepler-1832 b,2.02831
Kepler-1832 b,2.02831
Kepler-1832 b,2.02831
Kepler-1832 b,2.02831
Kepler-1833 b,1.66169
Kepler-1833 b,1.66169
Kepler-1833 b,1.66169
Kepler-1833 b,1.66169
Kepler-1833 b,1.66169
Kepler-1833 b,1.66169
Kepler-1833 b,1.66169
Kepler-1833 b,1.66169
Kepler-1834 b,1.97034
Kepler-1834 b,1.97034
Kepler-1834 b,1.97034
Kepler-1834 b,1.97034
Kepler-1834 b,1.97034
Kepler-1834 b,1.97034
Kepler-1834 b,1.97034
Kepler-1834 b,1.97034
Kepler-1834 c,1.97034
Kepler-1834 c,1.97034
Kepler-1834 c,1.97034
Kepler-1834 c,1.97034
Kepler-1834 c,1.97034
Kepler-1834 c,1.97034
Kepler-1835 b,0.683384
Kepler-1835 b,0.683384
Kepler-1835 b,0.683384
Kepler-1835 b,0.683384
Kepler-1835 b,0.683384
Kepler-1835 b,0.683384
Kepler-1835 b,0.683384
Kepler-1836 b,0.651353
Kepler-1836 b,0.651353
Kepler-1836 b,0.651353
Kepler-1836 b,0.651353
Kepler-1836 b,0.651353
Kepler-1836 b,0.651353
Kepler-1836 b,0.651353
Kepler-1837 b,0.785182
Kepler-1837 b,0.785182
Kepler-1837 b,0.785182
Kepler-1837 b,0.785182
Kepler-1837 b,0.785182
Kepler-1837 b,0.785182
Kepler-1837 b,0.785182
Kepler-1838 b,2.18755
Kepler-1838 b,2.18755
Kepler-1838 b,2.18755
Kepler-1838 b,2.18755
Kepler-1838 b,2.18755
Kepler-1838 b,2.18755
Kepler-1838 b,2.18755
Kepler-1838 b,2.18755
Kepler-1838 b,2.18755
Kepler-1839 b,0.851139
Kepler-1839 b,0.851139
Kepler-1839 b,0.851139
Kepler-1839 b,0.851139
Kepler-1839 b,0.851139
Kepler-1839 b,0.851139
Kepler-1839 b,0.851139
Kepler-184 b,1.6097
Kepler-184 b,1.6097
Kepler-184 b,1.6097
Kepler-184 b,1.6097
Kepler-184 b,1.6097
Kepler-184 b,1.6097
Kepler-184 b,1.6097
Kepler-184 b,1.6097
Kepler-184 b,1.6097
Kepler-184 b,1.6097
Kepler-184 b,1.6097
Kepler-184 b,1.6097
Kepler-184 b,1.6097
Kepler-184 c,1.6097
Kepler-184 c,1.6097
Kepler-184 c,1.6097
Kepler-184 c,1.6097
Kepler-184 c,1.6097
Kepler-184 c,1.6097
Kepler-184 c,1.6097
Kepler-184 c,1.6097
Kepler-184 c,1.6097
Kepler-184 c,1.6097
Kepler-184 c,1.6097
Kepler-184 c,1.6097
Kepler-184 c,1.6097
Kepler-184 d,1.6097
Kepler-184 d,1.6097
Kepler-184 d,1.6097
Kepler-184 d,1.6097
Kepler-184 d,1.6097
Kepler-184 d,1.6097
Kepler-184 d,1.6097
Kepler-184 d,1.6097
Kepler-184 d,1.6097
Kepler-184 d,1.6097
Kepler-184 d,1.6097
Kepler-184 d,1.6097
Kepler-184 d,1.6097
Kepler-1840 b,1.92049
Kepler-1840 b,1.92049
Kepler-1840 b,1.92049
Kepler-1840 b,1.92049
Kepler-1840 b,1.92049
Kepler-1840 b,1.92049
Kepler-1840 b,1.92049
Kepler-1840 b,1.92049
Kepler-1840 b,1.92049
Kepler-1841 b,1.5543
Kepler-1841 b,1.5543
Kepler-1841 b,1.5543
Kepler-1841 b,1.5543
Kepler-1841 b,1.5543
Kepler-1841 b,1.5543
Kepler-1841 b,1.5543
Kepler-1841 b,1.5543
Kepler-1842 b,1.05419
Kepler-1842 b,1.05419
Kepler-1842 b,1.05419
Kepler-1842 b,1.05419
Kepler-1842 b,1.05419
Kepler-1842 b,1.05419
Kepler-1842 b,1.05419
Kepler-1842 b,1.05419
Kepler-1843 b,1.24607
Kepler-1843 b,1.24607
Kepler-1843 b,1.24607
Kepler-1843 b,1.24607
Kepler-1843 b,1.24607
Kepler-1843 b,1.24607
Kepler-1843 b,1.24607
Kepler-1843 b,1.24607
Kepler-1843 b,1.24607
Kepler-1844 b,0.527546
Kepler-1844 b,0.527546
Kepler-1844 b,0.527546
Kepler-1844 b,0.527546
Kepler-1844 b,0.527546
Kepler-1844 b,0.527546
Kepler-1844 b,0.527546
Kepler-1845 b,1.37928
Kepler-1845 b,1.37928
Kepler-1845 b,1.37928
Kepler-1845 b,1.37928
Kepler-1845 b,1.37928
Kepler-1845 b,1.37928
Kepler-1845 b,1.37928
Kepler-1846 b,2.64059
Kepler-1846 b,2.64059
Kepler-1846 b,2.64059
Kepler-1846 b,2.64059
Kepler-1846 b,2.64059
Kepler-1846 b,2.64059
Kepler-1846 b,2.64059
Kepler-1846 b,2.64059
Kepler-1846 b,2.64059
Kepler-1847 b,0.563997
Kepler-1847 b,0.563997
Kepler-1847 b,0.563997
Kepler-1847 b,0.563997
Kepler-1847 b,0.563997
Kepler-1847 b,0.563997
Kepler-1847 b,0.563997
Kepler-1848 b,3.20011
Kepler-1848 b,3.20011
Kepler-1848 b,3.20011
Kepler-1848 b,3.20011
Kepler-1848 b,3.20011
Kepler-1848 b,3.20011
Kepler-1848 b,3.20011
Kepler-1848 b,3.20011
Kepler-1849 b,1.55423
Kepler-1849 b,1.55423
Kepler-1849 b,1.55423
Kepler-1849 b,1.55423
Kepler-1849 b,1.55423
Kepler-1849 b,1.55423
Kepler-1849 b,1.55423
Kepler-1849 b,1.55423
Kepler-185 b,2.11386
Kepler-185 b,2.11386
Kepler-185 b,2.11386
Kepler-185 b,2.11386
Kepler-185 b,2.11386
Kepler-185 b,2.11386
Kepler-185 b,2.11386
Kepler-185 b,2.11386
Kepler-185 b,2.11386
Kepler-185 b,2.11386
Kepler-185 b,2.11386
Kepler-185 c,2.11386
Kepler-185 c,2.11386
Kepler-185 c,2.11386
Kepler-185 c,2.11386
Kepler-185 c,2.11386
Kepler-185 c,2.11386
Kepler-185 c,2.11386
Kepler-185 c,2.11386
Kepler-185 c,2.11386
Kepler-185 c,2.11386
Kepler-185 c,2.11386
Kepler-185 c,2.11386
Kepler-1850 b,3.968
Kepler-1850 b,3.968
Kepler-1850 b,3.968
Kepler-1850 b,3.968
Kepler-1850 b,3.968
Kepler-1850 b,3.968
Kepler-1850 b,3.968
Kepler-1851 b,0.600137
Kepler-1851 b,0.600137
Kepler-1851 b,0.600137
Kepler-1851 b,0.600137
Kepler-1851 b,0.600137
Kepler-1851 b,0.600137
Kepler-1851 b,0.600137
Kepler-1851 b,0.600137
Kepler-1852 b,1.26611
Kepler-1852 b,1.26611
Kepler-1852 b,1.26611
Kepler-1852 b,1.26611
Kepler-1852 b,1.26611
Kepler-1852 b,1.26611
Kepler-1852 b,1.26611
Kepler-1853 b,1.74979
Kepler-1853 b,1.74979
Kepler-1853 b,1.74979
Kepler-1853 b,1.74979
Kepler-1853 b,1.74979
Kepler-1853 b,1.74979
Kepler-1853 b,1.74979
Kepler-1853 b,1.74979
Kepler-1856 b,1.1502
Kepler-1856 b,1.1502
Kepler-1856 b,1.1502
Kepler-1856 b,1.1502
Kepler-1856 b,1.1502
Kepler-1856 b,1.1502
Kepler-1856 b,1.1502
Kepler-1857 b,1.1437
Kepler-1857 b,1.1437
Kepler-1857 b,1.1437
Kepler-1857 b,1.1437
Kepler-1857 b,1.1437
Kepler-1857 b,1.1437
Kepler-1857 b,1.1437
Kepler-1857 b,1.1437
Kepler-1858 b,1.17257
Kepler-1858 b,1.17257
Kepler-1858 b,1.17257
Kepler-1858 b,1.17257
Kepler-1858 b,1.17257
Kepler-1858 b,1.17257
Kepler-1858 b,1.17257
Kepler-1858 b,1.17257
Kepler-1859 b,0.72278
Kepler-1859 b,0.72278
Kepler-1859 b,0.72278
Kepler-1859 b,0.72278
Kepler-1859 b,0.72278
Kepler-1859 b,0.72278
Kepler-1859 b,0.72278
Kepler-1859 c,0.72278
Kepler-1859 c,0.72278
Kepler-1859 c,0.72278
Kepler-1859 c,0.72278
Kepler-1859 c,0.72278
Kepler-1859 c,0.72278
Kepler-186 b,5.60203
Kepler-186 b,5.60203
Kepler-186 b,5.60203
Kepler-186 b,5.60203
Kepler-186 b,5.60203
Kepler-186 b,5.60203
Kepler-186 b,5.60203
Kepler-186 b,5.60203
Kepler-186 b,5.60203
Kepler-186 b,5.60203
Kepler-186 b,5.60203
Kepler-186 b,5.60203
Kepler-186 b,5.60203
Kepler-186 b,5.60203
Kepler-186 b,5.60203
Kepler-186 b,5.60203
Kepler-186 b,5.60203
Kepler-186 c,5.60203
Kepler-186 c,5.60203
Kepler-186 c,5.60203
Kepler-186 c,5.60203
Kepler-186 c,5.60203
Kepler-186 c,5.60203
Kepler-186 c,5.60203
Kepler-186 c,5.60203
Kepler-186 c,5.60203
Kepler-186 c,5.60203
Kepler-186 c,5.60203
Kepler-186 c,5.60203
Kepler-186 c,5.60203
Kepler-186 c,5.60203
Kepler-186 c,5.60203
Kepler-186 c,5.60203
Kepler-186 c,5.60203
Kepler-186 d,5.60203
Kepler-186 d,5.60203
Kepler-186 d,5.60203
Kepler-186 d,5.60203
Kepler-186 d,5.60203
Kepler-186 d,5.60203
Kepler-186 d,5.60203
Kepler-186 d,5.60203
Kepler-186 d,5.60203
Kepler-186 d,5.60203
Kepler-186 d,5.60203
Kepler-186 d,5.60203
Kepler-186 d,5.60203
Kepler-186 d,5.60203
Kepler-186 d,5.60203
Kepler-186 d,5.60203
Kepler-186 d,5.60203
Kepler-186 e,5.60203
Kepler-186 e,5.60203
Kepler-186 e,5.60203
Kepler-186 e,5.60203
Kepler-186 e,5.60203
Kepler-186 e,5.60203
Kepler-186 e,5.60203
Kepler-186 e,5.60203
Kepler-186 e,5.60203
Kepler-186 e,5.60203
Kepler-186 e,5.60203
Kepler-186 e,5.60203
Kepler-186 e,5.60203
Kepler-186 e,5.60203
Kepler-186 e,5.60203
Kepler-186 e,5.60203
Kepler-186 f,5.60203
Kepler-186 f,5.60203
Kepler-186 f,5.60203
Kepler-186 f,5.60203
Kepler-186 f,5.60203
Kepler-186 f,5.60203
Kepler-186 f,5.60203
Kepler-186 f,5.60203
Kepler-186 f,5.60203
Kepler-186 f,5.60203
Kepler-186 f,5.60203
Kepler-186 f,5.60203
Kepler-186 f,5.60203
Kepler-1860 b,2.25057
Kepler-1860 b,2.25057
Kepler-1860 b,2.25057
Kepler-1860 b,2.25057
Kepler-1860 b,2.25057
Kepler-1860 b,2.25057
Kepler-1860 b,2.25057
Kepler-1860 b,2.25057
Kepler-1861 b,1.17616
Kepler-1861 b,1.17616
Kepler-1861 b,1.17616
Kepler-1861 b,1.17616
Kepler-1861 b,1.17616
Kepler-1861 b,1.17616
Kepler-1861 b,1.17616
Kepler-1861 b,1.17616
Kepler-1861 b,1.17616
Kepler-1862 b,0.783621
Kepler-1862 b,0.783621
Kepler-1862 b,0.783621
Kepler-1862 b,0.783621
Kepler-1862 b,0.783621
Kepler-1862 b,0.783621
Kepler-1862 b,0.783621
Kepler-1862 b,0.783621
Kepler-1863 b,1.12655
Kepler-1863 b,1.12655
Kepler-1863 b,1.12655
Kepler-1863 b,1.12655
Kepler-1863 b,1.12655
Kepler-1863 b,1.12655
Kepler-1863 b,1.12655
Kepler-1863 b,1.12655
Kepler-1863 b,1.12655
Kepler-1864 b,3.31688
Kepler-1864 b,3.31688
Kepler-1864 b,3.31688
Kepler-1864 b,3.31688
Kepler-1864 b,3.31688
Kepler-1864 b,3.31688
Kepler-1864 b,3.31688
Kepler-1864 b,3.31688
Kepler-1865 b,1.05654
Kepler-1865 b,1.05654
Kepler-1865 b,1.05654
Kepler-1865 b,1.05654
Kepler-1865 b,1.05654
Kepler-1865 b,1.05654
Kepler-1865 b,1.05654
Kepler-1866 b,0.995104
Kepler-1866 b,0.995104
Kepler-1866 b,0.995104
Kepler-1866 b,0.995104
Kepler-1866 b,0.995104
Kepler-1866 b,0.995104
Kepler-1866 b,0.995104
Kepler-1867 b,1.44057
Kepler-1867 b,1.44057
Kepler-1867 b,1.44057
Kepler-1867 b,1.44057
Kepler-1867 b,1.44057
Kepler-1867 b,1.44057
Kepler-1867 b,1.44057
Kepler-1868 b,3.61832
Kepler-1868 b,3.61832
Kepler-1868 b,3.61832
Kepler-1868 b,3.61832
Kepler-1868 b,3.61832
Kepler-1868 b,3.61832
Kepler-1868 b,3.61832
Kepler-1868 b,3.61832
Kepler-1868 b,3.61832
Kepler-1869 b,8.81875
Kepler-1869 b,8.81875
Kepler-1869 b,8.81875
Kepler-1869 b,8.81875
Kepler-1869 b,8.81875
Kepler-1869 b,8.81875
Kepler-1869 b,8.81875
Kepler-1869 b,8.81875
Kepler-1869 b,8.81875
Kepler-1869 c,8.81875
Kepler-1869 c,8.81875
Kepler-1869 c,8.81875
Kepler-1869 c,8.81875
Kepler-1869 c,8.81875
Kepler-1869 c,8.81875
Kepler-1869 c,8.81875
Kepler-1869 c,8.81875
Kepler-1869 c,8.81875
Kepler-187 b,0.84684
Kepler-187 b,0.84684
Kepler-187 b,0.84684
Kepler-187 b,0.84684
Kepler-187 b,0.84684
Kepler-187 b,0.84684
Kepler-187 b,0.84684
Kepler-187 b,0.84684
Kepler-187 b,0.84684
Kepler-187 b,0.84684
Kepler-187 b,0.84684
Kepler-187 c,0.84684
Kepler-187 c,0.84684
Kepler-187 c,0.84684
Kepler-187 c,0.84684
Kepler-187 c,0.84684
Kepler-187 c,0.84684
Kepler-187 c,0.84684
Kepler-187 c,0.84684
Kepler-187 c,0.84684
Kepler-187 c,0.84684
Kepler-187 c,0.84684
Kepler-187 c,0.84684
Kepler-1870 b,2.42689
Kepler-1870 b,2.42689
Kepler-1870 b,2.42689
Kepler-1870 b,2.42689
Kepler-1870 b,2.42689
Kepler-1870 b,2.42689
Kepler-1870 b,2.42689
Kepler-1870 b,2.42689
Kepler-1870 b,2.42689
Kepler-1871 b,1.14175
Kepler-1871 b,1.14175
Kepler-1871 b,1.14175
Kepler-1871 b,1.14175
Kepler-1871 b,1.14175
Kepler-1871 b,1.14175
Kepler-1871 b,1.14175
Kepler-1872 b,1.16203
Kepler-1872 b,1.16203
Kepler-1872 b,1.16203
Kepler-1872 b,1.16203
Kepler-1872 b,1.16203
Kepler-1872 b,1.16203
Kepler-1872 b,1.16203
Kepler-1873 b,1.19069
Kepler-1873 b,1.19069
Kepler-1873 b,1.19069
Kepler-1873 b,1.19069
Kepler-1873 b,1.19069
Kepler-1873 b,1.19069
Kepler-1873 b,1.19069
Kepler-1875 b,0.575041
Kepler-1875 b,0.575041
Kepler-1875 b,0.575041
Kepler-1875 b,0.575041
Kepler-1875 b,0.575041
Kepler-1875 b,0.575041
Kepler-1875 b,0.575041
Kepler-1875 b,0.575041
Kepler-1876 b,3.81845
Kepler-1876 b,3.81845
Kepler-1876 b,3.81845
Kepler-1876 b,3.81845
Kepler-1876 b,3.81845
Kepler-1876 b,3.81845
Kepler-1876 b,3.81845
Kepler-1876 b,3.81845
Kepler-1876 b,3.81845
Kepler-1877 b,3.47619
Kepler-1877 b,3.47619
Kepler-1877 b,3.47619
Kepler-1877 b,3.47619
Kepler-1877 b,3.47619
Kepler-1877 b,3.47619
Kepler-1877 b,3.47619
Kepler-1877 b,3.47619
Kepler-1878 b,0.641277
Kepler-1878 b,0.641277
Kepler-1878 b,0.641277
Kepler-1878 b,0.641277
Kepler-1878 b,0.641277
Kepler-1878 b,0.641277
Kepler-1878 b,0.641277
Kepler-1879 b,1.56588
Kepler-1879 b,1.56588
Kepler-1879 b,1.56588
Kepler-1879 b,1.56588
Kepler-1879 b,1.56588
Kepler-1879 b,1.56588
Kepler-1879 b,1.56588
Kepler-1879 b,1.56588
Kepler-1879 b,1.56588
Kepler-188 b,1.00392
Kepler-188 b,1.00392
Kepler-188 b,1.00392
Kepler-188 b,1.00392
Kepler-188 b,1.00392
Kepler-188 b,1.00392
Kepler-188 b,1.00392
Kepler-188 b,1.00392
Kepler-188 b,1.00392
Kepler-188 b,1.00392
Kepler-188 b,1.00392
Kepler-188 c,1.00392
Kepler-188 c,1.00392
Kepler-188 c,1.00392
Kepler-188 c,1.00392
Kepler-188 c,1.00392
Kepler-188 c,1.00392
Kepler-188 c,1.00392
Kepler-188 c,1.00392
Kepler-188 c,1.00392
Kepler-188 c,1.00392
Kepler-188 c,1.00392
Kepler-188 c,1.00392
Kepler-1880 b,1.60837
Kepler-1880 b,1.60837
Kepler-1880 b,1.60837
Kepler-1880 b,1.60837
Kepler-1880 b,1.60837
Kepler-1880 b,1.60837
Kepler-1880 b,1.60837
Kepler-1881 b,0.918411
Kepler-1881 b,0.918411
Kepler-1881 b,0.918411
Kepler-1881 b,0.918411
Kepler-1881 b,0.918411
Kepler-1881 b,0.918411
Kepler-1881 b,0.918411
Kepler-1881 b,0.918411
Kepler-1882 b,2.22676
Kepler-1882 b,2.22676
Kepler-1882 b,2.22676
Kepler-1882 b,2.22676
Kepler-1882 b,2.22676
Kepler-1882 b,2.22676
Kepler-1882 b,2.22676
Kepler-1882 b,2.22676
Kepler-1882 b,2.22676
Kepler-1883 b,0.698286
Kepler-1883 b,0.698286
Kepler-1883 b,0.698286
Kepler-1883 b,0.698286
Kepler-1883 b,0.698286
Kepler-1883 b,0.698286
Kepler-1883 b,0.698286
Kepler-1883 b,0.698286
Kepler-1884 b,0.66501
Kepler-1884 b,0.66501
Kepler-1884 b,0.66501
Kepler-1884 b,0.66501
Kepler-1884 b,0.66501
Kepler-1884 b,0.66501
Kepler-1884 b,0.66501
Kepler-1885 b,1.19317
Kepler-1885 b,1.19317
Kepler-1885 b,1.19317
Kepler-1885 b,1.19317
Kepler-1885 b,1.19317
Kepler-1885 b,1.19317
Kepler-1885 b,1.19317
Kepler-1886 b,0.916692
Kepler-1886 b,0.916692
Kepler-1886 b,0.916692
Kepler-1886 b,0.916692
Kepler-1886 b,0.916692
Kepler-1886 b,0.916692
Kepler-1886 b,0.916692
Kepler-1886 b,0.916692
Kepler-1887 b,0.703869
Kepler-1887 b,0.703869
Kepler-1887 b,0.703869
Kepler-1887 b,0.703869
Kepler-1887 b,0.703869
Kepler-1887 b,0.703869
Kepler-1887 b,0.703869
Kepler-1887 b,0.703869
Kepler-1888 b,2.4532
Kepler-1888 b,2.4532
Kepler-1888 b,2.4532
Kepler-1888 b,2.4532
Kepler-1888 b,2.4532
Kepler-1888 b,2.4532
Kepler-1888 b,2.4532
Kepler-1889 b,0.689873
Kepler-1889 b,0.689873
Kepler-1889 b,0.689873
Kepler-1889 b,0.689873
Kepler-1889 b,0.689873
Kepler-1889 b,0.689873
Kepler-1889 b,0.689873
Kepler-1889 b,0.689873
Kepler-189 b,1.66183
Kepler-189 b,1.66183
Kepler-189 b,1.66183
Kepler-189 b,1.66183
Kepler-189 b,1.66183
Kepler-189 b,1.66183
Kepler-189 b,1.66183
Kepler-189 b,1.66183
Kepler-189 b,1.66183
Kepler-189 b,1.66183
Kepler-189 b,1.66183
Kepler-189 b,1.66183
Kepler-189 c,1.66183
Kepler-189 c,1.66183
Kepler-189 c,1.66183
Kepler-189 c,1.66183
Kepler-189 c,1.66183
Kepler-189 c,1.66183
Kepler-189 c,1.66183
Kepler-189 c,1.66183
Kepler-189 c,1.66183
Kepler-189 c,1.66183
Kepler-189 c,1.66183
Kepler-189 c,1.66183
Kepler-189 c,1.66183
Kepler-1890 b,1.85971
Kepler-1890 b,1.85971
Kepler-1890 b,1.85971
Kepler-1890 b,1.85971
Kepler-1890 b,1.85971
Kepler-1890 b,1.85971
Kepler-1890 b,1.85971
Kepler-1890 b,1.85971
Kepler-1891 b,1.64841
Kepler-1891 b,1.64841
Kepler-1891 b,1.64841
Kepler-1891 b,1.64841
Kepler-1891 b,1.64841
Kepler-1891 b,1.64841
Kepler-1891 b,1.64841
Kepler-1892 b,1.14683
Kepler-1892 b,1.14683
Kepler-1892 b,1.14683
Kepler-1892 b,1.14683
Kepler-1892 b,1.14683
Kepler-1892 b,1.14683
Kepler-1892 b,1.14683
Kepler-1893 b,0.923566
Kepler-1893 b,0.923566
Kepler-1893 b,0.923566
Kepler-1893 b,0.923566
Kepler-1893 b,0.923566
Kepler-1893 b,0.923566
Kepler-1893 b,0.923566
Kepler-1894 b,1.04108
Kepler-1894 b,1.04108
Kepler-1894 b,1.04108
Kepler-1894 b,1.04108
Kepler-1894 b,1.04108
Kepler-1894 b,1.04108
Kepler-1894 b,1.04108
Kepler-1894 c,1.04108
Kepler-1894 c,1.04108
Kepler-1894 c,1.04108
Kepler-1894 c,1.04108
Kepler-1894 c,1.04108
Kepler-1894 c,1.04108
Kepler-1894 c,1.04108
Kepler-1895 b,0.987828
Kepler-1895 b,0.987828
Kepler-1895 b,0.987828
Kepler-1895 b,0.987828
Kepler-1895 b,0.987828
Kepler-1895 b,0.987828
Kepler-1895 b,0.987828
Kepler-1896 b,0.548579
Kepler-1896 b,0.548579
Kepler-1896 b,0.548579
Kepler-1896 b,0.548579
Kepler-1896 b,0.548579
Kepler-1896 b,0.548579
Kepler-1896 b,0.548579
Kepler-1896 b,0.548579
Kepler-1897 b,0.990102
Kepler-1897 b,0.990102
Kepler-1897 b,0.990102
Kepler-1897 b,0.990102
Kepler-1897 b,0.990102
Kepler-1897 b,0.990102
Kepler-1897 b,0.990102
Kepler-1897 b,0.990102
Kepler-1898 b,2.74181
Kepler-1898 b,2.74181
Kepler-1898 b,2.74181
Kepler-1898 b,2.74181
Kepler-1898 b,2.74181
Kepler-1898 b,2.74181
Kepler-1898 b,2.74181
Kepler-1898 b,2.74181
Kepler-1899 b,1.3779
Kepler-1899 b,1.3779
Kepler-1899 b,1.3779
Kepler-1899 b,1.3779
Kepler-1899 b,1.3779
Kepler-1899 b,1.3779
Kepler-1899 b,1.3779
Kepler-19 b,4.54651
Kepler-19 b,4.54651
Kepler-19 b,4.54651
Kepler-19 b,4.54651
Kepler-19 b,4.54651
Kepler-19 b,4.54651
Kepler-19 b,4.54651
Kepler-19 b,4.54651
Kepler-19 b,4.54651
Kepler-19 b,4.54651
Kepler-19 b,4.54651
Kepler-19 b,4.54651
Kepler-19 b,4.54651
Kepler-19 b,4.54651
Kepler-19 b,4.54651
Kepler-19 c,4.54651
Kepler-19 c,4.54651
Kepler-19 c,4.54651
Kepler-19 d,4.54651
Kepler-190 b,2.27854
Kepler-190 b,2.27854
Kepler-190 b,2.27854
Kepler-190 b,2.27854
Kepler-190 b,2.27854
Kepler-190 b,2.27854
Kepler-190 b,2.27854
Kepler-190 b,2.27854
Kepler-190 b,2.27854
Kepler-190 b,2.27854
Kepler-190 b,2.27854
Kepler-190 b,2.27854
Kepler-190 c,2.27854
Kepler-190 c,2.27854
Kepler-190 c,2.27854
Kepler-190 c,2.27854
Kepler-190 c,2.27854
Kepler-190 c,2.27854
Kepler-190 c,2.27854
Kepler-190 c,2.27854
Kepler-190 c,2.27854
Kepler-190 c,2.27854
Kepler-190 c,2.27854
Kepler-190 c,2.27854
Kepler-1900 b,0.621043
Kepler-1900 b,0.621043
Kepler-1900 b,0.621043
Kepler-1900 b,0.621043
Kepler-1900 b,0.621043
Kepler-1900 b,0.621043
Kepler-1900 b,0.621043
Kepler-1901 b,0.94394
Kepler-1901 b,0.94394
Kepler-1901 b,0.94394
Kepler-1901 b,0.94394
Kepler-1901 b,0.94394
Kepler-1901 b,0.94394
Kepler-1901 b,0.94394
Kepler-1902 b,2.87682
Kepler-1902 b,2.87682
Kepler-1902 b,2.87682
Kepler-1902 b,2.87682
Kepler-1902 b,2.87682
Kepler-1902 b,2.87682
Kepler-1902 b,2.87682
Kepler-1903 b,0.534061
Kepler-1903 b,0.534061
Kepler-1903 b,0.534061
Kepler-1903 b,0.534061
Kepler-1903 b,0.534061
Kepler-1903 b,0.534061
Kepler-1903 b,0.534061
Kepler-1904 b,3.66345
Kepler-1904 b,3.66345
Kepler-1904 b,3.66345
Kepler-1904 b,3.66345
Kepler-1904 b,3.66345
Kepler-1904 b,3.66345
Kepler-1904 b,3.66345
Kepler-1904 b,3.66345
Kepler-1905 b,0.922844
Kepler-1905 b,0.922844
Kepler-1905 b,0.922844
Kepler-1905 b,0.922844
Kepler-1905 b,0.922844
Kepler-1905 b,0.922844
Kepler-1905 b,0.922844
Kepler-1906 b,0.70718
Kepler-1906 b,0.70718
Kepler-1906 b,0.70718
Kepler-1906 b,0.70718
Kepler-1906 b,0.70718
Kepler-1906 b,0.70718
Kepler-1906 b,0.70718
Kepler-1907 b,3.39447
Kepler-1907 b,3.39447
Kepler-1907 b,3.39447
Kepler-1907 b,3.39447
Kepler-1907 b,3.39447
Kepler-1907 b,3.39447
Kepler-1907 b,3.39447
Kepler-1907 b,3.39447
Kepler-1907 c,3.39447
Kepler-1907 c,3.39447
Kepler-1907 c,3.39447
Kepler-1907 c,3.39447
Kepler-1907 c,3.39447
Kepler-1907 c,3.39447
Kepler-1907 c,3.39447
Kepler-1907 c,3.39447
Kepler-1909 b,1.28138
Kepler-1909 b,1.28138
Kepler-1909 b,1.28138
Kepler-1909 b,1.28138
Kepler-1909 b,1.28138
Kepler-1909 b,1.28138
Kepler-1909 b,1.28138
Kepler-191 b,1.65359
Kepler-191 b,1.65359
Kepler-191 b,1.65359
Kepler-191 b,1.65359
Kepler-191 b,1.65359
Kepler-191 b,1.65359
Kepler-191 b,1.65359
Kepler-191 b,1.65359
Kepler-191 b,1.65359
Kepler-191 b,1.65359
Kepler-191 b,1.65359
Kepler-191 c,1.65359
Kepler-191 c,1.65359
Kepler-191 c,1.65359
Kepler-191 c,1.65359
Kepler-191 c,1.65359
Kepler-191 c,1.65359
Kepler-191 c,1.65359
Kepler-191 c,1.65359
Kepler-191 c,1.65359
Kepler-191 c,1.65359
Kepler-191 c,1.65359
Kepler-191 d,1.65359
Kepler-191 d,1.65359
Kepler-191 d,1.65359
Kepler-191 d,1.65359
Kepler-191 d,1.65359
Kepler-191 d,1.65359
Kepler-191 d,1.65359
Kepler-191 d,1.65359
Kepler-191 d,1.65359
Kepler-191 d,1.65359
Kepler-1911 b,3.67629
Kepler-1911 b,3.67629
Kepler-1911 b,3.67629
Kepler-1911 b,3.67629
Kepler-1911 b,3.67629
Kepler-1911 b,3.67629
Kepler-1912 b,3.33801
Kepler-1912 b,3.33801
Kepler-1912 b,3.33801
Kepler-1912 b,3.33801
Kepler-1912 b,3.33801
Kepler-1912 b,3.33801
Kepler-1912 b,3.33801
Kepler-1912 b,3.33801
Kepler-1913 b,1.1128
Kepler-1913 b,1.1128
Kepler-1913 b,1.1128
Kepler-1913 b,1.1128
Kepler-1913 b,1.1128
Kepler-1913 b,1.1128
Kepler-1914 b,0.588904
Kepler-1914 b,0.588904
Kepler-1914 b,0.588904
Kepler-1914 b,0.588904
Kepler-1914 b,0.588904
Kepler-1914 b,0.588904
Kepler-1914 b,0.588904
Kepler-1915 b,0.63298
Kepler-1915 b,0.63298
Kepler-1915 b,0.63298
Kepler-1915 b,0.63298
Kepler-1915 b,0.63298
Kepler-1915 b,0.63298
Kepler-1916 b,0.456932
Kepler-1916 b,0.456932
Kepler-1916 b,0.456932
Kepler-1916 b,0.456932
Kepler-1916 b,0.456932
Kepler-1916 b,0.456932
Kepler-1916 b,0.456932
Kepler-1917 b,1.07209
Kepler-1917 b,1.07209
Kepler-1917 b,1.07209
Kepler-1917 b,1.07209
Kepler-1917 b,1.07209
Kepler-1917 b,1.07209
Kepler-1918 b,0.943004
Kepler-1918 b,0.943004
Kepler-1918 b,0.943004
Kepler-1918 b,0.943004
Kepler-1918 b,0.943004
Kepler-1918 b,0.943004
Kepler-1918 b,0.943004
Kepler-1919 b,0.821205
Kepler-1919 b,0.821205
Kepler-1919 b,0.821205
Kepler-1919 b,0.821205
Kepler-1919 b,0.821205
Kepler-1919 b,0.821205
Kepler-1919 b,0.821205
Kepler-192 b,1.50571
Kepler-192 b,1.50571
Kepler-192 b,1.50571
Kepler-192 b,1.50571
Kepler-192 b,1.50571
Kepler-192 b,1.50571
Kepler-192 b,1.50571
Kepler-192 b,1.50571
Kepler-192 b,1.50571
Kepler-192 b,1.50571
Kepler-192 b,1.50571
Kepler-192 b,1.50571
Kepler-192 c,1.50571
Kepler-192 c,1.50571
Kepler-192 c,1.50571
Kepler-192 c,1.50571
Kepler-192 c,1.50571
Kepler-192 c,1.50571
Kepler-192 c,1.50571
Kepler-192 c,1.50571
Kepler-192 c,1.50571
Kepler-192 c,1.50571
Kepler-192 c,1.50571
Kepler-192 c,1.50571
Kepler-192 d,1.50571
Kepler-192 d,1.50571
Kepler-192 d,1.50571
Kepler-192 d,1.50571
Kepler-192 d,1.50571
Kepler-192 d,1.50571
Kepler-192 d,1.50571
Kepler-192 d,1.50571
Kepler-192 d,1.50571
Kepler-192 d,1.50571
Kepler-1920 b,1.10016
Kepler-1920 b,1.10016
Kepler-1920 b,1.10016
Kepler-1920 b,1.10016
Kepler-1920 b,1.10016
Kepler-1920 b,1.10016
Kepler-1920 b,1.10016
Kepler-1921 b,1.04785
Kepler-1921 b,1.04785
Kepler-1921 b,1.04785
Kepler-1921 b,1.04785
Kepler-1921 b,1.04785
Kepler-1921 b,1.04785
Kepler-1921 b,1.04785
Kepler-1921 b,1.04785
Kepler-1921 c,1.04785
Kepler-1921 c,1.04785
Kepler-1921 c,1.04785
Kepler-1921 c,1.04785
Kepler-1921 c,1.04785
Kepler-1921 c,1.04785
Kepler-1921 c,1.04785
Kepler-1922 b,0.715925
Kepler-1922 b,0.715925
Kepler-1922 b,0.715925
Kepler-1922 b,0.715925
Kepler-1922 b,0.715925
Kepler-1922 b,0.715925
Kepler-1924 b,0.495212
Kepler-1924 b,0.495212
Kepler-1924 b,0.495212
Kepler-1924 b,0.495212
Kepler-1924 b,0.495212
Kepler-1924 b,0.495212
Kepler-1925 b,0.535578
Kepler-1925 b,0.535578
Kepler-1925 b,0.535578
Kepler-1925 b,0.535578
Kepler-1925 b,0.535578
Kepler-1925 b,0.535578
Kepler-1925 b,0.535578
Kepler-1926 b,1.47247
Kepler-1926 b,1.47247
Kepler-1926 b,1.47247
Kepler-1926 b,1.47247
Kepler-1926 b,1.47247
Kepler-1926 b,1.47247
Kepler-1926 b,1.47247
Kepler-1927 b,0.888233
Kepler-1927 b,0.888233
Kepler-1927 b,0.888233
Kepler-1927 b,0.888233
Kepler-1927 b,0.888233
Kepler-1927 b,0.888233
Kepler-1927 b,0.888233
Kepler-1927 b,0.888233
Kepler-1928 b,3.03538
Kepler-1928 b,3.03538
Kepler-1928 b,3.03538
Kepler-1928 b,3.03538
Kepler-1928 b,3.03538
Kepler-1928 b,3.03538
Kepler-1928 b,3.03538
Kepler-1928 b,3.03538
Kepler-1928 b,3.03538
Kepler-1929 b,1.93911
Kepler-1929 b,1.93911
Kepler-1929 b,1.93911
Kepler-1929 b,1.93911
Kepler-1929 b,1.93911
Kepler-1929 b,1.93911
Kepler-1929 b,1.93911
Kepler-1929 b,1.93911
Kepler-193 b,0.962587
Kepler-193 b,0.962587
Kepler-193 b,0.962587
Kepler-193 b,0.962587
Kepler-193 b,0.962587
Kepler-193 b,0.962587
Kepler-193 b,0.962587
Kepler-193 b,0.962587
Kepler-193 b,0.962587
Kepler-193 b,0.962587
Kepler-193 b,0.962587
Kepler-193 b,0.962587
Kepler-193 c,0.962587
Kepler-193 c,0.962587
Kepler-193 c,0.962587
Kepler-193 c,0.962587
Kepler-193 c,0.962587
Kepler-193 c,0.962587
Kepler-193 c,0.962587
Kepler-193 c,0.962587
Kepler-193 c,0.962587
Kepler-193 c,0.962587
Kepler-193 c,0.962587
Kepler-193 c,0.962587
Kepler-1930 b,3.59832
Kepler-1930 b,3.59832
Kepler-1930 b,3.59832
Kepler-1930 b,3.59832
Kepler-1930 b,3.59832
Kepler-1930 b,3.59832
Kepler-1930 b,3.59832
Kepler-1931 b,1.58412
Kepler-1931 b,1.58412
Kepler-1931 b,1.58412
Kepler-1931 b,1.58412
Kepler-1931 b,1.58412
Kepler-1931 b,1.58412
Kepler-1931 b,1.58412
Kepler-1931 b,1.58412
Kepler-1932 b,1.37261
Kepler-1932 b,1.37261
Kepler-1932 b,1.37261
Kepler-1932 b,1.37261
Kepler-1932 b,1.37261
Kepler-1932 b,1.37261
Kepler-1932 b,1.37261
Kepler-1933 b,3.01994
Kepler-1933 b,3.01994
Kepler-1933 b,3.01994
Kepler-1933 b,3.01994
Kepler-1933 b,3.01994
Kepler-1933 b,3.01994
Kepler-1933 b,3.01994
Kepler-1933 b,3.01994
Kepler-1934 b,2.30504
Kepler-1934 b,2.30504
Kepler-1934 b,2.30504
Kepler-1934 b,2.30504
Kepler-1934 b,2.30504
Kepler-1934 b,2.30504
Kepler-1934 b,2.30504
Kepler-1935 b,1.07678
Kepler-1935 b,1.07678
Kepler-1935 b,1.07678
Kepler-1935 b,1.07678
Kepler-1935 b,1.07678
Kepler-1935 b,1.07678
Kepler-1936 b,1.11918
Kepler-1936 b,1.11918
Kepler-1936 b,1.11918
Kepler-1936 b,1.11918
Kepler-1936 b,1.11918
Kepler-1936 b,1.11918
Kepler-1936 b,1.11918
Kepler-1936 b,1.11918
Kepler-1937 b,1.07628
Kepler-1937 b,1.07628
Kepler-1937 b,1.07628
Kepler-1937 b,1.07628
Kepler-1937 b,1.07628
Kepler-1937 b,1.07628
Kepler-1937 b,1.07628
Kepler-1937 b,1.07628
Kepler-1938 b,2.34594
Kepler-1938 b,2.34594
Kepler-1938 b,2.34594
Kepler-1938 b,2.34594
Kepler-1938 b,2.34594
Kepler-1938 b,2.34594
Kepler-1938 b,2.34594
Kepler-1939 b,5.23884
Kepler-1939 b,5.23884
Kepler-1939 b,5.23884
Kepler-1939 b,5.23884
Kepler-1939 b,5.23884
Kepler-1939 b,5.23884
Kepler-194 b,0.882241
Kepler-194 b,0.882241
Kepler-194 b,0.882241
Kepler-194 b,0.882241
Kepler-194 b,0.882241
Kepler-194 b,0.882241
Kepler-194 b,0.882241
Kepler-194 b,0.882241
Kepler-194 b,0.882241
Kepler-194 b,0.882241
Kepler-194 b,0.882241
Kepler-194 c,0.882241
Kepler-194 c,0.882241
Kepler-194 c,0.882241
Kepler-194 c,0.882241
Kepler-194 c,0.882241
Kepler-194 c,0.882241
Kepler-194 c,0.882241
Kepler-194 c,0.882241
Kepler-194 c,0.882241
Kepler-194 c,0.882241
Kepler-194 c,0.882241
Kepler-194 c,0.882241
Kepler-194 d,0.882241
Kepler-194 d,0.882241
Kepler-194 d,0.882241
Kepler-194 d,0.882241
Kepler-194 d,0.882241
Kepler-194 d,0.882241
Kepler-194 d,0.882241
Kepler-194 d,0.882241
Kepler-194 d,0.882241
Kepler-194 d,0.882241
Kepler-194 d,0.882241
Kepler-194 d,0.882241
Kepler-1940 b,1.22374
Kepler-1940 b,1.22374
Kepler-1940 b,1.22374
Kepler-1940 b,1.22374
Kepler-1940 b,1.22374
Kepler-1940 b,1.22374
Kepler-1941 b,0.640606
Kepler-1941 b,0.640606
Kepler-1941 b,0.640606
Kepler-1941 b,0.640606
Kepler-1941 b,0.640606
Kepler-1941 b,0.640606
Kepler-1941 b,0.640606
Kepler-1942 b,1.15891
Kepler-1942 b,1.15891
Kepler-1942 b,1.15891
Kepler-1942 b,1.15891
Kepler-1942 b,1.15891
Kepler-1942 b,1.15891
Kepler-1943 b,0.966843
Kepler-1943 b,0.966843
Kepler-1943 b,0.966843
Kepler-1943 b,0.966843
Kepler-1943 b,0.966843
Kepler-1943 b,0.966843
Kepler-1943 b,0.966843
Kepler-1944 b,0.901374
Kepler-1944 b,0.901374
Kepler-1944 b,0.901374
Kepler-1944 b,0.901374
Kepler-1944 b,0.901374
Kepler-1944 b,0.901374
Kepler-1946 b,0.970191
Kepler-1946 b,0.970191
Kepler-1946 b,0.970191
Kepler-1946 b,0.970191
Kepler-1946 b,0.970191
Kepler-1946 b,0.970191
Kepler-1947 b,2.1046
Kepler-1947 b,2.1046
Kepler-1947 b,2.1046
Kepler-1947 b,2.1046
Kepler-1947 b,2.1046
Kepler-1947 b,2.1046
Kepler-1947 b,2.1046
Kepler-1948 b,5.12871
Kepler-1948 b,5.12871
Kepler-1948 b,5.12871
Kepler-1948 b,5.12871
Kepler-1948 b,5.12871
Kepler-1948 b,5.12871
Kepler-1949 b,0.353099
Kepler-1949 b,0.353099
Kepler-1949 b,0.353099
Kepler-1949 b,0.353099
Kepler-1949 b,0.353099
Kepler-1949 b,0.353099
Kepler-195 b,1.50495
Kepler-195 b,1.50495
Kepler-195 b,1.50495
Kepler-195 b,1.50495
Kepler-195 b,1.50495
Kepler-195 b,1.50495
Kepler-195 b,1.50495
Kepler-195 b,1.50495
Kepler-195 b,1.50495
Kepler-195 b,1.50495
Kepler-195 b,1.50495
Kepler-195 c,1.50495
Kepler-195 c,1.50495
Kepler-195 c,1.50495
Kepler-195 c,1.50495
Kepler-195 c,1.50495
Kepler-195 c,1.50495
Kepler-195 c,1.50495
Kepler-195 c,1.50495
Kepler-195 c,1.50495
Kepler-195 c,1.50495
Kepler-195 c,1.50495
Kepler-195 c,1.50495
Kepler-1950 b,1.40574
Kepler-1950 b,1.40574
Kepler-1950 b,1.40574
Kepler-1950 b,1.40574
Kepler-1950 b,1.40574
Kepler-1950 b,1.40574
Kepler-1951 b,0.754179
Kepler-1951 b,0.754179
Kepler-1951 b,0.754179
Kepler-1951 b,0.754179
Kepler-1951 b,0.754179
Kepler-1951 b,0.754179
Kepler-1953 b,1.62271
Kepler-1953 b,1.62271
Kepler-1953 b,1.62271
Kepler-1953 b,1.62271
Kepler-1953 b,1.62271
Kepler-1953 b,1.62271
Kepler-1954 b,0.70091
Kepler-1954 b,0.70091
Kepler-1954 b,0.70091
Kepler-1954 b,0.70091
Kepler-1954 b,0.70091
Kepler-1954 b,0.70091
Kepler-1955 b,2.19704
Kepler-1955 b,2.19704
Kepler-1955 b,2.19704
Kepler-1955 b,2.19704
Kepler-1955 b,2.19704
Kepler-1955 b,2.19704
Kepler-1955 b,2.19704
Kepler-1956 b,2.74565
Kepler-1956 b,2.74565
Kepler-1956 b,2.74565
Kepler-1956 b,2.74565
Kepler-1956 b,2.74565
Kepler-1956 b,2.74565
Kepler-1957 b,2.14097
Kepler-1957 b,2.14097
Kepler-1957 b,2.14097
Kepler-1957 b,2.14097
Kepler-1957 b,2.14097
Kepler-1957 b,2.14097
Kepler-1958 b,0.728947
Kepler-1958 b,0.728947
Kepler-1958 b,0.728947
Kepler-1958 b,0.728947
Kepler-1958 b,0.728947
Kepler-1958 b,0.728947
Kepler-1959 b,2.05799
Kepler-1959 b,2.05799
Kepler-1959 b,2.05799
Kepler-1959 b,2.05799
Kepler-1959 b,2.05799
Kepler-1959 b,2.05799
Kepler-196 b,2.18692
Kepler-196 b,2.18692
Kepler-196 b,2.18692
Kepler-196 b,2.18692
Kepler-196 b,2.18692
Kepler-196 b,2.18692
Kepler-196 b,2.18692
Kepler-196 b,2.18692
Kepler-196 b,2.18692
Kepler-196 b,2.18692
Kepler-196 b,2.18692
Kepler-196 b,2.18692
Kepler-196 c,2.18692
Kepler-196 c,2.18692
Kepler-196 c,2.18692
Kepler-196 c,2.18692
Kepler-196 c,2.18692
Kepler-196 c,2.18692
Kepler-196 c,2.18692
Kepler-196 c,2.18692
Kepler-196 c,2.18692
Kepler-196 c,2.18692
Kepler-196 c,2.18692
Kepler-196 c,2.18692
Kepler-196 d,2.18692
Kepler-196 d,2.18692
Kepler-196 d,2.18692
Kepler-196 d,2.18692
Kepler-196 d,2.18692
Kepler-196 d,2.18692
Kepler-196 d,2.18692
Kepler-196 d,2.18692
Kepler-1960 b,0.62618
Kepler-1960 b,0.62618
Kepler-1960 b,0.62618
Kepler-1960 b,0.62618
Kepler-1960 b,0.62618
Kepler-1960 b,0.62618
Kepler-1961 b,0.931191
Kepler-1961 b,0.931191
Kepler-1961 b,0.931191
Kepler-1961 b,0.931191
Kepler-1961 b,0.931191
Kepler-1961 b,0.931191
Kepler-1962 b,1.12523
Kepler-1962 b,1.12523
Kepler-1962 b,1.12523
Kepler-1962 b,1.12523
Kepler-1962 b,1.12523
Kepler-1962 b,1.12523
Kepler-1963 b,2.00017
Kepler-1963 b,2.00017
Kepler-1963 b,2.00017
Kepler-1963 b,2.00017
Kepler-1963 b,2.00017
Kepler-1963 b,2.00017
Kepler-1963 b,2.00017
Kepler-1965 b,1.88772
Kepler-1965 b,1.88772
Kepler-1965 b,1.88772
Kepler-1965 b,1.88772
Kepler-1965 b,1.88772
Kepler-1965 b,1.88772
Kepler-1965 b,1.88772
Kepler-1965 b,1.88772
Kepler-1966 b,2.03746
Kepler-1966 b,2.03746
Kepler-1966 b,2.03746
Kepler-1966 b,2.03746
Kepler-1966 b,2.03746
Kepler-1966 b,2.03746
Kepler-1967 b,3.98551
Kepler-1967 b,3.98551
Kepler-1967 b,3.98551
Kepler-1967 b,3.98551
Kepler-1967 b,3.98551
Kepler-1967 b,3.98551
Kepler-1967 b,3.98551
Kepler-1968 b,1.304
Kepler-1968 b,1.304
Kepler-1968 b,1.304
Kepler-1968 b,1.304
Kepler-1968 b,1.304
Kepler-1968 b,1.304
Kepler-1969 b,0.802013
Kepler-1969 b,0.802013
Kepler-1969 b,0.802013
Kepler-1969 b,0.802013
Kepler-1969 b,0.802013
Kepler-1969 b,0.802013
Kepler-197 b,2.99628
Kepler-197 b,2.99628
Kepler-197 b,2.99628
Kepler-197 b,2.99628
Kepler-197 b,2.99628
Kepler-197 b,2.99628
Kepler-197 b,2.99628
Kepler-197 b,2.99628
Kepler-197 b,2.99628
Kepler-197 b,2.99628
Kepler-197 b,2.99628
Kepler-197 b,2.99628
Kepler-197 b,2.99628
Kepler-197 c,2.99628
Kepler-197 c,2.99628
Kepler-197 c,2.99628
Kepler-197 c,2.99628
Kepler-197 c,2.99628
Kepler-197 c,2.99628
Kepler-197 c,2.99628
Kepler-197 c,2.99628
Kepler-197 c,2.99628
Kepler-197 c,2.99628
Kepler-197 c,2.99628
Kepler-197 c,2.99628
Kepler-197 c,2.99628
Kepler-197 c,2.99628
Kepler-197 c,2.99628
Kepler-197 d,2.99628
Kepler-197 d,2.99628
Kepler-197 d,2.99628
Kepler-197 d,2.99628
Kepler-197 d,2.99628
Kepler-197 d,2.99628
Kepler-197 d,2.99628
Kepler-197 d,2.99628
Kepler-197 d,2.99628
Kepler-197 d,2.99628
Kepler-197 d,2.99628
Kepler-197 d,2.99628
Kepler-197 d,2.99628
Kepler-197 d,2.99628
Kepler-197 d,2.99628
Kepler-197 e,2.99628
Kepler-197 e,2.99628
Kepler-197 e,2.99628
Kepler-197 e,2.99628
Kepler-197 e,2.99628
Kepler-197 e,2.99628
Kepler-197 e,2.99628
Kepler-197 e,2.99628
Kepler-197 e,2.99628
Kepler-197 e,2.99628
Kepler-197 e,2.99628
Kepler-197 e,2.99628
Kepler-197 e,2.99628
Kepler-197 e,2.99628
Kepler-1972 b,3.45152
Kepler-1972 b,3.45152
Kepler-1972 b,3.45152
Kepler-1972 b,3.45152
Kepler-1972 b,3.45152
Kepler-1972 b,3.45152
Kepler-1972 b,3.45152
Kepler-1972 c,3.45152
Kepler-1972 c,3.45152
Kepler-1972 c,3.45152
Kepler-1972 c,3.45152
Kepler-1972 c,3.45152
Kepler-1976 b,0.732141
Kepler-1976 b,0.732141
Kepler-1976 b,0.732141
Kepler-1976 b,0.732141
Kepler-1976 b,0.732141
Kepler-1976 b,0.732141
Kepler-1976 b,0.732141
Kepler-1976 b,0.732141
Kepler-1976 b,0.732141
Kepler-1977 b,1.65928
Kepler-1977 b,1.65928
Kepler-1977 b,1.65928
Kepler-1977 b,1.65928
Kepler-1977 b,1.65928
Kepler-1977 b,1.65928
Kepler-1977 b,1.65928
Kepler-1978 b,1.12699
Kepler-1978 b,1.12699
Kepler-1978 b,1.12699
Kepler-1978 b,1.12699
Kepler-1978 b,1.12699
Kepler-1978 b,1.12699
Kepler-1978 b,1.12699
Kepler-1978 b,1.12699
Kepler-1979 b,0.901221
Kepler-1979 b,0.901221
Kepler-1979 b,0.901221
Kepler-1979 b,0.901221
Kepler-1979 b,0.901221
Kepler-1979 b,0.901221
Kepler-1979 b,0.901221
Kepler-1979 b,0.901221
Kepler-198 b,1.98998
Kepler-198 b,1.98998
Kepler-198 b,1.98998
Kepler-198 b,1.98998
Kepler-198 b,1.98998
Kepler-198 b,1.98998
Kepler-198 b,1.98998
Kepler-198 b,1.98998
Kepler-198 b,1.98998
Kepler-198 b,1.98998
Kepler-198 b,1.98998
Kepler-198 b,1.98998
Kepler-198 c,1.98998
Kepler-198 c,1.98998
Kepler-198 c,1.98998
Kepler-198 c,1.98998
Kepler-198 c,1.98998
Kepler-198 c,1.98998
Kepler-198 c,1.98998
Kepler-198 c,1.98998
Kepler-198 c,1.98998
Kepler-198 c,1.98998
Kepler-198 c,1.98998
Kepler-198 c,1.98998
Kepler-198 d,1.98998
Kepler-198 d,1.98998
Kepler-198 d,1.98998
Kepler-198 d,1.98998
Kepler-198 d,1.98998
Kepler-198 d,1.98998
Kepler-198 d,1.98998
Kepler-198 d,1.98998
Kepler-198 d,1.98998
Kepler-198 d,1.98998
Kepler-198 d,1.98998
Kepler-1980 b,0.56016
Kepler-1980 b,0.56016
Kepler-1980 b,0.56016
Kepler-1980 b,0.56016
Kepler-1980 b,0.56016
Kepler-1980 b,0.56016
Kepler-1980 b,0.56016
Kepler-1981 b,1.48775
Kepler-1981 b,1.48775
Kepler-1981 b,1.48775
Kepler-1981 b,1.48775
Kepler-1981 b,1.48775
Kepler-1982 b,1.76079
Kepler-1982 b,1.76079
Kepler-1982 b,1.76079
Kepler-1982 b,1.76079
Kepler-1982 b,1.76079
Kepler-1982 b,1.76079
Kepler-1982 b,1.76079
Kepler-1983 b,2.32739
Kepler-1983 b,2.32739
Kepler-1983 b,2.32739
Kepler-1983 b,2.32739
Kepler-1983 b,2.32739
Kepler-1983 b,2.32739
Kepler-1983 b,2.32739
Kepler-1986 b,1.06892
Kepler-1986 b,1.06892
Kepler-1986 b,1.06892
Kepler-1986 b,1.06892
Kepler-1986 b,1.06892
Kepler-1986 b,1.06892
Kepler-1987 b,1.65058
Kepler-1987 b,1.65058
Kepler-1987 b,1.65058
Kepler-1987 b,1.65058
Kepler-1987 b,1.65058
Kepler-1987 b,1.65058
Kepler-1987 b,1.65058
Kepler-1987 c,1.65058
Kepler-1987 c,1.65058
Kepler-1987 c,1.65058
Kepler-1987 c,1.65058
Kepler-1987 c,1.65058
Kepler-1987 c,1.65058
Kepler-1987 c,1.65058
Kepler-1987 d,1.65058
Kepler-1987 d,1.65058
Kepler-1987 d,1.65058
Kepler-1987 d,1.65058
Kepler-1987 d,1.65058
Kepler-1987 d,1.65058
Kepler-1987 d,1.65058
Kepler-1987 d,1.65058
Kepler-1987 e,1.65058
Kepler-1987 e,1.65058
Kepler-1987 e,1.65058
Kepler-1987 e,1.65058
Kepler-1987 e,1.65058
Kepler-1987 e,1.65058
Kepler-1987 e,1.65058
Kepler-1987 e,1.65058
Kepler-1989 b,0.770016
Kepler-1989 b,0.770016
Kepler-1989 b,0.770016
Kepler-1989 b,0.770016
Kepler-1989 b,0.770016
Kepler-1989 b,0.770016
Kepler-1989 b,0.770016
Kepler-1989 b,0.770016
Kepler-199 b,1.8904
Kepler-199 b,1.8904
Kepler-199 b,1.8904
Kepler-199 b,1.8904
Kepler-199 b,1.8904
Kepler-199 b,1.8904
Kepler-199 b,1.8904
Kepler-199 b,1.8904
Kepler-199 b,1.8904
Kepler-199 b,1.8904
Kepler-199 b,1.8904
Kepler-199 c,1.8904
Kepler-199 c,1.8904
Kepler-199 c,1.8904
Kepler-199 c,1.8904
Kepler-199 c,1.8904
Kepler-199 c,1.8904
Kepler-199 c,1.8904
Kepler-199 c,1.8904
Kepler-199 c,1.8904
Kepler-199 c,1.8904
Kepler-199 c,1.8904
Kepler-199 c,1.8904
Kepler-1990 b,2.51773
Kepler-1990 b,2.51773
Kepler-1990 b,2.51773
Kepler-1990 b,2.51773
Kepler-1990 b,2.51773
Kepler-1990 b,2.51773
Kepler-1990 b,2.51773
Kepler-1990 b,2.51773
Kepler-1990 b,2.51773
Kepler-1990 c,2.51773
Kepler-1990 c,2.51773
Kepler-1990 c,2.51773
Kepler-1990 c,2.51773
Kepler-1990 c,2.51773
Kepler-1990 c,2.51773
Kepler-1990 c,2.51773
Kepler-1990 c,2.51773
Kepler-1991 b,1.13978
Kepler-1991 b,1.13978
Kepler-1991 b,1.13978
Kepler-1991 b,1.13978
Kepler-1991 b,1.13978
Kepler-1991 b,1.13978
Kepler-1991 b,1.13978
Kepler-1991 b,1.13978
Kepler-1991 c,1.13978
Kepler-1991 c,1.13978
Kepler-1991 c,1.13978
Kepler-1991 c,1.13978
Kepler-1991 c,1.13978
Kepler-1991 c,1.13978
Kepler-1991 c,1.13978
Kepler-1991 c,1.13978
Kepler-1991 c,1.13978
Kepler-1992 b,1.8475
Kepler-1992 b,1.8475
Kepler-1992 b,1.8475
Kepler-1992 b,1.8475
Kepler-1992 b,1.8475
Kepler-1992 b,1.8475
Kepler-1992 b,1.8475
Kepler-1992 b,1.8475
Kepler-1993 b,0.940416
Kepler-1993 b,0.940416
Kepler-1993 b,0.940416
Kepler-1993 b,0.940416
Kepler-1993 b,0.940416
Kepler-1993 b,0.940416
Kepler-1993 b,0.940416
Kepler-1993 b,0.940416
Kepler-1994 b,4.10366
Kepler-1994 b,4.10366
Kepler-1994 b,4.10366
Kepler-1994 b,4.10366
Kepler-1994 b,4.10366
Kepler-1994 b,4.10366
Kepler-1994 b,4.10366
Kepler-1994 b,4.10366
Kepler-1995 b,1.65127
Kepler-1995 b,1.65127
Kepler-1995 b,1.65127
Kepler-1995 b,1.65127
Kepler-1995 b,1.65127
Kepler-1995 b,1.65127
Kepler-1995 b,1.65127
Kepler-1995 b,1.65127
Kepler-1995 b,1.65127
Kepler-1996 b,2.24116
Kepler-1996 b,2.24116
Kepler-1996 b,2.24116
Kepler-1996 b,2.24116
Kepler-1996 b,2.24116
Kepler-1996 b,2.24116
Kepler-1996 b,2.24116
Kepler-1996 b,2.24116
Kepler-1996 b,2.24116
Kepler-1996 c,2.24116
Kepler-1996 c,2.24116
Kepler-1996 c,2.24116
Kepler-1996 c,2.24116
Kepler-1996 c,2.24116
Kepler-1996 c,2.24116
Kepler-1996 c,2.24116
Kepler-1996 c,2.24116
Kepler-1996 c,2.24116
Kepler-1997 b,0.637792
Kepler-1997 b,0.637792
Kepler-1997 b,0.637792
Kepler-1997 b,0.637792
Kepler-1997 b,0.637792
Kepler-1997 b,0.637792
Kepler-1997 b,0.637792
Kepler-1998 b,2.9041
Kepler-1998 b,2.9041
Kepler-1998 b,2.9041
Kepler-1998 b,2.9041
Kepler-1998 b,2.9041
Kepler-1998 b,2.9041
Kepler-1998 b,2.9041
Kepler-1998 b,2.9041
Kepler-1999 b,1.39805
Kepler-1999 b,1.39805
Kepler-1999 b,1.39805
Kepler-1999 b,1.39805
Kepler-20 b,3.51026
Kepler-20 b,3.51026
Kepler-20 b,3.51026
Kepler-20 b,3.51026
Kepler-20 b,3.51026
Kepler-20 b,3.51026
Kepler-20 b,3.51026
Kepler-20 b,3.51026
Kepler-20 b,3.51026
Kepler-20 b,3.51026
Kepler-20 b,3.51026
Kepler-20 b,3.51026
Kepler-20 b,3.51026
Kepler-20 b,3.51026
Kepler-20 b,3.51026
Kepler-20 c,3.51026
Kepler-20 c,3.51026
Kepler-20 c,3.51026
Kepler-20 c,3.51026
Kepler-20 c,3.51026
Kepler-20 c,3.51026
Kepler-20 c,3.51026
Kepler-20 c,3.51026
Kepler-20 c,3.51026
Kepler-20 c,3.51026
Kepler-20 c,3.51026
Kepler-20 c,3.51026
Kepler-20 c,3.51026
Kepler-20 c,3.51026
Kepler-20 c,3.51026
Kepler-20 d,3.51026
Kepler-20 d,3.51026
Kepler-20 d,3.51026
Kepler-20 d,3.51026
Kepler-20 d,3.51026
Kepler-20 d,3.51026
Kepler-20 d,3.51026
Kepler-20 d,3.51026
Kepler-20 d,3.51026
Kepler-20 d,3.51026
Kepler-20 d,3.51026
Kepler-20 d,3.51026
Kepler-20 d,3.51026
Kepler-20 d,3.51026
Kepler-20 d,3.51026
Kepler-20 e,3.51026
Kepler-20 e,3.51026
Kepler-20 e,3.51026
Kepler-20 e,3.51026
Kepler-20 e,3.51026
Kepler-20 e,3.51026
Kepler-20 e,3.51026
Kepler-20 e,3.51026
Kepler-20 e,3.51026
Kepler-20 e,3.51026
Kepler-20 e,3.51026
Kepler-20 e,3.51026
Kepler-20 e,3.51026
Kepler-20 e,3.51026
Kepler-20 f,3.51026
Kepler-20 f,3.51026
Kepler-20 f,3.51026
Kepler-20 f,3.51026
Kepler-20 f,3.51026
Kepler-20 f,3.51026
Kepler-20 f,3.51026
Kepler-20 f,3.51026
Kepler-20 f,3.51026
Kepler-20 f,3.51026
Kepler-20 f,3.51026
Kepler-20 f,3.51026
Kepler-20 f,3.51026
Kepler-20 f,3.51026
Kepler-20 f,3.51026
Kepler-20 g,3.51026
Kepler-20 g,3.51026
Kepler-200 b,1.47291
Kepler-200 b,1.47291
Kepler-200 b,1.47291
Kepler-200 b,1.47291
Kepler-200 b,1.47291
Kepler-200 b,1.47291
Kepler-200 b,1.47291
Kepler-200 b,1.47291
Kepler-200 b,1.47291
Kepler-200 b,1.47291
Kepler-200 b,1.47291
Kepler-200 b,1.47291
Kepler-200 c,1.47291
Kepler-200 c,1.47291
Kepler-200 c,1.47291
Kepler-200 c,1.47291
Kepler-200 c,1.47291
Kepler-200 c,1.47291
Kepler-200 c,1.47291
Kepler-200 c,1.47291
Kepler-200 c,1.47291
Kepler-200 c,1.47291
Kepler-200 c,1.47291
Kepler-2000 b,3.0909
Kepler-2000 b,3.0909
Kepler-2000 b,3.0909
Kepler-2000 b,3.0909
Kepler-2000 b,3.0909
Kepler-2000 b,3.0909
Kepler-2000 b,3.0909
Kepler-2000 b,3.0909
Kepler-2000 b,3.0909
Kepler-2000 c,3.0909
Kepler-2000 c,3.0909
Kepler-2000 c,3.0909
Kepler-2000 c,3.0909
Kepler-2000 c,3.0909
Kepler-2000 c,3.0909
Kepler-2000 c,3.0909
Kepler-2000 c,3.0909
Kepler-2000 c,3.0909
Kepler-2001 b,1.25962
Kepler-2001 b,1.25962
Kepler-2001 b,1.25962
Kepler-2001 b,1.25962
Kepler-2001 b,1.25962
Kepler-2001 b,1.25962
Kepler-2001 c,1.25962
Kepler-2001 c,1.25962
Kepler-2001 c,1.25962
Kepler-2001 c,1.25962
Kepler-2001 c,1.25962
Kepler-2001 c,1.25962
Kepler-2001 c,1.25962
Kepler-2001 c,1.25962
Kepler-201 b,1.54279
Kepler-201 b,1.54279
Kepler-201 b,1.54279
Kepler-201 b,1.54279
Kepler-201 b,1.54279
Kepler-201 b,1.54279
Kepler-201 b,1.54279
Kepler-201 b,1.54279
Kepler-201 b,1.54279
Kepler-201 b,1.54279
Kepler-201 b,1.54279
Kepler-201 b,1.54279
Kepler-201 c,1.54279
Kepler-201 c,1.54279
Kepler-201 c,1.54279
Kepler-201 c,1.54279
Kepler-201 c,1.54279
Kepler-201 c,1.54279
Kepler-201 c,1.54279
Kepler-201 c,1.54279
Kepler-201 c,1.54279
Kepler-201 c,1.54279
Kepler-201 c,1.54279
Kepler-201 c,1.54279
Kepler-202 b,3.4785
Kepler-202 b,3.4785
Kepler-202 b,3.4785
Kepler-202 b,3.4785
Kepler-202 b,3.4785
Kepler-202 b,3.4785
Kepler-202 b,3.4785
Kepler-202 b,3.4785
Kepler-202 b,3.4785
Kepler-202 b,3.4785
Kepler-202 b,3.4785
Kepler-202 b,3.4785
Kepler-202 c,3.4785
Kepler-202 c,3.4785
Kepler-202 c,3.4785
Kepler-202 c,3.4785
Kepler-202 c,3.4785
Kepler-202 c,3.4785
Kepler-202 c,3.4785
Kepler-202 c,3.4785
Kepler-202 c,3.4785
Kepler-202 c,3.4785
Kepler-202 c,3.4785
Kepler-202 c,3.4785
Kepler-203 b,1.39329
Kepler-203 b,1.39329
Kepler-203 b,1.39329
Kepler-203 b,1.39329
Kepler-203 b,1.39329
Kepler-203 b,1.39329
Kepler-203 b,1.39329
Kepler-203 b,1.39329
Kepler-203 b,1.39329
Kepler-203 b,1.39329
Kepler-203 b,1.39329
Kepler-203 b,1.39329
Kepler-203 c,1.39329
Kepler-203 c,1.39329
Kepler-203 c,1.39329
Kepler-203 c,1.39329
Kepler-203 c,1.39329
Kepler-203 c,1.39329
Kepler-203 c,1.39329
Kepler-203 c,1.39329
Kepler-203 c,1.39329
Kepler-203 c,1.39329
Kepler-203 c,1.39329
Kepler-203 c,1.39329
Kepler-203 c,1.39329
Kepler-203 d,1.39329
Kepler-203 d,1.39329
Kepler-203 d,1.39329
Kepler-203 d,1.39329
Kepler-203 d,1.39329
Kepler-203 d,1.39329
Kepler-203 d,1.39329
Kepler-203 d,1.39329
Kepler-203 d,1.39329
Kepler-203 d,1.39329
Kepler-203 d,1.39329
Kepler-203 d,1.39329
Kepler-203 d,1.39329
Kepler-204 b,1.42737
Kepler-204 b,1.42737
Kepler-204 b,1.42737
Kepler-204 b,1.42737
Kepler-204 b,1.42737
Kepler-204 b,1.42737
Kepler-204 b,1.42737
Kepler-204 b,1.42737
Kepler-204 b,1.42737
Kepler-204 b,1.42737
Kepler-204 b,1.42737
Kepler-204 b,1.42737
Kepler-204 c,1.42737
Kepler-204 c,1.42737
Kepler-204 c,1.42737
Kepler-204 c,1.42737
Kepler-204 c,1.42737
Kepler-204 c,1.42737
Kepler-204 c,1.42737
Kepler-204 c,1.42737
Kepler-204 c,1.42737
Kepler-204 c,1.42737
Kepler-204 c,1.42737
Kepler-204 c,1.42737
Kepler-205 b,6.23202
Kepler-205 b,6.23202
Kepler-205 b,6.23202
Kepler-205 b,6.23202
Kepler-205 b,6.23202
Kepler-205 b,6.23202
Kepler-205 b,6.23202
Kepler-205 b,6.23202
Kepler-205 b,6.23202
Kepler-205 b,6.23202
Kepler-205 b,6.23202
Kepler-205 b,6.23202
Kepler-205 b,6.23202
Kepler-205 b,6.23202
Kepler-205 c,6.23202
Kepler-205 c,6.23202
Kepler-205 c,6.23202
Kepler-205 c,6.23202
Kepler-205 c,6.23202
Kepler-205 c,6.23202
Kepler-205 c,6.23202
Kepler-205 c,6.23202
Kepler-205 c,6.23202
Kepler-205 c,6.23202
Kepler-205 c,6.23202
Kepler-205 c,6.23202
Kepler-205 c,6.23202
Kepler-205 c,6.23202
Kepler-206 b,1.6534
Kepler-206 b,1.6534
Kepler-206 b,1.6534
Kepler-206 b,1.6534
Kepler-206 b,1.6534
Kepler-206 b,1.6534
Kepler-206 b,1.6534
Kepler-206 b,1.6534
Kepler-206 b,1.6534
Kepler-206 b,1.6534
Kepler-206 b,1.6534
Kepler-206 c,1.6534
Kepler-206 c,1.6534
Kepler-206 c,1.6534
Kepler-206 c,1.6534
Kepler-206 c,1.6534
Kepler-206 c,1.6534
Kepler-206 c,1.6534
Kepler-206 c,1.6534
Kepler-206 c,1.6534
Kepler-206 c,1.6534
Kepler-206 c,1.6534
Kepler-206 c,1.6534
Kepler-206 d,1.6534
Kepler-206 d,1.6534
Kepler-206 d,1.6534
Kepler-206 d,1.6534
Kepler-206 d,1.6534
Kepler-206 d,1.6534
Kepler-206 d,1.6534
Kepler-206 d,1.6534
Kepler-206 d,1.6534
Kepler-206 d,1.6534
Kepler-206 d,1.6534
Kepler-206 d,1.6534
Kepler-207 b,1.11334
Kepler-207 b,1.11334
Kepler-207 b,1.11334
Kepler-207 b,1.11334
Kepler-207 b,1.11334
Kepler-207 b,1.11334
Kepler-207 b,1.11334
Kepler-207 b,1.11334
Kepler-207 b,1.11334
Kepler-207 b,1.11334
Kepler-207 b,1.11334
Kepler-207 c,1.11334
Kepler-207 c,1.11334
Kepler-207 c,1.11334
Kepler-207 c,1.11334
Kepler-207 c,1.11334
Kepler-207 c,1.11334
Kepler-207 c,1.11334
Kepler-207 c,1.11334
Kepler-207 c,1.11334
Kepler-207 c,1.11334
Kepler-207 d,1.11334
Kepler-207 d,1.11334
Kepler-207 d,1.11334
Kepler-207 d,1.11334
Kepler-207 d,1.11334
Kepler-207 d,1.11334
Kepler-207 d,1.11334
Kepler-207 d,1.11334
Kepler-207 d,1.11334
Kepler-207 d,1.11334
Kepler-207 d,1.11334
Kepler-207 d,1.11334
Kepler-208 b,1.26102
Kepler-208 b,1.26102
Kepler-208 b,1.26102
Kepler-208 b,1.26102
Kepler-208 b,1.26102
Kepler-208 b,1.26102
Kepler-208 b,1.26102
Kepler-208 b,1.26102
Kepler-208 b,1.26102
Kepler-208 b,1.26102
Kepler-208 b,1.26102
Kepler-208 b,1.26102
Kepler-208 c,1.26102
Kepler-208 c,1.26102
Kepler-208 c,1.26102
Kepler-208 c,1.26102
Kepler-208 c,1.26102
Kepler-208 c,1.26102
Kepler-208 c,1.26102
Kepler-208 c,1.26102
Kepler-208 c,1.26102
Kepler-208 c,1.26102
Kepler-208 c,1.26102
Kepler-208 c,1.26102
Kepler-208 d,1.26102
Kepler-208 d,1.26102
Kepler-208 d,1.26102
Kepler-208 d,1.26102
Kepler-208 d,1.26102
Kepler-208 d,1.26102
Kepler-208 d,1.26102
Kepler-208 d,1.26102
Kepler-208 d,1.26102
Kepler-208 d,1.26102
Kepler-208 d,1.26102
Kepler-208 e,1.26102
Kepler-208 e,1.26102
Kepler-208 e,1.26102
Kepler-208 e,1.26102
Kepler-208 e,1.26102
Kepler-208 e,1.26102
Kepler-208 e,1.26102
Kepler-208 e,1.26102
Kepler-208 e,1.26102
Kepler-208 e,1.26102
Kepler-208 e,1.26102
Kepler-208 e,1.26102
Kepler-209 b,1.7045
Kepler-209 b,1.7045
Kepler-209 b,1.7045
Kepler-209 b,1.7045
Kepler-209 b,1.7045
Kepler-209 b,1.7045
Kepler-209 b,1.7045
Kepler-209 b,1.7045
Kepler-209 b,1.7045
Kepler-209 b,1.7045
Kepler-209 b,1.7045
Kepler-209 b,1.7045
Kepler-209 c,1.7045
Kepler-209 c,1.7045
Kepler-209 c,1.7045
Kepler-209 c,1.7045
Kepler-209 c,1.7045
Kepler-209 c,1.7045
Kepler-209 c,1.7045
Kepler-209 c,1.7045
Kepler-209 c,1.7045
Kepler-209 c,1.7045
Kepler-209 c,1.7045
Kepler-209 c,1.7045
Kepler-21 b,9.18591
Kepler-21 b,9.18591
Kepler-21 b,9.18591
Kepler-21 b,9.18591
Kepler-21 b,9.18591
Kepler-21 b,9.18591
Kepler-21 b,9.18591
Kepler-21 b,9.18591
Kepler-21 b,9.18591
Kepler-21 b,9.18591
Kepler-21 b,9.18591
Kepler-21 b,9.18591
Kepler-21 b,9.18591
Kepler-210 b,4.26755
Kepler-210 b,4.26755
Kepler-210 b,4.26755
Kepler-210 b,4.26755
Kepler-210 b,4.26755
Kepler-210 b,4.26755
Kepler-210 b,4.26755
Kepler-210 b,4.26755
Kepler-210 b,4.26755
Kepler-210 b,4.26755
Kepler-210 b,4.26755
Kepler-210 b,4.26755
Kepler-210 b,4.26755
Kepler-210 c,4.26755
Kepler-210 c,4.26755
Kepler-210 c,4.26755
Kepler-210 c,4.26755
Kepler-210 c,4.26755
Kepler-210 c,4.26755
Kepler-210 c,4.26755
Kepler-210 c,4.26755
Kepler-210 c,4.26755
Kepler-210 c,4.26755
Kepler-210 c,4.26755
Kepler-210 c,4.26755
Kepler-210 c,4.26755
Kepler-210 c,4.26755
Kepler-211 b,3.20372
Kepler-211 b,3.20372
Kepler-211 b,3.20372
Kepler-211 b,3.20372
Kepler-211 b,3.20372
Kepler-211 b,3.20372
Kepler-211 b,3.20372
Kepler-211 b,3.20372
Kepler-211 b,3.20372
Kepler-211 b,3.20372
Kepler-211 b,3.20372
Kepler-211 b,3.20372
Kepler-211 b,3.20372
Kepler-211 c,3.20372
Kepler-211 c,3.20372
Kepler-211 c,3.20372
Kepler-211 c,3.20372
Kepler-211 c,3.20372
Kepler-211 c,3.20372
Kepler-211 c,3.20372
Kepler-211 c,3.20372
Kepler-211 c,3.20372
Kepler-211 c,3.20372
Kepler-211 c,3.20372
Kepler-211 c,3.20372
Kepler-211 c,3.20372
Kepler-212 b,1.42645
Kepler-212 b,1.42645
Kepler-212 b,1.42645
Kepler-212 b,1.42645
Kepler-212 b,1.42645
Kepler-212 b,1.42645
Kepler-212 b,1.42645
Kepler-212 b,1.42645
Kepler-212 b,1.42645
Kepler-212 b,1.42645
Kepler-212 b,1.42645
Kepler-212 c,1.42645
Kepler-212 c,1.42645
Kepler-212 c,1.42645
Kepler-212 c,1.42645
Kepler-212 c,1.42645
Kepler-212 c,1.42645
Kepler-212 c,1.42645
Kepler-212 c,1.42645
Kepler-212 c,1.42645
Kepler-212 c,1.42645
Kepler-212 c,1.42645
Kepler-212 c,1.42645
Kepler-213 b,1.54623
Kepler-213 b,1.54623
Kepler-213 b,1.54623
Kepler-213 b,1.54623
Kepler-213 b,1.54623
Kepler-213 b,1.54623
Kepler-213 b,1.54623
Kepler-213 b,1.54623
Kepler-213 b,1.54623
Kepler-213 b,1.54623
Kepler-213 b,1.54623
Kepler-213 c,1.54623
Kepler-213 c,1.54623
Kepler-213 c,1.54623
Kepler-213 c,1.54623
Kepler-213 c,1.54623
Kepler-213 c,1.54623
Kepler-213 c,1.54623
Kepler-213 c,1.54623
Kepler-213 c,1.54623
Kepler-213 c,1.54623
Kepler-214 b,0.798679
Kepler-214 b,0.798679
Kepler-214 b,0.798679
Kepler-214 b,0.798679
Kepler-214 b,0.798679
Kepler-214 b,0.798679
Kepler-214 b,0.798679
Kepler-214 b,0.798679
Kepler-214 b,0.798679
Kepler-214 b,0.798679
Kepler-214 b,0.798679
Kepler-214 b,0.798679
Kepler-214 c,0.798679
Kepler-214 c,0.798679
Kepler-214 c,0.798679
Kepler-214 c,0.798679
Kepler-214 c,0.798679
Kepler-214 c,0.798679
Kepler-214 c,0.798679
Kepler-214 c,0.798679
Kepler-214 c,0.798679
Kepler-214 c,0.798679
Kepler-214 c,0.798679
Kepler-214 c,0.798679
Kepler-215 b,2.02881
Kepler-215 b,2.02881
Kepler-215 b,2.02881
Kepler-215 b,2.02881
Kepler-215 b,2.02881
Kepler-215 b,2.02881
Kepler-215 b,2.02881
Kepler-215 b,2.02881
Kepler-215 b,2.02881
Kepler-215 b,2.02881
Kepler-215 b,2.02881
Kepler-215 b,2.02881
Kepler-215 c,2.02881
Kepler-215 c,2.02881
Kepler-215 c,2.02881
Kepler-215 c,2.02881
Kepler-215 c,2.02881
Kepler-215 c,2.02881
Kepler-215 c,2.02881
Kepler-215 c,2.02881
Kepler-215 c,2.02881
Kepler-215 c,2.02881
Kepler-215 c,2.02881
Kepler-215 c,2.02881
Kepler-215 c,2.02881
Kepler-215 d,2.02881
Kepler-215 d,2.02881
Kepler-215 d,2.02881
Kepler-215 d,2.02881
Kepler-215 d,2.02881
Kepler-215 d,2.02881
Kepler-215 d,2.02881
Kepler-215 d,2.02881
Kepler-215 d,2.02881
Kepler-215 d,2.02881
Kepler-215 d,2.02881
Kepler-215 d,2.02881
Kepler-215 d,2.02881
Kepler-215 e,2.02881
Kepler-215 e,2.02881
Kepler-215 e,2.02881
Kepler-215 e,2.02881
Kepler-215 e,2.02881
Kepler-215 e,2.02881
Kepler-215 e,2.02881
Kepler-215 e,2.02881
Kepler-215 e,2.02881
Kepler-215 e,2.02881
Kepler-215 e,2.02881
Kepler-215 e,2.02881
Kepler-216 b,0.813376
Kepler-216 b,0.813376
Kepler-216 b,0.813376
Kepler-216 b,0.813376
Kepler-216 b,0.813376
Kepler-216 b,0.813376
Kepler-216 b,0.813376
Kepler-216 b,0.813376
Kepler-216 b,0.813376
Kepler-216 b,0.813376
Kepler-216 b,0.813376
Kepler-216 b,0.813376
Kepler-216 c,0.813376
Kepler-216 c,0.813376
Kepler-216 c,0.813376
Kepler-216 c,0.813376
Kepler-216 c,0.813376
Kepler-216 c,0.813376
Kepler-216 c,0.813376
Kepler-216 c,0.813376
Kepler-216 c,0.813376
Kepler-216 c,0.813376
Kepler-216 c,0.813376
Kepler-216 c,0.813376
Kepler-217 b,0.876459
Kepler-217 b,0.876459
Kepler-217 b,0.876459
Kepler-217 b,0.876459
Kepler-217 b,0.876459
Kepler-217 b,0.876459
Kepler-217 b,0.876459
Kepler-217 b,0.876459
Kepler-217 b,0.876459
Kepler-217 b,0.876459
Kepler-217 b,0.876459
Kepler-217 b,0.876459
Kepler-217 c,0.876459
Kepler-217 c,0.876459
Kepler-217 c,0.876459
Kepler-217 c,0.876459
Kepler-217 c,0.876459
Kepler-217 c,0.876459
Kepler-217 c,0.876459
Kepler-217 c,0.876459
Kepler-217 c,0.876459
Kepler-217 c,0.876459
Kepler-217 c,0.876459
Kepler-217 c,0.876459
Kepler-217 d,0.876459
Kepler-217 d,0.876459
Kepler-217 d,0.876459
Kepler-217 d,0.876459
Kepler-217 d,0.876459
Kepler-217 d,0.876459
Kepler-217 d,0.876459
Kepler-217 d,0.876459
Kepler-217 d,0.876459
Kepler-217 d,0.876459
Kepler-218 b,1.49472
Kepler-218 b,1.49472
Kepler-218 b,1.49472
Kepler-218 b,1.49472
Kepler-218 b,1.49472
Kepler-218 b,1.49472
Kepler-218 b,1.49472
Kepler-218 b,1.49472
Kepler-218 b,1.49472
Kepler-218 b,1.49472
Kepler-218 b,1.49472
Kepler-218 b,1.49472
Kepler-218 c,1.49472
Kepler-218 c,1.49472
Kepler-218 c,1.49472
Kepler-218 c,1.49472
Kepler-218 c,1.49472
Kepler-218 c,1.49472
Kepler-218 c,1.49472
Kepler-218 c,1.49472
Kepler-218 c,1.49472
Kepler-218 c,1.49472
Kepler-218 c,1.49472
Kepler-218 d,1.49472
Kepler-218 d,1.49472
Kepler-218 d,1.49472
Kepler-218 d,1.49472
Kepler-218 d,1.49472
Kepler-218 d,1.49472
Kepler-218 d,1.49472
Kepler-218 d,1.49472
Kepler-218 d,1.49472
Kepler-218 d,1.49472
Kepler-218 d,1.49472
Kepler-219 b,1.24178
Kepler-219 b,1.24178
Kepler-219 b,1.24178
Kepler-219 b,1.24178
Kepler-219 b,1.24178
Kepler-219 b,1.24178
Kepler-219 b,1.24178
Kepler-219 b,1.24178
Kepler-219 b,1.24178
Kepler-219 b,1.24178
Kepler-219 b,1.24178
Kepler-219 b,1.24178
Kepler-219 c,1.24178
Kepler-219 c,1.24178
Kepler-219 c,1.24178
Kepler-219 c,1.24178
Kepler-219 c,1.24178
Kepler-219 c,1.24178
Kepler-219 c,1.24178
Kepler-219 c,1.24178
Kepler-219 c,1.24178
Kepler-219 c,1.24178
Kepler-219 c,1.24178
Kepler-219 c,1.24178
Kepler-219 c,1.24178
Kepler-219 d,1.24178
Kepler-219 d,1.24178
Kepler-219 d,1.24178
Kepler-219 d,1.24178
Kepler-219 d,1.24178
Kepler-219 d,1.24178
Kepler-219 d,1.24178
Kepler-219 d,1.24178
Kepler-219 d,1.24178
Kepler-219 d,1.24178
Kepler-219 d,1.24178
Kepler-219 d,1.24178
Kepler-219 d,1.24178
Kepler-22 b,5.10883
Kepler-22 b,5.10883
Kepler-22 b,5.10883
Kepler-22 b,5.10883
Kepler-22 b,5.10883
Kepler-22 b,5.10883
Kepler-22 b,5.10883
Kepler-22 b,5.10883
Kepler-22 b,5.10883
Kepler-22 b,5.10883
Kepler-22 b,5.10883
Kepler-220 b,5.81537
Kepler-220 b,5.81537
Kepler-220 b,5.81537
Kepler-220 b,5.81537
Kepler-220 b,5.81537
Kepler-220 b,5.81537
Kepler-220 b,5.81537
Kepler-220 b,5.81537
Kepler-220 b,5.81537
Kepler-220 b,5.81537
Kepler-220 b,5.81537
Kepler-220 b,5.81537
Kepler-220 b,5.81537
Kepler-220 b,5.81537
Kepler-220 c,5.81537
Kepler-220 c,5.81537
Kepler-220 c,5.81537
Kepler-220 c,5.81537
Kepler-220 c,5.81537
Kepler-220 c,5.81537
Kepler-220 c,5.81537
Kepler-220 c,5.81537
Kepler-220 c,5.81537
Kepler-220 c,5.81537
Kepler-220 c,5.81537
Kepler-220 c,5.81537
Kepler-220 c,5.81537
Kepler-220 c,5.81537
Kepler-220 d,5.81537
Kepler-220 d,5.81537
Kepler-220 d,5.81537
Kepler-220 d,5.81537
Kepler-220 d,5.81537
Kepler-220 d,5.81537
Kepler-220 d,5.81537
Kepler-220 d,5.81537
Kepler-220 d,5.81537
Kepler-220 d,5.81537
Kepler-220 d,5.81537
Kepler-220 d,5.81537
Kepler-220 d,5.81537
Kepler-220 d,5.81537
Kepler-220 e,5.81537
Kepler-220 e,5.81537
Kepler-220 e,5.81537
Kepler-220 e,5.81537
Kepler-220 e,5.81537
Kepler-220 e,5.81537
Kepler-220 e,5.81537
Kepler-220 e,5.81537
Kepler-220 e,5.81537
Kepler-220 e,5.81537
Kepler-220 e,5.81537
Kepler-220 e,5.81537
Kepler-220 e,5.81537
Kepler-220 e,5.81537
Kepler-221 b,2.56708
Kepler-221 b,2.56708
Kepler-221 b,2.56708
Kepler-221 b,2.56708
Kepler-221 b,2.56708
Kepler-221 b,2.56708
Kepler-221 b,2.56708
Kepler-221 b,2.56708
Kepler-221 b,2.56708
Kepler-221 b,2.56708
Kepler-221 b,2.56708
Kepler-221 b,2.56708
Kepler-221 b,2.56708
Kepler-221 b,2.56708
Kepler-221 c,2.56708
Kepler-221 c,2.56708
Kepler-221 c,2.56708
Kepler-221 c,2.56708
Kepler-221 c,2.56708
Kepler-221 c,2.56708
Kepler-221 c,2.56708
Kepler-221 c,2.56708
Kepler-221 c,2.56708
Kepler-221 c,2.56708
Kepler-221 c,2.56708
Kepler-221 c,2.56708
Kepler-221 c,2.56708
Kepler-221 c,2.56708
Kepler-221 d,2.56708
Kepler-221 d,2.56708
Kepler-221 d,2.56708
Kepler-221 d,2.56708
Kepler-221 d,2.56708
Kepler-221 d,2.56708
Kepler-221 d,2.56708
Kepler-221 d,2.56708
Kepler-221 d,2.56708
Kepler-221 d,2.56708
Kepler-221 d,2.56708
Kepler-221 d,2.56708
Kepler-221 d,2.56708
Kepler-221 e,2.56708
Kepler-221 e,2.56708
Kepler-221 e,2.56708
Kepler-221 e,2.56708
Kepler-221 e,2.56708
Kepler-221 e,2.56708
Kepler-221 e,2.56708
Kepler-221 e,2.56708
Kepler-221 e,2.56708
Kepler-221 e,2.56708
Kepler-221 e,2.56708
Kepler-221 e,2.56708
Kepler-221 e,2.56708
Kepler-222 b,1.28931
Kepler-222 b,1.28931
Kepler-222 b,1.28931
Kepler-222 b,1.28931
Kepler-222 b,1.28931
Kepler-222 b,1.28931
Kepler-222 b,1.28931
Kepler-222 b,1.28931
Kepler-222 b,1.28931
Kepler-222 b,1.28931
Kepler-222 b,1.28931
Kepler-222 b,1.28931
Kepler-222 c,1.28931
Kepler-222 c,1.28931
Kepler-222 c,1.28931
Kepler-222 c,1.28931
Kepler-222 c,1.28931
Kepler-222 c,1.28931
Kepler-222 c,1.28931
Kepler-222 c,1.28931
Kepler-222 c,1.28931
Kepler-222 c,1.28931
Kepler-222 c,1.28931
Kepler-222 c,1.28931
Kepler-222 d,1.28931
Kepler-222 d,1.28931
Kepler-222 d,1.28931
Kepler-222 d,1.28931
Kepler-222 d,1.28931
Kepler-222 d,1.28931
Kepler-222 d,1.28931
Kepler-222 d,1.28931
Kepler-222 d,1.28931
Kepler-222 d,1.28931
Kepler-222 d,1.28931
Kepler-222 d,1.28931
Kepler-223 b,0.510076
Kepler-223 b,0.510076
Kepler-223 b,0.510076
Kepler-223 b,0.510076
Kepler-223 b,0.510076
Kepler-223 b,0.510076
Kepler-223 b,0.510076
Kepler-223 b,0.510076
Kepler-223 b,0.510076
Kepler-223 b,0.510076
Kepler-223 b,0.510076
Kepler-223 b,0.510076
Kepler-223 b,0.510076
Kepler-223 c,0.510076
Kepler-223 c,0.510076
Kepler-223 c,0.510076
Kepler-223 c,0.510076
Kepler-223 c,0.510076
Kepler-223 c,0.510076
Kepler-223 c,0.510076
Kepler-223 c,0.510076
Kepler-223 c,0.510076
Kepler-223 c,0.510076
Kepler-223 c,0.510076
Kepler-223 c,0.510076
Kepler-223 c,0.510076
Kepler-223 c,0.510076
Kepler-223 d,0.510076
Kepler-223 d,0.510076
Kepler-223 d,0.510076
Kepler-223 d,0.510076
Kepler-223 d,0.510076
Kepler-223 d,0.510076
Kepler-223 d,0.510076
Kepler-223 d,0.510076
Kepler-223 d,0.510076
Kepler-223 d,0.510076
Kepler-223 d,0.510076
Kepler-223 d,0.510076
Kepler-223 d,0.510076
Kepler-223 e,0.510076
Kepler-223 e,0.510076
Kepler-223 e,0.510076
Kepler-223 e,0.510076
Kepler-223 e,0.510076
Kepler-223 e,0.510076
Kepler-223 e,0.510076
Kepler-223 e,0.510076
Kepler-223 e,0.510076
Kepler-223 e,0.510076
Kepler-223 e,0.510076
Kepler-223 e,0.510076
Kepler-223 e,0.510076
Kepler-224 b,1.2504
Kepler-224 b,1.2504
Kepler-224 b,1.2504
Kepler-224 b,1.2504
Kepler-224 b,1.2504
Kepler-224 b,1.2504
Kepler-224 b,1.2504
Kepler-224 b,1.2504
Kepler-224 b,1.2504
Kepler-224 b,1.2504
Kepler-224 b,1.2504
Kepler-224 c,1.2504
Kepler-224 c,1.2504
Kepler-224 c,1.2504
Kepler-224 c,1.2504
Kepler-224 c,1.2504
Kepler-224 c,1.2504
Kepler-224 c,1.2504
Kepler-224 c,1.2504
Kepler-224 c,1.2504
Kepler-224 c,1.2504
Kepler-224 c,1.2504
Kepler-224 c,1.2504
Kepler-224 d,1.2504
Kepler-224 d,1.2504
Kepler-224 d,1.2504
Kepler-224 d,1.2504
Kepler-224 d,1.2504
Kepler-224 d,1.2504
Kepler-224 d,1.2504
Kepler-224 d,1.2504
Kepler-224 d,1.2504
Kepler-224 d,1.2504
Kepler-224 d,1.2504
Kepler-224 d,1.2504
Kepler-224 e,1.2504
Kepler-224 e,1.2504
Kepler-224 e,1.2504
Kepler-224 e,1.2504
Kepler-224 e,1.2504
Kepler-224 e,1.2504
Kepler-224 e,1.2504
Kepler-224 e,1.2504
Kepler-224 e,1.2504
Kepler-224 e,1.2504
Kepler-224 e,1.2504
Kepler-224 e,1.2504
Kepler-225 b,1.75441
Kepler-225 b,1.75441
Kepler-225 b,1.75441
Kepler-225 b,1.75441
Kepler-225 b,1.75441
Kepler-225 b,1.75441
Kepler-225 b,1.75441
Kepler-225 b,1.75441
Kepler-225 b,1.75441
Kepler-225 b,1.75441
Kepler-225 b,1.75441
Kepler-225 b,1.75441
Kepler-225 b,1.75441
Kepler-225 c,1.75441
Kepler-225 c,1.75441
Kepler-225 c,1.75441
Kepler-225 c,1.75441
Kepler-225 c,1.75441
Kepler-225 c,1.75441
Kepler-225 c,1.75441
Kepler-225 c,1.75441
Kepler-225 c,1.75441
Kepler-225 c,1.75441
Kepler-225 c,1.75441
Kepler-225 c,1.75441
Kepler-225 c,1.75441
Kepler-225 c,1.75441
Kepler-226 b,0.991928
Kepler-226 b,0.991928
Kepler-226 b,0.991928
Kepler-226 b,0.991928
Kepler-226 b,0.991928
Kepler-226 b,0.991928
Kepler-226 b,0.991928
Kepler-226 b,0.991928
Kepler-226 b,0.991928
Kepler-226 b,0.991928
Kepler-226 b,0.991928
Kepler-226 b,0.991928
Kepler-226 c,0.991928
Kepler-226 c,0.991928
Kepler-226 c,0.991928
Kepler-226 c,0.991928
Kepler-226 c,0.991928
Kepler-226 c,0.991928
Kepler-226 c,0.991928
Kepler-226 c,0.991928
Kepler-226 c,0.991928
Kepler-226 c,0.991928
Kepler-226 c,0.991928
Kepler-226 c,0.991928
Kepler-226 c,0.991928
Kepler-226 d,0.991928
Kepler-226 d,0.991928
Kepler-226 d,0.991928
Kepler-226 d,0.991928
Kepler-226 d,0.991928
Kepler-226 d,0.991928
Kepler-226 d,0.991928
Kepler-226 d,0.991928
Kepler-226 d,0.991928
Kepler-226 d,0.991928
Kepler-226 d,0.991928
Kepler-227 b,0.894852
Kepler-227 b,0.894852
Kepler-227 b,0.894852
Kepler-227 b,0.894852
Kepler-227 b,0.894852
Kepler-227 b,0.894852
Kepler-227 b,0.894852
Kepler-227 b,0.894852
Kepler-227 b,0.894852
Kepler-227 b,0.894852
Kepler-227 b,0.894852
Kepler-227 b,0.894852
Kepler-227 c,0.894852
Kepler-227 c,0.894852
Kepler-227 c,0.894852
Kepler-227 c,0.894852
Kepler-227 c,0.894852
Kepler-227 c,0.894852
Kepler-227 c,0.894852
Kepler-227 c,0.894852
Kepler-227 c,0.894852
Kepler-227 c,0.894852
Kepler-227 c,0.894852
Kepler-227 c,0.894852
Kepler-228 b,0.579846
Kepler-228 b,0.579846
Kepler-228 b,0.579846
Kepler-228 b,0.579846
Kepler-228 b,0.579846
Kepler-228 b,0.579846
Kepler-228 b,0.579846
Kepler-228 b,0.579846
Kepler-228 b,0.579846
Kepler-228 b,0.579846
Kepler-228 b,0.579846
Kepler-228 c,0.579846
Kepler-228 c,0.579846
Kepler-228 c,0.579846
Kepler-228 c,0.579846
Kepler-228 c,0.579846
Kepler-228 c,0.579846
Kepler-228 c,0.579846
Kepler-228 c,0.579846
Kepler-228 c,0.579846
Kepler-228 c,0.579846
Kepler-228 c,0.579846
Kepler-228 c,0.579846
Kepler-228 d,0.579846
Kepler-228 d,0.579846
Kepler-228 d,0.579846
Kepler-228 d,0.579846
Kepler-228 d,0.579846
Kepler-228 d,0.579846
Kepler-228 d,0.579846
Kepler-228 d,0.579846
Kepler-228 d,0.579846
Kepler-228 d,0.579846
Kepler-228 d,0.579846
Kepler-228 d,0.579846
Kepler-229 b,1.1822
Kepler-229 b,1.1822
Kepler-229 b,1.1822
Kepler-229 b,1.1822
Kepler-229 b,1.1822
Kepler-229 b,1.1822
Kepler-229 b,1.1822
Kepler-229 b,1.1822
Kepler-229 b,1.1822
Kepler-229 b,1.1822
Kepler-229 b,1.1822
Kepler-229 b,1.1822
Kepler-229 c,1.1822
Kepler-229 c,1.1822
Kepler-229 c,1.1822
Kepler-229 c,1.1822
Kepler-229 c,1.1822
Kepler-229 c,1.1822
Kepler-229 c,1.1822
Kepler-229 c,1.1822
Kepler-229 c,1.1822
Kepler-229 c,1.1822
Kepler-229 c,1.1822
Kepler-229 c,1.1822
Kepler-229 d,1.1822
Kepler-229 d,1.1822
Kepler-229 d,1.1822
Kepler-229 d,1.1822
Kepler-229 d,1.1822
Kepler-229 d,1.1822
Kepler-229 d,1.1822
Kepler-229 d,1.1822
Kepler-229 d,1.1822
Kepler-229 d,1.1822
Kepler-229 d,1.1822
Kepler-23 b,1.16777
Kepler-23 b,1.16777
Kepler-23 b,1.16777
Kepler-23 b,1.16777
Kepler-23 b,1.16777
Kepler-23 b,1.16777
Kepler-23 b,1.16777
Kepler-23 b,1.16777
Kepler-23 b,1.16777
Kepler-23 b,1.16777
Kepler-23 b,1.16777
Kepler-23 b,1.16777
Kepler-23 b,1.16777
Kepler-23 b,1.16777
Kepler-23 b,1.16777
Kepler-23 c,1.16777
Kepler-23 c,1.16777
Kepler-23 c,1.16777
Kepler-23 c,1.16777
Kepler-23 c,1.16777
Kepler-23 c,1.16777
Kepler-23 c,1.16777
Kepler-23 c,1.16777
Kepler-23 c,1.16777
Kepler-23 c,1.16777
Kepler-23 c,1.16777
Kepler-23 c,1.16777
Kepler-23 c,1.16777
Kepler-23 c,1.16777
Kepler-23 d,1.16777
Kepler-23 d,1.16777
Kepler-23 d,1.16777
Kepler-23 d,1.16777
Kepler-23 d,1.16777
Kepler-23 d,1.16777
Kepler-23 d,1.16777
Kepler-23 d,1.16777
Kepler-23 d,1.16777
Kepler-23 d,1.16777
Kepler-23 d,1.16777
Kepler-23 d,1.16777
Kepler-23 d,1.16777
Kepler-23 d,1.16777
Kepler-23 d,1.16777
Kepler-230 b,1.32147
Kepler-230 b,1.32147
Kepler-230 b,1.32147
Kepler-230 b,1.32147
Kepler-230 b,1.32147
Kepler-230 b,1.32147
Kepler-230 b,1.32147
Kepler-230 b,1.32147
Kepler-230 b,1.32147
Kepler-230 b,1.32147
Kepler-230 b,1.32147
Kepler-230 c,1.32147
Kepler-230 c,1.32147
Kepler-230 c,1.32147
Kepler-230 c,1.32147
Kepler-230 c,1.32147
Kepler-230 c,1.32147
Kepler-230 c,1.32147
Kepler-230 c,1.32147
Kepler-230 c,1.32147
Kepler-230 c,1.32147
Kepler-230 c,1.32147
Kepler-230 c,1.32147
Kepler-231 b,3.12995
Kepler-231 b,3.12995
Kepler-231 b,3.12995
Kepler-231 b,3.12995
Kepler-231 b,3.12995
Kepler-231 b,3.12995
Kepler-231 b,3.12995
Kepler-231 b,3.12995
Kepler-231 b,3.12995
Kepler-231 b,3.12995
Kepler-231 b,3.12995
Kepler-231 b,3.12995
Kepler-231 b,3.12995
Kepler-231 b,3.12995
Kepler-231 b,3.12995
Kepler-231 b,3.12995
Kepler-231 c,3.12995
Kepler-231 c,3.12995
Kepler-231 c,3.12995
Kepler-231 c,3.12995
Kepler-231 c,3.12995
Kepler-231 c,3.12995
Kepler-231 c,3.12995
Kepler-231 c,3.12995
Kepler-231 c,3.12995
Kepler-231 c,3.12995
Kepler-231 c,3.12995
Kepler-231 c,3.12995
Kepler-231 c,3.12995
Kepler-231 c,3.12995
Kepler-231 c,3.12995
Kepler-231 c,3.12995
Kepler-232 b,0.712777
Kepler-232 b,0.712777
Kepler-232 b,0.712777
Kepler-232 b,0.712777
Kepler-232 b,0.712777
Kepler-232 b,0.712777
Kepler-232 b,0.712777
Kepler-232 b,0.712777
Kepler-232 b,0.712777
Kepler-232 b,0.712777
Kepler-232 b,0.712777
Kepler-232 c,0.712777
Kepler-232 c,0.712777
Kepler-232 c,0.712777
Kepler-232 c,0.712777
Kepler-232 c,0.712777
Kepler-232 c,0.712777
Kepler-232 c,0.712777
Kepler-232 c,0.712777
Kepler-232 c,0.712777
Kepler-232 c,0.712777
Kepler-232 c,0.712777
Kepler-233 b,1.1393
Kepler-233 b,1.1393
Kepler-233 b,1.1393
Kepler-233 b,1.1393
Kepler-233 b,1.1393
Kepler-233 b,1.1393
Kepler-233 b,1.1393
Kepler-233 b,1.1393
Kepler-233 b,1.1393
Kepler-233 b,1.1393
Kepler-233 b,1.1393
Kepler-233 c,1.1393
Kepler-233 c,1.1393
Kepler-233 c,1.1393
Kepler-233 c,1.1393
Kepler-233 c,1.1393
Kepler-233 c,1.1393
Kepler-233 c,1.1393
Kepler-233 c,1.1393
Kepler-233 c,1.1393
Kepler-233 c,1.1393
Kepler-233 c,1.1393
Kepler-234 b,0.549145
Kepler-234 b,0.549145
Kepler-234 b,0.549145
Kepler-234 b,0.549145
Kepler-234 b,0.549145
Kepler-234 b,0.549145
Kepler-234 b,0.549145
Kepler-234 b,0.549145
Kepler-234 b,0.549145
Kepler-234 b,0.549145
Kepler-234 b,0.549145
Kepler-234 b,0.549145
Kepler-234 c,0.549145
Kepler-234 c,0.549145
Kepler-234 c,0.549145
Kepler-234 c,0.549145
Kepler-234 c,0.549145
Kepler-234 c,0.549145
Kepler-234 c,0.549145
Kepler-234 c,0.549145
Kepler-234 c,0.549145
Kepler-234 c,0.549145
Kepler-234 c,0.549145
Kepler-234 c,0.549145
Kepler-235 b,2.30818
Kepler-235 b,2.30818
Kepler-235 b,2.30818
Kepler-235 b,2.30818
Kepler-235 b,2.30818
Kepler-235 b,2.30818
Kepler-235 b,2.30818
Kepler-235 b,2.30818
Kepler-235 b,2.30818
Kepler-235 b,2.30818
Kepler-235 b,2.30818
Kepler-235 b,2.30818
Kepler-235 b,2.30818
Kepler-235 b,2.30818
Kepler-235 b,2.30818
Kepler-235 b,2.30818
Kepler-235 c,2.30818
Kepler-235 c,2.30818
Kepler-235 c,2.30818
Kepler-235 c,2.30818
Kepler-235 c,2.30818
Kepler-235 c,2.30818
Kepler-235 c,2.30818
Kepler-235 c,2.30818
Kepler-235 c,2.30818
Kepler-235 c,2.30818
Kepler-235 c,2.30818
Kepler-235 c,2.30818
Kepler-235 c,2.30818
Kepler-235 c,2.30818
Kepler-235 d,2.30818
Kepler-235 d,2.30818
Kepler-235 d,2.30818
Kepler-235 d,2.30818
Kepler-235 d,2.30818
Kepler-235 d,2.30818
Kepler-235 d,2.30818
Kepler-235 d,2.30818
Kepler-235 d,2.30818
Kepler-235 d,2.30818
Kepler-235 d,2.30818
Kepler-235 d,2.30818
Kepler-235 d,2.30818
Kepler-235 d,2.30818
Kepler-235 d,2.30818
Kepler-235 d,2.30818
Kepler-235 e,2.30818
Kepler-235 e,2.30818
Kepler-235 e,2.30818
Kepler-235 e,2.30818
Kepler-235 e,2.30818
Kepler-235 e,2.30818
Kepler-235 e,2.30818
Kepler-235 e,2.30818
Kepler-235 e,2.30818
Kepler-235 e,2.30818
Kepler-235 e,2.30818
Kepler-235 e,2.30818
Kepler-235 e,2.30818
Kepler-235 e,2.30818
Kepler-235 e,2.30818
Kepler-235 e,2.30818
Kepler-236 b,3.4344
Kepler-236 b,3.4344
Kepler-236 b,3.4344
Kepler-236 b,3.4344
Kepler-236 b,3.4344
Kepler-236 b,3.4344
Kepler-236 b,3.4344
Kepler-236 b,3.4344
Kepler-236 b,3.4344
Kepler-236 b,3.4344
Kepler-236 b,3.4344
Kepler-236 b,3.4344
Kepler-236 b,3.4344
Kepler-236 c,3.4344
Kepler-236 c,3.4344
Kepler-236 c,3.4344
Kepler-236 c,3.4344
Kepler-236 c,3.4344
Kepler-236 c,3.4344
Kepler-236 c,3.4344
Kepler-236 c,3.4344
Kepler-236 c,3.4344
Kepler-236 c,3.4344
Kepler-236 c,3.4344
Kepler-236 c,3.4344
Kepler-236 c,3.4344
Kepler-236 c,3.4344
Kepler-236 c,3.4344
Kepler-237 b,1.49163
Kepler-237 b,1.49163
Kepler-237 b,1.49163
Kepler-237 b,1.49163
Kepler-237 b,1.49163
Kepler-237 b,1.49163
Kepler-237 b,1.49163
Kepler-237 b,1.49163
Kepler-237 b,1.49163
Kepler-237 b,1.49163
Kepler-237 b,1.49163
Kepler-237 c,1.49163
Kepler-237 c,1.49163
Kepler-237 c,1.49163
Kepler-237 c,1.49163
Kepler-237 c,1.49163
Kepler-237 c,1.49163
Kepler-237 c,1.49163
Kepler-237 c,1.49163
Kepler-237 c,1.49163
Kepler-237 c,1.49163
Kepler-237 c,1.49163
Kepler-237 c,1.49163
Kepler-238 b,0.526944
Kepler-238 b,0.526944
Kepler-238 b,0.526944
Kepler-238 b,0.526944
Kepler-238 b,0.526944
Kepler-238 b,0.526944
Kepler-238 b,0.526944
Kepler-238 b,0.526944
Kepler-238 b,0.526944
Kepler-238 b,0.526944
Kepler-238 b,0.526944
Kepler-238 b,0.526944
Kepler-238 c,0.526944
Kepler-238 c,0.526944
Kepler-238 c,0.526944
Kepler-238 c,0.526944
Kepler-238 c,0.526944
Kepler-238 c,0.526944
Kepler-238 c,0.526944
Kepler-238 c,0.526944
Kepler-238 c,0.526944
Kepler-238 c,0.526944
Kepler-238 c,0.526944
Kepler-238 c,0.526944
Kepler-238 c,0.526944
Kepler-238 d,0.526944
Kepler-238 d,0.526944
Kepler-238 d,0.526944
Kepler-238 d,0.526944
Kepler-238 d,0.526944
Kepler-238 d,0.526944
Kepler-238 d,0.526944
Kepler-238 d,0.526944
Kepler-238 d,0.526944
Kepler-238 d,0.526944
Kepler-238 d,0.526944
Kepler-238 d,0.526944
Kepler-238 d,0.526944
Kepler-238 e,0.526944
Kepler-238 e,0.526944
Kepler-238 e,0.526944
Kepler-238 e,0.526944
Kepler-238 e,0.526944
Kepler-238 e,0.526944
Kepler-238 e,0.526944
Kepler-238 e,0.526944
Kepler-238 e,0.526944
Kepler-238 e,0.526944
Kepler-238 e,0.526944
Kepler-238 e,0.526944
Kepler-238 e,0.526944
Kepler-238 f,0.526944
Kepler-238 f,0.526944
Kepler-238 f,0.526944
Kepler-238 f,0.526944
Kepler-238 f,0.526944
Kepler-238 f,0.526944
Kepler-238 f,0.526944
Kepler-238 f,0.526944
Kepler-238 f,0.526944
Kepler-238 f,0.526944
Kepler-238 f,0.526944
Kepler-238 f,0.526944
Kepler-238 f,0.526944
Kepler-239 b,1.51499
Kepler-239 b,1.51499
Kepler-239 b,1.51499
Kepler-239 b,1.51499
Kepler-239 b,1.51499
Kepler-239 b,1.51499
Kepler-239 b,1.51499
Kepler-239 b,1.51499
Kepler-239 b,1.51499
Kepler-239 b,1.51499
Kepler-239 b,1.51499
Kepler-239 b,1.51499
Kepler-239 c,1.51499
Kepler-239 c,1.51499
Kepler-239 c,1.51499
Kepler-239 c,1.51499
Kepler-239 c,1.51499
Kepler-239 c,1.51499
Kepler-239 c,1.51499
Kepler-239 c,1.51499
Kepler-239 c,1.51499
Kepler-239 c,1.51499
Kepler-239 c,1.51499
Kepler-239 c,1.51499
Kepler-24 b,0.836127
Kepler-24 b,0.836127
Kepler-24 b,0.836127
Kepler-24 b,0.836127
Kepler-24 b,0.836127
Kepler-24 b,0.836127
Kepler-24 b,0.836127
Kepler-24 b,0.836127
Kepler-24 b,0.836127
Kepler-24 b,0.836127
Kepler-24 b,0.836127
Kepler-24 b,0.836127
Kepler-24 b,0.836127
Kepler-24 b,0.836127
Kepler-24 c,0.836127
Kepler-24 c,0.836127
Kepler-24 c,0.836127
Kepler-24 c,0.836127
Kepler-24 c,0.836127
Kepler-24 c,0.836127
Kepler-24 c,0.836127
Kepler-24 c,0.836127
Kepler-24 c,0.836127
Kepler-24 c,0.836127
Kepler-24 c,0.836127
Kepler-24 c,0.836127
Kepler-24 c,0.836127
Kepler-24 c,0.836127
Kepler-24 d,0.836127
Kepler-24 d,0.836127
Kepler-24 d,0.836127
Kepler-24 d,0.836127
Kepler-24 d,0.836127
Kepler-24 d,0.836127
Kepler-24 d,0.836127
Kepler-24 d,0.836127
Kepler-24 d,0.836127
Kepler-24 d,0.836127
Kepler-24 d,0.836127
Kepler-24 e,0.836127
Kepler-24 e,0.836127
Kepler-24 e,0.836127
Kepler-24 e,0.836127
Kepler-24 e,0.836127
Kepler-24 e,0.836127
Kepler-24 e,0.836127
Kepler-24 e,0.836127
Kepler-24 e,0.836127
Kepler-24 e,0.836127
Kepler-24 e,0.836127
Kepler-24 e,0.836127
Kepler-24 e,0.836127
Kepler-240 b,1.31106
Kepler-240 b,1.31106
Kepler-240 b,1.31106
Kepler-240 b,1.31106
Kepler-240 b,1.31106
Kepler-240 b,1.31106
Kepler-240 b,1.31106
Kepler-240 b,1.31106
Kepler-240 b,1.31106
Kepler-240 b,1.31106
Kepler-240 b,1.31106
Kepler-240 b,1.31106
Kepler-240 c,1.31106
Kepler-240 c,1.31106
Kepler-240 c,1.31106
Kepler-240 c,1.31106
Kepler-240 c,1.31106
Kepler-240 c,1.31106
Kepler-240 c,1.31106
Kepler-240 c,1.31106
Kepler-240 c,1.31106
Kepler-240 c,1.31106
Kepler-240 c,1.31106
Kepler-240 c,1.31106
Kepler-240 c,1.31106
Kepler-242 b,1.63773
Kepler-242 b,1.63773
Kepler-242 b,1.63773
Kepler-242 b,1.63773
Kepler-242 b,1.63773
Kepler-242 b,1.63773
Kepler-242 b,1.63773
Kepler-242 b,1.63773
Kepler-242 b,1.63773
Kepler-242 b,1.63773
Kepler-242 b,1.63773
Kepler-242 b,1.63773
Kepler-242 c,1.63773
Kepler-242 c,1.63773
Kepler-242 c,1.63773
Kepler-242 c,1.63773
Kepler-242 c,1.63773
Kepler-242 c,1.63773
Kepler-242 c,1.63773
Kepler-242 c,1.63773
Kepler-242 c,1.63773
Kepler-242 c,1.63773
Kepler-242 c,1.63773
Kepler-242 c,1.63773
Kepler-243 b,1.41254
Kepler-243 b,1.41254
Kepler-243 b,1.41254
Kepler-243 b,1.41254
Kepler-243 b,1.41254
Kepler-243 b,1.41254
Kepler-243 b,1.41254
Kepler-243 b,1.41254
Kepler-243 b,1.41254
Kepler-243 b,1.41254
Kepler-243 b,1.41254
Kepler-243 b,1.41254
Kepler-243 c,1.41254
Kepler-243 c,1.41254
Kepler-243 c,1.41254
Kepler-243 c,1.41254
Kepler-243 c,1.41254
Kepler-243 c,1.41254
Kepler-243 c,1.41254
Kepler-243 c,1.41254
Kepler-243 c,1.41254
Kepler-243 c,1.41254
Kepler-243 c,1.41254
Kepler-243 c,1.41254
Kepler-244 b,0.936665
Kepler-244 b,0.936665
Kepler-244 b,0.936665
Kepler-244 b,0.936665
Kepler-244 b,0.936665
Kepler-244 b,0.936665
Kepler-244 b,0.936665
Kepler-244 b,0.936665
Kepler-244 b,0.936665
Kepler-244 b,0.936665
Kepler-244 b,0.936665
Kepler-244 b,0.936665
Kepler-244 c,0.936665
Kepler-244 c,0.936665
Kepler-244 c,0.936665
Kepler-244 c,0.936665
Kepler-244 c,0.936665
Kepler-244 c,0.936665
Kepler-244 c,0.936665
Kepler-244 c,0.936665
Kepler-244 c,0.936665
Kepler-244 c,0.936665
Kepler-244 c,0.936665
Kepler-244 c,0.936665
Kepler-244 c,0.936665
Kepler-244 d,0.936665
Kepler-244 d,0.936665
Kepler-244 d,0.936665
Kepler-244 d,0.936665
Kepler-244 d,0.936665
Kepler-244 d,0.936665
Kepler-244 d,0.936665
Kepler-244 d,0.936665
Kepler-244 d,0.936665
Kepler-244 d,0.936665
Kepler-244 d,0.936665
Kepler-244 d,0.936665
Kepler-244 d,0.936665
Kepler-245 b,1.13295
Kepler-245 b,1.13295
Kepler-245 b,1.13295
Kepler-245 b,1.13295
Kepler-245 b,1.13295
Kepler-245 b,1.13295
Kepler-245 b,1.13295
Kepler-245 b,1.13295
Kepler-245 b,1.13295
Kepler-245 b,1.13295
Kepler-245 b,1.13295
Kepler-245 b,1.13295
Kepler-245 b,1.13295
Kepler-245 c,1.13295
Kepler-245 c,1.13295
Kepler-245 c,1.13295
Kepler-245 c,1.13295
Kepler-245 c,1.13295
Kepler-245 c,1.13295
Kepler-245 c,1.13295
Kepler-245 c,1.13295
Kepler-245 c,1.13295
Kepler-245 c,1.13295
Kepler-245 c,1.13295
Kepler-245 c,1.13295
Kepler-245 c,1.13295
Kepler-245 c,1.13295
Kepler-245 d,1.13295
Kepler-245 d,1.13295
Kepler-245 d,1.13295
Kepler-245 d,1.13295
Kepler-245 d,1.13295
Kepler-245 d,1.13295
Kepler-245 d,1.13295
Kepler-245 d,1.13295
Kepler-245 d,1.13295
Kepler-245 d,1.13295
Kepler-245 d,1.13295
Kepler-245 d,1.13295
Kepler-245 d,1.13295
Kepler-245 e,1.13295
Kepler-245 e,1.13295
Kepler-245 e,1.13295
Kepler-245 e,1.13295
Kepler-245 e,1.13295
Kepler-245 e,1.13295
Kepler-245 e,1.13295
Kepler-245 e,1.13295
Kepler-245 e,1.13295
Kepler-245 e,1.13295
Kepler-245 e,1.13295
Kepler-246 b,1.56877
Kepler-246 b,1.56877
Kepler-246 b,1.56877
Kepler-246 b,1.56877
Kepler-246 b,1.56877
Kepler-246 b,1.56877
Kepler-246 b,1.56877
Kepler-246 b,1.56877
Kepler-246 b,1.56877
Kepler-246 b,1.56877
Kepler-246 b,1.56877
Kepler-246 b,1.56877
Kepler-246 c,1.56877
Kepler-246 c,1.56877
Kepler-246 c,1.56877
Kepler-246 c,1.56877
Kepler-246 c,1.56877
Kepler-246 c,1.56877
Kepler-246 c,1.56877
Kepler-246 c,1.56877
Kepler-246 c,1.56877
Kepler-246 c,1.56877
Kepler-246 c,1.56877
Kepler-246 c,1.56877
Kepler-247 b,1.47846
Kepler-247 b,1.47846
Kepler-247 b,1.47846
Kepler-247 b,1.47846
Kepler-247 b,1.47846
Kepler-247 b,1.47846
Kepler-247 b,1.47846
Kepler-247 b,1.47846
Kepler-247 b,1.47846
Kepler-247 b,1.47846
Kepler-247 b,1.47846
Kepler-247 b,1.47846
Kepler-247 c,1.47846
Kepler-247 c,1.47846
Kepler-247 c,1.47846
Kepler-247 c,1.47846
Kepler-247 c,1.47846
Kepler-247 c,1.47846
Kepler-247 c,1.47846
Kepler-247 c,1.47846
Kepler-247 c,1.47846
Kepler-247 c,1.47846
Kepler-247 c,1.47846
Kepler-247 c,1.47846
Kepler-247 d,1.47846
Kepler-247 d,1.47846
Kepler-247 d,1.47846
Kepler-247 d,1.47846
Kepler-247 d,1.47846
Kepler-247 d,1.47846
Kepler-247 d,1.47846
Kepler-247 d,1.47846
Kepler-247 d,1.47846
Kepler-247 d,1.47846
Kepler-247 d,1.47846
Kepler-248 b,1.32511
Kepler-248 b,1.32511
Kepler-248 b,1.32511
Kepler-248 b,1.32511
Kepler-248 b,1.32511
Kepler-248 b,1.32511
Kepler-248 b,1.32511
Kepler-248 b,1.32511
Kepler-248 b,1.32511
Kepler-248 b,1.32511
Kepler-248 b,1.32511
Kepler-248 b,1.32511
Kepler-248 c,1.32511
Kepler-248 c,1.32511
Kepler-248 c,1.32511
Kepler-248 c,1.32511
Kepler-248 c,1.32511
Kepler-248 c,1.32511
Kepler-248 c,1.32511
Kepler-248 c,1.32511
Kepler-248 c,1.32511
Kepler-248 c,1.32511
Kepler-248 c,1.32511
Kepler-248 c,1.32511
Kepler-249 b,5.22348
Kepler-249 b,5.22348
Kepler-249 b,5.22348
Kepler-249 b,5.22348
Kepler-249 b,5.22348
Kepler-249 b,5.22348
Kepler-249 b,5.22348
Kepler-249 b,5.22348
Kepler-249 b,5.22348
Kepler-249 b,5.22348
Kepler-249 b,5.22348
Kepler-249 b,5.22348
Kepler-249 b,5.22348
Kepler-249 b,5.22348
Kepler-249 b,5.22348
Kepler-249 b,5.22348
Kepler-249 c,5.22348
Kepler-249 c,5.22348
Kepler-249 c,5.22348
Kepler-249 c,5.22348
Kepler-249 c,5.22348
Kepler-249 c,5.22348
Kepler-249 c,5.22348
Kepler-249 c,5.22348
Kepler-249 c,5.22348
Kepler-249 c,5.22348
Kepler-249 c,5.22348
Kepler-249 c,5.22348
Kepler-249 c,5.22348
Kepler-249 c,5.22348
Kepler-249 c,5.22348
Kepler-249 c,5.22348
Kepler-249 d,5.22348
Kepler-249 d,5.22348
Kepler-249 d,5.22348
Kepler-249 d,5.22348
Kepler-249 d,5.22348
Kepler-249 d,5.22348
Kepler-249 d,5.22348
Kepler-249 d,5.22348
Kepler-249 d,5.22348
Kepler-249 d,5.22348
Kepler-249 d,5.22348
Kepler-249 d,5.22348
Kepler-249 d,5.22348
Kepler-249 d,5.22348
Kepler-249 d,5.22348
Kepler-249 d,5.22348
Kepler-25 b,4.08224
Kepler-25 b,4.08224
Kepler-25 b,4.08224
Kepler-25 b,4.08224
Kepler-25 b,4.08224
Kepler-25 b,4.08224
Kepler-25 b,4.08224
Kepler-25 b,4.08224
Kepler-25 b,4.08224
Kepler-25 b,4.08224
Kepler-25 b,4.08224
Kepler-25 b,4.08224
Kepler-25 b,4.08224
Kepler-25 b,4.08224
Kepler-25 b,4.08224
Kepler-25 b,4.08224
Kepler-25 b,4.08224
Kepler-25 b,4.08224
Kepler-25 b,4.08224
Kepler-25 b,4.08224
Kepler-25 c,4.08224
Kepler-25 c,4.08224
Kepler-25 c,4.08224
Kepler-25 c,4.08224
Kepler-25 c,4.08224
Kepler-25 c,4.08224
Kepler-25 c,4.08224
Kepler-25 c,4.08224
Kepler-25 c,4.08224
Kepler-25 c,4.08224
Kepler-25 c,4.08224
Kepler-25 c,4.08224
Kepler-25 c,4.08224
Kepler-25 c,4.08224
Kepler-25 c,4.08224
Kepler-25 c,4.08224
Kepler-25 c,4.08224
Kepler-25 c,4.08224
Kepler-25 c,4.08224
Kepler-25 c,4.08224
Kepler-25 c,4.08224
Kepler-25 d,4.08224
Kepler-25 d,4.08224
Kepler-25 d,4.08224
Kepler-25 d,4.08224
Kepler-250 b,1.28649
Kepler-250 b,1.28649
Kepler-250 b,1.28649
Kepler-250 b,1.28649
Kepler-250 b,1.28649
Kepler-250 b,1.28649
Kepler-250 b,1.28649
Kepler-250 b,1.28649
Kepler-250 b,1.28649
Kepler-250 b,1.28649
Kepler-250 b,1.28649
Kepler-250 c,1.28649
Kepler-250 c,1.28649
Kepler-250 c,1.28649
Kepler-250 c,1.28649
Kepler-250 c,1.28649
Kepler-250 c,1.28649
Kepler-250 c,1.28649
Kepler-250 c,1.28649
Kepler-250 c,1.28649
Kepler-250 c,1.28649
Kepler-250 c,1.28649
Kepler-250 c,1.28649
Kepler-250 d,1.28649
Kepler-250 d,1.28649
Kepler-250 d,1.28649
Kepler-250 d,1.28649
Kepler-250 d,1.28649
Kepler-250 d,1.28649
Kepler-250 d,1.28649
Kepler-250 d,1.28649
Kepler-250 d,1.28649
Kepler-250 d,1.28649
Kepler-250 d,1.28649
Kepler-250 d,1.28649
Kepler-251 b,1.05376
Kepler-251 b,1.05376
Kepler-251 b,1.05376
Kepler-251 b,1.05376
Kepler-251 b,1.05376
Kepler-251 b,1.05376
Kepler-251 b,1.05376
Kepler-251 b,1.05376
Kepler-251 b,1.05376
Kepler-251 b,1.05376
Kepler-251 b,1.05376
Kepler-251 c,1.05376
Kepler-251 c,1.05376
Kepler-251 c,1.05376
Kepler-251 c,1.05376
Kepler-251 c,1.05376
Kepler-251 c,1.05376
Kepler-251 c,1.05376
Kepler-251 c,1.05376
Kepler-251 c,1.05376
Kepler-251 c,1.05376
Kepler-251 c,1.05376
Kepler-251 c,1.05376
Kepler-251 d,1.05376
Kepler-251 d,1.05376
Kepler-251 d,1.05376
Kepler-251 d,1.05376
Kepler-251 d,1.05376
Kepler-251 d,1.05376
Kepler-251 d,1.05376
Kepler-251 d,1.05376
Kepler-251 d,1.05376
Kepler-251 d,1.05376
Kepler-251 d,1.05376
Kepler-251 d,1.05376
Kepler-251 e,1.05376
Kepler-251 e,1.05376
Kepler-251 e,1.05376
Kepler-251 e,1.05376
Kepler-251 e,1.05376
Kepler-251 e,1.05376
Kepler-251 e,1.05376
Kepler-251 e,1.05376
Kepler-251 e,1.05376
Kepler-251 e,1.05376
Kepler-251 e,1.05376
Kepler-252 b,2.60696
Kepler-252 b,2.60696
Kepler-252 b,2.60696
Kepler-252 b,2.60696
Kepler-252 b,2.60696
Kepler-252 b,2.60696
Kepler-252 b,2.60696
Kepler-252 b,2.60696
Kepler-252 b,2.60696
Kepler-252 b,2.60696
Kepler-252 b,2.60696
Kepler-252 c,2.60696
Kepler-252 c,2.60696
Kepler-252 c,2.60696
Kepler-252 c,2.60696
Kepler-252 c,2.60696
Kepler-252 c,2.60696
Kepler-252 c,2.60696
Kepler-252 c,2.60696
Kepler-252 c,2.60696
Kepler-252 c,2.60696
Kepler-252 c,2.60696
Kepler-252 c,2.60696
Kepler-253 b,1.16424
Kepler-253 b,1.16424
Kepler-253 b,1.16424
Kepler-253 b,1.16424
Kepler-253 b,1.16424
Kepler-253 b,1.16424
Kepler-253 b,1.16424
Kepler-253 b,1.16424
Kepler-253 b,1.16424
Kepler-253 b,1.16424
Kepler-253 b,1.16424
Kepler-253 c,1.16424
Kepler-253 c,1.16424
Kepler-253 c,1.16424
Kepler-253 c,1.16424
Kepler-253 c,1.16424
Kepler-253 c,1.16424
Kepler-253 c,1.16424
Kepler-253 c,1.16424
Kepler-253 c,1.16424
Kepler-253 c,1.16424
Kepler-253 c,1.16424
Kepler-253 c,1.16424
Kepler-253 d,1.16424
Kepler-253 d,1.16424
Kepler-253 d,1.16424
Kepler-253 d,1.16424
Kepler-253 d,1.16424
Kepler-253 d,1.16424
Kepler-253 d,1.16424
Kepler-253 d,1.16424
Kepler-253 d,1.16424
Kepler-253 d,1.16424
Kepler-253 d,1.16424
Kepler-253 d,1.16424
Kepler-254 b,0.691346
Kepler-254 b,0.691346
Kepler-254 b,0.691346
Kepler-254 b,0.691346
Kepler-254 b,0.691346
Kepler-254 b,0.691346
Kepler-254 b,0.691346
Kepler-254 b,0.691346
Kepler-254 b,0.691346
Kepler-254 b,0.691346
Kepler-254 b,0.691346
Kepler-254 b,0.691346
Kepler-254 c,0.691346
Kepler-254 c,0.691346
Kepler-254 c,0.691346
Kepler-254 c,0.691346
Kepler-254 c,0.691346
Kepler-254 c,0.691346
Kepler-254 c,0.691346
Kepler-254 c,0.691346
Kepler-254 c,0.691346
Kepler-254 c,0.691346
Kepler-254 c,0.691346
Kepler-254 c,0.691346
Kepler-254 c,0.691346
Kepler-254 d,0.691346
Kepler-254 d,0.691346
Kepler-254 d,0.691346
Kepler-254 d,0.691346
Kepler-254 d,0.691346
Kepler-254 d,0.691346
Kepler-254 d,0.691346
Kepler-254 d,0.691346
Kepler-254 d,0.691346
Kepler-254 d,0.691346
Kepler-254 d,0.691346
Kepler-254 d,0.691346
Kepler-254 d,0.691346
Kepler-255 b,0.922088
Kepler-255 b,0.922088
Kepler-255 b,0.922088
Kepler-255 b,0.922088
Kepler-255 b,0.922088
Kepler-255 b,0.922088
Kepler-255 b,0.922088
Kepler-255 b,0.922088
Kepler-255 b,0.922088
Kepler-255 b,0.922088
Kepler-255 c,0.922088
Kepler-255 c,0.922088
Kepler-255 c,0.922088
Kepler-255 c,0.922088
Kepler-255 c,0.922088
Kepler-255 c,0.922088
Kepler-255 c,0.922088
Kepler-255 c,0.922088
Kepler-255 c,0.922088
Kepler-255 c,0.922088
Kepler-255 c,0.922088
Kepler-255 d,0.922088
Kepler-255 d,0.922088
Kepler-255 d,0.922088
Kepler-255 d,0.922088
Kepler-255 d,0.922088
Kepler-255 d,0.922088
Kepler-255 d,0.922088
Kepler-255 d,0.922088
Kepler-255 d,0.922088
Kepler-256 b,0.94575
Kepler-256 b,0.94575
Kepler-256 b,0.94575
Kepler-256 b,0.94575
Kepler-256 b,0.94575
Kepler-256 b,0.94575
Kepler-256 b,0.94575
Kepler-256 b,0.94575
Kepler-256 b,0.94575
Kepler-256 b,0.94575
Kepler-256 b,0.94575
Kepler-256 c,0.94575
Kepler-256 c,0.94575
Kepler-256 c,0.94575
Kepler-256 c,0.94575
Kepler-256 c,0.94575
Kepler-256 c,0.94575
Kepler-256 c,0.94575
Kepler-256 c,0.94575
Kepler-256 c,0.94575
Kepler-256 c,0.94575
Kepler-256 c,0.94575
Kepler-256 d,0.94575
Kepler-256 d,0.94575
Kepler-256 d,0.94575
Kepler-256 d,0.94575
Kepler-256 d,0.94575
Kepler-256 d,0.94575
Kepler-256 d,0.94575
Kepler-256 d,0.94575
Kepler-256 d,0.94575
Kepler-256 d,0.94575
Kepler-256 d,0.94575
Kepler-256 e,0.94575
Kepler-256 e,0.94575
Kepler-256 e,0.94575
Kepler-256 e,0.94575
Kepler-256 e,0.94575
Kepler-256 e,0.94575
Kepler-256 e,0.94575
Kepler-256 e,0.94575
Kepler-256 e,0.94575
Kepler-256 e,0.94575
Kepler-256 e,0.94575
Kepler-256 e,0.94575
Kepler-257 b,1.25353
Kepler-257 b,1.25353
Kepler-257 b,1.25353
Kepler-257 b,1.25353
Kepler-257 b,1.25353
Kepler-257 b,1.25353
Kepler-257 b,1.25353
Kepler-257 b,1.25353
Kepler-257 b,1.25353
Kepler-257 b,1.25353
Kepler-257 b,1.25353
Kepler-257 c,1.25353
Kepler-257 c,1.25353
Kepler-257 c,1.25353
Kepler-257 c,1.25353
Kepler-257 c,1.25353
Kepler-257 c,1.25353
Kepler-257 c,1.25353
Kepler-257 c,1.25353
Kepler-257 c,1.25353
Kepler-257 c,1.25353
Kepler-257 c,1.25353
Kepler-257 d,1.25353
Kepler-257 d,1.25353
Kepler-257 d,1.25353
Kepler-257 d,1.25353
Kepler-257 d,1.25353
Kepler-257 d,1.25353
Kepler-257 d,1.25353
Kepler-257 d,1.25353
Kepler-257 d,1.25353
Kepler-257 d,1.25353
Kepler-257 d,1.25353
Kepler-258 b,1.70766
Kepler-258 b,1.70766
Kepler-258 b,1.70766
Kepler-258 b,1.70766
Kepler-258 b,1.70766
Kepler-258 b,1.70766
Kepler-258 b,1.70766
Kepler-258 b,1.70766
Kepler-258 b,1.70766
Kepler-258 b,1.70766
Kepler-258 b,1.70766
Kepler-258 c,1.70766
Kepler-258 c,1.70766
Kepler-258 c,1.70766
Kepler-258 c,1.70766
Kepler-258 c,1.70766
Kepler-258 c,1.70766
Kepler-258 c,1.70766
Kepler-258 c,1.70766
Kepler-258 c,1.70766
Kepler-258 c,1.70766
Kepler-258 c,1.70766
Kepler-259 b,0.969386
Kepler-259 b,0.969386
Kepler-259 b,0.969386
Kepler-259 b,0.969386
Kepler-259 b,0.969386
Kepler-259 b,0.969386
Kepler-259 b,0.969386
Kepler-259 b,0.969386
Kepler-259 b,0.969386
Kepler-259 b,0.969386
Kepler-259 b,0.969386
Kepler-259 b,0.969386
Kepler-259 c,0.969386
Kepler-259 c,0.969386
Kepler-259 c,0.969386
Kepler-259 c,0.969386
Kepler-259 c,0.969386
Kepler-259 c,0.969386
Kepler-259 c,0.969386
Kepler-259 c,0.969386
Kepler-259 c,0.969386
Kepler-259 c,0.969386
Kepler-259 c,0.969386
Kepler-259 c,0.969386
Kepler-26 b,2.95373
Kepler-26 b,2.95373
Kepler-26 b,2.95373
Kepler-26 b,2.95373
Kepler-26 b,2.95373
Kepler-26 b,2.95373
Kepler-26 b,2.95373
Kepler-26 b,2.95373
Kepler-26 b,2.95373
Kepler-26 b,2.95373
Kepler-26 b,2.95373
Kepler-26 b,2.95373
Kepler-26 b,2.95373
Kepler-26 b,2.95373
Kepler-26 b,2.95373
Kepler-26 b,2.95373
Kepler-26 b,2.95373
Kepler-26 c,2.95373
Kepler-26 c,2.95373
Kepler-26 c,2.95373
Kepler-26 c,2.95373
Kepler-26 c,2.95373
Kepler-26 c,2.95373
Kepler-26 c,2.95373
Kepler-26 c,2.95373
Kepler-26 c,2.95373
Kepler-26 c,2.95373
Kepler-26 c,2.95373
Kepler-26 c,2.95373
Kepler-26 c,2.95373
Kepler-26 c,2.95373
Kepler-26 c,2.95373
Kepler-26 c,2.95373
Kepler-26 c,2.95373
Kepler-26 c,2.95373
Kepler-26 d,2.95373
Kepler-26 d,2.95373
Kepler-26 d,2.95373
Kepler-26 d,2.95373
Kepler-26 d,2.95373
Kepler-26 d,2.95373
Kepler-26 d,2.95373
Kepler-26 d,2.95373
Kepler-26 d,2.95373
Kepler-26 d,2.95373
Kepler-26 d,2.95373
Kepler-26 d,2.95373
Kepler-26 d,2.95373
Kepler-26 d,2.95373
Kepler-26 e,2.95373
Kepler-26 e,2.95373
Kepler-26 e,2.95373
Kepler-26 e,2.95373
Kepler-26 e,2.95373
Kepler-26 e,2.95373
Kepler-26 e,2.95373
Kepler-26 e,2.95373
Kepler-26 e,2.95373
Kepler-26 e,2.95373
Kepler-26 e,2.95373
Kepler-26 e,2.95373
Kepler-26 e,2.95373
Kepler-260 b,1.5653
Kepler-260 b,1.5653
Kepler-260 b,1.5653
Kepler-260 b,1.5653
Kepler-260 b,1.5653
Kepler-260 b,1.5653
Kepler-260 b,1.5653
Kepler-260 b,1.5653
Kepler-260 b,1.5653
Kepler-260 b,1.5653
Kepler-260 b,1.5653
Kepler-260 b,1.5653
Kepler-260 c,1.5653
Kepler-260 c,1.5653
Kepler-260 c,1.5653
Kepler-260 c,1.5653
Kepler-260 c,1.5653
Kepler-260 c,1.5653
Kepler-260 c,1.5653
Kepler-260 c,1.5653
Kepler-260 c,1.5653
Kepler-260 c,1.5653
Kepler-260 c,1.5653
Kepler-260 c,1.5653
Kepler-261 b,3.12078
Kepler-261 b,3.12078
Kepler-261 b,3.12078
Kepler-261 b,3.12078
Kepler-261 b,3.12078
Kepler-261 b,3.12078
Kepler-261 b,3.12078
Kepler-261 b,3.12078
Kepler-261 b,3.12078
Kepler-261 b,3.12078
Kepler-261 b,3.12078
Kepler-261 b,3.12078
Kepler-261 c,3.12078
Kepler-261 c,3.12078
Kepler-261 c,3.12078
Kepler-261 c,3.12078
Kepler-261 c,3.12078
Kepler-261 c,3.12078
Kepler-261 c,3.12078
Kepler-261 c,3.12078
Kepler-261 c,3.12078
Kepler-261 c,3.12078
Kepler-261 c,3.12078
Kepler-261 c,3.12078
Kepler-262 b,1.60236
Kepler-262 b,1.60236
Kepler-262 b,1.60236
Kepler-262 b,1.60236
Kepler-262 b,1.60236
Kepler-262 b,1.60236
Kepler-262 b,1.60236
Kepler-262 b,1.60236
Kepler-262 b,1.60236
Kepler-262 b,1.60236
Kepler-262 b,1.60236
Kepler-262 b,1.60236
Kepler-262 c,1.60236
Kepler-262 c,1.60236
Kepler-262 c,1.60236
Kepler-262 c,1.60236
Kepler-262 c,1.60236
Kepler-262 c,1.60236
Kepler-262 c,1.60236
Kepler-262 c,1.60236
Kepler-262 c,1.60236
Kepler-262 c,1.60236
Kepler-262 c,1.60236
Kepler-262 c,1.60236
Kepler-263 b,1.29686
Kepler-263 b,1.29686
Kepler-263 b,1.29686
Kepler-263 b,1.29686
Kepler-263 b,1.29686
Kepler-263 b,1.29686
Kepler-263 b,1.29686
Kepler-263 b,1.29686
Kepler-263 b,1.29686
Kepler-263 b,1.29686
Kepler-263 b,1.29686
Kepler-263 b,1.29686
Kepler-263 c,1.29686
Kepler-263 c,1.29686
Kepler-263 c,1.29686
Kepler-263 c,1.29686
Kepler-263 c,1.29686
Kepler-263 c,1.29686
Kepler-263 c,1.29686
Kepler-263 c,1.29686
Kepler-263 c,1.29686
Kepler-263 c,1.29686
Kepler-263 c,1.29686
Kepler-263 c,1.29686
Kepler-264 b,1.0329
Kepler-264 b,1.0329
Kepler-264 b,1.0329
Kepler-264 b,1.0329
Kepler-264 b,1.0329
Kepler-264 b,1.0329
Kepler-264 b,1.0329
Kepler-264 b,1.0329
Kepler-264 b,1.0329
Kepler-264 b,1.0329
Kepler-264 b,1.0329
Kepler-264 b,1.0329
Kepler-264 c,1.0329
Kepler-264 c,1.0329
Kepler-264 c,1.0329
Kepler-264 c,1.0329
Kepler-264 c,1.0329
Kepler-264 c,1.0329
Kepler-264 c,1.0329
Kepler-264 c,1.0329
Kepler-264 c,1.0329
Kepler-264 c,1.0329
Kepler-264 c,1.0329
Kepler-265 b,0.752895
Kepler-265 b,0.752895
Kepler-265 b,0.752895
Kepler-265 b,0.752895
Kepler-265 b,0.752895
Kepler-265 b,0.752895
Kepler-265 b,0.752895
Kepler-265 b,0.752895
Kepler-265 b,0.752895
Kepler-265 b,0.752895
Kepler-265 b,0.752895
Kepler-265 c,0.752895
Kepler-265 c,0.752895
Kepler-265 c,0.752895
Kepler-265 c,0.752895
Kepler-265 c,0.752895
Kepler-265 c,0.752895
Kepler-265 c,0.752895
Kepler-265 c,0.752895
Kepler-265 c,0.752895
Kepler-265 c,0.752895
Kepler-265 c,0.752895
Kepler-265 c,0.752895
Kepler-265 d,0.752895
Kepler-265 d,0.752895
Kepler-265 d,0.752895
Kepler-265 d,0.752895
Kepler-265 d,0.752895
Kepler-265 d,0.752895
Kepler-265 d,0.752895
Kepler-265 d,0.752895
Kepler-265 d,0.752895
Kepler-265 d,0.752895
Kepler-265 d,0.752895
Kepler-265 e,0.752895
Kepler-265 e,0.752895
Kepler-265 e,0.752895
Kepler-265 e,0.752895
Kepler-265 e,0.752895
Kepler-265 e,0.752895
Kepler-265 e,0.752895
Kepler-265 e,0.752895
Kepler-265 e,0.752895
Kepler-265 e,0.752895
Kepler-265 e,0.752895
Kepler-265 e,0.752895
Kepler-266 b,0.701621
Kepler-266 b,0.701621
Kepler-266 b,0.701621
Kepler-266 b,0.701621
Kepler-266 b,0.701621
Kepler-266 b,0.701621
Kepler-266 b,0.701621
Kepler-266 b,0.701621
Kepler-266 b,0.701621
Kepler-266 b,0.701621
Kepler-266 b,0.701621
Kepler-266 c,0.701621
Kepler-266 c,0.701621
Kepler-266 c,0.701621
Kepler-266 c,0.701621
Kepler-266 c,0.701621
Kepler-266 c,0.701621
Kepler-266 c,0.701621
Kepler-266 c,0.701621
Kepler-266 c,0.701621
Kepler-266 c,0.701621
Kepler-266 c,0.701621
Kepler-267 b,3.74529
Kepler-267 b,3.74529
Kepler-267 b,3.74529
Kepler-267 b,3.74529
Kepler-267 b,3.74529
Kepler-267 b,3.74529
Kepler-267 b,3.74529
Kepler-267 b,3.74529
Kepler-267 b,3.74529
Kepler-267 b,3.74529
Kepler-267 b,3.74529
Kepler-267 b,3.74529
Kepler-267 b,3.74529
Kepler-267 b,3.74529
Kepler-267 b,3.74529
Kepler-267 b,3.74529
Kepler-267 b,3.74529
Kepler-267 c,3.74529
Kepler-267 c,3.74529
Kepler-267 c,3.74529
Kepler-267 c,3.74529
Kepler-267 c,3.74529
Kepler-267 c,3.74529
Kepler-267 c,3.74529
Kepler-267 c,3.74529
Kepler-267 c,3.74529
Kepler-267 c,3.74529
Kepler-267 c,3.74529
Kepler-267 c,3.74529
Kepler-267 c,3.74529
Kepler-267 c,3.74529
Kepler-267 c,3.74529
Kepler-267 c,3.74529
Kepler-267 d,3.74529
Kepler-267 d,3.74529
Kepler-267 d,3.74529
Kepler-267 d,3.74529
Kepler-267 d,3.74529
Kepler-267 d,3.74529
Kepler-267 d,3.74529
Kepler-267 d,3.74529
Kepler-267 d,3.74529
Kepler-267 d,3.74529
Kepler-267 d,3.74529
Kepler-267 d,3.74529
Kepler-267 d,3.74529
Kepler-267 d,3.74529
Kepler-267 d,3.74529
Kepler-268 b,1.1452
Kepler-268 b,1.1452
Kepler-268 b,1.1452
Kepler-268 b,1.1452
Kepler-268 b,1.1452
Kepler-268 b,1.1452
Kepler-268 b,1.1452
Kepler-268 b,1.1452
Kepler-268 b,1.1452
Kepler-268 b,1.1452
Kepler-268 b,1.1452
Kepler-268 b,1.1452
Kepler-268 c,1.1452
Kepler-268 c,1.1452
Kepler-268 c,1.1452
Kepler-268 c,1.1452
Kepler-268 c,1.1452
Kepler-268 c,1.1452
Kepler-268 c,1.1452
Kepler-268 c,1.1452
Kepler-268 c,1.1452
Kepler-268 c,1.1452
Kepler-268 c,1.1452
Kepler-268 c,1.1452
Kepler-269 b,0.413424
Kepler-269 b,0.413424
Kepler-269 b,0.413424
Kepler-269 b,0.413424
Kepler-269 b,0.413424
Kepler-269 b,0.413424
Kepler-269 b,0.413424
Kepler-269 b,0.413424
Kepler-269 b,0.413424
Kepler-269 b,0.413424
Kepler-269 b,0.413424
Kepler-269 b,0.413424
Kepler-269 c,0.413424
Kepler-269 c,0.413424
Kepler-269 c,0.413424
Kepler-269 c,0.413424
Kepler-269 c,0.413424
Kepler-269 c,0.413424
Kepler-269 c,0.413424
Kepler-269 c,0.413424
Kepler-269 c,0.413424
Kepler-269 c,0.413424
Kepler-269 c,0.413424
Kepler-27 b,0.930143
Kepler-27 b,0.930143
Kepler-27 b,0.930143
Kepler-27 b,0.930143
Kepler-27 b,0.930143
Kepler-27 b,0.930143
Kepler-27 b,0.930143
Kepler-27 b,0.930143
Kepler-27 b,0.930143
Kepler-27 b,0.930143
Kepler-27 b,0.930143
Kepler-27 b,0.930143
Kepler-27 c,0.930143
Kepler-27 c,0.930143
Kepler-27 c,0.930143
Kepler-27 c,0.930143
Kepler-27 c,0.930143
Kepler-27 c,0.930143
Kepler-27 c,0.930143
Kepler-27 c,0.930143
Kepler-27 c,0.930143
Kepler-27 c,0.930143
Kepler-27 c,0.930143
Kepler-27 c,0.930143
Kepler-27 d,0.930143
Kepler-27 d,0.930143
Kepler-27 d,0.930143
Kepler-27 d,0.930143
Kepler-27 d,0.930143
Kepler-27 d,0.930143
Kepler-27 d,0.930143
Kepler-27 d,0.930143
Kepler-27 d,0.930143
Kepler-270 b,1.02515
Kepler-270 b,1.02515
Kepler-270 b,1.02515
Kepler-270 b,1.02515
Kepler-270 b,1.02515
Kepler-270 b,1.02515
Kepler-270 b,1.02515
Kepler-270 b,1.02515
Kepler-270 b,1.02515
Kepler-270 b,1.02515
Kepler-270 b,1.02515
Kepler-270 b,1.02515
Kepler-270 c,1.02515
Kepler-270 c,1.02515
Kepler-270 c,1.02515
Kepler-270 c,1.02515
Kepler-270 c,1.02515
Kepler-270 c,1.02515
Kepler-270 c,1.02515
Kepler-270 c,1.02515
Kepler-270 c,1.02515
Kepler-270 c,1.02515
Kepler-270 c,1.02515
Kepler-270 c,1.02515
Kepler-271 b,2.44326
Kepler-271 b,2.44326
Kepler-271 b,2.44326
Kepler-271 b,2.44326
Kepler-271 b,2.44326
Kepler-271 b,2.44326
Kepler-271 b,2.44326
Kepler-271 b,2.44326
Kepler-271 b,2.44326
Kepler-271 b,2.44326
Kepler-271 b,2.44326
Kepler-271 b,2.44326
Kepler-271 c,2.44326
Kepler-271 c,2.44326
Kepler-271 c,2.44326
Kepler-271 c,2.44326
Kepler-271 c,2.44326
Kepler-271 c,2.44326
Kepler-271 c,2.44326
Kepler-271 c,2.44326
Kepler-271 c,2.44326
Kepler-271 c,2.44326
Kepler-271 c,2.44326
Kepler-271 c,2.44326
Kepler-271 d,2.44326
Kepler-271 d,2.44326
Kepler-271 d,2.44326
Kepler-271 d,2.44326
Kepler-271 d,2.44326
Kepler-271 d,2.44326
Kepler-271 d,2.44326
Kepler-271 d,2.44326
Kepler-271 d,2.44326
Kepler-271 d,2.44326
Kepler-272 b,1.09547
Kepler-272 b,1.09547
Kepler-272 b,1.09547
Kepler-272 b,1.09547
Kepler-272 b,1.09547
Kepler-272 b,1.09547
Kepler-272 b,1.09547
Kepler-272 b,1.09547
Kepler-272 b,1.09547
Kepler-272 b,1.09547
Kepler-272 b,1.09547
Kepler-272 b,1.09547
Kepler-272 c,1.09547
Kepler-272 c,1.09547
Kepler-272 c,1.09547
Kepler-272 c,1.09547
Kepler-272 c,1.09547
Kepler-272 c,1.09547
Kepler-272 c,1.09547
Kepler-272 c,1.09547
Kepler-272 c,1.09547
Kepler-272 c,1.09547
Kepler-272 c,1.09547
Kepler-272 c,1.09547
Kepler-272 c,1.09547
Kepler-272 d,1.09547
Kepler-272 d,1.09547
Kepler-272 d,1.09547
Kepler-272 d,1.09547
Kepler-272 d,1.09547
Kepler-272 d,1.09547
Kepler-272 d,1.09547
Kepler-272 d,1.09547
Kepler-272 d,1.09547
Kepler-272 d,1.09547
Kepler-272 d,1.09547
Kepler-272 d,1.09547
Kepler-273 b,1.37203
Kepler-273 b,1.37203
Kepler-273 b,1.37203
Kepler-273 b,1.37203
Kepler-273 b,1.37203
Kepler-273 b,1.37203
Kepler-273 b,1.37203
Kepler-273 b,1.37203
Kepler-273 b,1.37203
Kepler-273 b,1.37203
Kepler-273 b,1.37203
Kepler-273 c,1.37203
Kepler-273 c,1.37203
Kepler-273 c,1.37203
Kepler-273 c,1.37203
Kepler-273 c,1.37203
Kepler-273 c,1.37203
Kepler-273 c,1.37203
Kepler-273 c,1.37203
Kepler-273 c,1.37203
Kepler-273 c,1.37203
Kepler-273 c,1.37203
Kepler-273 c,1.37203
Kepler-274 b,0.721758
Kepler-274 b,0.721758
Kepler-274 b,0.721758
Kepler-274 b,0.721758
Kepler-274 b,0.721758
Kepler-274 b,0.721758
Kepler-274 b,0.721758
Kepler-274 b,0.721758
Kepler-274 b,0.721758
Kepler-274 b,0.721758
Kepler-274 c,0.721758
Kepler-274 c,0.721758
Kepler-274 c,0.721758
Kepler-274 c,0.721758
Kepler-274 c,0.721758
Kepler-274 c,0.721758
Kepler-274 c,0.721758
Kepler-274 c,0.721758
Kepler-274 c,0.721758
Kepler-274 c,0.721758
Kepler-274 c,0.721758
Kepler-275 b,0.463993
Kepler-275 b,0.463993
Kepler-275 b,0.463993
Kepler-275 b,0.463993
Kepler-275 b,0.463993
Kepler-275 b,0.463993
Kepler-275 b,0.463993
Kepler-275 b,0.463993
Kepler-275 b,0.463993
Kepler-275 b,0.463993
Kepler-275 b,0.463993
Kepler-275 c,0.463993
Kepler-275 c,0.463993
Kepler-275 c,0.463993
Kepler-275 c,0.463993
Kepler-275 c,0.463993
Kepler-275 c,0.463993
Kepler-275 c,0.463993
Kepler-275 c,0.463993
Kepler-275 c,0.463993
Kepler-275 c,0.463993
Kepler-275 c,0.463993
Kepler-275 c,0.463993
Kepler-275 d,0.463993
Kepler-275 d,0.463993
Kepler-275 d,0.463993
Kepler-275 d,0.463993
Kepler-275 d,0.463993
Kepler-275 d,0.463993
Kepler-275 d,0.463993
Kepler-275 d,0.463993
Kepler-275 d,0.463993
Kepler-275 d,0.463993
Kepler-275 d,0.463993
Kepler-275 d,0.463993
Kepler-276 b,0.846215
Kepler-276 b,0.846215
Kepler-276 b,0.846215
Kepler-276 b,0.846215
Kepler-276 b,0.846215
Kepler-276 b,0.846215
Kepler-276 b,0.846215
Kepler-276 b,0.846215
Kepler-276 b,0.846215
Kepler-276 b,0.846215
Kepler-276 b,0.846215
Kepler-276 b,0.846215
Kepler-276 b,0.846215
Kepler-276 c,0.846215
Kepler-276 c,0.846215
Kepler-276 c,0.846215
Kepler-276 c,0.846215
Kepler-276 c,0.846215
Kepler-276 c,0.846215
Kepler-276 c,0.846215
Kepler-276 c,0.846215
Kepler-276 c,0.846215
Kepler-276 c,0.846215
Kepler-276 c,0.846215
Kepler-276 c,0.846215
Kepler-276 c,0.846215
Kepler-276 d,0.846215
Kepler-276 d,0.846215
Kepler-276 d,0.846215
Kepler-276 d,0.846215
Kepler-276 d,0.846215
Kepler-276 d,0.846215
Kepler-276 d,0.846215
Kepler-276 d,0.846215
Kepler-276 d,0.846215
Kepler-276 d,0.846215
Kepler-276 d,0.846215
Kepler-276 d,0.846215
Kepler-276 d,0.846215
Kepler-276 d,0.846215
Kepler-277 b,0.995143
Kepler-277 b,0.995143
Kepler-277 b,0.995143
Kepler-277 b,0.995143
Kepler-277 b,0.995143
Kepler-277 b,0.995143
Kepler-277 b,0.995143
Kepler-277 b,0.995143
Kepler-277 b,0.995143
Kepler-277 b,0.995143
Kepler-277 b,0.995143
Kepler-277 b,0.995143
Kepler-277 b,0.995143
Kepler-277 b,0.995143
Kepler-277 c,0.995143
Kepler-277 c,0.995143
Kepler-277 c,0.995143
Kepler-277 c,0.995143
Kepler-277 c,0.995143
Kepler-277 c,0.995143
Kepler-277 c,0.995143
Kepler-277 c,0.995143
Kepler-277 c,0.995143
Kepler-277 c,0.995143
Kepler-277 c,0.995143
Kepler-277 c,0.995143
Kepler-277 c,0.995143
Kepler-277 c,0.995143
Kepler-278 b,2.2289
Kepler-278 b,2.2289
Kepler-278 b,2.2289
Kepler-278 b,2.2289
Kepler-278 b,2.2289
Kepler-278 b,2.2289
Kepler-278 b,2.2289
Kepler-278 b,2.2289
Kepler-278 b,2.2289
Kepler-278 b,2.2289
Kepler-278 b,2.2289
Kepler-278 b,2.2289
Kepler-278 b,2.2289
Kepler-278 b,2.2289
Kepler-278 c,2.2289
Kepler-278 c,2.2289
Kepler-278 c,2.2289
Kepler-278 c,2.2289
Kepler-278 c,2.2289
Kepler-278 c,2.2289
Kepler-278 c,2.2289
Kepler-278 c,2.2289
Kepler-278 c,2.2289
Kepler-278 c,2.2289
Kepler-278 c,2.2289
Kepler-278 c,2.2289
Kepler-278 c,2.2289
Kepler-278 c,2.2289
Kepler-279 b,0.935277
Kepler-279 b,0.935277
Kepler-279 b,0.935277
Kepler-279 b,0.935277
Kepler-279 b,0.935277
Kepler-279 b,0.935277
Kepler-279 b,0.935277
Kepler-279 b,0.935277
Kepler-279 b,0.935277
Kepler-279 b,0.935277
Kepler-279 b,0.935277
Kepler-279 b,0.935277
Kepler-279 c,0.935277
Kepler-279 c,0.935277
Kepler-279 c,0.935277
Kepler-279 c,0.935277
Kepler-279 c,0.935277
Kepler-279 c,0.935277
Kepler-279 c,0.935277
Kepler-279 c,0.935277
Kepler-279 c,0.935277
Kepler-279 c,0.935277
Kepler-279 c,0.935277
Kepler-279 c,0.935277
Kepler-279 d,0.935277
Kepler-279 d,0.935277
Kepler-279 d,0.935277
Kepler-279 d,0.935277
Kepler-279 d,0.935277
Kepler-279 d,0.935277
Kepler-279 d,0.935277
Kepler-279 d,0.935277
Kepler-279 d,0.935277
Kepler-279 d,0.935277
Kepler-279 d,0.935277
Kepler-279 e,0.935277
Kepler-279 e,0.935277
Kepler-279 e,0.935277
Kepler-28 b,2.25265
Kepler-28 b,2.25265
Kepler-28 b,2.25265
Kepler-28 b,2.25265
Kepler-28 b,2.25265
Kepler-28 b,2.25265
Kepler-28 b,2.25265
Kepler-28 b,2.25265
Kepler-28 b,2.25265
Kepler-28 b,2.25265
Kepler-28 b,2.25265
Kepler-28 b,2.25265
Kepler-28 b,2.25265
Kepler-28 b,2.25265
Kepler-28 b,2.25265
Kepler-28 c,2.25265
Kepler-28 c,2.25265
Kepler-28 c,2.25265
Kepler-28 c,2.25265
Kepler-28 c,2.25265
Kepler-28 c,2.25265
Kepler-28 c,2.25265
Kepler-28 c,2.25265
Kepler-28 c,2.25265
Kepler-28 c,2.25265
Kepler-28 c,2.25265
Kepler-28 c,2.25265
Kepler-28 c,2.25265
Kepler-28 c,2.25265
Kepler-28 c,2.25265
Kepler-280 b,1.2528
Kepler-280 b,1.2528
Kepler-280 b,1.2528
Kepler-280 b,1.2528
Kepler-280 b,1.2528
Kepler-280 b,1.2528
Kepler-280 b,1.2528
Kepler-280 b,1.2528
Kepler-280 b,1.2528
Kepler-280 b,1.2528
Kepler-280 b,1.2528
Kepler-280 b,1.2528
Kepler-280 c,1.2528
Kepler-280 c,1.2528
Kepler-280 c,1.2528
Kepler-280 c,1.2528
Kepler-280 c,1.2528
Kepler-280 c,1.2528
Kepler-280 c,1.2528
Kepler-280 c,1.2528
Kepler-280 c,1.2528
Kepler-280 c,1.2528
Kepler-280 c,1.2528
Kepler-280 c,1.2528
Kepler-281 b,0.54496
Kepler-281 b,0.54496
Kepler-281 b,0.54496
Kepler-281 b,0.54496
Kepler-281 b,0.54496
Kepler-281 b,0.54496
Kepler-281 b,0.54496
Kepler-281 b,0.54496
Kepler-281 b,0.54496
Kepler-281 b,0.54496
Kepler-281 b,0.54496
Kepler-281 b,0.54496
Kepler-281 b,0.54496
Kepler-281 c,0.54496
Kepler-281 c,0.54496
Kepler-281 c,0.54496
Kepler-281 c,0.54496
Kepler-281 c,0.54496
Kepler-281 c,0.54496
Kepler-281 c,0.54496
Kepler-281 c,0.54496
Kepler-281 c,0.54496
Kepler-281 c,0.54496
Kepler-281 c,0.54496
Kepler-281 c,0.54496
Kepler-281 c,0.54496
Kepler-281 d,0.54496
Kepler-281 d,0.54496
Kepler-281 d,0.54496
Kepler-281 d,0.54496
Kepler-281 d,0.54496
Kepler-281 d,0.54496
Kepler-281 d,0.54496
Kepler-281 d,0.54496
Kepler-281 d,0.54496
Kepler-281 d,0.54496
Kepler-282 b,0.718924
Kepler-282 b,0.718924
Kepler-282 b,0.718924
Kepler-282 b,0.718924
Kepler-282 b,0.718924
Kepler-282 b,0.718924
Kepler-282 b,0.718924
Kepler-282 b,0.718924
Kepler-282 b,0.718924
Kepler-282 b,0.718924
Kepler-282 b,0.718924
Kepler-282 c,0.718924
Kepler-282 c,0.718924
Kepler-282 c,0.718924
Kepler-282 c,0.718924
Kepler-282 c,0.718924
Kepler-282 c,0.718924
Kepler-282 c,0.718924
Kepler-282 c,0.718924
Kepler-282 c,0.718924
Kepler-282 c,0.718924
Kepler-282 c,0.718924
Kepler-282 d,0.718924
Kepler-282 d,0.718924
Kepler-282 d,0.718924
Kepler-282 d,0.718924
Kepler-282 d,0.718924
Kepler-282 d,0.718924
Kepler-282 d,0.718924
Kepler-282 d,0.718924
Kepler-282 d,0.718924
Kepler-282 d,0.718924
Kepler-282 d,0.718924
Kepler-282 d,0.718924
Kepler-282 e,0.718924
Kepler-282 e,0.718924
Kepler-282 e,0.718924
Kepler-282 e,0.718924
Kepler-282 e,0.718924
Kepler-282 e,0.718924
Kepler-282 e,0.718924
Kepler-282 e,0.718924
Kepler-282 e,0.718924
Kepler-282 e,0.718924
Kepler-282 e,0.718924
Kepler-282 e,0.718924
Kepler-283 b,2.10822
Kepler-283 b,2.10822
Kepler-283 b,2.10822
Kepler-283 b,2.10822
Kepler-283 b,2.10822
Kepler-283 b,2.10822
Kepler-283 b,2.10822
Kepler-283 b,2.10822
Kepler-283 b,2.10822
Kepler-283 b,2.10822
Kepler-283 b,2.10822
Kepler-283 b,2.10822
Kepler-283 b,2.10822
Kepler-283 c,2.10822
Kepler-283 c,2.10822
Kepler-283 c,2.10822
Kepler-283 c,2.10822
Kepler-283 c,2.10822
Kepler-283 c,2.10822
Kepler-283 c,2.10822
Kepler-283 c,2.10822
Kepler-283 c,2.10822
Kepler-283 c,2.10822
Kepler-283 c,2.10822
Kepler-283 c,2.10822
Kepler-284 b,0.940924
Kepler-284 b,0.940924
Kepler-284 b,0.940924
Kepler-284 b,0.940924
Kepler-284 b,0.940924
Kepler-284 b,0.940924
Kepler-284 b,0.940924
Kepler-284 b,0.940924
Kepler-284 b,0.940924
Kepler-284 b,0.940924
Kepler-284 b,0.940924
Kepler-284 b,0.940924
Kepler-284 c,0.940924
Kepler-284 c,0.940924
Kepler-284 c,0.940924
Kepler-284 c,0.940924
Kepler-284 c,0.940924
Kepler-284 c,0.940924
Kepler-284 c,0.940924
Kepler-284 c,0.940924
Kepler-284 c,0.940924
Kepler-284 c,0.940924
Kepler-284 c,0.940924
Kepler-284 c,0.940924
Kepler-285 b,1.1846
Kepler-285 b,1.1846
Kepler-285 b,1.1846
Kepler-285 b,1.1846
Kepler-285 b,1.1846
Kepler-285 b,1.1846
Kepler-285 b,1.1846
Kepler-285 b,1.1846
Kepler-285 b,1.1846
Kepler-285 b,1.1846
Kepler-285 b,1.1846
Kepler-285 c,1.1846
Kepler-285 c,1.1846
Kepler-285 c,1.1846
Kepler-285 c,1.1846
Kepler-285 c,1.1846
Kepler-285 c,1.1846
Kepler-285 c,1.1846
Kepler-285 c,1.1846
Kepler-285 c,1.1846
Kepler-285 c,1.1846
Kepler-285 c,1.1846
Kepler-286 b,0.789465
Kepler-286 b,0.789465
Kepler-286 b,0.789465
Kepler-286 b,0.789465
Kepler-286 b,0.789465
Kepler-286 b,0.789465
Kepler-286 b,0.789465
Kepler-286 b,0.789465
Kepler-286 b,0.789465
Kepler-286 b,0.789465
Kepler-286 b,0.789465
Kepler-286 c,0.789465
Kepler-286 c,0.789465
Kepler-286 c,0.789465
Kepler-286 c,0.789465
Kepler-286 c,0.789465
Kepler-286 c,0.789465
Kepler-286 c,0.789465
Kepler-286 c,0.789465
Kepler-286 c,0.789465
Kepler-286 c,0.789465
Kepler-286 c,0.789465
Kepler-286 d,0.789465
Kepler-286 d,0.789465
Kepler-286 d,0.789465
Kepler-286 d,0.789465
Kepler-286 d,0.789465
Kepler-286 d,0.789465
Kepler-286 d,0.789465
Kepler-286 d,0.789465
Kepler-286 d,0.789465
Kepler-286 d,0.789465
Kepler-286 d,0.789465
Kepler-286 e,0.789465
Kepler-286 e,0.789465
Kepler-286 e,0.789465
Kepler-286 e,0.789465
Kepler-286 e,0.789465
Kepler-286 e,0.789465
Kepler-286 e,0.789465
Kepler-286 e,0.789465
Kepler-286 e,0.789465
Kepler-286 e,0.789465
Kepler-286 e,0.789465
Kepler-286 e,0.789465
Kepler-287 b,1.16777
Kepler-287 b,1.16777
Kepler-287 b,1.16777
Kepler-287 b,1.16777
Kepler-287 b,1.16777
Kepler-287 b,1.16777
Kepler-287 b,1.16777
Kepler-287 b,1.16777
Kepler-287 b,1.16777
Kepler-287 b,1.16777
Kepler-287 b,1.16777
Kepler-287 b,1.16777
Kepler-287 b,1.16777
Kepler-287 c,1.16777
Kepler-287 c,1.16777
Kepler-287 c,1.16777
Kepler-287 c,1.16777
Kepler-287 c,1.16777
Kepler-287 c,1.16777
Kepler-287 c,1.16777
Kepler-287 c,1.16777
Kepler-287 c,1.16777
Kepler-287 c,1.16777
Kepler-287 c,1.16777
Kepler-287 c,1.16777
Kepler-288 b,0.808926
Kepler-288 b,0.808926
Kepler-288 b,0.808926
Kepler-288 b,0.808926
Kepler-288 b,0.808926
Kepler-288 b,0.808926
Kepler-288 b,0.808926
Kepler-288 b,0.808926
Kepler-288 b,0.808926
Kepler-288 b,0.808926
Kepler-288 b,0.808926
Kepler-288 c,0.808926
Kepler-288 c,0.808926
Kepler-288 c,0.808926
Kepler-288 c,0.808926
Kepler-288 c,0.808926
Kepler-288 c,0.808926
Kepler-288 c,0.808926
Kepler-288 c,0.808926
Kepler-288 c,0.808926
Kepler-288 c,0.808926
Kepler-288 c,0.808926
Kepler-288 c,0.808926
Kepler-288 d,0.808926
Kepler-288 d,0.808926
Kepler-288 d,0.808926
Kepler-288 d,0.808926
Kepler-288 d,0.808926
Kepler-288 d,0.808926
Kepler-288 d,0.808926
Kepler-288 d,0.808926
Kepler-288 d,0.808926
Kepler-288 d,0.808926
Kepler-288 d,0.808926
Kepler-289 b,1.39093
Kepler-289 b,1.39093
Kepler-289 b,1.39093
Kepler-289 b,1.39093
Kepler-289 b,1.39093
Kepler-289 b,1.39093
Kepler-289 b,1.39093
Kepler-289 b,1.39093
Kepler-289 b,1.39093
Kepler-289 b,1.39093
Kepler-289 b,1.39093
Kepler-289 b,1.39093
Kepler-289 b,1.39093
Kepler-289 b,1.39093
Kepler-289 b,1.39093
Kepler-289 c,1.39093
Kepler-289 c,1.39093
Kepler-289 c,1.39093
Kepler-289 c,1.39093
Kepler-289 c,1.39093
Kepler-289 c,1.39093
Kepler-289 c,1.39093
Kepler-289 c,1.39093
Kepler-289 c,1.39093
Kepler-289 c,1.39093
Kepler-289 c,1.39093
Kepler-289 c,1.39093
Kepler-289 c,1.39093
Kepler-289 c,1.39093
Kepler-289 c,1.39093
Kepler-289 c,1.39093
Kepler-289 d,1.39093
Kepler-289 d,1.39093
Kepler-289 e,1.39093
Kepler-289 e,1.39093
Kepler-289 e,1.39093
Kepler-29 b,1.17385
Kepler-29 b,1.17385
Kepler-29 b,1.17385
Kepler-29 b,1.17385
Kepler-29 b,1.17385
Kepler-29 b,1.17385
Kepler-29 b,1.17385
Kepler-29 b,1.17385
Kepler-29 b,1.17385
Kepler-29 b,1.17385
Kepler-29 b,1.17385
Kepler-29 b,1.17385
Kepler-29 b,1.17385
Kepler-29 c,1.17385
Kepler-29 c,1.17385
Kepler-29 c,1.17385
Kepler-29 c,1.17385
Kepler-29 c,1.17385
Kepler-29 c,1.17385
Kepler-29 c,1.17385
Kepler-29 c,1.17385
Kepler-29 c,1.17385
Kepler-29 c,1.17385
Kepler-29 c,1.17385
Kepler-29 c,1.17385
Kepler-29 c,1.17385
Kepler-290 b,1.41133
Kepler-290 b,1.41133
Kepler-290 b,1.41133
Kepler-290 b,1.41133
Kepler-290 b,1.41133
Kepler-290 b,1.41133
Kepler-290 b,1.41133
Kepler-290 b,1.41133
Kepler-290 b,1.41133
Kepler-290 b,1.41133
Kepler-290 b,1.41133
Kepler-290 b,1.41133
Kepler-290 c,1.41133
Kepler-290 c,1.41133
Kepler-290 c,1.41133
Kepler-290 c,1.41133
Kepler-290 c,1.41133
Kepler-290 c,1.41133
Kepler-290 c,1.41133
Kepler-290 c,1.41133
Kepler-290 c,1.41133
Kepler-290 c,1.41133
Kepler-290 c,1.41133
Kepler-290 c,1.41133
Kepler-290 d,1.41133
Kepler-290 d,1.41133
Kepler-290 d,1.41133
Kepler-290 d,1.41133
Kepler-290 d,1.41133
Kepler-290 d,1.41133
Kepler-290 d,1.41133
Kepler-290 d,1.41133
Kepler-291 b,0.53068
Kepler-291 b,0.53068
Kepler-291 b,0.53068
Kepler-291 b,0.53068
Kepler-291 b,0.53068
Kepler-291 b,0.53068
Kepler-291 b,0.53068
Kepler-291 b,0.53068
Kepler-291 b,0.53068
Kepler-291 b,0.53068
Kepler-291 b,0.53068
Kepler-291 c,0.53068
Kepler-291 c,0.53068
Kepler-291 c,0.53068
Kepler-291 c,0.53068
Kepler-291 c,0.53068
Kepler-291 c,0.53068
Kepler-291 c,0.53068
Kepler-291 c,0.53068
Kepler-291 c,0.53068
Kepler-291 c,0.53068
Kepler-291 c,0.53068
Kepler-292 b,0.919771
Kepler-292 b,0.919771
Kepler-292 b,0.919771
Kepler-292 b,0.919771
Kepler-292 b,0.919771
Kepler-292 b,0.919771
Kepler-292 b,0.919771
Kepler-292 b,0.919771
Kepler-292 b,0.919771
Kepler-292 b,0.919771
Kepler-292 b,0.919771
Kepler-292 c,0.919771
Kepler-292 c,0.919771
Kepler-292 c,0.919771
Kepler-292 c,0.919771
Kepler-292 c,0.919771
Kepler-292 c,0.919771
Kepler-292 c,0.919771
Kepler-292 c,0.919771
Kepler-292 c,0.919771
Kepler-292 c,0.919771
Kepler-292 c,0.919771
Kepler-292 d,0.919771
Kepler-292 d,0.919771
Kepler-292 d,0.919771
Kepler-292 d,0.919771
Kepler-292 d,0.919771
Kepler-292 d,0.919771
Kepler-292 d,0.919771
Kepler-292 d,0.919771
Kepler-292 d,0.919771
Kepler-292 d,0.919771
Kepler-292 d,0.919771
Kepler-292 d,0.919771
Kepler-292 e,0.919771
Kepler-292 e,0.919771
Kepler-292 e,0.919771
Kepler-292 e,0.919771
Kepler-292 e,0.919771
Kepler-292 e,0.919771
Kepler-292 e,0.919771
Kepler-292 e,0.919771
Kepler-292 e,0.919771
Kepler-292 e,0.919771
Kepler-292 e,0.919771
Kepler-292 e,0.919771
Kepler-292 f,0.919771
Kepler-292 f,0.919771
Kepler-292 f,0.919771
Kepler-292 f,0.919771
Kepler-292 f,0.919771
Kepler-292 f,0.919771
Kepler-292 f,0.919771
Kepler-292 f,0.919771
Kepler-292 f,0.919771
Kepler-292 f,0.919771
Kepler-292 f,0.919771
Kepler-292 f,0.919771
Kepler-293 b,0.997499
Kepler-293 b,0.997499
Kepler-293 b,0.997499
Kepler-293 b,0.997499
Kepler-293 b,0.997499
Kepler-293 b,0.997499
Kepler-293 b,0.997499
Kepler-293 b,0.997499
Kepler-293 b,0.997499
Kepler-293 b,0.997499
Kepler-293 b,0.997499
Kepler-293 b,0.997499
Kepler-293 c,0.997499
Kepler-293 c,0.997499
Kepler-293 c,0.997499
Kepler-293 c,0.997499
Kepler-293 c,0.997499
Kepler-293 c,0.997499
Kepler-293 c,0.997499
Kepler-293 c,0.997499
Kepler-293 c,0.997499
Kepler-293 c,0.997499
Kepler-293 c,0.997499
Kepler-293 c,0.997499
Kepler-294 b,0.708406
Kepler-294 b,0.708406
Kepler-294 b,0.708406
Kepler-294 b,0.708406
Kepler-294 b,0.708406
Kepler-294 b,0.708406
Kepler-294 b,0.708406
Kepler-294 b,0.708406
Kepler-294 b,0.708406
Kepler-294 b,0.708406
Kepler-294 b,0.708406
Kepler-294 c,0.708406
Kepler-294 c,0.708406
Kepler-294 c,0.708406
Kepler-294 c,0.708406
Kepler-294 c,0.708406
Kepler-294 c,0.708406
Kepler-294 c,0.708406
Kepler-294 c,0.708406
Kepler-294 c,0.708406
Kepler-294 c,0.708406
Kepler-294 c,0.708406
Kepler-294 c,0.708406
Kepler-295 b,0.559493
Kepler-295 b,0.559493
Kepler-295 b,0.559493
Kepler-295 b,0.559493
Kepler-295 b,0.559493
Kepler-295 b,0.559493
Kepler-295 b,0.559493
Kepler-295 b,0.559493
Kepler-295 b,0.559493
Kepler-295 b,0.559493
Kepler-295 b,0.559493
Kepler-295 c,0.559493
Kepler-295 c,0.559493
Kepler-295 c,0.559493
Kepler-295 c,0.559493
Kepler-295 c,0.559493
Kepler-295 c,0.559493
Kepler-295 c,0.559493
Kepler-295 c,0.559493
Kepler-295 c,0.559493
Kepler-295 c,0.559493
Kepler-295 c,0.559493
Kepler-295 c,0.559493
Kepler-295 d,0.559493
Kepler-295 d,0.559493
Kepler-295 d,0.559493
Kepler-295 d,0.559493
Kepler-295 d,0.559493
Kepler-295 d,0.559493
Kepler-295 d,0.559493
Kepler-295 d,0.559493
Kepler-295 d,0.559493
Kepler-295 d,0.559493
Kepler-295 d,0.559493
Kepler-295 d,0.559493
Kepler-297 b,1.41601
Kepler-297 b,1.41601
Kepler-297 b,1.41601
Kepler-297 b,1.41601
Kepler-297 b,1.41601
Kepler-297 b,1.41601
Kepler-297 b,1.41601
Kepler-297 b,1.41601
Kepler-297 b,1.41601
Kepler-297 b,1.41601
Kepler-297 b,1.41601
Kepler-297 b,1.41601
Kepler-297 c,1.41601
Kepler-297 c,1.41601
Kepler-297 c,1.41601
Kepler-297 c,1.41601
Kepler-297 c,1.41601
Kepler-297 c,1.41601
Kepler-297 c,1.41601
Kepler-297 c,1.41601
Kepler-297 c,1.41601
Kepler-297 c,1.41601
Kepler-297 c,1.41601
Kepler-297 c,1.41601
Kepler-297 d,1.41601
Kepler-297 d,1.41601
Kepler-297 d,1.41601
Kepler-297 d,1.41601
Kepler-297 d,1.41601
Kepler-297 d,1.41601
Kepler-297 d,1.41601
Kepler-297 d,1.41601
Kepler-297 d,1.41601
Kepler-298 b,1.90121
Kepler-298 b,1.90121
Kepler-298 b,1.90121
Kepler-298 b,1.90121
Kepler-298 b,1.90121
Kepler-298 b,1.90121
Kepler-298 b,1.90121
Kepler-298 b,1.90121
Kepler-298 b,1.90121
Kepler-298 b,1.90121
Kepler-298 b,1.90121
Kepler-298 c,1.90121
Kepler-298 c,1.90121
Kepler-298 c,1.90121
Kepler-298 c,1.90121
Kepler-298 c,1.90121
Kepler-298 c,1.90121
Kepler-298 c,1.90121
Kepler-298 c,1.90121
Kepler-298 c,1.90121
Kepler-298 c,1.90121
Kepler-298 d,1.90121
Kepler-298 d,1.90121
Kepler-298 d,1.90121
Kepler-298 d,1.90121
Kepler-298 d,1.90121
Kepler-298 d,1.90121
Kepler-298 d,1.90121
Kepler-298 d,1.90121
Kepler-298 d,1.90121
Kepler-298 d,1.90121
Kepler-298 d,1.90121
Kepler-299 b,0.921755
Kepler-299 b,0.921755
Kepler-299 b,0.921755
Kepler-299 b,0.921755
Kepler-299 b,0.921755
Kepler-299 b,0.921755
Kepler-299 b,0.921755
Kepler-299 b,0.921755
Kepler-299 b,0.921755
Kepler-299 b,0.921755
Kepler-299 b,0.921755
Kepler-299 c,0.921755
Kepler-299 c,0.921755
Kepler-299 c,0.921755
Kepler-299 c,0.921755
Kepler-299 c,0.921755
Kepler-299 c,0.921755
Kepler-299 c,0.921755
Kepler-299 c,0.921755
Kepler-299 c,0.921755
Kepler-299 c,0.921755
Kepler-299 c,0.921755
Kepler-299 d,0.921755
Kepler-299 d,0.921755
Kepler-299 d,0.921755
Kepler-299 d,0.921755
Kepler-299 d,0.921755
Kepler-299 d,0.921755
Kepler-299 d,0.921755
Kepler-299 d,0.921755
Kepler-299 d,0.921755
Kepler-299 d,0.921755
Kepler-299 d,0.921755
Kepler-299 e,0.921755
Kepler-299 e,0.921755
Kepler-299 e,0.921755
Kepler-299 e,0.921755
Kepler-299 e,0.921755
Kepler-299 e,0.921755
Kepler-299 e,0.921755
Kepler-299 e,0.921755
Kepler-299 e,0.921755
Kepler-299 e,0.921755
Kepler-299 e,0.921755
Kepler-299 e,0.921755
Kepler-30 b,1.06573
Kepler-30 b,1.06573
Kepler-30 b,1.06573
Kepler-30 b,1.06573
Kepler-30 b,1.06573
Kepler-30 b,1.06573
Kepler-30 b,1.06573
Kepler-30 b,1.06573
Kepler-30 b,1.06573
Kepler-30 b,1.06573
Kepler-30 b,1.06573
Kepler-30 c,1.06573
Kepler-30 c,1.06573
Kepler-30 c,1.06573
Kepler-30 c,1.06573
Kepler-30 c,1.06573
Kepler-30 c,1.06573
Kepler-30 c,1.06573
Kepler-30 c,1.06573
Kepler-30 c,1.06573
Kepler-30 c,1.06573
Kepler-30 c,1.06573
Kepler-30 c,1.06573
Kepler-30 c,1.06573
Kepler-30 c,1.06573
Kepler-30 d,1.06573
Kepler-30 d,1.06573
Kepler-30 d,1.06573
Kepler-30 d,1.06573
Kepler-30 d,1.06573
Kepler-30 d,1.06573
Kepler-30 d,1.06573
Kepler-30 d,1.06573
Kepler-30 d,1.06573
Kepler-30 d,1.06573
Kepler-30 d,1.06573
Kepler-30 d,1.06573
Kepler-300 b,0.881653
Kepler-300 b,0.881653
Kepler-300 b,0.881653
Kepler-300 b,0.881653
Kepler-300 b,0.881653
Kepler-300 b,0.881653
Kepler-300 b,0.881653
Kepler-300 b,0.881653
Kepler-300 b,0.881653
Kepler-300 b,0.881653
Kepler-300 b,0.881653
Kepler-300 c,0.881653
Kepler-300 c,0.881653
Kepler-300 c,0.881653
Kepler-300 c,0.881653
Kepler-300 c,0.881653
Kepler-300 c,0.881653
Kepler-300 c,0.881653
Kepler-300 c,0.881653
Kepler-300 c,0.881653
Kepler-300 c,0.881653
Kepler-300 c,0.881653
Kepler-301 b,1.36182
Kepler-301 b,1.36182
Kepler-301 b,1.36182
Kepler-301 b,1.36182
Kepler-301 b,1.36182
Kepler-301 b,1.36182
Kepler-301 b,1.36182
Kepler-301 b,1.36182
Kepler-301 b,1.36182
Kepler-301 b,1.36182
Kepler-301 b,1.36182
Kepler-301 c,1.36182
Kepler-301 c,1.36182
Kepler-301 c,1.36182
Kepler-301 c,1.36182
Kepler-301 c,1.36182
Kepler-301 c,1.36182
Kepler-301 c,1.36182
Kepler-301 c,1.36182
Kepler-301 c,1.36182
Kepler-301 c,1.36182
Kepler-301 c,1.36182
Kepler-301 d,1.36182
Kepler-301 d,1.36182
Kepler-301 d,1.36182
Kepler-301 d,1.36182
Kepler-301 d,1.36182
Kepler-301 d,1.36182
Kepler-301 d,1.36182
Kepler-301 d,1.36182
Kepler-301 d,1.36182
Kepler-301 d,1.36182
Kepler-301 d,1.36182
Kepler-301 d,1.36182
Kepler-302 b,0.685099
Kepler-302 b,0.685099
Kepler-302 b,0.685099
Kepler-302 b,0.685099
Kepler-302 b,0.685099
Kepler-302 b,0.685099
Kepler-302 b,0.685099
Kepler-302 b,0.685099
Kepler-302 b,0.685099
Kepler-302 b,0.685099
Kepler-302 b,0.685099
Kepler-302 b,0.685099
Kepler-302 c,0.685099
Kepler-302 c,0.685099
Kepler-302 c,0.685099
Kepler-302 c,0.685099
Kepler-302 c,0.685099
Kepler-302 c,0.685099
Kepler-302 c,0.685099
Kepler-302 c,0.685099
Kepler-302 c,0.685099
Kepler-302 c,0.685099
Kepler-302 c,0.685099
Kepler-302 c,0.685099
Kepler-303 b,4.73901
Kepler-303 b,4.73901
Kepler-303 b,4.73901
Kepler-303 b,4.73901
Kepler-303 b,4.73901
Kepler-303 b,4.73901
Kepler-303 b,4.73901
Kepler-303 b,4.73901
Kepler-303 b,4.73901
Kepler-303 b,4.73901
Kepler-303 b,4.73901
Kepler-303 b,4.73901
Kepler-303 b,4.73901
Kepler-303 b,4.73901
Kepler-303 b,4.73901
Kepler-303 c,4.73901
Kepler-303 c,4.73901
Kepler-303 c,4.73901
Kepler-303 c,4.73901
Kepler-303 c,4.73901
Kepler-303 c,4.73901
Kepler-303 c,4.73901
Kepler-303 c,4.73901
Kepler-303 c,4.73901
Kepler-303 c,4.73901
Kepler-303 c,4.73901
Kepler-303 c,4.73901
Kepler-303 c,4.73901
Kepler-303 c,4.73901
Kepler-304 b,2.2721
Kepler-304 b,2.2721
Kepler-304 b,2.2721
Kepler-304 b,2.2721
Kepler-304 b,2.2721
Kepler-304 b,2.2721
Kepler-304 b,2.2721
Kepler-304 b,2.2721
Kepler-304 b,2.2721
Kepler-304 b,2.2721
Kepler-304 b,2.2721
Kepler-304 b,2.2721
Kepler-304 c,2.2721
Kepler-304 c,2.2721
Kepler-304 c,2.2721
Kepler-304 c,2.2721
Kepler-304 c,2.2721
Kepler-304 c,2.2721
Kepler-304 c,2.2721
Kepler-304 c,2.2721
Kepler-304 c,2.2721
Kepler-304 c,2.2721
Kepler-304 c,2.2721
Kepler-304 c,2.2721
Kepler-304 d,2.2721
Kepler-304 d,2.2721
Kepler-304 d,2.2721
Kepler-304 d,2.2721
Kepler-304 d,2.2721
Kepler-304 d,2.2721
Kepler-304 d,2.2721
Kepler-304 d,2.2721
Kepler-304 d,2.2721
Kepler-304 d,2.2721
Kepler-304 d,2.2721
Kepler-304 d,2.2721
Kepler-304 e,2.2721
Kepler-304 e,2.2721
Kepler-304 e,2.2721
Kepler-304 e,2.2721
Kepler-304 e,2.2721
Kepler-304 e,2.2721
Kepler-304 e,2.2721
Kepler-304 e,2.2721
Kepler-304 e,2.2721
Kepler-304 e,2.2721
Kepler-305 b,1.12405
Kepler-305 b,1.12405
Kepler-305 b,1.12405
Kepler-305 b,1.12405
Kepler-305 b,1.12405
Kepler-305 b,1.12405
Kepler-305 b,1.12405
Kepler-305 b,1.12405
Kepler-305 b,1.12405
Kepler-305 b,1.12405
Kepler-305 b,1.12405
Kepler-305 b,1.12405
Kepler-305 b,1.12405
Kepler-305 b,1.12405
Kepler-305 c,1.12405
Kepler-305 c,1.12405
Kepler-305 c,1.12405
Kepler-305 c,1.12405
Kepler-305 c,1.12405
Kepler-305 c,1.12405
Kepler-305 c,1.12405
Kepler-305 c,1.12405
Kepler-305 c,1.12405
Kepler-305 c,1.12405
Kepler-305 c,1.12405
Kepler-305 c,1.12405
Kepler-305 c,1.12405
Kepler-305 c,1.12405
Kepler-305 d,1.12405
Kepler-305 d,1.12405
Kepler-305 d,1.12405
Kepler-305 d,1.12405
Kepler-305 d,1.12405
Kepler-305 d,1.12405
Kepler-305 d,1.12405
Kepler-305 d,1.12405
Kepler-305 d,1.12405
Kepler-305 d,1.12405
Kepler-305 d,1.12405
Kepler-305 d,1.12405
Kepler-305 d,1.12405
Kepler-305 d,1.12405
Kepler-305 e,1.12405
Kepler-305 e,1.12405
Kepler-305 e,1.12405
Kepler-305 e,1.12405
Kepler-305 e,1.12405
Kepler-305 e,1.12405
Kepler-305 e,1.12405
Kepler-305 e,1.12405
Kepler-306 b,1.26103
Kepler-306 b,1.26103
Kepler-306 b,1.26103
Kepler-306 b,1.26103
Kepler-306 b,1.26103
Kepler-306 b,1.26103
Kepler-306 b,1.26103
Kepler-306 b,1.26103
Kepler-306 b,1.26103
Kepler-306 b,1.26103
Kepler-306 b,1.26103
Kepler-306 c,1.26103
Kepler-306 c,1.26103
Kepler-306 c,1.26103
Kepler-306 c,1.26103
Kepler-306 c,1.26103
Kepler-306 c,1.26103
Kepler-306 c,1.26103
Kepler-306 c,1.26103
Kepler-306 c,1.26103
Kepler-306 c,1.26103
Kepler-306 c,1.26103
Kepler-306 c,1.26103
Kepler-306 d,1.26103
Kepler-306 d,1.26103
Kepler-306 d,1.26103
Kepler-306 d,1.26103
Kepler-306 d,1.26103
Kepler-306 d,1.26103
Kepler-306 d,1.26103
Kepler-306 d,1.26103
Kepler-306 d,1.26103
Kepler-306 d,1.26103
Kepler-306 d,1.26103
Kepler-306 d,1.26103
Kepler-306 e,1.26103
Kepler-306 e,1.26103
Kepler-306 e,1.26103
Kepler-306 e,1.26103
Kepler-306 e,1.26103
Kepler-306 e,1.26103
Kepler-306 e,1.26103
Kepler-306 e,1.26103
Kepler-306 e,1.26103
Kepler-306 e,1.26103
Kepler-306 e,1.26103
Kepler-306 e,1.26103
Kepler-307 b,1.70862
Kepler-307 b,1.70862
Kepler-307 b,1.70862
Kepler-307 b,1.70862
Kepler-307 b,1.70862
Kepler-307 b,1.70862
Kepler-307 b,1.70862
Kepler-307 b,1.70862
Kepler-307 b,1.70862
Kepler-307 b,1.70862
Kepler-307 b,1.70862
Kepler-307 b,1.70862
Kepler-307 b,1.70862
Kepler-307 b,1.70862
Kepler-307 b,1.70862
Kepler-307 c,1.70862
Kepler-307 c,1.70862
Kepler-307 c,1.70862
Kepler-307 c,1.70862
Kepler-307 c,1.70862
Kepler-307 c,1.70862
Kepler-307 c,1.70862
Kepler-307 c,1.70862
Kepler-307 c,1.70862
Kepler-307 c,1.70862
Kepler-307 c,1.70862
Kepler-307 c,1.70862
Kepler-307 c,1.70862
Kepler-307 c,1.70862
Kepler-307 c,1.70862
Kepler-308 b,0.722385
Kepler-308 b,0.722385
Kepler-308 b,0.722385
Kepler-308 b,0.722385
Kepler-308 b,0.722385
Kepler-308 b,0.722385
Kepler-308 b,0.722385
Kepler-308 b,0.722385
Kepler-308 b,0.722385
Kepler-308 b,0.722385
Kepler-308 c,0.722385
Kepler-308 c,0.722385
Kepler-308 c,0.722385
Kepler-308 c,0.722385
Kepler-308 c,0.722385
Kepler-308 c,0.722385
Kepler-308 c,0.722385
Kepler-308 c,0.722385
Kepler-308 c,0.722385
Kepler-308 c,0.722385
Kepler-308 c,0.722385
Kepler-309 b,1.80766
Kepler-309 b,1.80766
Kepler-309 b,1.80766
Kepler-309 b,1.80766
Kepler-309 b,1.80766
Kepler-309 b,1.80766
Kepler-309 b,1.80766
Kepler-309 b,1.80766
Kepler-309 b,1.80766
Kepler-309 b,1.80766
Kepler-309 b,1.80766
Kepler-309 b,1.80766
Kepler-309 b,1.80766
Kepler-309 c,1.80766
Kepler-309 c,1.80766
Kepler-309 c,1.80766
Kepler-309 c,1.80766
Kepler-309 c,1.80766
Kepler-309 c,1.80766
Kepler-309 c,1.80766
Kepler-309 c,1.80766
Kepler-309 c,1.80766
Kepler-309 c,1.80766
Kepler-309 c,1.80766
Kepler-309 c,1.80766
Kepler-309 c,1.80766
Kepler-309 c,1.80766
Kepler-31 b,0.572219
Kepler-31 b,0.572219
Kepler-31 b,0.572219
Kepler-31 b,0.572219
Kepler-31 b,0.572219
Kepler-31 b,0.572219
Kepler-31 b,0.572219
Kepler-31 b,0.572219
Kepler-31 b,0.572219
Kepler-31 b,0.572219
Kepler-31 b,0.572219
Kepler-31 b,0.572219
Kepler-31 b,0.572219
Kepler-31 c,0.572219
Kepler-31 c,0.572219
Kepler-31 c,0.572219
Kepler-31 c,0.572219
Kepler-31 c,0.572219
Kepler-31 c,0.572219
Kepler-31 c,0.572219
Kepler-31 c,0.572219
Kepler-31 c,0.572219
Kepler-31 c,0.572219
Kepler-31 c,0.572219
Kepler-31 c,0.572219
Kepler-31 c,0.572219
Kepler-31 d,0.572219
Kepler-31 d,0.572219
Kepler-31 d,0.572219
Kepler-31 d,0.572219
Kepler-31 d,0.572219
Kepler-31 d,0.572219
Kepler-31 d,0.572219
Kepler-31 d,0.572219
Kepler-31 d,0.572219
Kepler-31 d,0.572219
Kepler-31 d,0.572219
Kepler-31 d,0.572219
Kepler-31 d,0.572219
Kepler-31 d,0.572219
Kepler-310 b,1.63167
Kepler-310 b,1.63167
Kepler-310 b,1.63167
Kepler-310 b,1.63167
Kepler-310 b,1.63167
Kepler-310 b,1.63167
Kepler-310 b,1.63167
Kepler-310 b,1.63167
Kepler-310 b,1.63167
Kepler-310 b,1.63167
Kepler-310 b,1.63167
Kepler-310 c,1.63167
Kepler-310 c,1.63167
Kepler-310 c,1.63167
Kepler-310 c,1.63167
Kepler-310 c,1.63167
Kepler-310 c,1.63167
Kepler-310 c,1.63167
Kepler-310 c,1.63167
Kepler-310 c,1.63167
Kepler-310 c,1.63167
Kepler-310 c,1.63167
Kepler-310 c,1.63167
Kepler-310 d,1.63167
Kepler-310 d,1.63167
Kepler-310 d,1.63167
Kepler-310 d,1.63167
Kepler-310 d,1.63167
Kepler-310 d,1.63167
Kepler-310 d,1.63167
Kepler-310 d,1.63167
Kepler-310 d,1.63167
Kepler-310 d,1.63167
Kepler-310 d,1.63167
Kepler-310 d,1.63167
Kepler-310 d,1.63167
Kepler-311 b,1.25545
Kepler-311 b,1.25545
Kepler-311 b,1.25545
Kepler-311 b,1.25545
Kepler-311 b,1.25545
Kepler-311 b,1.25545
Kepler-311 b,1.25545
Kepler-311 b,1.25545
Kepler-311 b,1.25545
Kepler-311 b,1.25545
Kepler-311 b,1.25545
Kepler-311 b,1.25545
Kepler-311 c,1.25545
Kepler-311 c,1.25545
Kepler-311 c,1.25545
Kepler-311 c,1.25545
Kepler-311 c,1.25545
Kepler-311 c,1.25545
Kepler-311 c,1.25545
Kepler-311 c,1.25545
Kepler-311 c,1.25545
Kepler-311 c,1.25545
Kepler-311 c,1.25545
Kepler-311 c,1.25545
Kepler-311 d,1.25545
Kepler-311 d,1.25545
Kepler-311 d,1.25545
Kepler-311 d,1.25545
Kepler-311 d,1.25545
Kepler-311 d,1.25545
Kepler-312 b,1.22517
Kepler-312 b,1.22517
Kepler-312 b,1.22517
Kepler-312 b,1.22517
Kepler-312 b,1.22517
Kepler-312 b,1.22517
Kepler-312 b,1.22517
Kepler-312 b,1.22517
Kepler-312 b,1.22517
Kepler-312 b,1.22517
Kepler-312 c,1.22517
Kepler-312 c,1.22517
Kepler-312 c,1.22517
Kepler-312 c,1.22517
Kepler-312 c,1.22517
Kepler-312 c,1.22517
Kepler-312 c,1.22517
Kepler-312 c,1.22517
Kepler-312 c,1.22517
Kepler-312 c,1.22517
Kepler-312 c,1.22517
Kepler-312 c,1.22517
Kepler-314 b,3.69041
Kepler-314 b,3.69041
Kepler-314 b,3.69041
Kepler-314 b,3.69041
Kepler-314 b,3.69041
Kepler-314 b,3.69041
Kepler-314 b,3.69041
Kepler-314 b,3.69041
Kepler-314 b,3.69041
Kepler-314 b,3.69041
Kepler-314 b,3.69041
Kepler-314 b,3.69041
Kepler-314 c,3.69041
Kepler-314 c,3.69041
Kepler-314 c,3.69041
Kepler-314 c,3.69041
Kepler-314 c,3.69041
Kepler-314 c,3.69041
Kepler-314 c,3.69041
Kepler-314 c,3.69041
Kepler-314 c,3.69041
Kepler-314 c,3.69041
Kepler-314 c,3.69041
Kepler-314 c,3.69041
Kepler-314 c,3.69041
Kepler-314 c,3.69041
Kepler-315 b,0.833682
Kepler-315 b,0.833682
Kepler-315 b,0.833682
Kepler-315 b,0.833682
Kepler-315 b,0.833682
Kepler-315 b,0.833682
Kepler-315 b,0.833682
Kepler-315 b,0.833682
Kepler-315 b,0.833682
Kepler-315 b,0.833682
Kepler-315 b,0.833682
Kepler-315 c,0.833682
Kepler-315 c,0.833682
Kepler-315 c,0.833682
Kepler-315 c,0.833682
Kepler-315 c,0.833682
Kepler-315 c,0.833682
Kepler-315 c,0.833682
Kepler-315 c,0.833682
Kepler-315 c,0.833682
Kepler-315 c,0.833682
Kepler-316 b,2.56924
Kepler-316 b,2.56924
Kepler-316 b,2.56924
Kepler-316 b,2.56924
Kepler-316 b,2.56924
Kepler-316 b,2.56924
Kepler-316 b,2.56924
Kepler-316 b,2.56924
Kepler-316 b,2.56924
Kepler-316 b,2.56924
Kepler-316 b,2.56924
Kepler-316 c,2.56924
Kepler-316 c,2.56924
Kepler-316 c,2.56924
Kepler-316 c,2.56924
Kepler-316 c,2.56924
Kepler-316 c,2.56924
Kepler-316 c,2.56924
Kepler-316 c,2.56924
Kepler-316 c,2.56924
Kepler-316 c,2.56924
Kepler-316 c,2.56924
Kepler-316 c,2.56924
Kepler-317 b,1.03535
Kepler-317 b,1.03535
Kepler-317 b,1.03535
Kepler-317 b,1.03535
Kepler-317 b,1.03535
Kepler-317 b,1.03535
Kepler-317 b,1.03535
Kepler-317 b,1.03535
Kepler-317 b,1.03535
Kepler-317 b,1.03535
Kepler-317 b,1.03535
Kepler-317 c,1.03535
Kepler-317 c,1.03535
Kepler-317 c,1.03535
Kepler-317 c,1.03535
Kepler-317 c,1.03535
Kepler-317 c,1.03535
Kepler-317 c,1.03535
Kepler-317 c,1.03535
Kepler-317 c,1.03535
Kepler-317 c,1.03535
Kepler-317 c,1.03535
Kepler-318 b,2.01555
Kepler-318 b,2.01555
Kepler-318 b,2.01555
Kepler-318 b,2.01555
Kepler-318 b,2.01555
Kepler-318 b,2.01555
Kepler-318 b,2.01555
Kepler-318 b,2.01555
Kepler-318 b,2.01555
Kepler-318 b,2.01555
Kepler-318 b,2.01555
Kepler-318 b,2.01555
Kepler-318 b,2.01555
Kepler-318 c,2.01555
Kepler-318 c,2.01555
Kepler-318 c,2.01555
Kepler-318 c,2.01555
Kepler-318 c,2.01555
Kepler-318 c,2.01555
Kepler-318 c,2.01555
Kepler-318 c,2.01555
Kepler-318 c,2.01555
Kepler-318 c,2.01555
Kepler-318 c,2.01555
Kepler-318 c,2.01555
Kepler-319 b,1.95761
Kepler-319 b,1.95761
Kepler-319 b,1.95761
Kepler-319 b,1.95761
Kepler-319 b,1.95761
Kepler-319 b,1.95761
Kepler-319 b,1.95761
Kepler-319 b,1.95761
Kepler-319 b,1.95761
Kepler-319 b,1.95761
Kepler-319 b,1.95761
Kepler-319 b,1.95761
Kepler-319 c,1.95761
Kepler-319 c,1.95761
Kepler-319 c,1.95761
Kepler-319 c,1.95761
Kepler-319 c,1.95761
Kepler-319 c,1.95761
Kepler-319 c,1.95761
Kepler-319 c,1.95761
Kepler-319 c,1.95761
Kepler-319 c,1.95761
Kepler-319 c,1.95761
Kepler-319 c,1.95761
Kepler-319 d,1.95761
Kepler-319 d,1.95761
Kepler-319 d,1.95761
Kepler-319 d,1.95761
Kepler-319 d,1.95761
Kepler-319 d,1.95761
Kepler-319 d,1.95761
Kepler-319 d,1.95761
Kepler-319 d,1.95761
Kepler-319 d,1.95761
Kepler-319 d,1.95761
Kepler-319 d,1.95761
Kepler-32 b,3.05948
Kepler-32 b,3.05948
Kepler-32 b,3.05948
Kepler-32 b,3.05948
Kepler-32 b,3.05948
Kepler-32 b,3.05948
Kepler-32 b,3.05948
Kepler-32 b,3.05948
Kepler-32 b,3.05948
Kepler-32 b,3.05948
Kepler-32 b,3.05948
Kepler-32 b,3.05948
Kepler-32 b,3.05948
Kepler-32 b,3.05948
Kepler-32 b,3.05948
Kepler-32 b,3.05948
Kepler-32 b,3.05948
Kepler-32 b,3.05948
Kepler-32 b,3.05948
Kepler-32 c,3.05948
Kepler-32 c,3.05948
Kepler-32 c,3.05948
Kepler-32 c,3.05948
Kepler-32 c,3.05948
Kepler-32 c,3.05948
Kepler-32 c,3.05948
Kepler-32 c,3.05948
Kepler-32 c,3.05948
Kepler-32 c,3.05948
Kepler-32 c,3.05948
Kepler-32 c,3.05948
Kepler-32 c,3.05948
Kepler-32 c,3.05948
Kepler-32 c,3.05948
Kepler-32 c,3.05948
Kepler-32 c,3.05948
Kepler-32 c,3.05948
Kepler-32 c,3.05948
Kepler-32 d,3.05948
Kepler-32 d,3.05948
Kepler-32 d,3.05948
Kepler-32 d,3.05948
Kepler-32 d,3.05948
Kepler-32 d,3.05948
Kepler-32 d,3.05948
Kepler-32 d,3.05948
Kepler-32 d,3.05948
Kepler-32 d,3.05948
Kepler-32 d,3.05948
Kepler-32 d,3.05948
Kepler-32 d,3.05948
Kepler-32 d,3.05948
Kepler-32 d,3.05948
Kepler-32 d,3.05948
Kepler-32 d,3.05948
Kepler-32 d,3.05948
Kepler-32 d,3.05948
Kepler-32 e,3.05948
Kepler-32 e,3.05948
Kepler-32 e,3.05948
Kepler-32 e,3.05948
Kepler-32 e,3.05948
Kepler-32 e,3.05948
Kepler-32 e,3.05948
Kepler-32 e,3.05948
Kepler-32 e,3.05948
Kepler-32 e,3.05948
Kepler-32 e,3.05948
Kepler-32 e,3.05948
Kepler-32 e,3.05948
Kepler-32 e,3.05948
Kepler-32 e,3.05948
Kepler-32 e,3.05948
Kepler-32 e,3.05948
Kepler-32 e,3.05948
Kepler-32 f,3.05948
Kepler-32 f,3.05948
Kepler-32 f,3.05948
Kepler-32 f,3.05948
Kepler-32 f,3.05948
Kepler-32 f,3.05948
Kepler-32 f,3.05948
Kepler-32 f,3.05948
Kepler-32 f,3.05948
Kepler-32 f,3.05948
Kepler-32 f,3.05948
Kepler-32 f,3.05948
Kepler-32 f,3.05948
Kepler-32 f,3.05948
Kepler-32 f,3.05948
Kepler-32 f,3.05948
Kepler-320 b,1.181
Kepler-320 b,1.181
Kepler-320 b,1.181
Kepler-320 b,1.181
Kepler-320 b,1.181
Kepler-320 b,1.181
Kepler-320 b,1.181
Kepler-320 b,1.181
Kepler-320 b,1.181
Kepler-320 c,1.181
Kepler-320 c,1.181
Kepler-320 c,1.181
Kepler-320 c,1.181
Kepler-320 c,1.181
Kepler-320 c,1.181
Kepler-320 c,1.181
Kepler-320 c,1.181
Kepler-320 c,1.181
Kepler-320 c,1.181
Kepler-321 b,2.57183
Kepler-321 b,2.57183
Kepler-321 b,2.57183
Kepler-321 b,2.57183
Kepler-321 b,2.57183
Kepler-321 b,2.57183
Kepler-321 b,2.57183
Kepler-321 b,2.57183
Kepler-321 b,2.57183
Kepler-321 b,2.57183
Kepler-321 b,2.57183
Kepler-321 b,2.57183
Kepler-321 c,2.57183
Kepler-321 c,2.57183
Kepler-321 c,2.57183
Kepler-321 c,2.57183
Kepler-321 c,2.57183
Kepler-321 c,2.57183
Kepler-321 c,2.57183
Kepler-321 c,2.57183
Kepler-321 c,2.57183
Kepler-321 c,2.57183
Kepler-321 c,2.57183
Kepler-321 c,2.57183
Kepler-322 b,2.46817
Kepler-322 b,2.46817
Kepler-322 b,2.46817
Kepler-322 b,2.46817
Kepler-322 b,2.46817
Kepler-322 b,2.46817
Kepler-322 b,2.46817
Kepler-322 b,2.46817
Kepler-322 b,2.46817
Kepler-322 b,2.46817
Kepler-322 b,2.46817
Kepler-322 c,2.46817
Kepler-322 c,2.46817
Kepler-322 c,2.46817
Kepler-322 c,2.46817
Kepler-322 c,2.46817
Kepler-322 c,2.46817
Kepler-322 c,2.46817
Kepler-322 c,2.46817
Kepler-322 c,2.46817
Kepler-322 c,2.46817
Kepler-322 c,2.46817
Kepler-322 c,2.46817
Kepler-323 b,2.17012
Kepler-323 b,2.17012
Kepler-323 b,2.17012
Kepler-323 b,2.17012
Kepler-323 b,2.17012
Kepler-323 b,2.17012
Kepler-323 b,2.17012
Kepler-323 b,2.17012
Kepler-323 b,2.17012
Kepler-323 b,2.17012
Kepler-323 b,2.17012
Kepler-323 b,2.17012
Kepler-323 b,2.17012
Kepler-323 c,2.17012
Kepler-323 c,2.17012
Kepler-323 c,2.17012
Kepler-323 c,2.17012
Kepler-323 c,2.17012
Kepler-323 c,2.17012
Kepler-323 c,2.17012
Kepler-323 c,2.17012
Kepler-323 c,2.17012
Kepler-323 c,2.17012
Kepler-323 c,2.17012
Kepler-323 c,2.17012
Kepler-323 c,2.17012
Kepler-323 c,2.17012
Kepler-324 b,1.96487
Kepler-324 b,1.96487
Kepler-324 b,1.96487
Kepler-324 b,1.96487
Kepler-324 b,1.96487
Kepler-324 b,1.96487
Kepler-324 b,1.96487
Kepler-324 b,1.96487
Kepler-324 b,1.96487
Kepler-324 b,1.96487
Kepler-324 b,1.96487
Kepler-324 b,1.96487
Kepler-324 c,1.96487
Kepler-324 c,1.96487
Kepler-324 c,1.96487
Kepler-324 c,1.96487
Kepler-324 c,1.96487
Kepler-324 c,1.96487
Kepler-324 c,1.96487
Kepler-324 c,1.96487
Kepler-324 c,1.96487
Kepler-324 c,1.96487
Kepler-324 c,1.96487
Kepler-324 c,1.96487
Kepler-324 e,1.96487
Kepler-324 e,1.96487
Kepler-324 e,1.96487
Kepler-324 e,1.96487
Kepler-324 e,1.96487
Kepler-324 e,1.96487
Kepler-324 e,1.96487
Kepler-324 e,1.96487
Kepler-324 e,1.96487
Kepler-324 e,1.96487
Kepler-325 b,1.18607
Kepler-325 b,1.18607
Kepler-325 b,1.18607
Kepler-325 b,1.18607
Kepler-325 b,1.18607
Kepler-325 b,1.18607
Kepler-325 b,1.18607
Kepler-325 b,1.18607
Kepler-325 b,1.18607
Kepler-325 b,1.18607
Kepler-325 b,1.18607
Kepler-325 b,1.18607
Kepler-325 c,1.18607
Kepler-325 c,1.18607
Kepler-325 c,1.18607
Kepler-325 c,1.18607
Kepler-325 c,1.18607
Kepler-325 c,1.18607
Kepler-325 c,1.18607
Kepler-325 c,1.18607
Kepler-325 c,1.18607
Kepler-325 c,1.18607
Kepler-325 c,1.18607
Kepler-325 c,1.18607
Kepler-325 d,1.18607
Kepler-325 d,1.18607
Kepler-325 d,1.18607
Kepler-325 d,1.18607
Kepler-325 d,1.18607
Kepler-325 d,1.18607
Kepler-325 d,1.18607
Kepler-325 d,1.18607
Kepler-325 d,1.18607
Kepler-325 d,1.18607
Kepler-325 d,1.18607
Kepler-325 d,1.18607
Kepler-326 b,2.02308
Kepler-326 b,2.02308
Kepler-326 b,2.02308
Kepler-326 b,2.02308
Kepler-326 b,2.02308
Kepler-326 b,2.02308
Kepler-326 b,2.02308
Kepler-326 b,2.02308
Kepler-326 b,2.02308
Kepler-326 b,2.02308
Kepler-326 b,2.02308
Kepler-326 b,2.02308
Kepler-326 b,2.02308
Kepler-326 c,2.02308
Kepler-326 c,2.02308
Kepler-326 c,2.02308
Kepler-326 c,2.02308
Kepler-326 c,2.02308
Kepler-326 c,2.02308
Kepler-326 c,2.02308
Kepler-326 c,2.02308
Kepler-326 c,2.02308
Kepler-326 c,2.02308
Kepler-326 c,2.02308
Kepler-326 c,2.02308
Kepler-326 c,2.02308
Kepler-326 d,2.02308
Kepler-326 d,2.02308
Kepler-326 d,2.02308
Kepler-326 d,2.02308
Kepler-326 d,2.02308
Kepler-326 d,2.02308
Kepler-326 d,2.02308
Kepler-326 d,2.02308
Kepler-326 d,2.02308
Kepler-326 d,2.02308
Kepler-326 d,2.02308
Kepler-326 d,2.02308
Kepler-326 d,2.02308
Kepler-327 b,4.10372
Kepler-327 b,4.10372
Kepler-327 b,4.10372
Kepler-327 b,4.10372
Kepler-327 b,4.10372
Kepler-327 b,4.10372
Kepler-327 b,4.10372
Kepler-327 b,4.10372
Kepler-327 b,4.10372
Kepler-327 b,4.10372
Kepler-327 b,4.10372
Kepler-327 b,4.10372
Kepler-327 b,4.10372
Kepler-327 b,4.10372
Kepler-327 b,4.10372
Kepler-327 b,4.10372
Kepler-327 c,4.10372
Kepler-327 c,4.10372
Kepler-327 c,4.10372
Kepler-327 c,4.10372
Kepler-327 c,4.10372
Kepler-327 c,4.10372
Kepler-327 c,4.10372
Kepler-327 c,4.10372
Kepler-327 c,4.10372
Kepler-327 c,4.10372
Kepler-327 c,4.10372
Kepler-327 c,4.10372
Kepler-327 c,4.10372
Kepler-327 c,4.10372
Kepler-327 c,4.10372
Kepler-327 c,4.10372
Kepler-327 d,4.10372
Kepler-327 d,4.10372
Kepler-327 d,4.10372
Kepler-327 d,4.10372
Kepler-327 d,4.10372
Kepler-327 d,4.10372
Kepler-327 d,4.10372
Kepler-327 d,4.10372
Kepler-327 d,4.10372
Kepler-327 d,4.10372
Kepler-327 d,4.10372
Kepler-327 d,4.10372
Kepler-327 d,4.10372
Kepler-327 d,4.10372
Kepler-327 d,4.10372
Kepler-328 b,0.424733
Kepler-328 b,0.424733
Kepler-328 b,0.424733
Kepler-328 b,0.424733
Kepler-328 b,0.424733
Kepler-328 b,0.424733
Kepler-328 b,0.424733
Kepler-328 b,0.424733
Kepler-328 b,0.424733
Kepler-328 b,0.424733
Kepler-328 c,0.424733
Kepler-328 c,0.424733
Kepler-328 c,0.424733
Kepler-328 c,0.424733
Kepler-328 c,0.424733
Kepler-328 c,0.424733
Kepler-328 c,0.424733
Kepler-328 c,0.424733
Kepler-328 c,0.424733
Kepler-328 c,0.424733
Kepler-328 c,0.424733
Kepler-329 b,2.24619
Kepler-329 b,2.24619
Kepler-329 b,2.24619
Kepler-329 b,2.24619
Kepler-329 b,2.24619
Kepler-329 b,2.24619
Kepler-329 b,2.24619
Kepler-329 b,2.24619
Kepler-329 b,2.24619
Kepler-329 b,2.24619
Kepler-329 b,2.24619
Kepler-329 c,2.24619
Kepler-329 c,2.24619
Kepler-329 c,2.24619
Kepler-329 c,2.24619
Kepler-329 c,2.24619
Kepler-329 c,2.24619
Kepler-329 c,2.24619
Kepler-329 c,2.24619
Kepler-329 c,2.24619
Kepler-329 c,2.24619
Kepler-329 c,2.24619
Kepler-329 c,2.24619
Kepler-33 b,0.798185
Kepler-33 b,0.798185
Kepler-33 b,0.798185
Kepler-33 b,0.798185
Kepler-33 b,0.798185
Kepler-33 b,0.798185
Kepler-33 b,0.798185
Kepler-33 b,0.798185
Kepler-33 b,0.798185
Kepler-33 b,0.798185
Kepler-33 b,0.798185
Kepler-33 c,0.798185
Kepler-33 c,0.798185
Kepler-33 c,0.798185
Kepler-33 c,0.798185
Kepler-33 c,0.798185
Kepler-33 c,0.798185
Kepler-33 c,0.798185
Kepler-33 c,0.798185
Kepler-33 c,0.798185
Kepler-33 c,0.798185
Kepler-33 c,0.798185
Kepler-33 c,0.798185
Kepler-33 c,0.798185
Kepler-33 d,0.798185
Kepler-33 d,0.798185
Kepler-33 d,0.798185
Kepler-33 d,0.798185
Kepler-33 d,0.798185
Kepler-33 d,0.798185
Kepler-33 d,0.798185
Kepler-33 d,0.798185
Kepler-33 d,0.798185
Kepler-33 d,0.798185
Kepler-33 d,0.798185
Kepler-33 d,0.798185
Kepler-33 d,0.798185
Kepler-33 d,0.798185
Kepler-33 d,0.798185
Kepler-33 e,0.798185
Kepler-33 e,0.798185
Kepler-33 e,0.798185
Kepler-33 e,0.798185
Kepler-33 e,0.798185
Kepler-33 e,0.798185
Kepler-33 e,0.798185
Kepler-33 e,0.798185
Kepler-33 e,0.798185
Kepler-33 e,0.798185
Kepler-33 e,0.798185
Kepler-33 e,0.798185
Kepler-33 e,0.798185
Kepler-33 e,0.798185
Kepler-33 f,0.798185
Kepler-33 f,0.798185
Kepler-33 f,0.798185
Kepler-33 f,0.798185
Kepler-33 f,0.798185
Kepler-33 f,0.798185
Kepler-33 f,0.798185
Kepler-33 f,0.798185
Kepler-33 f,0.798185
Kepler-33 f,0.798185
Kepler-33 f,0.798185
Kepler-33 f,0.798185
Kepler-33 f,0.798185
Kepler-33 f,0.798185
Kepler-330 b,1.36527
Kepler-330 b,1.36527
Kepler-330 b,1.36527
Kepler-330 b,1.36527
Kepler-330 b,1.36527
Kepler-330 b,1.36527
Kepler-330 b,1.36527
Kepler-330 b,1.36527
Kepler-330 b,1.36527
Kepler-330 b,1.36527
Kepler-330 b,1.36527
Kepler-330 c,1.36527
Kepler-330 c,1.36527
Kepler-330 c,1.36527
Kepler-330 c,1.36527
Kepler-330 c,1.36527
Kepler-330 c,1.36527
Kepler-330 c,1.36527
Kepler-330 c,1.36527
Kepler-330 c,1.36527
Kepler-330 c,1.36527
Kepler-330 c,1.36527
Kepler-330 c,1.36527
Kepler-331 b,1.69598
Kepler-331 b,1.69598
Kepler-331 b,1.69598
Kepler-331 b,1.69598
Kepler-331 b,1.69598
Kepler-331 b,1.69598
Kepler-331 b,1.69598
Kepler-331 b,1.69598
Kepler-331 b,1.69598
Kepler-331 b,1.69598
Kepler-331 b,1.69598
Kepler-331 c,1.69598
Kepler-331 c,1.69598
Kepler-331 c,1.69598
Kepler-331 c,1.69598
Kepler-331 c,1.69598
Kepler-331 c,1.69598
Kepler-331 c,1.69598
Kepler-331 c,1.69598
Kepler-331 c,1.69598
Kepler-331 c,1.69598
Kepler-331 c,1.69598
Kepler-331 d,1.69598
Kepler-331 d,1.69598
Kepler-331 d,1.69598
Kepler-331 d,1.69598
Kepler-331 d,1.69598
Kepler-331 d,1.69598
Kepler-331 d,1.69598
Kepler-331 d,1.69598
Kepler-331 d,1.69598
Kepler-331 d,1.69598
Kepler-331 d,1.69598
Kepler-332 b,2.8765
Kepler-332 b,2.8765
Kepler-332 b,2.8765
Kepler-332 b,2.8765
Kepler-332 b,2.8765
Kepler-332 b,2.8765
Kepler-332 b,2.8765
Kepler-332 b,2.8765
Kepler-332 b,2.8765
Kepler-332 b,2.8765
Kepler-332 b,2.8765
Kepler-332 b,2.8765
Kepler-332 c,2.8765
Kepler-332 c,2.8765
Kepler-332 c,2.8765
Kepler-332 c,2.8765
Kepler-332 c,2.8765
Kepler-332 c,2.8765
Kepler-332 c,2.8765
Kepler-332 c,2.8765
Kepler-332 c,2.8765
Kepler-332 c,2.8765
Kepler-332 c,2.8765
Kepler-332 d,2.8765
Kepler-332 d,2.8765
Kepler-332 d,2.8765
Kepler-332 d,2.8765
Kepler-332 d,2.8765
Kepler-332 d,2.8765
Kepler-332 d,2.8765
Kepler-332 d,2.8765
Kepler-332 d,2.8765
Kepler-332 d,2.8765
Kepler-332 d,2.8765
Kepler-333 b,3.05373
Kepler-333 b,3.05373
Kepler-333 b,3.05373
Kepler-333 b,3.05373
Kepler-333 b,3.05373
Kepler-333 b,3.05373
Kepler-333 b,3.05373
Kepler-333 b,3.05373
Kepler-333 b,3.05373
Kepler-333 b,3.05373
Kepler-333 b,3.05373
Kepler-333 b,3.05373
Kepler-333 b,3.05373
Kepler-333 c,3.05373
Kepler-333 c,3.05373
Kepler-333 c,3.05373
Kepler-333 c,3.05373
Kepler-333 c,3.05373
Kepler-333 c,3.05373
Kepler-333 c,3.05373
Kepler-333 c,3.05373
Kepler-333 c,3.05373
Kepler-333 c,3.05373
Kepler-333 c,3.05373
Kepler-333 c,3.05373
Kepler-333 c,3.05373
Kepler-334 b,2.31555
Kepler-334 b,2.31555
Kepler-334 b,2.31555
Kepler-334 b,2.31555
Kepler-334 b,2.31555
Kepler-334 b,2.31555
Kepler-334 b,2.31555
Kepler-334 b,2.31555
Kepler-334 b,2.31555
Kepler-334 b,2.31555
Kepler-334 b,2.31555
Kepler-334 b,2.31555
Kepler-334 b,2.31555
Kepler-334 c,2.31555
Kepler-334 c,2.31555
Kepler-334 c,2.31555
Kepler-334 c,2.31555
Kepler-334 c,2.31555
Kepler-334 c,2.31555
Kepler-334 c,2.31555
Kepler-334 c,2.31555
Kepler-334 c,2.31555
Kepler-334 c,2.31555
Kepler-334 c,2.31555
Kepler-334 c,2.31555
Kepler-334 c,2.31555
Kepler-334 d,2.31555
Kepler-334 d,2.31555
Kepler-334 d,2.31555
Kepler-334 d,2.31555
Kepler-334 d,2.31555
Kepler-334 d,2.31555
Kepler-334 d,2.31555
Kepler-334 d,2.31555
Kepler-334 d,2.31555
Kepler-334 d,2.31555
Kepler-334 d,2.31555
Kepler-334 d,2.31555
Kepler-334 d,2.31555
Kepler-335 b,0.753306
Kepler-335 b,0.753306
Kepler-335 b,0.753306
Kepler-335 b,0.753306
Kepler-335 b,0.753306
Kepler-335 b,0.753306
Kepler-335 b,0.753306
Kepler-335 b,0.753306
Kepler-335 b,0.753306
Kepler-335 b,0.753306
Kepler-335 b,0.753306
Kepler-335 b,0.753306
Kepler-335 c,0.753306
Kepler-335 c,0.753306
Kepler-335 c,0.753306
Kepler-335 c,0.753306
Kepler-335 c,0.753306
Kepler-335 c,0.753306
Kepler-335 c,0.753306
Kepler-335 c,0.753306
Kepler-335 c,0.753306
Kepler-335 c,0.753306
Kepler-337 b,1.44631
Kepler-337 b,1.44631
Kepler-337 b,1.44631
Kepler-337 b,1.44631
Kepler-337 b,1.44631
Kepler-337 b,1.44631
Kepler-337 b,1.44631
Kepler-337 b,1.44631
Kepler-337 b,1.44631
Kepler-337 b,1.44631
Kepler-337 b,1.44631
Kepler-337 b,1.44631
Kepler-337 c,1.44631
Kepler-337 c,1.44631
Kepler-337 c,1.44631
Kepler-337 c,1.44631
Kepler-337 c,1.44631
Kepler-337 c,1.44631
Kepler-337 c,1.44631
Kepler-337 c,1.44631
Kepler-337 c,1.44631
Kepler-337 c,1.44631
Kepler-337 c,1.44631
Kepler-337 c,1.44631
Kepler-338 b,1.78034
Kepler-338 b,1.78034
Kepler-338 b,1.78034
Kepler-338 b,1.78034
Kepler-338 b,1.78034
Kepler-338 b,1.78034
Kepler-338 b,1.78034
Kepler-338 b,1.78034
Kepler-338 b,1.78034
Kepler-338 b,1.78034
Kepler-338 b,1.78034
Kepler-338 b,1.78034
Kepler-338 b,1.78034
Kepler-338 b,1.78034
Kepler-338 b,1.78034
Kepler-338 c,1.78034
Kepler-338 c,1.78034
Kepler-338 c,1.78034
Kepler-338 c,1.78034
Kepler-338 c,1.78034
Kepler-338 c,1.78034
Kepler-338 c,1.78034
Kepler-338 c,1.78034
Kepler-338 c,1.78034
Kepler-338 c,1.78034
Kepler-338 c,1.78034
Kepler-338 c,1.78034
Kepler-338 c,1.78034
Kepler-338 c,1.78034
Kepler-338 d,1.78034
Kepler-338 d,1.78034
Kepler-338 d,1.78034
Kepler-338 d,1.78034
Kepler-338 d,1.78034
Kepler-338 d,1.78034
Kepler-338 d,1.78034
Kepler-338 d,1.78034
Kepler-338 d,1.78034
Kepler-338 d,1.78034
Kepler-338 d,1.78034
Kepler-338 d,1.78034
Kepler-338 d,1.78034
Kepler-338 d,1.78034
Kepler-338 e,1.78034
Kepler-338 e,1.78034
Kepler-338 e,1.78034
Kepler-338 e,1.78034
Kepler-338 e,1.78034
Kepler-338 e,1.78034
Kepler-338 e,1.78034
Kepler-338 e,1.78034
Kepler-338 e,1.78034
Kepler-338 e,1.78034
Kepler-338 e,1.78034
Kepler-338 e,1.78034
Kepler-338 e,1.78034
Kepler-339 b,1.5932
Kepler-339 b,1.5932
Kepler-339 b,1.5932
Kepler-339 b,1.5932
Kepler-339 b,1.5932
Kepler-339 b,1.5932
Kepler-339 b,1.5932
Kepler-339 b,1.5932
Kepler-339 b,1.5932
Kepler-339 b,1.5932
Kepler-339 b,1.5932
Kepler-339 b,1.5932
Kepler-339 c,1.5932
Kepler-339 c,1.5932
Kepler-339 c,1.5932
Kepler-339 c,1.5932
Kepler-339 c,1.5932
Kepler-339 c,1.5932
Kepler-339 c,1.5932
Kepler-339 c,1.5932
Kepler-339 c,1.5932
Kepler-339 c,1.5932
Kepler-339 c,1.5932
Kepler-339 c,1.5932
Kepler-339 c,1.5932
Kepler-339 d,1.5932
Kepler-339 d,1.5932
Kepler-339 d,1.5932
Kepler-339 d,1.5932
Kepler-339 d,1.5932
Kepler-339 d,1.5932
Kepler-339 d,1.5932
Kepler-339 d,1.5932
Kepler-339 d,1.5932
Kepler-339 d,1.5932
Kepler-339 d,1.5932
Kepler-339 d,1.5932
Kepler-339 d,1.5932
Kepler-34 b,0.527276
Kepler-340 b,1.20859
Kepler-340 b,1.20859
Kepler-340 b,1.20859
Kepler-340 b,1.20859
Kepler-340 b,1.20859
Kepler-340 b,1.20859
Kepler-340 b,1.20859
Kepler-340 b,1.20859
Kepler-340 c,1.20859
Kepler-340 c,1.20859
Kepler-340 c,1.20859
Kepler-340 c,1.20859
Kepler-340 c,1.20859
Kepler-340 c,1.20859
Kepler-340 c,1.20859
Kepler-340 c,1.20859
Kepler-340 c,1.20859
Kepler-340 c,1.20859
Kepler-341 b,0.926393
Kepler-341 b,0.926393
Kepler-341 b,0.926393
Kepler-341 b,0.926393
Kepler-341 b,0.926393
Kepler-341 b,0.926393
Kepler-341 b,0.926393
Kepler-341 b,0.926393
Kepler-341 b,0.926393
Kepler-341 b,0.926393
Kepler-341 b,0.926393
Kepler-341 c,0.926393
Kepler-341 c,0.926393
Kepler-341 c,0.926393
Kepler-341 c,0.926393
Kepler-341 c,0.926393
Kepler-341 c,0.926393
Kepler-341 c,0.926393
Kepler-341 c,0.926393
Kepler-341 c,0.926393
Kepler-341 c,0.926393
Kepler-341 c,0.926393
Kepler-341 c,0.926393
Kepler-341 d,0.926393
Kepler-341 d,0.926393
Kepler-341 d,0.926393
Kepler-341 d,0.926393
Kepler-341 d,0.926393
Kepler-341 d,0.926393
Kepler-341 d,0.926393
Kepler-341 d,0.926393
Kepler-341 d,0.926393
Kepler-341 d,0.926393
Kepler-341 d,0.926393
Kepler-341 d,0.926393
Kepler-341 e,0.926393
Kepler-341 e,0.926393
Kepler-341 e,0.926393
Kepler-341 e,0.926393
Kepler-341 e,0.926393
Kepler-341 e,0.926393
Kepler-341 e,0.926393
Kepler-341 e,0.926393
Kepler-341 e,0.926393
Kepler-341 e,0.926393
Kepler-341 e,0.926393
Kepler-341 e,0.926393
Kepler-342 b,1.25064
Kepler-342 b,1.25064
Kepler-342 b,1.25064
Kepler-342 b,1.25064
Kepler-342 b,1.25064
Kepler-342 b,1.25064
Kepler-342 b,1.25064
Kepler-342 b,1.25064
Kepler-342 b,1.25064
Kepler-342 b,1.25064
Kepler-342 b,1.25064
Kepler-342 b,1.25064
Kepler-342 c,1.25064
Kepler-342 c,1.25064
Kepler-342 c,1.25064
Kepler-342 c,1.25064
Kepler-342 c,1.25064
Kepler-342 c,1.25064
Kepler-342 c,1.25064
Kepler-342 c,1.25064
Kepler-342 c,1.25064
Kepler-342 c,1.25064
Kepler-342 d,1.25064
Kepler-342 d,1.25064
Kepler-342 d,1.25064
Kepler-342 d,1.25064
Kepler-342 d,1.25064
Kepler-342 d,1.25064
Kepler-342 d,1.25064
Kepler-342 d,1.25064
Kepler-342 d,1.25064
Kepler-342 d,1.25064
Kepler-342 d,1.25064
Kepler-342 e,1.25064
Kepler-342 e,1.25064
Kepler-342 e,1.25064
Kepler-342 e,1.25064
Kepler-342 e,1.25064
Kepler-342 e,1.25064
Kepler-342 e,1.25064
Kepler-342 e,1.25064
Kepler-343 b,1.05005
Kepler-343 b,1.05005
Kepler-343 b,1.05005
Kepler-343 b,1.05005
Kepler-343 b,1.05005
Kepler-343 b,1.05005
Kepler-343 b,1.05005
Kepler-343 b,1.05005
Kepler-343 b,1.05005
Kepler-343 b,1.05005
Kepler-343 b,1.05005
Kepler-343 b,1.05005
Kepler-343 c,1.05005
Kepler-343 c,1.05005
Kepler-343 c,1.05005
Kepler-343 c,1.05005
Kepler-343 c,1.05005
Kepler-343 c,1.05005
Kepler-343 c,1.05005
Kepler-343 c,1.05005
Kepler-343 c,1.05005
Kepler-343 c,1.05005
Kepler-343 c,1.05005
Kepler-344 b,0.968921
Kepler-344 b,0.968921
Kepler-344 b,0.968921
Kepler-344 b,0.968921
Kepler-344 b,0.968921
Kepler-344 b,0.968921
Kepler-344 b,0.968921
Kepler-344 b,0.968921
Kepler-344 b,0.968921
Kepler-344 b,0.968921
Kepler-344 b,0.968921
Kepler-344 b,0.968921
Kepler-344 c,0.968921
Kepler-344 c,0.968921
Kepler-344 c,0.968921
Kepler-344 c,0.968921
Kepler-344 c,0.968921
Kepler-344 c,0.968921
Kepler-344 c,0.968921
Kepler-344 c,0.968921
Kepler-344 c,0.968921
Kepler-344 c,0.968921
Kepler-344 c,0.968921
Kepler-346 b,0.987735
Kepler-346 b,0.987735
Kepler-346 b,0.987735
Kepler-346 b,0.987735
Kepler-346 b,0.987735
Kepler-346 b,0.987735
Kepler-346 b,0.987735
Kepler-346 b,0.987735
Kepler-346 b,0.987735
Kepler-346 b,0.987735
Kepler-346 b,0.987735
Kepler-346 b,0.987735
Kepler-346 c,0.987735
Kepler-346 c,0.987735
Kepler-346 c,0.987735
Kepler-346 c,0.987735
Kepler-346 c,0.987735
Kepler-346 c,0.987735
Kepler-346 c,0.987735
Kepler-346 c,0.987735
Kepler-346 c,0.987735
Kepler-346 c,0.987735
Kepler-346 c,0.987735
Kepler-346 c,0.987735
Kepler-347 b,0.741042
Kepler-347 b,0.741042
Kepler-347 b,0.741042
Kepler-347 b,0.741042
Kepler-347 b,0.741042
Kepler-347 b,0.741042
Kepler-347 b,0.741042
Kepler-347 b,0.741042
Kepler-347 b,0.741042
Kepler-347 b,0.741042
Kepler-347 b,0.741042
Kepler-347 b,0.741042
Kepler-347 c,0.741042
Kepler-347 c,0.741042
Kepler-347 c,0.741042
Kepler-347 c,0.741042
Kepler-347 c,0.741042
Kepler-347 c,0.741042
Kepler-347 c,0.741042
Kepler-347 c,0.741042
Kepler-347 c,0.741042
Kepler-347 c,0.741042
Kepler-347 c,0.741042
Kepler-347 d,0.741042
Kepler-347 d,0.741042
Kepler-347 d,0.741042
Kepler-347 d,0.741042
Kepler-347 d,0.741042
Kepler-347 d,0.741042
Kepler-347 d,0.741042
Kepler-348 b,1.72356
Kepler-348 b,1.72356
Kepler-348 b,1.72356
Kepler-348 b,1.72356
Kepler-348 b,1.72356
Kepler-348 b,1.72356
Kepler-348 b,1.72356
Kepler-348 b,1.72356
Kepler-348 b,1.72356
Kepler-348 b,1.72356
Kepler-348 b,1.72356
Kepler-348 b,1.72356
Kepler-348 c,1.72356
Kepler-348 c,1.72356
Kepler-348 c,1.72356
Kepler-348 c,1.72356
Kepler-348 c,1.72356
Kepler-348 c,1.72356
Kepler-348 c,1.72356
Kepler-348 c,1.72356
Kepler-348 c,1.72356
Kepler-348 c,1.72356
Kepler-348 c,1.72356
Kepler-349 b,1.03452
Kepler-349 b,1.03452
Kepler-349 b,1.03452
Kepler-349 b,1.03452
Kepler-349 b,1.03452
Kepler-349 b,1.03452
Kepler-349 b,1.03452
Kepler-349 b,1.03452
Kepler-349 b,1.03452
Kepler-349 b,1.03452
Kepler-349 b,1.03452
Kepler-349 b,1.03452
Kepler-349 b,1.03452
Kepler-349 c,1.03452
Kepler-349 c,1.03452
Kepler-349 c,1.03452
Kepler-349 c,1.03452
Kepler-349 c,1.03452
Kepler-349 c,1.03452
Kepler-349 c,1.03452
Kepler-349 c,1.03452
Kepler-349 c,1.03452
Kepler-349 c,1.03452
Kepler-349 c,1.03452
Kepler-349 c,1.03452
Kepler-349 c,1.03452
Kepler-35 b,0.521524
Kepler-350 b,1.01648
Kepler-350 b,1.01648
Kepler-350 b,1.01648
Kepler-350 b,1.01648
Kepler-350 b,1.01648
Kepler-350 b,1.01648
Kepler-350 b,1.01648
Kepler-350 b,1.01648
Kepler-350 b,1.01648
Kepler-350 b,1.01648
Kepler-350 b,1.01648
Kepler-350 b,1.01648
Kepler-350 c,1.01648
Kepler-350 c,1.01648
Kepler-350 c,1.01648
Kepler-350 c,1.01648
Kepler-350 c,1.01648
Kepler-350 c,1.01648
Kepler-350 c,1.01648
Kepler-350 c,1.01648
Kepler-350 c,1.01648
Kepler-350 c,1.01648
Kepler-350 c,1.01648
Kepler-350 c,1.01648
Kepler-350 c,1.01648
Kepler-350 c,1.01648
Kepler-350 d,1.01648
Kepler-350 d,1.01648
Kepler-350 d,1.01648
Kepler-350 d,1.01648
Kepler-350 d,1.01648
Kepler-350 d,1.01648
Kepler-350 d,1.01648
Kepler-350 d,1.01648
Kepler-350 d,1.01648
Kepler-350 d,1.01648
Kepler-350 d,1.01648
Kepler-350 d,1.01648
Kepler-350 d,1.01648
Kepler-350 d,1.01648
Kepler-351 b,0.894576
Kepler-351 b,0.894576
Kepler-351 b,0.894576
Kepler-351 b,0.894576
Kepler-351 b,0.894576
Kepler-351 b,0.894576
Kepler-351 b,0.894576
Kepler-351 b,0.894576
Kepler-351 b,0.894576
Kepler-351 b,0.894576
Kepler-351 b,0.894576
Kepler-351 b,0.894576
Kepler-351 c,0.894576
Kepler-351 c,0.894576
Kepler-351 c,0.894576
Kepler-351 c,0.894576
Kepler-351 c,0.894576
Kepler-351 c,0.894576
Kepler-351 c,0.894576
Kepler-351 c,0.894576
Kepler-351 c,0.894576
Kepler-351 c,0.894576
Kepler-351 c,0.894576
Kepler-351 c,0.894576
Kepler-351 d,0.894576
Kepler-351 d,0.894576
Kepler-351 d,0.894576
Kepler-351 d,0.894576
Kepler-351 d,0.894576
Kepler-351 d,0.894576
Kepler-351 d,0.894576
Kepler-351 d,0.894576
Kepler-351 d,0.894576
Kepler-352 b,3.92796
Kepler-352 b,3.92796
Kepler-352 b,3.92796
Kepler-352 b,3.92796
Kepler-352 b,3.92796
Kepler-352 b,3.92796
Kepler-352 b,3.92796
Kepler-352 b,3.92796
Kepler-352 b,3.92796
Kepler-352 b,3.92796
Kepler-352 b,3.92796
Kepler-352 b,3.92796
Kepler-352 c,3.92796
Kepler-352 c,3.92796
Kepler-352 c,3.92796
Kepler-352 c,3.92796
Kepler-352 c,3.92796
Kepler-352 c,3.92796
Kepler-352 c,3.92796
Kepler-352 c,3.92796
Kepler-352 c,3.92796
Kepler-352 c,3.92796
Kepler-352 c,3.92796
Kepler-352 c,3.92796
Kepler-352 d,3.92796
Kepler-352 d,3.92796
Kepler-352 d,3.92796
Kepler-352 d,3.92796
Kepler-352 d,3.92796
Kepler-352 d,3.92796
Kepler-352 d,3.92796
Kepler-353 b,2.57123
Kepler-353 b,2.57123
Kepler-353 b,2.57123
Kepler-353 b,2.57123
Kepler-353 b,2.57123
Kepler-353 b,2.57123
Kepler-353 b,2.57123
Kepler-353 b,2.57123
Kepler-353 b,2.57123
Kepler-353 b,2.57123
Kepler-353 b,2.57123
Kepler-353 b,2.57123
Kepler-353 b,2.57123
Kepler-353 b,2.57123
Kepler-353 c,2.57123
Kepler-353 c,2.57123
Kepler-353 c,2.57123
Kepler-353 c,2.57123
Kepler-353 c,2.57123
Kepler-353 c,2.57123
Kepler-353 c,2.57123
Kepler-353 c,2.57123
Kepler-353 c,2.57123
Kepler-353 c,2.57123
Kepler-353 c,2.57123
Kepler-353 c,2.57123
Kepler-353 c,2.57123
Kepler-353 c,2.57123
Kepler-353 c,2.57123
Kepler-354 b,1.77633
Kepler-354 b,1.77633
Kepler-354 b,1.77633
Kepler-354 b,1.77633
Kepler-354 b,1.77633
Kepler-354 b,1.77633
Kepler-354 b,1.77633
Kepler-354 b,1.77633
Kepler-354 b,1.77633
Kepler-354 b,1.77633
Kepler-354 b,1.77633
Kepler-354 c,1.77633
Kepler-354 c,1.77633
Kepler-354 c,1.77633
Kepler-354 c,1.77633
Kepler-354 c,1.77633
Kepler-354 c,1.77633
Kepler-354 c,1.77633
Kepler-354 c,1.77633
Kepler-354 c,1.77633
Kepler-354 d,1.77633
Kepler-354 d,1.77633
Kepler-354 d,1.77633
Kepler-354 d,1.77633
Kepler-354 d,1.77633
Kepler-354 d,1.77633
Kepler-354 d,1.77633
Kepler-354 d,1.77633
Kepler-354 d,1.77633
Kepler-354 d,1.77633
Kepler-354 d,1.77633
Kepler-355 b,0.669477
Kepler-355 b,0.669477
Kepler-355 b,0.669477
Kepler-355 b,0.669477
Kepler-355 b,0.669477
Kepler-355 b,0.669477
Kepler-355 b,0.669477
Kepler-355 b,0.669477
Kepler-355 b,0.669477
Kepler-355 b,0.669477
Kepler-355 b,0.669477
Kepler-355 c,0.669477
Kepler-355 c,0.669477
Kepler-355 c,0.669477
Kepler-355 c,0.669477
Kepler-355 c,0.669477
Kepler-355 c,0.669477
Kepler-355 c,0.669477
Kepler-355 c,0.669477
Kepler-355 c,0.669477
Kepler-355 c,0.669477
Kepler-355 c,0.669477
Kepler-355 c,0.669477
Kepler-356 b,1.38478
Kepler-356 b,1.38478
Kepler-356 b,1.38478
Kepler-356 b,1.38478
Kepler-356 b,1.38478
Kepler-356 b,1.38478
Kepler-356 b,1.38478
Kepler-356 b,1.38478
Kepler-356 b,1.38478
Kepler-356 b,1.38478
Kepler-356 b,1.38478
Kepler-356 b,1.38478
Kepler-356 c,1.38478
Kepler-356 c,1.38478
Kepler-356 c,1.38478
Kepler-356 c,1.38478
Kepler-356 c,1.38478
Kepler-356 c,1.38478
Kepler-356 c,1.38478
Kepler-356 c,1.38478
Kepler-356 c,1.38478
Kepler-356 c,1.38478
Kepler-356 c,1.38478
Kepler-356 c,1.38478
Kepler-357 b,1.42408
Kepler-357 b,1.42408
Kepler-357 b,1.42408
Kepler-357 b,1.42408
Kepler-357 b,1.42408
Kepler-357 b,1.42408
Kepler-357 b,1.42408
Kepler-357 b,1.42408
Kepler-357 b,1.42408
Kepler-357 b,1.42408
Kepler-357 b,1.42408
Kepler-357 c,1.42408
Kepler-357 c,1.42408
Kepler-357 c,1.42408
Kepler-357 c,1.42408
Kepler-357 c,1.42408
Kepler-357 c,1.42408
Kepler-357 c,1.42408
Kepler-357 c,1.42408
Kepler-357 c,1.42408
Kepler-357 c,1.42408
Kepler-357 c,1.42408
Kepler-357 c,1.42408
Kepler-357 d,1.42408
Kepler-357 d,1.42408
Kepler-357 d,1.42408
Kepler-357 d,1.42408
Kepler-357 d,1.42408
Kepler-357 d,1.42408
Kepler-357 d,1.42408
Kepler-357 d,1.42408
Kepler-357 d,1.42408
Kepler-357 d,1.42408
Kepler-357 d,1.42408
Kepler-358 b,0.880201
Kepler-358 b,0.880201
Kepler-358 b,0.880201
Kepler-358 b,0.880201
Kepler-358 b,0.880201
Kepler-358 b,0.880201
Kepler-358 b,0.880201
Kepler-358 b,0.880201
Kepler-358 b,0.880201
Kepler-358 b,0.880201
Kepler-358 b,0.880201
Kepler-358 c,0.880201
Kepler-358 c,0.880201
Kepler-358 c,0.880201
Kepler-358 c,0.880201
Kepler-358 c,0.880201
Kepler-358 c,0.880201
Kepler-358 c,0.880201
Kepler-358 c,0.880201
Kepler-358 c,0.880201
Kepler-358 c,0.880201
Kepler-358 c,0.880201
Kepler-359 b,0.665683
Kepler-359 b,0.665683
Kepler-359 b,0.665683
Kepler-359 b,0.665683
Kepler-359 b,0.665683
Kepler-359 b,0.665683
Kepler-359 b,0.665683
Kepler-359 b,0.665683
Kepler-359 b,0.665683
Kepler-359 b,0.665683
Kepler-359 b,0.665683
Kepler-359 c,0.665683
Kepler-359 c,0.665683
Kepler-359 c,0.665683
Kepler-359 c,0.665683
Kepler-359 c,0.665683
Kepler-359 c,0.665683
Kepler-359 c,0.665683
Kepler-359 c,0.665683
Kepler-359 c,0.665683
Kepler-359 c,0.665683
Kepler-359 c,0.665683
Kepler-359 c,0.665683
Kepler-359 d,0.665683
Kepler-359 d,0.665683
Kepler-359 d,0.665683
Kepler-359 d,0.665683
Kepler-359 d,0.665683
Kepler-359 d,0.665683
Kepler-359 d,0.665683
Kepler-359 d,0.665683
Kepler-359 d,0.665683
Kepler-359 d,0.665683
Kepler-36 b,1.86543
Kepler-36 b,1.86543
Kepler-36 b,1.86543
Kepler-36 b,1.86543
Kepler-36 b,1.86543
Kepler-36 b,1.86543
Kepler-36 b,1.86543
Kepler-36 b,1.86543
Kepler-36 b,1.86543
Kepler-36 b,1.86543
Kepler-36 b,1.86543
Kepler-36 b,1.86543
Kepler-36 b,1.86543
Kepler-36 b,1.86543
Kepler-36 b,1.86543
Kepler-36 b,1.86543
Kepler-36 c,1.86543
Kepler-36 c,1.86543
Kepler-36 c,1.86543
Kepler-36 c,1.86543
Kepler-36 c,1.86543
Kepler-36 c,1.86543
Kepler-36 c,1.86543
Kepler-36 c,1.86543
Kepler-36 c,1.86543
Kepler-36 c,1.86543
Kepler-36 c,1.86543
Kepler-36 c,1.86543
Kepler-36 c,1.86543
Kepler-36 c,1.86543
Kepler-36 c,1.86543
Kepler-36 c,1.86543
Kepler-360 b,1.11282
Kepler-360 b,1.11282
Kepler-360 b,1.11282
Kepler-360 b,1.11282
Kepler-360 b,1.11282
Kepler-360 b,1.11282
Kepler-360 b,1.11282
Kepler-360 b,1.11282
Kepler-360 b,1.11282
Kepler-360 b,1.11282
Kepler-360 b,1.11282
Kepler-360 c,1.11282
Kepler-360 c,1.11282
Kepler-360 c,1.11282
Kepler-360 c,1.11282
Kepler-360 c,1.11282
Kepler-360 c,1.11282
Kepler-360 c,1.11282
Kepler-360 c,1.11282
Kepler-360 c,1.11282
Kepler-360 c,1.11282
Kepler-360 c,1.11282
Kepler-360 c,1.11282
Kepler-361 b,1.04629
Kepler-361 b,1.04629
Kepler-361 b,1.04629
Kepler-361 b,1.04629
Kepler-361 b,1.04629
Kepler-361 b,1.04629
Kepler-361 b,1.04629
Kepler-361 b,1.04629
Kepler-361 b,1.04629
Kepler-361 b,1.04629
Kepler-361 b,1.04629
Kepler-361 c,1.04629
Kepler-361 c,1.04629
Kepler-361 c,1.04629
Kepler-361 c,1.04629
Kepler-361 c,1.04629
Kepler-361 c,1.04629
Kepler-361 c,1.04629
Kepler-361 c,1.04629
Kepler-361 c,1.04629
Kepler-361 c,1.04629
Kepler-361 c,1.04629
Kepler-362 b,0.88975
Kepler-362 b,0.88975
Kepler-362 b,0.88975
Kepler-362 b,0.88975
Kepler-362 b,0.88975
Kepler-362 b,0.88975
Kepler-362 b,0.88975
Kepler-362 b,0.88975
Kepler-362 b,0.88975
Kepler-362 b,0.88975
Kepler-362 c,0.88975
Kepler-362 c,0.88975
Kepler-362 c,0.88975
Kepler-362 c,0.88975
Kepler-362 c,0.88975
Kepler-362 c,0.88975
Kepler-362 c,0.88975
Kepler-362 c,0.88975
Kepler-362 c,0.88975
Kepler-362 c,0.88975
Kepler-362 c,0.88975
Kepler-362 c,0.88975
Kepler-363 b,1.28244
Kepler-363 b,1.28244
Kepler-363 b,1.28244
Kepler-363 b,1.28244
Kepler-363 b,1.28244
Kepler-363 b,1.28244
Kepler-363 b,1.28244
Kepler-363 b,1.28244
Kepler-363 b,1.28244
Kepler-363 b,1.28244
Kepler-363 b,1.28244
Kepler-363 c,1.28244
Kepler-363 c,1.28244
Kepler-363 c,1.28244
Kepler-363 c,1.28244
Kepler-363 c,1.28244
Kepler-363 c,1.28244
Kepler-363 c,1.28244
Kepler-363 c,1.28244
Kepler-363 c,1.28244
Kepler-363 c,1.28244
Kepler-363 c,1.28244
Kepler-363 c,1.28244
Kepler-363 d,1.28244
Kepler-363 d,1.28244
Kepler-363 d,1.28244
Kepler-363 d,1.28244
Kepler-363 d,1.28244
Kepler-363 d,1.28244
Kepler-363 d,1.28244
Kepler-363 d,1.28244
Kepler-363 d,1.28244
Kepler-363 d,1.28244
Kepler-363 d,1.28244
Kepler-363 d,1.28244
Kepler-363 d,1.28244
Kepler-364 b,1.09287
Kepler-364 b,1.09287
Kepler-364 b,1.09287
Kepler-364 b,1.09287
Kepler-364 b,1.09287
Kepler-364 b,1.09287
Kepler-364 b,1.09287
Kepler-364 b,1.09287
Kepler-364 b,1.09287
Kepler-364 b,1.09287
Kepler-364 b,1.09287
Kepler-364 b,1.09287
Kepler-364 c,1.09287
Kepler-364 c,1.09287
Kepler-364 c,1.09287
Kepler-364 c,1.09287
Kepler-364 c,1.09287
Kepler-364 c,1.09287
Kepler-364 c,1.09287
Kepler-364 c,1.09287
Kepler-364 c,1.09287
Kepler-364 c,1.09287
Kepler-364 c,1.09287
Kepler-364 c,1.09287
Kepler-366 b,0.510384
Kepler-366 b,0.510384
Kepler-366 b,0.510384
Kepler-366 b,0.510384
Kepler-366 b,0.510384
Kepler-366 b,0.510384
Kepler-366 b,0.510384
Kepler-366 b,0.510384
Kepler-366 b,0.510384
Kepler-366 b,0.510384
Kepler-366 b,0.510384
Kepler-366 c,0.510384
Kepler-366 c,0.510384
Kepler-366 c,0.510384
Kepler-366 c,0.510384
Kepler-366 c,0.510384
Kepler-366 c,0.510384
Kepler-366 c,0.510384
Kepler-366 c,0.510384
Kepler-366 c,0.510384
Kepler-366 c,0.510384
Kepler-366 c,0.510384
Kepler-366 c,0.510384
Kepler-367 b,5.2896
Kepler-367 b,5.2896
Kepler-367 b,5.2896
Kepler-367 b,5.2896
Kepler-367 b,5.2896
Kepler-367 b,5.2896
Kepler-367 b,5.2896
Kepler-367 b,5.2896
Kepler-367 b,5.2896
Kepler-367 b,5.2896
Kepler-367 b,5.2896
Kepler-367 b,5.2896
Kepler-367 c,5.2896
Kepler-367 c,5.2896
Kepler-367 c,5.2896
Kepler-367 c,5.2896
Kepler-367 c,5.2896
Kepler-367 c,5.2896
Kepler-367 c,5.2896
Kepler-367 c,5.2896
Kepler-367 c,5.2896
Kepler-367 c,5.2896
Kepler-367 c,5.2896
Kepler-367 c,5.2896
Kepler-368 b,1.26854
Kepler-368 b,1.26854
Kepler-368 b,1.26854
Kepler-368 b,1.26854
Kepler-368 b,1.26854
Kepler-368 b,1.26854
Kepler-368 b,1.26854
Kepler-368 b,1.26854
Kepler-368 b,1.26854
Kepler-368 b,1.26854
Kepler-368 b,1.26854
Kepler-368 b,1.26854
Kepler-368 c,1.26854
Kepler-368 c,1.26854
Kepler-368 c,1.26854
Kepler-368 c,1.26854
Kepler-368 c,1.26854
Kepler-368 c,1.26854
Kepler-368 c,1.26854
Kepler-368 c,1.26854
Kepler-368 c,1.26854
Kepler-368 c,1.26854
Kepler-37 b,15.6155
Kepler-37 b,15.6155
Kepler-37 b,15.6155
Kepler-37 b,15.6155
Kepler-37 b,15.6155
Kepler-37 b,15.6155
Kepler-37 b,15.6155
Kepler-37 b,15.6155
Kepler-37 b,15.6155
Kepler-37 b,15.6155
Kepler-37 b,15.6155
Kepler-37 b,15.6155
Kepler-37 b,15.6155
Kepler-37 c,15.6155
Kepler-37 c,15.6155
Kepler-37 c,15.6155
Kepler-37 c,15.6155
Kepler-37 c,15.6155
Kepler-37 c,15.6155
Kepler-37 c,15.6155
Kepler-37 c,15.6155
Kepler-37 c,15.6155
Kepler-37 c,15.6155
Kepler-37 c,15.6155
Kepler-37 c,15.6155
Kepler-37 c,15.6155
Kepler-37 c,15.6155
Kepler-37 c,15.6155
Kepler-37 c,15.6155
Kepler-37 d,15.6155
Kepler-37 d,15.6155
Kepler-37 d,15.6155
Kepler-37 d,15.6155
Kepler-37 d,15.6155
Kepler-37 d,15.6155
Kepler-37 d,15.6155
Kepler-37 d,15.6155
Kepler-37 d,15.6155
Kepler-37 d,15.6155
Kepler-37 d,15.6155
Kepler-37 d,15.6155
Kepler-37 d,15.6155
Kepler-37 d,15.6155
Kepler-37 d,15.6155
Kepler-37 d,15.6155
Kepler-37 d,15.6155
Kepler-37 d,15.6155
Kepler-37 d,15.6155
Kepler-37 e,15.6155
Kepler-37 e,15.6155
Kepler-37 e,15.6155
Kepler-37 e,15.6155
Kepler-37 e,15.6155
Kepler-37 e,15.6155
Kepler-37 e,15.6155
Kepler-370 b,0.828058
Kepler-370 b,0.828058
Kepler-370 b,0.828058
Kepler-370 b,0.828058
Kepler-370 b,0.828058
Kepler-370 b,0.828058
Kepler-370 b,0.828058
Kepler-370 b,0.828058
Kepler-370 b,0.828058
Kepler-370 b,0.828058
Kepler-370 b,0.828058
Kepler-370 c,0.828058
Kepler-370 c,0.828058
Kepler-370 c,0.828058
Kepler-370 c,0.828058
Kepler-370 c,0.828058
Kepler-370 c,0.828058
Kepler-370 c,0.828058
Kepler-370 c,0.828058
Kepler-370 c,0.828058
Kepler-370 c,0.828058
Kepler-370 c,0.828058
Kepler-370 c,0.828058
Kepler-371 b,1.20114
Kepler-371 b,1.20114
Kepler-371 b,1.20114
Kepler-371 b,1.20114
Kepler-371 b,1.20114
Kepler-371 b,1.20114
Kepler-371 b,1.20114
Kepler-371 b,1.20114
Kepler-371 b,1.20114
Kepler-371 b,1.20114
Kepler-371 b,1.20114
Kepler-371 b,1.20114
Kepler-371 c,1.20114
Kepler-371 c,1.20114
Kepler-371 c,1.20114
Kepler-371 c,1.20114
Kepler-371 c,1.20114
Kepler-371 c,1.20114
Kepler-371 c,1.20114
Kepler-371 c,1.20114
Kepler-371 c,1.20114
Kepler-371 c,1.20114
Kepler-372 b,0.640547
Kepler-372 b,0.640547
Kepler-372 b,0.640547
Kepler-372 b,0.640547
Kepler-372 b,0.640547
Kepler-372 b,0.640547
Kepler-372 b,0.640547
Kepler-372 b,0.640547
Kepler-372 b,0.640547
Kepler-372 c,0.640547
Kepler-372 c,0.640547
Kepler-372 c,0.640547
Kepler-372 c,0.640547
Kepler-372 c,0.640547
Kepler-372 c,0.640547
Kepler-372 c,0.640547
Kepler-372 c,0.640547
Kepler-372 c,0.640547
Kepler-372 c,0.640547
Kepler-372 c,0.640547
Kepler-372 d,0.640547
Kepler-372 d,0.640547
Kepler-372 d,0.640547
Kepler-372 d,0.640547
Kepler-372 d,0.640547
Kepler-372 d,0.640547
Kepler-372 d,0.640547
Kepler-372 d,0.640547
Kepler-372 d,0.640547
Kepler-372 d,0.640547
Kepler-373 b,0.888301
Kepler-373 b,0.888301
Kepler-373 b,0.888301
Kepler-373 b,0.888301
Kepler-373 b,0.888301
Kepler-373 b,0.888301
Kepler-373 b,0.888301
Kepler-373 b,0.888301
Kepler-373 b,0.888301
Kepler-373 b,0.888301
Kepler-373 b,0.888301
Kepler-373 c,0.888301
Kepler-373 c,0.888301
Kepler-373 c,0.888301
Kepler-373 c,0.888301
Kepler-373 c,0.888301
Kepler-373 c,0.888301
Kepler-373 c,0.888301
Kepler-373 c,0.888301
Kepler-373 c,0.888301
Kepler-373 c,0.888301
Kepler-373 c,0.888301
Kepler-374 b,0.761806
Kepler-374 b,0.761806
Kepler-374 b,0.761806
Kepler-374 b,0.761806
Kepler-374 b,0.761806
Kepler-374 b,0.761806
Kepler-374 b,0.761806
Kepler-374 b,0.761806
Kepler-374 b,0.761806
Kepler-374 b,0.761806
Kepler-374 b,0.761806
Kepler-374 c,0.761806
Kepler-374 c,0.761806
Kepler-374 c,0.761806
Kepler-374 c,0.761806
Kepler-374 c,0.761806
Kepler-374 c,0.761806
Kepler-374 c,0.761806
Kepler-374 c,0.761806
Kepler-374 c,0.761806
Kepler-374 c,0.761806
Kepler-374 c,0.761806
Kepler-374 d,0.761806
Kepler-374 d,0.761806
Kepler-374 d,0.761806
Kepler-374 d,0.761806
Kepler-374 d,0.761806
Kepler-374 d,0.761806
Kepler-374 d,0.761806
Kepler-374 d,0.761806
Kepler-374 d,0.761806
Kepler-374 d,0.761806
Kepler-374 d,0.761806
Kepler-375 b,0.778936
Kepler-375 b,0.778936
Kepler-375 b,0.778936
Kepler-375 b,0.778936
Kepler-375 b,0.778936
Kepler-375 b,0.778936
Kepler-375 b,0.778936
Kepler-375 b,0.778936
Kepler-375 b,0.778936
Kepler-375 b,0.778936
Kepler-375 b,0.778936
Kepler-375 c,0.778936
Kepler-375 c,0.778936
Kepler-375 c,0.778936
Kepler-375 c,0.778936
Kepler-375 c,0.778936
Kepler-375 c,0.778936
Kepler-375 c,0.778936
Kepler-375 c,0.778936
Kepler-375 c,0.778936
Kepler-375 c,0.778936
Kepler-375 c,0.778936
Kepler-376 b,1.05479
Kepler-376 b,1.05479
Kepler-376 b,1.05479
Kepler-376 b,1.05479
Kepler-376 b,1.05479
Kepler-376 b,1.05479
Kepler-376 b,1.05479
Kepler-376 b,1.05479
Kepler-376 b,1.05479
Kepler-376 b,1.05479
Kepler-376 b,1.05479
Kepler-376 c,1.05479
Kepler-376 c,1.05479
Kepler-376 c,1.05479
Kepler-376 c,1.05479
Kepler-376 c,1.05479
Kepler-376 c,1.05479
Kepler-376 c,1.05479
Kepler-376 c,1.05479
Kepler-376 c,1.05479
Kepler-376 c,1.05479
Kepler-376 c,1.05479
Kepler-376 c,1.05479
Kepler-377 b,1.18532
Kepler-377 b,1.18532
Kepler-377 b,1.18532
Kepler-377 b,1.18532
Kepler-377 b,1.18532
Kepler-377 b,1.18532
Kepler-377 b,1.18532
Kepler-377 b,1.18532
Kepler-377 b,1.18532
Kepler-377 b,1.18532
Kepler-377 b,1.18532
Kepler-377 c,1.18532
Kepler-377 c,1.18532
Kepler-377 c,1.18532
Kepler-377 c,1.18532
Kepler-377 c,1.18532
Kepler-377 c,1.18532
Kepler-377 c,1.18532
Kepler-377 c,1.18532
Kepler-377 c,1.18532
Kepler-377 c,1.18532
Kepler-377 c,1.18532
Kepler-377 c,1.18532
Kepler-378 b,6.54596
Kepler-378 b,6.54596
Kepler-378 b,6.54596
Kepler-378 b,6.54596
Kepler-378 b,6.54596
Kepler-378 b,6.54596
Kepler-378 b,6.54596
Kepler-378 b,6.54596
Kepler-378 b,6.54596
Kepler-378 b,6.54596
Kepler-378 b,6.54596
Kepler-378 c,6.54596
Kepler-378 c,6.54596
Kepler-378 c,6.54596
Kepler-378 c,6.54596
Kepler-378 c,6.54596
Kepler-378 c,6.54596
Kepler-378 c,6.54596
Kepler-378 c,6.54596
Kepler-378 c,6.54596
Kepler-379 b,1.3387
Kepler-379 b,1.3387
Kepler-379 b,1.3387
Kepler-379 b,1.3387
Kepler-379 b,1.3387
Kepler-379 b,1.3387
Kepler-379 b,1.3387
Kepler-379 b,1.3387
Kepler-379 b,1.3387
Kepler-379 b,1.3387
Kepler-379 b,1.3387
Kepler-379 c,1.3387
Kepler-379 c,1.3387
Kepler-379 c,1.3387
Kepler-379 c,1.3387
Kepler-379 c,1.3387
Kepler-379 c,1.3387
Kepler-379 c,1.3387
Kepler-379 c,1.3387
Kepler-379 c,1.3387
Kepler-379 c,1.3387
Kepler-379 c,1.3387
Kepler-379 c,1.3387
Kepler-38 b,0.822516
Kepler-380 b,1.2003
Kepler-380 b,1.2003
Kepler-380 b,1.2003
Kepler-380 b,1.2003
Kepler-380 b,1.2003
Kepler-380 b,1.2003
Kepler-380 b,1.2003
Kepler-380 b,1.2003
Kepler-380 b,1.2003
Kepler-380 b,1.2003
Kepler-380 b,1.2003
Kepler-380 c,1.2003
Kepler-380 c,1.2003
Kepler-380 c,1.2003
Kepler-380 c,1.2003
Kepler-380 c,1.2003
Kepler-380 c,1.2003
Kepler-380 c,1.2003
Kepler-380 c,1.2003
Kepler-380 c,1.2003
Kepler-380 c,1.2003
Kepler-380 c,1.2003
Kepler-381 b,3.71205
Kepler-381 b,3.71205
Kepler-381 b,3.71205
Kepler-381 b,3.71205
Kepler-381 b,3.71205
Kepler-381 b,3.71205
Kepler-381 b,3.71205
Kepler-381 b,3.71205
Kepler-381 b,3.71205
Kepler-381 b,3.71205
Kepler-381 b,3.71205
Kepler-381 b,3.71205
Kepler-381 c,3.71205
Kepler-381 c,3.71205
Kepler-381 c,3.71205
Kepler-381 c,3.71205
Kepler-381 c,3.71205
Kepler-381 c,3.71205
Kepler-381 c,3.71205
Kepler-381 c,3.71205
Kepler-381 c,3.71205
Kepler-381 c,3.71205
Kepler-381 c,3.71205
Kepler-381 c,3.71205
Kepler-381 d,3.71205
Kepler-381 d,3.71205
Kepler-381 d,3.71205
Kepler-381 d,3.71205
Kepler-381 d,3.71205
Kepler-381 d,3.71205
Kepler-381 d,3.71205
Kepler-381 d,3.71205
Kepler-382 b,1.0407
Kepler-382 b,1.0407
Kepler-382 b,1.0407
Kepler-382 b,1.0407
Kepler-382 b,1.0407
Kepler-382 b,1.0407
Kepler-382 b,1.0407
Kepler-382 b,1.0407
Kepler-382 b,1.0407
Kepler-382 b,1.0407
Kepler-382 b,1.0407
Kepler-382 c,1.0407
Kepler-382 c,1.0407
Kepler-382 c,1.0407
Kepler-382 c,1.0407
Kepler-382 c,1.0407
Kepler-382 c,1.0407
Kepler-382 c,1.0407
Kepler-382 c,1.0407
Kepler-382 c,1.0407
Kepler-382 c,1.0407
Kepler-382 c,1.0407
Kepler-384 b,1.08762
Kepler-384 b,1.08762
Kepler-384 b,1.08762
Kepler-384 b,1.08762
Kepler-384 b,1.08762
Kepler-384 b,1.08762
Kepler-384 b,1.08762
Kepler-384 b,1.08762
Kepler-384 b,1.08762
Kepler-384 b,1.08762
Kepler-384 b,1.08762
Kepler-384 b,1.08762
Kepler-384 c,1.08762
Kepler-384 c,1.08762
Kepler-384 c,1.08762
Kepler-384 c,1.08762
Kepler-384 c,1.08762
Kepler-384 c,1.08762
Kepler-384 c,1.08762
Kepler-384 c,1.08762
Kepler-384 c,1.08762
Kepler-384 c,1.08762
Kepler-384 c,1.08762
Kepler-384 c,1.08762
Kepler-385 b,0.669369
Kepler-385 b,0.669369
Kepler-385 b,0.669369
Kepler-385 b,0.669369
Kepler-385 b,0.669369
Kepler-385 b,0.669369
Kepler-385 b,0.669369
Kepler-385 b,0.669369
Kepler-385 b,0.669369
Kepler-385 b,0.669369
Kepler-385 b,0.669369
Kepler-385 b,0.669369
Kepler-385 c,0.669369
Kepler-385 c,0.669369
Kepler-385 c,0.669369
Kepler-385 c,0.669369
Kepler-385 c,0.669369
Kepler-385 c,0.669369
Kepler-385 c,0.669369
Kepler-385 c,0.669369
Kepler-385 c,0.669369
Kepler-385 c,0.669369
Kepler-385 c,0.669369
Kepler-385 c,0.669369
Kepler-385 d,0.669369
Kepler-385 d,0.669369
Kepler-385 d,0.669369
Kepler-385 d,0.669369
Kepler-385 d,0.669369
Kepler-385 d,0.669369
Kepler-385 d,0.669369
Kepler-385 d,0.669369
Kepler-386 b,1.10529
Kepler-386 b,1.10529
Kepler-386 b,1.10529
Kepler-386 b,1.10529
Kepler-386 b,1.10529
Kepler-386 b,1.10529
Kepler-386 b,1.10529
Kepler-386 b,1.10529
Kepler-386 b,1.10529
Kepler-386 b,1.10529
Kepler-386 c,1.10529
Kepler-386 c,1.10529
Kepler-386 c,1.10529
Kepler-386 c,1.10529
Kepler-386 c,1.10529
Kepler-386 c,1.10529
Kepler-386 c,1.10529
Kepler-386 c,1.10529
Kepler-386 c,1.10529
Kepler-386 c,1.10529
Kepler-386 c,1.10529
Kepler-386 c,1.10529
Kepler-387 b,1.21959
Kepler-387 b,1.21959
Kepler-387 b,1.21959
Kepler-387 b,1.21959
Kepler-387 b,1.21959
Kepler-387 b,1.21959
Kepler-387 b,1.21959
Kepler-387 b,1.21959
Kepler-387 b,1.21959
Kepler-387 b,1.21959
Kepler-387 b,1.21959
Kepler-387 c,1.21959
Kepler-387 c,1.21959
Kepler-387 c,1.21959
Kepler-387 c,1.21959
Kepler-387 c,1.21959
Kepler-387 c,1.21959
Kepler-387 c,1.21959
Kepler-387 c,1.21959
Kepler-387 c,1.21959
Kepler-387 c,1.21959
Kepler-387 c,1.21959
Kepler-389 b,1.19668
Kepler-389 b,1.19668
Kepler-389 b,1.19668
Kepler-389 b,1.19668
Kepler-389 b,1.19668
Kepler-389 b,1.19668
Kepler-389 b,1.19668
Kepler-389 b,1.19668
Kepler-389 b,1.19668
Kepler-389 b,1.19668
Kepler-389 b,1.19668
Kepler-389 c,1.19668
Kepler-389 c,1.19668
Kepler-389 c,1.19668
Kepler-389 c,1.19668
Kepler-389 c,1.19668
Kepler-389 c,1.19668
Kepler-389 c,1.19668
Kepler-389 c,1.19668
Kepler-389 c,1.19668
Kepler-389 c,1.19668
Kepler-39 b,0.917064
Kepler-39 b,0.917064
Kepler-39 b,0.917064
Kepler-39 b,0.917064
Kepler-39 b,0.917064
Kepler-39 b,0.917064
Kepler-39 b,0.917064
Kepler-39 b,0.917064
Kepler-39 b,0.917064
Kepler-39 b,0.917064
Kepler-39 b,0.917064
Kepler-39 b,0.917064
Kepler-39 b,0.917064
Kepler-39 b,0.917064
Kepler-390 b,2.26866
Kepler-390 b,2.26866
Kepler-390 b,2.26866
Kepler-390 b,2.26866
Kepler-390 b,2.26866
Kepler-390 b,2.26866
Kepler-390 b,2.26866
Kepler-390 b,2.26866
Kepler-390 b,2.26866
Kepler-390 b,2.26866
Kepler-390 b,2.26866
Kepler-390 c,2.26866
Kepler-390 c,2.26866
Kepler-390 c,2.26866
Kepler-390 c,2.26866
Kepler-390 c,2.26866
Kepler-390 c,2.26866
Kepler-390 c,2.26866
Kepler-390 c,2.26866
Kepler-390 c,2.26866
Kepler-390 c,2.26866
Kepler-391 b,1.12166
Kepler-391 b,1.12166
Kepler-391 b,1.12166
Kepler-391 b,1.12166
Kepler-391 b,1.12166
Kepler-391 b,1.12166
Kepler-391 b,1.12166
Kepler-391 b,1.12166
Kepler-391 b,1.12166
Kepler-391 b,1.12166
Kepler-391 b,1.12166
Kepler-391 b,1.12166
Kepler-391 c,1.12166
Kepler-391 c,1.12166
Kepler-391 c,1.12166
Kepler-391 c,1.12166
Kepler-391 c,1.12166
Kepler-391 c,1.12166
Kepler-391 c,1.12166
Kepler-391 c,1.12166
Kepler-391 c,1.12166
Kepler-391 c,1.12166
Kepler-391 c,1.12166
Kepler-391 c,1.12166
Kepler-392 b,1.43873
Kepler-392 b,1.43873
Kepler-392 b,1.43873
Kepler-392 b,1.43873
Kepler-392 b,1.43873
Kepler-392 b,1.43873
Kepler-392 b,1.43873
Kepler-392 b,1.43873
Kepler-392 b,1.43873
Kepler-392 b,1.43873
Kepler-392 b,1.43873
Kepler-392 c,1.43873
Kepler-392 c,1.43873
Kepler-392 c,1.43873
Kepler-392 c,1.43873
Kepler-392 c,1.43873
Kepler-392 c,1.43873
Kepler-392 c,1.43873
Kepler-392 c,1.43873
Kepler-392 c,1.43873
Kepler-392 c,1.43873
Kepler-393 b,1.10585
Kepler-393 b,1.10585
Kepler-393 b,1.10585
Kepler-393 b,1.10585
Kepler-393 b,1.10585
Kepler-393 b,1.10585
Kepler-393 b,1.10585
Kepler-393 b,1.10585
Kepler-393 b,1.10585
Kepler-393 b,1.10585
Kepler-393 b,1.10585
Kepler-393 c,1.10585
Kepler-393 c,1.10585
Kepler-393 c,1.10585
Kepler-393 c,1.10585
Kepler-393 c,1.10585
Kepler-393 c,1.10585
Kepler-393 c,1.10585
Kepler-393 c,1.10585
Kepler-393 c,1.10585
Kepler-393 c,1.10585
Kepler-393 c,1.10585
Kepler-394 b,0.916013
Kepler-394 b,0.916013
Kepler-394 b,0.916013
Kepler-394 b,0.916013
Kepler-394 b,0.916013
Kepler-394 b,0.916013
Kepler-394 b,0.916013
Kepler-394 b,0.916013
Kepler-394 b,0.916013
Kepler-394 b,0.916013
Kepler-394 b,0.916013
Kepler-394 c,0.916013
Kepler-394 c,0.916013
Kepler-394 c,0.916013
Kepler-394 c,0.916013
Kepler-394 c,0.916013
Kepler-394 c,0.916013
Kepler-394 c,0.916013
Kepler-394 c,0.916013
Kepler-394 c,0.916013
Kepler-394 c,0.916013
Kepler-394 c,0.916013
Kepler-394 d,0.916013
Kepler-394 d,0.916013
Kepler-394 d,0.916013
Kepler-394 d,0.916013
Kepler-394 d,0.916013
Kepler-394 d,0.916013
Kepler-394 d,0.916013
Kepler-394 d,0.916013
Kepler-395 b,2.34555
Kepler-395 b,2.34555
Kepler-395 b,2.34555
Kepler-395 b,2.34555
Kepler-395 b,2.34555
Kepler-395 b,2.34555
Kepler-395 b,2.34555
Kepler-395 b,2.34555
Kepler-395 b,2.34555
Kepler-395 b,2.34555
Kepler-395 b,2.34555
Kepler-395 b,2.34555
Kepler-395 b,2.34555
Kepler-395 b,2.34555
Kepler-395 c,2.34555
Kepler-395 c,2.34555
Kepler-395 c,2.34555
Kepler-395 c,2.34555
Kepler-395 c,2.34555
Kepler-395 c,2.34555
Kepler-395 c,2.34555
Kepler-395 c,2.34555
Kepler-395 c,2.34555
Kepler-395 c,2.34555
Kepler-395 c,2.34555
Kepler-395 c,2.34555
Kepler-395 c,2.34555
Kepler-395 c,2.34555
Kepler-395 c,2.34555
Kepler-395 c,2.34555
Kepler-396 b,4.44064
Kepler-396 b,4.44064
Kepler-396 b,4.44064
Kepler-396 b,4.44064
Kepler-396 b,4.44064
Kepler-396 b,4.44064
Kepler-396 b,4.44064
Kepler-396 b,4.44064
Kepler-396 b,4.44064
Kepler-396 b,4.44064
Kepler-396 b,4.44064
Kepler-396 c,4.44064
Kepler-396 c,4.44064
Kepler-396 c,4.44064
Kepler-396 c,4.44064
Kepler-396 c,4.44064
Kepler-396 c,4.44064
Kepler-396 c,4.44064
Kepler-396 c,4.44064
Kepler-396 c,4.44064
Kepler-396 c,4.44064
Kepler-396 c,4.44064
Kepler-396 c,4.44064
Kepler-396 c,4.44064
Kepler-398 b,5.6095
Kepler-398 b,5.6095
Kepler-398 b,5.6095
Kepler-398 b,5.6095
Kepler-398 b,5.6095
Kepler-398 b,5.6095
Kepler-398 b,5.6095
Kepler-398 b,5.6095
Kepler-398 b,5.6095
Kepler-398 b,5.6095
Kepler-398 b,5.6095
Kepler-398 c,5.6095
Kepler-398 c,5.6095
Kepler-398 c,5.6095
Kepler-398 c,5.6095
Kepler-398 c,5.6095
Kepler-398 c,5.6095
Kepler-398 c,5.6095
Kepler-398 c,5.6095
Kepler-398 c,5.6095
Kepler-398 c,5.6095
Kepler-398 c,5.6095
Kepler-398 d,5.6095
Kepler-398 d,5.6095
Kepler-398 d,5.6095
Kepler-398 d,5.6095
Kepler-398 d,5.6095
Kepler-398 d,5.6095
Kepler-398 d,5.6095
Kepler-398 d,5.6095
Kepler-398 d,5.6095
Kepler-398 d,5.6095
Kepler-4 b,2.02093
Kepler-4 b,2.02093
Kepler-4 b,2.02093
Kepler-4 b,2.02093
Kepler-4 b,2.02093
Kepler-4 b,2.02093
Kepler-4 b,2.02093
Kepler-4 b,2.02093
Kepler-4 b,2.02093
Kepler-4 b,2.02093
Kepler-4 b,2.02093
Kepler-4 b,2.02093
Kepler-4 b,2.02093
Kepler-4 b,2.02093
Kepler-40 b,0.405118
Kepler-40 b,0.405118
Kepler-40 b,0.405118
Kepler-40 b,0.405118
Kepler-40 b,0.405118
Kepler-40 b,0.405118
Kepler-40 b,0.405118
Kepler-40 b,0.405118
Kepler-40 b,0.405118
Kepler-40 b,0.405118
Kepler-40 b,0.405118
Kepler-40 b,0.405118
Kepler-40 b,0.405118
Kepler-40 b,0.405118
Kepler-40 b,0.405118
Kepler-401 b,1.00691
Kepler-401 b,1.00691
Kepler-401 b,1.00691
Kepler-401 b,1.00691
Kepler-401 b,1.00691
Kepler-401 b,1.00691
Kepler-401 b,1.00691
Kepler-401 b,1.00691
Kepler-401 b,1.00691
Kepler-401 b,1.00691
Kepler-401 b,1.00691
Kepler-401 b,1.00691
Kepler-401 c,1.00691
Kepler-401 c,1.00691
Kepler-401 c,1.00691
Kepler-401 c,1.00691
Kepler-401 c,1.00691
Kepler-401 c,1.00691
Kepler-401 c,1.00691
Kepler-401 c,1.00691
Kepler-401 c,1.00691
Kepler-401 c,1.00691
Kepler-401 c,1.00691
Kepler-401 c,1.00691
Kepler-401 d,1.00691
Kepler-401 d,1.00691
Kepler-401 d,1.00691
Kepler-401 d,1.00691
Kepler-401 d,1.00691
Kepler-401 d,1.00691
Kepler-401 d,1.00691
Kepler-401 d,1.00691
Kepler-402 b,1.57041
Kepler-402 b,1.57041
Kepler-402 b,1.57041
Kepler-402 b,1.57041
Kepler-402 b,1.57041
Kepler-402 b,1.57041
Kepler-402 b,1.57041
Kepler-402 b,1.57041
Kepler-402 b,1.57041
Kepler-402 b,1.57041
Kepler-402 b,1.57041
Kepler-402 c,1.57041
Kepler-402 c,1.57041
Kepler-402 c,1.57041
Kepler-402 c,1.57041
Kepler-402 c,1.57041
Kepler-402 c,1.57041
Kepler-402 c,1.57041
Kepler-402 c,1.57041
Kepler-402 c,1.57041
Kepler-402 c,1.57041
Kepler-402 c,1.57041
Kepler-402 c,1.57041
Kepler-402 d,1.57041
Kepler-402 d,1.57041
Kepler-402 d,1.57041
Kepler-402 d,1.57041
Kepler-402 d,1.57041
Kepler-402 d,1.57041
Kepler-402 d,1.57041
Kepler-402 d,1.57041
Kepler-402 d,1.57041
Kepler-402 d,1.57041
Kepler-402 d,1.57041
Kepler-402 d,1.57041
Kepler-402 e,1.57041
Kepler-402 e,1.57041
Kepler-402 e,1.57041
Kepler-402 e,1.57041
Kepler-402 e,1.57041
Kepler-402 e,1.57041
Kepler-402 e,1.57041
Kepler-402 e,1.57041
Kepler-402 e,1.57041
Kepler-402 e,1.57041
Kepler-402 e,1.57041
Kepler-402 e,1.57041
Kepler-403 b,1.16154
Kepler-403 b,1.16154
Kepler-403 b,1.16154
Kepler-403 b,1.16154
Kepler-403 b,1.16154
Kepler-403 b,1.16154
Kepler-403 b,1.16154
Kepler-403 b,1.16154
Kepler-403 b,1.16154
Kepler-403 b,1.16154
Kepler-403 b,1.16154
Kepler-403 b,1.16154
Kepler-403 b,1.16154
Kepler-403 c,1.16154
Kepler-403 c,1.16154
Kepler-403 c,1.16154
Kepler-403 c,1.16154
Kepler-403 c,1.16154
Kepler-403 c,1.16154
Kepler-403 c,1.16154
Kepler-403 c,1.16154
Kepler-403 c,1.16154
Kepler-403 c,1.16154
Kepler-403 c,1.16154
Kepler-403 c,1.16154
Kepler-403 c,1.16154
Kepler-403 d,1.16154
Kepler-403 d,1.16154
Kepler-403 d,1.16154
Kepler-403 d,1.16154
Kepler-403 d,1.16154
Kepler-403 d,1.16154
Kepler-403 d,1.16154
Kepler-403 d,1.16154
Kepler-403 d,1.16154
Kepler-403 d,1.16154
Kepler-403 d,1.16154
Kepler-404 b,1.20213
Kepler-404 b,1.20213
Kepler-404 b,1.20213
Kepler-404 b,1.20213
Kepler-404 b,1.20213
Kepler-404 b,1.20213
Kepler-404 b,1.20213
Kepler-404 b,1.20213
Kepler-404 c,1.20213
Kepler-404 c,1.20213
Kepler-404 c,1.20213
Kepler-404 c,1.20213
Kepler-404 c,1.20213
Kepler-404 c,1.20213
Kepler-404 c,1.20213
Kepler-405 b,0.91164
Kepler-405 b,0.91164
Kepler-405 b,0.91164
Kepler-405 b,0.91164
Kepler-405 b,0.91164
Kepler-405 b,0.91164
Kepler-405 b,0.91164
Kepler-405 b,0.91164
Kepler-405 b,0.91164
Kepler-405 b,0.91164
Kepler-405 b,0.91164
Kepler-405 c,0.91164
Kepler-405 c,0.91164
Kepler-405 c,0.91164
Kepler-405 c,0.91164
Kepler-405 c,0.91164
Kepler-405 c,0.91164
Kepler-405 c,0.91164
Kepler-405 c,0.91164
Kepler-405 c,0.91164
Kepler-405 c,0.91164
Kepler-405 c,0.91164
Kepler-406 b,2.71841
Kepler-406 b,2.71841
Kepler-406 b,2.71841
Kepler-406 b,2.71841
Kepler-406 b,2.71841
Kepler-406 b,2.71841
Kepler-406 b,2.71841
Kepler-406 b,2.71841
Kepler-406 b,2.71841
Kepler-406 b,2.71841
Kepler-406 b,2.71841
Kepler-406 b,2.71841
Kepler-406 b,2.71841
Kepler-406 c,2.71841
Kepler-406 c,2.71841
Kepler-406 c,2.71841
Kepler-406 c,2.71841
Kepler-406 c,2.71841
Kepler-406 c,2.71841
Kepler-406 c,2.71841
Kepler-406 c,2.71841
Kepler-406 c,2.71841
Kepler-406 c,2.71841
Kepler-406 c,2.71841
Kepler-406 c,2.71841
Kepler-407 b,2.92662
Kepler-407 b,2.92662
Kepler-407 b,2.92662
Kepler-407 b,2.92662
Kepler-407 b,2.92662
Kepler-407 b,2.92662
Kepler-407 b,2.92662
Kepler-407 b,2.92662
Kepler-407 b,2.92662
Kepler-407 b,2.92662
Kepler-407 b,2.92662
Kepler-407 b,2.92662
Kepler-407 b,2.92662
Kepler-407 b,2.92662
Kepler-407 c,2.92662
Kepler-407 c,2.92662
Kepler-408 b,11.2346
Kepler-408 b,11.2346
Kepler-408 b,11.2346
Kepler-408 b,11.2346
Kepler-408 b,11.2346
Kepler-408 b,11.2346
Kepler-408 b,11.2346
Kepler-408 b,11.2346
Kepler-408 b,11.2346
Kepler-408 b,11.2346
Kepler-408 b,11.2346
Kepler-408 b,11.2346
Kepler-409 b,14.6396
Kepler-409 b,14.6396
Kepler-409 b,14.6396
Kepler-409 b,14.6396
Kepler-409 b,14.6396
Kepler-409 b,14.6396
Kepler-409 b,14.6396
Kepler-409 b,14.6396
Kepler-409 b,14.6396
Kepler-409 b,14.6396
Kepler-409 b,14.6396
Kepler-409 b,14.6396
Kepler-409 b,14.6396
Kepler-41 b,0.886442
Kepler-41 b,0.886442
Kepler-41 b,0.886442
Kepler-41 b,0.886442
Kepler-41 b,0.886442
Kepler-41 b,0.886442
Kepler-41 b,0.886442
Kepler-41 b,0.886442
Kepler-41 b,0.886442
Kepler-41 b,0.886442
Kepler-41 b,0.886442
Kepler-41 b,0.886442
Kepler-41 b,0.886442
Kepler-41 b,0.886442
Kepler-41 b,0.886442
Kepler-41 b,0.886442
Kepler-41 b,0.886442
Kepler-410 A b,6.74954
Kepler-410 A b,6.74954
Kepler-410 A b,6.74954
Kepler-410 A b,6.74954
Kepler-410 A b,6.74954
Kepler-410 A b,6.74954
Kepler-410 A b,6.74954
Kepler-410 A b,6.74954
Kepler-410 A b,6.74954
Kepler-410 A b,6.74954
Kepler-410 A b,6.74954
Kepler-410 A b,6.74954
Kepler-411 b,6.47831
Kepler-411 b,6.47831
Kepler-411 b,6.47831
Kepler-411 b,6.47831
Kepler-411 b,6.47831
Kepler-411 b,6.47831
Kepler-411 b,6.47831
Kepler-411 b,6.47831
Kepler-411 b,6.47831
Kepler-411 b,6.47831
Kepler-411 b,6.47831
Kepler-411 b,6.47831
Kepler-411 b,6.47831
Kepler-411 b,6.47831
Kepler-411 c,6.47831
Kepler-411 c,6.47831
Kepler-411 c,6.47831
Kepler-411 c,6.47831
Kepler-411 c,6.47831
Kepler-411 c,6.47831
Kepler-411 c,6.47831
Kepler-411 c,6.47831
Kepler-411 c,6.47831
Kepler-411 c,6.47831
Kepler-411 c,6.47831
Kepler-411 c,6.47831
Kepler-411 c,6.47831
Kepler-411 d,6.47831
Kepler-411 d,6.47831
Kepler-411 d,6.47831
Kepler-411 d,6.47831
Kepler-411 d,6.47831
Kepler-411 d,6.47831
Kepler-411 d,6.47831
Kepler-411 d,6.47831
Kepler-411 d,6.47831
Kepler-411 e,6.47831
Kepler-412 b,0.891809
Kepler-412 b,0.891809
Kepler-412 b,0.891809
Kepler-412 b,0.891809
Kepler-412 b,0.891809
Kepler-412 b,0.891809
Kepler-412 b,0.891809
Kepler-412 b,0.891809
Kepler-412 b,0.891809
Kepler-412 b,0.891809
Kepler-412 b,0.891809
Kepler-412 b,0.891809
Kepler-412 b,0.891809
Kepler-412 b,0.891809
Kepler-413 b,1.15163
Kepler-414 b,2.38983
Kepler-414 b,2.38983
Kepler-414 b,2.38983
Kepler-414 b,2.38983
Kepler-414 b,2.38983
Kepler-414 b,2.38983
Kepler-414 b,2.38983
Kepler-414 b,2.38983
Kepler-414 b,2.38983
Kepler-414 b,2.38983
Kepler-414 b,2.38983
Kepler-414 c,2.38983
Kepler-414 c,2.38983
Kepler-414 c,2.38983
Kepler-414 c,2.38983
Kepler-414 c,2.38983
Kepler-414 c,2.38983
Kepler-414 c,2.38983
Kepler-414 c,2.38983
Kepler-414 c,2.38983
Kepler-414 c,2.38983
Kepler-414 c,2.38983
Kepler-415 b,1.8574
Kepler-415 b,1.8574
Kepler-415 b,1.8574
Kepler-415 b,1.8574
Kepler-415 b,1.8574
Kepler-415 b,1.8574
Kepler-415 b,1.8574
Kepler-415 b,1.8574
Kepler-415 b,1.8574
Kepler-415 c,1.8574
Kepler-415 c,1.8574
Kepler-415 c,1.8574
Kepler-415 c,1.8574
Kepler-415 c,1.8574
Kepler-415 c,1.8574
Kepler-415 c,1.8574
Kepler-415 c,1.8574
Kepler-415 c,1.8574
Kepler-415 c,1.8574
Kepler-416 b,1.41892
Kepler-416 b,1.41892
Kepler-416 b,1.41892
Kepler-416 b,1.41892
Kepler-416 b,1.41892
Kepler-416 b,1.41892
Kepler-416 b,1.41892
Kepler-416 b,1.41892
Kepler-416 b,1.41892
Kepler-416 b,1.41892
Kepler-416 b,1.41892
Kepler-416 c,1.41892
Kepler-416 c,1.41892
Kepler-416 c,1.41892
Kepler-416 c,1.41892
Kepler-416 c,1.41892
Kepler-416 c,1.41892
Kepler-416 c,1.41892
Kepler-416 c,1.41892
Kepler-416 c,1.41892
Kepler-416 c,1.41892
Kepler-416 c,1.41892
Kepler-416 d,1.41892
Kepler-416 d,1.41892
Kepler-416 d,1.41892
Kepler-416 d,1.41892
Kepler-416 d,1.41892
Kepler-416 d,1.41892
Kepler-416 d,1.41892
Kepler-416 d,1.41892
Kepler-417 b,1.00053
Kepler-417 b,1.00053
Kepler-417 b,1.00053
Kepler-417 b,1.00053
Kepler-417 b,1.00053
Kepler-417 b,1.00053
Kepler-417 b,1.00053
Kepler-417 b,1.00053
Kepler-417 b,1.00053
Kepler-417 b,1.00053
Kepler-417 c,1.00053
Kepler-417 c,1.00053
Kepler-417 c,1.00053
Kepler-417 c,1.00053
Kepler-417 c,1.00053
Kepler-417 c,1.00053
Kepler-417 c,1.00053
Kepler-417 c,1.00053
Kepler-417 c,1.00053
Kepler-417 c,1.00053
Kepler-418 b,0.969069
Kepler-418 b,0.969069
Kepler-418 b,0.969069
Kepler-418 b,0.969069
Kepler-418 b,0.969069
Kepler-418 b,0.969069
Kepler-418 b,0.969069
Kepler-418 b,0.969069
Kepler-418 b,0.969069
Kepler-418 b,0.969069
Kepler-418 b,0.969069
Kepler-418 b,0.969069
Kepler-418 b,0.969069
Kepler-418 c,0.969069
Kepler-418 c,0.969069
Kepler-418 c,0.969069
Kepler-418 c,0.969069
Kepler-418 c,0.969069
Kepler-418 c,0.969069
Kepler-418 c,0.969069
Kepler-418 c,0.969069
Kepler-418 c,0.969069
Kepler-419 b,0.960327
Kepler-419 b,0.960327
Kepler-419 b,0.960327
Kepler-419 b,0.960327
Kepler-419 b,0.960327
Kepler-419 b,0.960327
Kepler-419 b,0.960327
Kepler-419 b,0.960327
Kepler-419 b,0.960327
Kepler-419 b,0.960327
Kepler-419 b,0.960327
Kepler-419 b,0.960327
Kepler-419 c,0.960327
Kepler-42 b,24.934
Kepler-42 b,24.934
Kepler-42 b,24.934
Kepler-42 b,24.934
Kepler-42 b,24.934
Kepler-42 b,24.934
Kepler-42 b,24.934
Kepler-42 b,24.934
Kepler-42 b,24.934
Kepler-42 b,24.934
Kepler-42 b,24.934
Kepler-42 b,24.934
Kepler-42 b,24.934
Kepler-42 c,24.934
Kepler-42 c,24.934
Kepler-42 c,24.934
Kepler-42 c,24.934
Kepler-42 c,24.934
Kepler-42 c,24.934
Kepler-42 c,24.934
Kepler-42 c,24.934
Kepler-42 c,24.934
Kepler-42 c,24.934
Kepler-42 c,24.934
Kepler-42 d,24.934
Kepler-42 d,24.934
Kepler-42 d,24.934
Kepler-42 d,24.934
Kepler-42 d,24.934
Kepler-42 d,24.934
Kepler-42 d,24.934
Kepler-42 d,24.934
Kepler-42 d,24.934
Kepler-42 d,24.934
Kepler-42 d,24.934
Kepler-42 d,24.934
Kepler-42 d,24.934
Kepler-421 b,2.84011
Kepler-421 b,2.84011
Kepler-421 b,2.84011
Kepler-421 b,2.84011
Kepler-421 b,2.84011
Kepler-421 b,2.84011
Kepler-421 b,2.84011
Kepler-422 b,1.35465
Kepler-422 b,1.35465
Kepler-422 b,1.35465
Kepler-422 b,1.35465
Kepler-422 b,1.35465
Kepler-422 b,1.35465
Kepler-422 b,1.35465
Kepler-422 b,1.35465
Kepler-422 b,1.35465
Kepler-422 b,1.35465
Kepler-422 b,1.35465
Kepler-422 b,1.35465
Kepler-422 b,1.35465
Kepler-422 b,1.35465
Kepler-422 b,1.35465
Kepler-423 b,1.28941
Kepler-423 b,1.28941
Kepler-423 b,1.28941
Kepler-423 b,1.28941
Kepler-423 b,1.28941
Kepler-423 b,1.28941
Kepler-423 b,1.28941
Kepler-423 b,1.28941
Kepler-423 b,1.28941
Kepler-423 b,1.28941
Kepler-423 b,1.28941
Kepler-423 b,1.28941
Kepler-423 b,1.28941
Kepler-423 b,1.28941
Kepler-424 b,1.40277
Kepler-424 b,1.40277
Kepler-424 b,1.40277
Kepler-424 b,1.40277
Kepler-424 b,1.40277
Kepler-424 b,1.40277
Kepler-424 b,1.40277
Kepler-424 b,1.40277
Kepler-424 b,1.40277
Kepler-424 b,1.40277
Kepler-424 b,1.40277
Kepler-424 b,1.40277
Kepler-424 b,1.40277
Kepler-424 b,1.40277
Kepler-424 c,1.40277
Kepler-425 b,1.51803
Kepler-425 b,1.51803
Kepler-425 b,1.51803
Kepler-425 b,1.51803
Kepler-425 b,1.51803
Kepler-425 b,1.51803
Kepler-425 b,1.51803
Kepler-425 b,1.51803
Kepler-425 b,1.51803
Kepler-425 b,1.51803
Kepler-425 b,1.51803
Kepler-425 b,1.51803
Kepler-425 b,1.51803
Kepler-426 b,1.15656
Kepler-426 b,1.15656
Kepler-426 b,1.15656
Kepler-426 b,1.15656
Kepler-426 b,1.15656
Kepler-426 b,1.15656
Kepler-426 b,1.15656
Kepler-426 b,1.15656
Kepler-426 b,1.15656
Kepler-426 b,1.15656
Kepler-426 b,1.15656
Kepler-426 b,1.15656
Kepler-426 b,1.15656
Kepler-426 b,1.15656
Kepler-427 b,0.953714
Kepler-427 b,0.953714
Kepler-427 b,0.953714
Kepler-427 b,0.953714
Kepler-427 b,0.953714
Kepler-427 b,0.953714
Kepler-427 b,0.953714
Kepler-427 b,0.953714
Kepler-427 b,0.953714
Kepler-427 b,0.953714
Kepler-427 b,0.953714
Kepler-427 b,0.953714
Kepler-428 b,1.42912
Kepler-428 b,1.42912
Kepler-428 b,1.42912
Kepler-428 b,1.42912
Kepler-428 b,1.42912
Kepler-428 b,1.42912
Kepler-428 b,1.42912
Kepler-428 b,1.42912
Kepler-428 b,1.42912
Kepler-428 b,1.42912
Kepler-428 b,1.42912
Kepler-428 b,1.42912
Kepler-428 b,1.42912
Kepler-43 b,0.965345
Kepler-43 b,0.965345
Kepler-43 b,0.965345
Kepler-43 b,0.965345
Kepler-43 b,0.965345
Kepler-43 b,0.965345
Kepler-43 b,0.965345
Kepler-43 b,0.965345
Kepler-43 b,0.965345
Kepler-43 b,0.965345
Kepler-43 b,0.965345
Kepler-43 b,0.965345
Kepler-43 b,0.965345
Kepler-43 b,0.965345
Kepler-43 b,0.965345
Kepler-43 b,0.965345
Kepler-430 b,1.06127
Kepler-430 b,1.06127
Kepler-430 b,1.06127
Kepler-430 b,1.06127
Kepler-430 b,1.06127
Kepler-430 b,1.06127
Kepler-430 b,1.06127
Kepler-430 b,1.06127
Kepler-430 b,1.06127
Kepler-430 b,1.06127
Kepler-430 b,1.06127
Kepler-430 c,1.06127
Kepler-430 c,1.06127
Kepler-430 c,1.06127
Kepler-430 c,1.06127
Kepler-430 c,1.06127
Kepler-430 c,1.06127
Kepler-430 c,1.06127
Kepler-430 c,1.06127
Kepler-430 c,1.06127
Kepler-430 c,1.06127
Kepler-431 b,2.02658
Kepler-431 b,2.02658
Kepler-431 b,2.02658
Kepler-431 b,2.02658
Kepler-431 b,2.02658
Kepler-431 b,2.02658
Kepler-431 b,2.02658
Kepler-431 b,2.02658
Kepler-431 b,2.02658
Kepler-431 b,2.02658
Kepler-431 c,2.02658
Kepler-431 c,2.02658
Kepler-431 c,2.02658
Kepler-431 c,2.02658
Kepler-431 c,2.02658
Kepler-431 c,2.02658
Kepler-431 c,2.02658
Kepler-431 c,2.02658
Kepler-431 c,2.02658
Kepler-431 c,2.02658
Kepler-431 d,2.02658
Kepler-431 d,2.02658
Kepler-431 d,2.02658
Kepler-431 d,2.02658
Kepler-431 d,2.02658
Kepler-431 d,2.02658
Kepler-431 d,2.02658
Kepler-431 d,2.02658
Kepler-431 d,2.02658
Kepler-431 d,2.02658
Kepler-432 b,1.15095
Kepler-432 b,1.15095
Kepler-432 b,1.15095
Kepler-432 b,1.15095
Kepler-432 b,1.15095
Kepler-432 b,1.15095
Kepler-432 b,1.15095
Kepler-432 b,1.15095
Kepler-432 b,1.15095
Kepler-432 b,1.15095
Kepler-432 b,1.15095
Kepler-432 b,1.15095
Kepler-432 b,1.15095
Kepler-432 b,1.15095
Kepler-432 c,1.15095
Kepler-433 b,0.504328
Kepler-433 b,0.504328
Kepler-433 b,0.504328
Kepler-433 b,0.504328
Kepler-433 b,0.504328
Kepler-433 b,0.504328
Kepler-433 b,0.504328
Kepler-433 b,0.504328
Kepler-433 b,0.504328
Kepler-433 b,0.504328
Kepler-434 b,0.789585
Kepler-434 b,0.789585
Kepler-434 b,0.789585
Kepler-434 b,0.789585
Kepler-434 b,0.789585
Kepler-434 b,0.789585
Kepler-434 b,0.789585
Kepler-434 b,0.789585
Kepler-434 b,0.789585
Kepler-434 b,0.789585
Kepler-434 b,0.789585
Kepler-435 b,0.676165
Kepler-435 b,0.676165
Kepler-435 b,0.676165
Kepler-435 b,0.676165
Kepler-435 b,0.676165
Kepler-435 b,0.676165
Kepler-435 b,0.676165
Kepler-435 b,0.676165
Kepler-435 b,0.676165
Kepler-435 b,0.676165
Kepler-435 b,0.676165
Kepler-435 b,0.676165
Kepler-435 b,0.676165
Kepler-435 b,0.676165
Kepler-435 b,0.676165
Kepler-436 b,1.67105
Kepler-436 b,1.67105
Kepler-436 b,1.67105
Kepler-436 b,1.67105
Kepler-436 b,1.67105
Kepler-436 b,1.67105
Kepler-436 b,1.67105
Kepler-436 b,1.67105
Kepler-436 b,1.67105
Kepler-436 b,1.67105
Kepler-436 b,1.67105
Kepler-436 c,1.67105
Kepler-436 c,1.67105
Kepler-436 c,1.67105
Kepler-436 c,1.67105
Kepler-436 c,1.67105
Kepler-436 c,1.67105
Kepler-436 c,1.67105
Kepler-436 c,1.67105
Kepler-436 c,1.67105
Kepler-436 c,1.67105
Kepler-436 c,1.67105
Kepler-439 b,1.29224
Kepler-439 b,1.29224
Kepler-439 b,1.29224
Kepler-439 b,1.29224
Kepler-439 b,1.29224
Kepler-439 b,1.29224
Kepler-439 b,1.29224
Kepler-439 b,1.29224
Kepler-439 b,1.29224
Kepler-439 b,1.29224
Kepler-439 b,1.29224
Kepler-439 b,1.29224
Kepler-44 b,0.81357
Kepler-44 b,0.81357
Kepler-44 b,0.81357
Kepler-44 b,0.81357
Kepler-44 b,0.81357
Kepler-44 b,0.81357
Kepler-44 b,0.81357
Kepler-44 b,0.81357
Kepler-44 b,0.81357
Kepler-44 b,0.81357
Kepler-44 b,0.81357
Kepler-44 b,0.81357
Kepler-44 b,0.81357
Kepler-44 b,0.81357
Kepler-44 b,0.81357
Kepler-440 b,3.29324
Kepler-440 b,3.29324
Kepler-440 b,3.29324
Kepler-440 b,3.29324
Kepler-440 b,3.29324
Kepler-440 b,3.29324
Kepler-440 b,3.29324
Kepler-440 b,3.29324
Kepler-440 b,3.29324
Kepler-440 b,3.29324
Kepler-440 b,3.29324
Kepler-441 b,3.70258
Kepler-441 b,3.70258
Kepler-441 b,3.70258
Kepler-441 b,3.70258
Kepler-441 b,3.70258
Kepler-441 b,3.70258
Kepler-441 b,3.70258
Kepler-441 b,3.70258
Kepler-441 b,3.70258
Kepler-442 b,2.70374
Kepler-442 b,2.70374
Kepler-442 b,2.70374
Kepler-442 b,2.70374
Kepler-442 b,2.70374
Kepler-442 b,2.70374
Kepler-442 b,2.70374
Kepler-442 b,2.70374
Kepler-442 b,2.70374
Kepler-442 b,2.70374
Kepler-443 b,1.21845
Kepler-443 b,1.21845
Kepler-443 b,1.21845
Kepler-443 b,1.21845
Kepler-443 b,1.21845
Kepler-443 b,1.21845
Kepler-443 b,1.21845
Kepler-443 b,1.21845
Kepler-443 b,1.21845
Kepler-443 b,1.21845
Kepler-443 b,1.21845
Kepler-444 b,27.4137
Kepler-444 b,27.4137
Kepler-444 b,27.4137
Kepler-444 b,27.4137
Kepler-444 b,27.4137
Kepler-444 b,27.4137
Kepler-444 b,27.4137
Kepler-444 b,27.4137
Kepler-444 c,27.4137
Kepler-444 c,27.4137
Kepler-444 c,27.4137
Kepler-444 c,27.4137
Kepler-444 c,27.4137
Kepler-444 c,27.4137
Kepler-444 c,27.4137
Kepler-444 c,27.4137
Kepler-444 c,27.4137
Kepler-444 c,27.4137
Kepler-444 d,27.4137
Kepler-444 d,27.4137
Kepler-444 d,27.4137
Kepler-444 d,27.4137
Kepler-444 d,27.4137
Kepler-444 d,27.4137
Kepler-444 d,27.4137
Kepler-444 d,27.4137
Kepler-444 d,27.4137
Kepler-444 d,27.4137
Kepler-444 d,27.4137
Kepler-444 e,27.4137
Kepler-444 e,27.4137
Kepler-444 e,27.4137
Kepler-444 e,27.4137
Kepler-444 e,27.4137
Kepler-444 e,27.4137
Kepler-444 e,27.4137
Kepler-444 e,27.4137
Kepler-444 e,27.4137
Kepler-444 e,27.4137
Kepler-444 e,27.4137
Kepler-444 f,27.4137
Kepler-444 f,27.4137
Kepler-444 f,27.4137
Kepler-444 f,27.4137
Kepler-444 f,27.4137
Kepler-444 f,27.4137
Kepler-444 f,27.4137
Kepler-444 f,27.4137
Kepler-444 f,27.4137
Kepler-444 f,27.4137
Kepler-445 b,7.83347
Kepler-445 b,7.83347
Kepler-445 b,7.83347
Kepler-445 b,7.83347
Kepler-445 b,7.83347
Kepler-445 b,7.83347
Kepler-445 b,7.83347
Kepler-445 b,7.83347
Kepler-445 b,7.83347
Kepler-445 b,7.83347
Kepler-445 b,7.83347
Kepler-445 b,7.83347
Kepler-445 c,7.83347
Kepler-445 c,7.83347
Kepler-445 c,7.83347
Kepler-445 c,7.83347
Kepler-445 c,7.83347
Kepler-445 c,7.83347
Kepler-445 c,7.83347
Kepler-445 c,7.83347
Kepler-445 c,7.83347
Kepler-445 c,7.83347
Kepler-445 c,7.83347
Kepler-445 c,7.83347
Kepler-445 d,7.83347
Kepler-445 d,7.83347
Kepler-445 d,7.83347
Kepler-445 d,7.83347
Kepler-445 d,7.83347
Kepler-445 d,7.83347
Kepler-446 b,10.3516
Kepler-446 b,10.3516
Kepler-446 b,10.3516
Kepler-446 b,10.3516
Kepler-446 b,10.3516
Kepler-446 b,10.3516
Kepler-446 b,10.3516
Kepler-446 b,10.3516
Kepler-446 b,10.3516
Kepler-446 b,10.3516
Kepler-446 b,10.3516
Kepler-446 b,10.3516
Kepler-446 c,10.3516
Kepler-446 c,10.3516
Kepler-446 c,10.3516
Kepler-446 c,10.3516
Kepler-446 c,10.3516
Kepler-446 c,10.3516
Kepler-446 c,10.3516
Kepler-446 c,10.3516
Kepler-446 c,10.3516
Kepler-446 c,10.3516
Kepler-446 d,10.3516
Kepler-446 d,10.3516
Kepler-446 d,10.3516
Kepler-446 d,10.3516
Kepler-446 d,10.3516
Kepler-446 d,10.3516
Kepler-446 d,10.3516
Kepler-446 d,10.3516
Kepler-446 d,10.3516
Kepler-446 d,10.3516
Kepler-446 d,10.3516
Kepler-446 d,10.3516
Kepler-447 b,3.70206
Kepler-447 b,3.70206
Kepler-447 b,3.70206
Kepler-447 b,3.70206
Kepler-447 b,3.70206
Kepler-447 b,3.70206
Kepler-447 b,3.70206
Kepler-447 b,3.70206
Kepler-447 b,3.70206
Kepler-447 b,3.70206
Kepler-447 b,3.70206
Kepler-447 b,3.70206
Kepler-447 b,3.70206
Kepler-447 b,3.70206
Kepler-448 c,2.4753
Kepler-45 b,2.59039
Kepler-45 b,2.59039
Kepler-45 b,2.59039
Kepler-45 b,2.59039
Kepler-45 b,2.59039
Kepler-45 b,2.59039
Kepler-45 b,2.59039
Kepler-45 b,2.59039
Kepler-45 b,2.59039
Kepler-45 b,2.59039
Kepler-45 b,2.59039
Kepler-45 b,2.59039
Kepler-45 b,2.59039
Kepler-45 b,2.59039
Kepler-45 b,2.59039
Kepler-45 b,2.59039
Kepler-45 b,2.59039
Kepler-45 b,2.59039
Kepler-450 b,2.16449
Kepler-450 b,2.16449
Kepler-450 b,2.16449
Kepler-450 b,2.16449
Kepler-450 b,2.16449
Kepler-450 b,2.16449
Kepler-450 b,2.16449
Kepler-450 b,2.16449
Kepler-450 b,2.16449
Kepler-450 b,2.16449
Kepler-450 b,2.16449
Kepler-450 b,2.16449
Kepler-450 b,2.16449
Kepler-450 b,2.16449
Kepler-450 b,2.16449
Kepler-450 c,2.16449
Kepler-450 c,2.16449
Kepler-450 c,2.16449
Kepler-450 c,2.16449
Kepler-450 c,2.16449
Kepler-450 c,2.16449
Kepler-450 c,2.16449
Kepler-450 c,2.16449
Kepler-450 c,2.16449
Kepler-450 c,2.16449
Kepler-450 c,2.16449
Kepler-450 c,2.16449
Kepler-450 c,2.16449
Kepler-450 c,2.16449
Kepler-450 d,2.16449
Kepler-450 d,2.16449
Kepler-450 d,2.16449
Kepler-450 d,2.16449
Kepler-450 d,2.16449
Kepler-450 d,2.16449
Kepler-450 d,2.16449
Kepler-450 d,2.16449
Kepler-450 d,2.16449
Kepler-450 d,2.16449
Kepler-451 c,2.49522
Kepler-451 d,2.49522
Kepler-452 b,1.78375
Kepler-452 b,1.78375
Kepler-452 b,1.78375
Kepler-452 b,1.78375
Kepler-452 b,1.78375
Kepler-452 b,1.78375
Kepler-453 b,2.22924
Kepler-454 b,4.3027
Kepler-454 b,4.3027
Kepler-454 b,4.3027
Kepler-454 b,4.3027
Kepler-454 b,4.3027
Kepler-454 b,4.3027
Kepler-454 b,4.3027
Kepler-454 b,4.3027
Kepler-454 b,4.3027
Kepler-454 b,4.3027
Kepler-454 b,4.3027
Kepler-454 b,4.3027
Kepler-454 b,4.3027
Kepler-454 b,4.3027
Kepler-454 b,4.3027
Kepler-454 c,4.3027
Kepler-454 c,4.3027
Kepler-454 c,4.3027
Kepler-454 d,4.3027
Kepler-454 d,4.3027
Kepler-457 d,0.90386
Kepler-457 d,0.90386
Kepler-457 d,0.90386
Kepler-458 c,0.598486
Kepler-458 c,0.598486
Kepler-458 c,0.598486
Kepler-458 c,0.598486
Kepler-458 c,0.598486
Kepler-458 c,0.598486
Kepler-458 c,0.598486
Kepler-458 c,0.598486
Kepler-458 c,0.598486
Kepler-458 c,0.598486
Kepler-458 c,0.598486
Kepler-46 b,1.25859
Kepler-46 b,1.25859
Kepler-46 b,1.25859
Kepler-46 b,1.25859
Kepler-46 b,1.25859
Kepler-46 b,1.25859
Kepler-46 b,1.25859
Kepler-46 b,1.25859
Kepler-46 b,1.25859
Kepler-46 b,1.25859
Kepler-46 b,1.25859
Kepler-46 b,1.25859
Kepler-46 c,1.25859
Kepler-46 c,1.25859
Kepler-46 d,1.25859
Kepler-46 d,1.25859
Kepler-46 d,1.25859
Kepler-46 d,1.25859
Kepler-46 d,1.25859
Kepler-46 d,1.25859
Kepler-46 d,1.25859
Kepler-46 d,1.25859
Kepler-46 d,1.25859
Kepler-46 d,1.25859
Kepler-46 d,1.25859
Kepler-460 c,0.756155
Kepler-460 c,0.756155
Kepler-460 c,0.756155
Kepler-460 c,0.756155
Kepler-460 c,0.756155
Kepler-460 c,0.756155
Kepler-460 c,0.756155
Kepler-460 c,0.756155
Kepler-461 b,1.41593
Kepler-461 b,1.41593
Kepler-461 b,1.41593
Kepler-461 b,1.41593
Kepler-461 b,1.41593
Kepler-461 b,1.41593
Kepler-461 b,1.41593
Kepler-461 b,1.41593
Kepler-461 b,1.41593
Kepler-461 b,1.41593
Kepler-461 b,1.41593
Kepler-462 b,1.64798
Kepler-462 b,1.64798
Kepler-462 b,1.64798
Kepler-462 b,1.64798
Kepler-462 b,1.64798
Kepler-462 b,1.64798
Kepler-462 b,1.64798
Kepler-462 b,1.64798
Kepler-462 b,1.64798
Kepler-462 b,1.64798
Kepler-462 b,1.64798
Kepler-462 b,1.64798
Kepler-462 c,1.64798
Kepler-462 c,1.64798
Kepler-462 c,1.64798
Kepler-462 c,1.64798
Kepler-462 c,1.64798
Kepler-462 c,1.64798
Kepler-462 c,1.64798
Kepler-462 c,1.64798
Kepler-463 b,2.50425
Kepler-463 b,2.50425
Kepler-463 b,2.50425
Kepler-463 b,2.50425
Kepler-463 b,2.50425
Kepler-463 b,2.50425
Kepler-463 b,2.50425
Kepler-463 b,2.50425
Kepler-463 b,2.50425
Kepler-463 b,2.50425
Kepler-463 b,2.50425
Kepler-464 b,1.46931
Kepler-464 b,1.46931
Kepler-464 b,1.46931
Kepler-464 b,1.46931
Kepler-464 b,1.46931
Kepler-464 b,1.46931
Kepler-464 b,1.46931
Kepler-464 b,1.46931
Kepler-464 b,1.46931
Kepler-464 b,1.46931
Kepler-464 b,1.46931
Kepler-465 b,1.77944
Kepler-465 b,1.77944
Kepler-465 b,1.77944
Kepler-465 b,1.77944
Kepler-465 b,1.77944
Kepler-465 b,1.77944
Kepler-465 b,1.77944
Kepler-465 b,1.77944
Kepler-465 b,1.77944
Kepler-465 b,1.77944
Kepler-465 b,1.77944
Kepler-467 b,2.11608
Kepler-467 b,2.11608
Kepler-467 b,2.11608
Kepler-467 b,2.11608
Kepler-467 b,2.11608
Kepler-467 b,2.11608
Kepler-467 b,2.11608
Kepler-467 b,2.11608
Kepler-467 b,2.11608
Kepler-467 b,2.11608
Kepler-467 b,2.11608
Kepler-468 b,2.22914
Kepler-468 b,2.22914
Kepler-468 b,2.22914
Kepler-468 b,2.22914
Kepler-468 b,2.22914
Kepler-468 b,2.22914
Kepler-468 b,2.22914
Kepler-468 b,2.22914
Kepler-468 b,2.22914
Kepler-468 b,2.22914
Kepler-47 b,0.947573
Kepler-47 b,0.947573
Kepler-47 c,0.947573
Kepler-47 c,0.947573
Kepler-47 d,0.947573
Kepler-471 b,0.771755
Kepler-471 b,0.771755
Kepler-471 b,0.771755
Kepler-471 b,0.771755
Kepler-471 b,0.771755
Kepler-471 b,0.771755
Kepler-471 b,0.771755
Kepler-471 b,0.771755
Kepler-471 b,0.771755
Kepler-471 b,0.771755
Kepler-472 b,3.23279
Kepler-472 b,3.23279
Kepler-472 b,3.23279
Kepler-472 b,3.23279
Kepler-472 b,3.23279
Kepler-472 b,3.23279
Kepler-472 b,3.23279
Kepler-472 b,3.23279
Kepler-472 b,3.23279
Kepler-472 b,3.23279
Kepler-472 b,3.23279
Kepler-473 b,1.07502
Kepler-473 b,1.07502
Kepler-473 b,1.07502
Kepler-473 b,1.07502
Kepler-473 b,1.07502
Kepler-473 b,1.07502
Kepler-473 b,1.07502
Kepler-473 b,1.07502
Kepler-473 b,1.07502
Kepler-473 b,1.07502
Kepler-473 b,1.07502
Kepler-474 b,1.15961
Kepler-474 b,1.15961
Kepler-474 b,1.15961
Kepler-474 b,1.15961
Kepler-474 b,1.15961
Kepler-474 b,1.15961
Kepler-474 b,1.15961
Kepler-474 b,1.15961
Kepler-474 b,1.15961
Kepler-474 b,1.15961
Kepler-475 b,3.54165
Kepler-475 b,3.54165
Kepler-475 b,3.54165
Kepler-475 b,3.54165
Kepler-475 b,3.54165
Kepler-475 b,3.54165
Kepler-475 b,3.54165
Kepler-475 b,3.54165
Kepler-475 b,3.54165
Kepler-475 b,3.54165
Kepler-479 b,2.87055
Kepler-479 b,2.87055
Kepler-479 b,2.87055
Kepler-479 b,2.87055
Kepler-479 b,2.87055
Kepler-479 b,2.87055
Kepler-479 b,2.87055
Kepler-479 b,2.87055
Kepler-479 b,2.87055
Kepler-479 b,2.87055
Kepler-479 b,2.87055
Kepler-48 b,3.23132
Kepler-48 b,3.23132
Kepler-48 b,3.23132
Kepler-48 b,3.23132
Kepler-48 b,3.23132
Kepler-48 b,3.23132
Kepler-48 b,3.23132
Kepler-48 b,3.23132
Kepler-48 b,3.23132
Kepler-48 b,3.23132
Kepler-48 b,3.23132
Kepler-48 b,3.23132
Kepler-48 b,3.23132
Kepler-48 b,3.23132
Kepler-48 b,3.23132
Kepler-48 c,3.23132
Kepler-48 c,3.23132
Kepler-48 c,3.23132
Kepler-48 c,3.23132
Kepler-48 c,3.23132
Kepler-48 c,3.23132
Kepler-48 c,3.23132
Kepler-48 c,3.23132
Kepler-48 c,3.23132
Kepler-48 c,3.23132
Kepler-48 c,3.23132
Kepler-48 c,3.23132
Kepler-48 c,3.23132
Kepler-48 c,3.23132
Kepler-48 c,3.23132
Kepler-48 d,3.23132
Kepler-48 d,3.23132
Kepler-48 d,3.23132
Kepler-48 d,3.23132
Kepler-48 d,3.23132
Kepler-48 d,3.23132
Kepler-48 d,3.23132
Kepler-48 d,3.23132
Kepler-48 d,3.23132
Kepler-48 d,3.23132
Kepler-48 d,3.23132
Kepler-48 d,3.23132
Kepler-48 d,3.23132
Kepler-48 e,3.23132
Kepler-48 e,3.23132
Kepler-48 f,3.23132
Kepler-480 b,1.15117
Kepler-480 b,1.15117
Kepler-480 b,1.15117
Kepler-480 b,1.15117
Kepler-480 b,1.15117
Kepler-480 b,1.15117
Kepler-480 b,1.15117
Kepler-480 b,1.15117
Kepler-480 b,1.15117
Kepler-480 b,1.15117
Kepler-480 b,1.15117
Kepler-481 b,1.20019
Kepler-481 b,1.20019
Kepler-481 b,1.20019
Kepler-481 b,1.20019
Kepler-481 b,1.20019
Kepler-481 b,1.20019
Kepler-481 b,1.20019
Kepler-481 b,1.20019
Kepler-481 b,1.20019
Kepler-481 b,1.20019
Kepler-481 b,1.20019
Kepler-482 b,3.16548
Kepler-482 b,3.16548
Kepler-482 b,3.16548
Kepler-482 b,3.16548
Kepler-482 b,3.16548
Kepler-482 b,3.16548
Kepler-482 b,3.16548
Kepler-482 b,3.16548
Kepler-482 b,3.16548
Kepler-482 b,3.16548
Kepler-482 b,3.16548
Kepler-483 b,1.13351
Kepler-483 b,1.13351
Kepler-483 b,1.13351
Kepler-483 b,1.13351
Kepler-483 b,1.13351
Kepler-483 b,1.13351
Kepler-483 b,1.13351
Kepler-483 b,1.13351
Kepler-483 b,1.13351
Kepler-483 b,1.13351
Kepler-483 b,1.13351
Kepler-484 b,2.58808
Kepler-484 b,2.58808
Kepler-484 b,2.58808
Kepler-484 b,2.58808
Kepler-484 b,2.58808
Kepler-484 b,2.58808
Kepler-484 b,2.58808
Kepler-484 b,2.58808
Kepler-484 b,2.58808
Kepler-484 b,2.58808
Kepler-484 b,2.58808
Kepler-485 b,0.84784
Kepler-485 b,0.84784
Kepler-485 b,0.84784
Kepler-485 b,0.84784
Kepler-485 b,0.84784
Kepler-485 b,0.84784
Kepler-485 b,0.84784
Kepler-485 b,0.84784
Kepler-485 b,0.84784
Kepler-485 b,0.84784
Kepler-485 b,0.84784
Kepler-485 b,0.84784
Kepler-487 b,1.11832
Kepler-487 b,1.11832
Kepler-487 b,1.11832
Kepler-487 b,1.11832
Kepler-487 b,1.11832
Kepler-487 b,1.11832
Kepler-487 b,1.11832
Kepler-487 b,1.11832
Kepler-487 b,1.11832
Kepler-487 b,1.11832
Kepler-487 b,1.11832
Kepler-487 b,1.11832
Kepler-487 c,1.11832
Kepler-487 c,1.11832
Kepler-487 c,1.11832
Kepler-487 c,1.11832
Kepler-487 c,1.11832
Kepler-487 c,1.11832
Kepler-487 c,1.11832
Kepler-487 c,1.11832
Kepler-487 c,1.11832
Kepler-487 c,1.11832
Kepler-487 d,1.11832
Kepler-487 d,1.11832
Kepler-487 d,1.11832
Kepler-487 d,1.11832
Kepler-487 d,1.11832
Kepler-487 d,1.11832
Kepler-487 d,1.11832
Kepler-487 d,1.11832
Kepler-487 d,1.11832
Kepler-489 b,2.67648
Kepler-489 b,2.67648
Kepler-489 b,2.67648
Kepler-489 b,2.67648
Kepler-489 b,2.67648
Kepler-489 b,2.67648
Kepler-489 b,2.67648
Kepler-489 b,2.67648
Kepler-489 b,2.67648
Kepler-489 b,2.67648
Kepler-489 b,2.67648
Kepler-49 b,3.1845
Kepler-49 b,3.1845
Kepler-49 b,3.1845
Kepler-49 b,3.1845
Kepler-49 b,3.1845
Kepler-49 b,3.1845
Kepler-49 b,3.1845
Kepler-49 b,3.1845
Kepler-49 b,3.1845
Kepler-49 b,3.1845
Kepler-49 b,3.1845
Kepler-49 b,3.1845
Kepler-49 b,3.1845
Kepler-49 b,3.1845
Kepler-49 b,3.1845
Kepler-49 b,3.1845
Kepler-49 b,3.1845
Kepler-49 c,3.1845
Kepler-49 c,3.1845
Kepler-49 c,3.1845
Kepler-49 c,3.1845
Kepler-49 c,3.1845
Kepler-49 c,3.1845
Kepler-49 c,3.1845
Kepler-49 c,3.1845
Kepler-49 c,3.1845
Kepler-49 c,3.1845
Kepler-49 c,3.1845
Kepler-49 c,3.1845
Kepler-49 c,3.1845
Kepler-49 c,3.1845
Kepler-49 c,3.1845
Kepler-49 c,3.1845
Kepler-49 c,3.1845
Kepler-49 d,3.1845
Kepler-49 d,3.1845
Kepler-49 d,3.1845
Kepler-49 d,3.1845
Kepler-49 d,3.1845
Kepler-49 d,3.1845
Kepler-49 d,3.1845
Kepler-49 d,3.1845
Kepler-49 d,3.1845
Kepler-49 d,3.1845
Kepler-49 d,3.1845
Kepler-49 d,3.1845
Kepler-49 d,3.1845
Kepler-49 d,3.1845
Kepler-49 d,3.1845
Kepler-49 e,3.1845
Kepler-49 e,3.1845
Kepler-49 e,3.1845
Kepler-49 e,3.1845
Kepler-49 e,3.1845
Kepler-49 e,3.1845
Kepler-49 e,3.1845
Kepler-49 e,3.1845
Kepler-49 e,3.1845
Kepler-49 e,3.1845
Kepler-49 e,3.1845
Kepler-49 e,3.1845
Kepler-49 e,3.1845
Kepler-49 e,3.1845
Kepler-490 b,0.628408
Kepler-490 b,0.628408
Kepler-490 b,0.628408
Kepler-490 b,0.628408
Kepler-490 b,0.628408
Kepler-490 b,0.628408
Kepler-490 b,0.628408
Kepler-490 b,0.628408
Kepler-490 b,0.628408
Kepler-490 b,0.628408
Kepler-491 b,1.55653
Kepler-491 b,1.55653
Kepler-491 b,1.55653
Kepler-491 b,1.55653
Kepler-491 b,1.55653
Kepler-491 b,1.55653
Kepler-491 b,1.55653
Kepler-491 b,1.55653
Kepler-491 b,1.55653
Kepler-491 b,1.55653
Kepler-491 b,1.55653
Kepler-493 b,0.545032
Kepler-493 b,0.545032
Kepler-493 b,0.545032
Kepler-493 b,0.545032
Kepler-493 b,0.545032
Kepler-493 b,0.545032
Kepler-493 b,0.545032
Kepler-493 b,0.545032
Kepler-493 b,0.545032
Kepler-493 b,0.545032
Kepler-495 b,1.48896
Kepler-495 b,1.48896
Kepler-495 b,1.48896
Kepler-495 b,1.48896
Kepler-495 b,1.48896
Kepler-495 b,1.48896
Kepler-495 b,1.48896
Kepler-495 b,1.48896
Kepler-495 b,1.48896
Kepler-495 b,1.48896
Kepler-495 b,1.48896
Kepler-495 c,1.48896
Kepler-495 c,1.48896
Kepler-495 c,1.48896
Kepler-495 c,1.48896
Kepler-495 c,1.48896
Kepler-495 c,1.48896
Kepler-495 c,1.48896
Kepler-496 b,1.62366
Kepler-496 b,1.62366
Kepler-496 b,1.62366
Kepler-496 b,1.62366
Kepler-496 b,1.62366
Kepler-496 b,1.62366
Kepler-496 b,1.62366
Kepler-496 b,1.62366
Kepler-496 b,1.62366
Kepler-496 b,1.62366
Kepler-498 b,1.03644
Kepler-498 b,1.03644
Kepler-498 b,1.03644
Kepler-498 b,1.03644
Kepler-498 b,1.03644
Kepler-498 b,1.03644
Kepler-498 b,1.03644
Kepler-498 b,1.03644
Kepler-498 b,1.03644
Kepler-498 b,1.03644
Kepler-499 b,1.76765
Kepler-499 b,1.76765
Kepler-499 b,1.76765
Kepler-499 b,1.76765
Kepler-499 b,1.76765
Kepler-499 b,1.76765
Kepler-499 b,1.76765
Kepler-499 b,1.76765
Kepler-499 b,1.76765
Kepler-499 b,1.76765
Kepler-5 b,1.08294
Kepler-5 b,1.08294
Kepler-5 b,1.08294
Kepler-5 b,1.08294
Kepler-5 b,1.08294
Kepler-5 b,1.08294
Kepler-5 b,1.08294
Kepler-5 b,1.08294
Kepler-5 b,1.08294
Kepler-5 b,1.08294
Kepler-5 b,1.08294
Kepler-5 b,1.08294
Kepler-5 b,1.08294
Kepler-5 b,1.08294
Kepler-5 b,1.08294
Kepler-5 b,1.08294
Kepler-5 b,1.08294
Kepler-50 b,3.96961
Kepler-50 b,3.96961
Kepler-50 b,3.96961
Kepler-50 b,3.96961
Kepler-50 b,3.96961
Kepler-50 b,3.96961
Kepler-50 b,3.96961
Kepler-50 b,3.96961
Kepler-50 b,3.96961
Kepler-50 b,3.96961
Kepler-50 b,3.96961
Kepler-50 b,3.96961
Kepler-50 b,3.96961
Kepler-50 c,3.96961
Kepler-50 c,3.96961
Kepler-50 c,3.96961
Kepler-50 c,3.96961
Kepler-50 c,3.96961
Kepler-50 c,3.96961
Kepler-50 c,3.96961
Kepler-50 c,3.96961
Kepler-50 c,3.96961
Kepler-50 c,3.96961
Kepler-50 c,3.96961
Kepler-50 c,3.96961
Kepler-50 c,3.96961
Kepler-500 b,1.20983
Kepler-500 b,1.20983
Kepler-500 b,1.20983
Kepler-500 b,1.20983
Kepler-500 b,1.20983
Kepler-500 b,1.20983
Kepler-500 b,1.20983
Kepler-500 b,1.20983
Kepler-500 b,1.20983
Kepler-500 b,1.20983
Kepler-500 b,1.20983
Kepler-501 b,0.860396
Kepler-501 b,0.860396
Kepler-501 b,0.860396
Kepler-501 b,0.860396
Kepler-501 b,0.860396
Kepler-501 b,0.860396
Kepler-501 b,0.860396
Kepler-501 b,0.860396
Kepler-501 b,0.860396
Kepler-501 b,0.860396
Kepler-501 c,0.860396
Kepler-501 c,0.860396
Kepler-501 c,0.860396
Kepler-501 c,0.860396
Kepler-501 c,0.860396
Kepler-501 c,0.860396
Kepler-501 c,0.860396
Kepler-502 b,0.599806
Kepler-502 b,0.599806
Kepler-502 b,0.599806
Kepler-502 b,0.599806
Kepler-502 b,0.599806
Kepler-502 b,0.599806
Kepler-502 b,0.599806
Kepler-502 b,0.599806
Kepler-502 b,0.599806
Kepler-502 b,0.599806
Kepler-504 b,10.0652
Kepler-504 b,10.0652
Kepler-504 b,10.0652
Kepler-504 b,10.0652
Kepler-504 b,10.0652
Kepler-504 b,10.0652
Kepler-504 b,10.0652
Kepler-504 b,10.0652
Kepler-504 b,10.0652
Kepler-504 b,10.0652
Kepler-505 b,3.49969
Kepler-505 b,3.49969
Kepler-505 b,3.49969
Kepler-505 b,3.49969
Kepler-505 b,3.49969
Kepler-505 b,3.49969
Kepler-505 b,3.49969
Kepler-505 b,3.49969
Kepler-505 b,3.49969
Kepler-505 b,3.49969
Kepler-506 b,4.3488
Kepler-506 b,4.3488
Kepler-506 b,4.3488
Kepler-506 b,4.3488
Kepler-506 b,4.3488
Kepler-506 b,4.3488
Kepler-506 b,4.3488
Kepler-506 b,4.3488
Kepler-506 b,4.3488
Kepler-506 b,4.3488
Kepler-506 b,4.3488
Kepler-506 b,4.3488
Kepler-507 b,2.52462
Kepler-507 b,2.52462
Kepler-507 b,2.52462
Kepler-507 b,2.52462
Kepler-507 b,2.52462
Kepler-507 b,2.52462
Kepler-507 b,2.52462
Kepler-507 b,2.52462
Kepler-507 b,2.52462
Kepler-507 b,2.52462
Kepler-507 b,2.52462
Kepler-507 b,2.52462
Kepler-508 b,3.05187
Kepler-508 b,3.05187
Kepler-508 b,3.05187
Kepler-508 b,3.05187
Kepler-508 b,3.05187
Kepler-508 b,3.05187
Kepler-508 b,3.05187
Kepler-508 b,3.05187
Kepler-508 b,3.05187
Kepler-508 b,3.05187
Kepler-509 b,2.97963
Kepler-509 b,2.97963
Kepler-509 b,2.97963
Kepler-509 b,2.97963
Kepler-509 b,2.97963
Kepler-509 b,2.97963
Kepler-509 b,2.97963
Kepler-509 b,2.97963
Kepler-509 b,2.97963
Kepler-509 b,2.97963
Kepler-509 b,2.97963
Kepler-51 b,1.24726
Kepler-51 b,1.24726
Kepler-51 b,1.24726
Kepler-51 b,1.24726
Kepler-51 b,1.24726
Kepler-51 b,1.24726
Kepler-51 b,1.24726
Kepler-51 b,1.24726
Kepler-51 b,1.24726
Kepler-51 b,1.24726
Kepler-51 b,1.24726
Kepler-51 b,1.24726
Kepler-51 b,1.24726
Kepler-51 b,1.24726
Kepler-51 b,1.24726
Kepler-51 b,1.24726
Kepler-51 b,1.24726
Kepler-51 b,1.24726
Kepler-51 b,1.24726
Kepler-51 c,1.24726
Kepler-51 c,1.24726
Kepler-51 c,1.24726
Kepler-51 c,1.24726
Kepler-51 c,1.24726
Kepler-51 c,1.24726
Kepler-51 c,1.24726
Kepler-51 c,1.24726
Kepler-51 c,1.24726
Kepler-51 c,1.24726
Kepler-51 c,1.24726
Kepler-51 c,1.24726
Kepler-51 c,1.24726
Kepler-51 c,1.24726
Kepler-51 c,1.24726
Kepler-51 c,1.24726
Kepler-51 c,1.24726
Kepler-51 c,1.24726
Kepler-51 d,1.24726
Kepler-51 d,1.24726
Kepler-51 d,1.24726
Kepler-51 d,1.24726
Kepler-51 d,1.24726
Kepler-51 d,1.24726
Kepler-51 d,1.24726
Kepler-51 d,1.24726
Kepler-51 d,1.24726
Kepler-51 d,1.24726
Kepler-51 d,1.24726
Kepler-51 d,1.24726
Kepler-51 d,1.24726
Kepler-51 d,1.24726
Kepler-51 d,1.24726
Kepler-51 d,1.24726
Kepler-51 d,1.24726
Kepler-51 d,1.24726
Kepler-51 e,1.24726
Kepler-51 e,1.24726
Kepler-510 b,2.56086
Kepler-510 b,2.56086
Kepler-510 b,2.56086
Kepler-510 b,2.56086
Kepler-510 b,2.56086
Kepler-510 b,2.56086
Kepler-510 b,2.56086
Kepler-510 b,2.56086
Kepler-510 b,2.56086
Kepler-510 b,2.56086
Kepler-510 b,2.56086
Kepler-510 b,2.56086
Kepler-511 b,1.5052
Kepler-511 b,1.5052
Kepler-511 b,1.5052
Kepler-511 b,1.5052
Kepler-511 b,1.5052
Kepler-511 b,1.5052
Kepler-511 b,1.5052
Kepler-511 b,1.5052
Kepler-511 b,1.5052
Kepler-511 b,1.5052
Kepler-511 c,1.5052
Kepler-511 c,1.5052
Kepler-511 c,1.5052
Kepler-511 c,1.5052
Kepler-511 c,1.5052
Kepler-511 c,1.5052
Kepler-511 c,1.5052
Kepler-511 c,1.5052
Kepler-511 c,1.5052
Kepler-512 b,2.11098
Kepler-512 b,2.11098
Kepler-512 b,2.11098
Kepler-512 b,2.11098
Kepler-512 b,2.11098
Kepler-512 b,2.11098
Kepler-512 b,2.11098
Kepler-512 b,2.11098
Kepler-512 b,2.11098
Kepler-512 b,2.11098
Kepler-512 b,2.11098
Kepler-513 b,2.10685
Kepler-513 b,2.10685
Kepler-513 b,2.10685
Kepler-513 b,2.10685
Kepler-513 b,2.10685
Kepler-513 b,2.10685
Kepler-513 b,2.10685
Kepler-513 b,2.10685
Kepler-513 b,2.10685
Kepler-513 b,2.10685
Kepler-513 b,2.10685
Kepler-514 b,2.16754
Kepler-514 b,2.16754
Kepler-514 b,2.16754
Kepler-514 b,2.16754
Kepler-514 b,2.16754
Kepler-514 b,2.16754
Kepler-514 b,2.16754
Kepler-514 b,2.16754
Kepler-514 b,2.16754
Kepler-514 b,2.16754
Kepler-514 b,2.16754
Kepler-516 b,1.42739
Kepler-516 b,1.42739
Kepler-516 b,1.42739
Kepler-516 b,1.42739
Kepler-516 b,1.42739
Kepler-516 b,1.42739
Kepler-516 b,1.42739
Kepler-516 b,1.42739
Kepler-516 b,1.42739
Kepler-517 b,3.42069
Kepler-517 b,3.42069
Kepler-517 b,3.42069
Kepler-517 b,3.42069
Kepler-517 b,3.42069
Kepler-517 b,3.42069
Kepler-517 b,3.42069
Kepler-517 b,3.42069
Kepler-517 b,3.42069
Kepler-517 b,3.42069
Kepler-517 b,3.42069
Kepler-518 b,2.9308
Kepler-518 b,2.9308
Kepler-518 b,2.9308
Kepler-518 b,2.9308
Kepler-518 b,2.9308
Kepler-518 b,2.9308
Kepler-518 b,2.9308
Kepler-518 b,2.9308
Kepler-518 b,2.9308
Kepler-518 b,2.9308
Kepler-518 b,2.9308
Kepler-519 b,4.02624
Kepler-519 b,4.02624
Kepler-519 b,4.02624
Kepler-519 b,4.02624
Kepler-519 b,4.02624
Kepler-519 b,4.02624
Kepler-519 b,4.02624
Kepler-519 b,4.02624
Kepler-519 b,4.02624
Kepler-519 b,4.02624
Kepler-519 b,4.02624
Kepler-52 b,3.08128
Kepler-52 b,3.08128
Kepler-52 b,3.08128
Kepler-52 b,3.08128
Kepler-52 b,3.08128
Kepler-52 b,3.08128
Kepler-52 b,3.08128
Kepler-52 b,3.08128
Kepler-52 b,3.08128
Kepler-52 b,3.08128
Kepler-52 b,3.08128
Kepler-52 b,3.08128
Kepler-52 b,3.08128
Kepler-52 b,3.08128
Kepler-52 b,3.08128
Kepler-52 b,3.08128
Kepler-52 c,3.08128
Kepler-52 c,3.08128
Kepler-52 c,3.08128
Kepler-52 c,3.08128
Kepler-52 c,3.08128
Kepler-52 c,3.08128
Kepler-52 c,3.08128
Kepler-52 c,3.08128
Kepler-52 c,3.08128
Kepler-52 c,3.08128
Kepler-52 c,3.08128
Kepler-52 c,3.08128
Kepler-52 c,3.08128
Kepler-52 c,3.08128
Kepler-52 c,3.08128
Kepler-52 c,3.08128
Kepler-52 c,3.08128
Kepler-52 c,3.08128
Kepler-52 d,3.08128
Kepler-52 d,3.08128
Kepler-52 d,3.08128
Kepler-52 d,3.08128
Kepler-52 d,3.08128
Kepler-52 d,3.08128
Kepler-52 d,3.08128
Kepler-52 d,3.08128
Kepler-52 d,3.08128
Kepler-52 d,3.08128
Kepler-52 d,3.08128
Kepler-52 d,3.08128
Kepler-52 d,3.08128
Kepler-52 d,3.08128
Kepler-52 d,3.08128
Kepler-521 b,1.17542
Kepler-521 b,1.17542
Kepler-521 b,1.17542
Kepler-521 b,1.17542
Kepler-521 b,1.17542
Kepler-521 b,1.17542
Kepler-521 b,1.17542
Kepler-521 b,1.17542
Kepler-521 b,1.17542
Kepler-521 b,1.17542
Kepler-521 b,1.17542
Kepler-522 b,1.53586
Kepler-522 b,1.53586
Kepler-522 b,1.53586
Kepler-522 b,1.53586
Kepler-522 b,1.53586
Kepler-522 b,1.53586
Kepler-522 b,1.53586
Kepler-522 b,1.53586
Kepler-522 b,1.53586
Kepler-522 b,1.53586
Kepler-522 b,1.53586
Kepler-522 b,1.53586
Kepler-523 b,3.91923
Kepler-523 b,3.91923
Kepler-523 b,3.91923
Kepler-523 b,3.91923
Kepler-523 b,3.91923
Kepler-523 b,3.91923
Kepler-523 b,3.91923
Kepler-523 b,3.91923
Kepler-523 b,3.91923
Kepler-523 b,3.91923
Kepler-523 b,3.91923
Kepler-524 b,0.916171
Kepler-524 b,0.916171
Kepler-524 b,0.916171
Kepler-524 b,0.916171
Kepler-524 b,0.916171
Kepler-524 b,0.916171
Kepler-524 b,0.916171
Kepler-524 b,0.916171
Kepler-524 b,0.916171
Kepler-524 b,0.916171
Kepler-524 b,0.916171
Kepler-524 c,0.916171
Kepler-524 c,0.916171
Kepler-524 c,0.916171
Kepler-524 c,0.916171
Kepler-524 c,0.916171
Kepler-524 c,0.916171
Kepler-524 c,0.916171
Kepler-524 c,0.916171
Kepler-524 c,0.916171
Kepler-524 c,0.916171
Kepler-525 b,0.978491
Kepler-525 b,0.978491
Kepler-525 b,0.978491
Kepler-525 b,0.978491
Kepler-525 b,0.978491
Kepler-525 b,0.978491
Kepler-525 b,0.978491
Kepler-525 b,0.978491
Kepler-525 b,0.978491
Kepler-525 b,0.978491
Kepler-525 b,0.978491
Kepler-526 b,1.4725
Kepler-526 b,1.4725
Kepler-526 b,1.4725
Kepler-526 b,1.4725
Kepler-526 b,1.4725
Kepler-526 b,1.4725
Kepler-526 b,1.4725
Kepler-526 b,1.4725
Kepler-526 b,1.4725
Kepler-526 b,1.4725
Kepler-526 b,1.4725
Kepler-527 b,1.30442
Kepler-527 b,1.30442
Kepler-527 b,1.30442
Kepler-527 b,1.30442
Kepler-527 b,1.30442
Kepler-527 b,1.30442
Kepler-527 b,1.30442
Kepler-527 b,1.30442
Kepler-527 b,1.30442
Kepler-527 b,1.30442
Kepler-527 b,1.30442
Kepler-528 b,1.24639
Kepler-528 b,1.24639
Kepler-528 b,1.24639
Kepler-528 b,1.24639
Kepler-528 b,1.24639
Kepler-528 b,1.24639
Kepler-528 b,1.24639
Kepler-528 b,1.24639
Kepler-528 b,1.24639
Kepler-528 b,1.24639
Kepler-528 b,1.24639
Kepler-53 b,0.704174
Kepler-53 b,0.704174
Kepler-53 b,0.704174
Kepler-53 b,0.704174
Kepler-53 b,0.704174
Kepler-53 b,0.704174
Kepler-53 b,0.704174
Kepler-53 b,0.704174
Kepler-53 b,0.704174
Kepler-53 b,0.704174
Kepler-53 b,0.704174
Kepler-53 b,0.704174
Kepler-53 b,0.704174
Kepler-53 b,0.704174
Kepler-53 c,0.704174
Kepler-53 c,0.704174
Kepler-53 c,0.704174
Kepler-53 c,0.704174
Kepler-53 c,0.704174
Kepler-53 c,0.704174
Kepler-53 c,0.704174
Kepler-53 c,0.704174
Kepler-53 c,0.704174
Kepler-53 c,0.704174
Kepler-53 c,0.704174
Kepler-53 c,0.704174
Kepler-53 c,0.704174
Kepler-53 c,0.704174
Kepler-53 c,0.704174
Kepler-53 d,0.704174
Kepler-53 d,0.704174
Kepler-53 d,0.704174
Kepler-53 d,0.704174
Kepler-53 d,0.704174
Kepler-53 d,0.704174
Kepler-53 d,0.704174
Kepler-53 d,0.704174
Kepler-53 d,0.704174
Kepler-53 d,0.704174
Kepler-53 d,0.704174
Kepler-53 d,0.704174
Kepler-53 d,0.704174
Kepler-530 b,2.15593
Kepler-530 b,2.15593
Kepler-530 b,2.15593
Kepler-530 b,2.15593
Kepler-530 b,2.15593
Kepler-530 b,2.15593
Kepler-530 b,2.15593
Kepler-530 b,2.15593
Kepler-530 b,2.15593
Kepler-530 b,2.15593
Kepler-530 b,2.15593
Kepler-531 b,3.92736
Kepler-531 b,3.92736
Kepler-531 b,3.92736
Kepler-531 b,3.92736
Kepler-531 b,3.92736
Kepler-531 b,3.92736
Kepler-531 b,3.92736
Kepler-531 b,3.92736
Kepler-531 b,3.92736
Kepler-531 b,3.92736
Kepler-532 b,3.16817
Kepler-532 b,3.16817
Kepler-532 b,3.16817
Kepler-532 b,3.16817
Kepler-532 b,3.16817
Kepler-532 b,3.16817
Kepler-532 b,3.16817
Kepler-532 b,3.16817
Kepler-532 b,3.16817
Kepler-532 b,3.16817
Kepler-532 b,3.16817
Kepler-533 b,3.27194
Kepler-533 b,3.27194
Kepler-533 b,3.27194
Kepler-533 b,3.27194
Kepler-533 b,3.27194
Kepler-533 b,3.27194
Kepler-533 b,3.27194
Kepler-533 b,3.27194
Kepler-533 b,3.27194
Kepler-533 b,3.27194
Kepler-533 b,3.27194
Kepler-534 b,1.72438
Kepler-534 b,1.72438
Kepler-534 b,1.72438
Kepler-534 b,1.72438
Kepler-534 b,1.72438
Kepler-534 b,1.72438
Kepler-534 b,1.72438
Kepler-534 b,1.72438
Kepler-534 b,1.72438
Kepler-534 c,1.72438
Kepler-534 c,1.72438
Kepler-534 c,1.72438
Kepler-534 c,1.72438
Kepler-534 c,1.72438
Kepler-534 c,1.72438
Kepler-534 c,1.72438
Kepler-534 c,1.72438
Kepler-535 b,1.42973
Kepler-535 b,1.42973
Kepler-535 b,1.42973
Kepler-535 b,1.42973
Kepler-535 b,1.42973
Kepler-535 b,1.42973
Kepler-535 b,1.42973
Kepler-535 b,1.42973
Kepler-535 b,1.42973
Kepler-535 b,1.42973
Kepler-535 b,1.42973
Kepler-536 b,2.13772
Kepler-536 b,2.13772
Kepler-536 b,2.13772
Kepler-536 b,2.13772
Kepler-536 b,2.13772
Kepler-536 b,2.13772
Kepler-536 b,2.13772
Kepler-536 b,2.13772
Kepler-536 b,2.13772
Kepler-536 b,2.13772
Kepler-536 b,2.13772
Kepler-537 b,2.24693
Kepler-537 b,2.24693
Kepler-537 b,2.24693
Kepler-537 b,2.24693
Kepler-537 b,2.24693
Kepler-537 b,2.24693
Kepler-537 b,2.24693
Kepler-537 b,2.24693
Kepler-537 b,2.24693
Kepler-537 b,2.24693
Kepler-537 b,2.24693
Kepler-538 b,6.38331
Kepler-538 b,6.38331
Kepler-538 b,6.38331
Kepler-538 b,6.38331
Kepler-538 b,6.38331
Kepler-538 b,6.38331
Kepler-538 b,6.38331
Kepler-538 b,6.38331
Kepler-538 b,6.38331
Kepler-538 b,6.38331
Kepler-538 b,6.38331
Kepler-538 b,6.38331
Kepler-538 b,6.38331
Kepler-538 b,6.38331
Kepler-539 b,3.22574
Kepler-539 b,3.22574
Kepler-539 b,3.22574
Kepler-539 b,3.22574
Kepler-539 b,3.22574
Kepler-539 b,3.22574
Kepler-539 b,3.22574
Kepler-539 b,3.22574
Kepler-539 b,3.22574
Kepler-539 b,3.22574
Kepler-539 b,3.22574
Kepler-539 b,3.22574
Kepler-539 c,3.22574
Kepler-54 b,3.65228
Kepler-54 b,3.65228
Kepler-54 b,3.65228
Kepler-54 b,3.65228
Kepler-54 b,3.65228
Kepler-54 b,3.65228
Kepler-54 b,3.65228
Kepler-54 b,3.65228
Kepler-54 b,3.65228
Kepler-54 b,3.65228
Kepler-54 b,3.65228
Kepler-54 b,3.65228
Kepler-54 b,3.65228
Kepler-54 b,3.65228
Kepler-54 b,3.65228
Kepler-54 b,3.65228
Kepler-54 b,3.65228
Kepler-54 c,3.65228
Kepler-54 c,3.65228
Kepler-54 c,3.65228
Kepler-54 c,3.65228
Kepler-54 c,3.65228
Kepler-54 c,3.65228
Kepler-54 c,3.65228
Kepler-54 c,3.65228
Kepler-54 c,3.65228
Kepler-54 c,3.65228
Kepler-54 c,3.65228
Kepler-54 c,3.65228
Kepler-54 c,3.65228
Kepler-54 c,3.65228
Kepler-54 c,3.65228
Kepler-54 c,3.65228
Kepler-54 d,3.65228
Kepler-54 d,3.65228
Kepler-54 d,3.65228
Kepler-54 d,3.65228
Kepler-54 d,3.65228
Kepler-54 d,3.65228
Kepler-54 d,3.65228
Kepler-54 d,3.65228
Kepler-54 d,3.65228
Kepler-54 d,3.65228
Kepler-54 d,3.65228
Kepler-54 d,3.65228
Kepler-54 d,3.65228
Kepler-54 d,3.65228
Kepler-54 d,3.65228
Kepler-540 b,2.53306
Kepler-540 b,2.53306
Kepler-540 b,2.53306
Kepler-540 b,2.53306
Kepler-540 b,2.53306
Kepler-540 b,2.53306
Kepler-540 b,2.53306
Kepler-540 b,2.53306
Kepler-540 b,2.53306
Kepler-540 b,2.53306
Kepler-540 b,2.53306
Kepler-541 b,0.914114
Kepler-541 b,0.914114
Kepler-541 b,0.914114
Kepler-541 b,0.914114
Kepler-541 b,0.914114
Kepler-541 b,0.914114
Kepler-541 b,0.914114
Kepler-541 b,0.914114
Kepler-541 b,0.914114
Kepler-541 b,0.914114
Kepler-541 b,0.914114
Kepler-542 b,2.2647
Kepler-542 b,2.2647
Kepler-542 b,2.2647
Kepler-542 b,2.2647
Kepler-542 b,2.2647
Kepler-542 b,2.2647
Kepler-542 b,2.2647
Kepler-542 b,2.2647
Kepler-542 b,2.2647
Kepler-542 b,2.2647
Kepler-542 b,2.2647
Kepler-543 b,4.4797
Kepler-543 b,4.4797
Kepler-543 b,4.4797
Kepler-543 b,4.4797
Kepler-543 b,4.4797
Kepler-543 b,4.4797
Kepler-543 b,4.4797
Kepler-543 b,4.4797
Kepler-543 b,4.4797
Kepler-543 b,4.4797
Kepler-543 b,4.4797
Kepler-544 b,1.00953
Kepler-544 b,1.00953
Kepler-544 b,1.00953
Kepler-544 b,1.00953
Kepler-544 b,1.00953
Kepler-544 b,1.00953
Kepler-544 b,1.00953
Kepler-544 b,1.00953
Kepler-544 b,1.00953
Kepler-544 b,1.00953
Kepler-544 b,1.00953
Kepler-545 b,1.19383
Kepler-545 b,1.19383
Kepler-545 b,1.19383
Kepler-545 b,1.19383
Kepler-545 b,1.19383
Kepler-545 b,1.19383
Kepler-545 b,1.19383
Kepler-545 b,1.19383
Kepler-545 b,1.19383
Kepler-545 b,1.19383
Kepler-545 b,1.19383
Kepler-546 b,0.951973
Kepler-546 b,0.951973
Kepler-546 b,0.951973
Kepler-546 b,0.951973
Kepler-546 b,0.951973
Kepler-546 b,0.951973
Kepler-546 b,0.951973
Kepler-546 b,0.951973
Kepler-546 b,0.951973
Kepler-546 b,0.951973
Kepler-547 b,2.61015
Kepler-547 b,2.61015
Kepler-547 b,2.61015
Kepler-547 b,2.61015
Kepler-547 b,2.61015
Kepler-547 b,2.61015
Kepler-547 b,2.61015
Kepler-547 b,2.61015
Kepler-547 b,2.61015
Kepler-547 b,2.61015
Kepler-548 b,1.3018
Kepler-548 b,1.3018
Kepler-548 b,1.3018
Kepler-548 b,1.3018
Kepler-548 b,1.3018
Kepler-548 b,1.3018
Kepler-548 b,1.3018
Kepler-548 b,1.3018
Kepler-548 b,1.3018
Kepler-548 b,1.3018
Kepler-549 b,1.54567
Kepler-549 b,1.54567
Kepler-549 b,1.54567
Kepler-549 b,1.54567
Kepler-549 b,1.54567
Kepler-549 b,1.54567
Kepler-549 b,1.54567
Kepler-549 b,1.54567
Kepler-549 b,1.54567
Kepler-549 b,1.54567
Kepler-549 b,1.54567
Kepler-549 b,1.54567
Kepler-549 c,1.54567
Kepler-549 c,1.54567
Kepler-549 c,1.54567
Kepler-549 c,1.54567
Kepler-549 c,1.54567
Kepler-549 c,1.54567
Kepler-549 c,1.54567
Kepler-549 c,1.54567
Kepler-549 c,1.54567
Kepler-549 c,1.54567
Kepler-549 d,1.54567
Kepler-549 d,1.54567
Kepler-549 d,1.54567
Kepler-549 d,1.54567
Kepler-549 d,1.54567
Kepler-549 d,1.54567
Kepler-549 d,1.54567
Kepler-549 d,1.54567
Kepler-549 d,1.54567
Kepler-55 b,1.69932
Kepler-55 b,1.69932
Kepler-55 b,1.69932
Kepler-55 b,1.69932
Kepler-55 b,1.69932
Kepler-55 b,1.69932
Kepler-55 b,1.69932
Kepler-55 b,1.69932
Kepler-55 b,1.69932
Kepler-55 b,1.69932
Kepler-55 b,1.69932
Kepler-55 c,1.69932
Kepler-55 c,1.69932
Kepler-55 c,1.69932
Kepler-55 c,1.69932
Kepler-55 c,1.69932
Kepler-55 c,1.69932
Kepler-55 c,1.69932
Kepler-55 c,1.69932
Kepler-55 c,1.69932
Kepler-55 c,1.69932
Kepler-55 c,1.69932
Kepler-55 d,1.69932
Kepler-55 d,1.69932
Kepler-55 d,1.69932
Kepler-55 d,1.69932
Kepler-55 d,1.69932
Kepler-55 d,1.69932
Kepler-55 d,1.69932
Kepler-55 d,1.69932
Kepler-55 d,1.69932
Kepler-55 d,1.69932
Kepler-55 e,1.69932
Kepler-55 e,1.69932
Kepler-55 e,1.69932
Kepler-55 e,1.69932
Kepler-55 e,1.69932
Kepler-55 e,1.69932
Kepler-55 e,1.69932
Kepler-55 e,1.69932
Kepler-55 e,1.69932
Kepler-55 e,1.69932
Kepler-55 f,1.69932
Kepler-55 f,1.69932
Kepler-55 f,1.69932
Kepler-55 f,1.69932
Kepler-55 f,1.69932
Kepler-55 f,1.69932
Kepler-55 f,1.69932
Kepler-55 f,1.69932
Kepler-55 f,1.69932
Kepler-55 f,1.69932
Kepler-550 b,1.85114
Kepler-550 b,1.85114
Kepler-550 b,1.85114
Kepler-550 b,1.85114
Kepler-550 b,1.85114
Kepler-550 b,1.85114
Kepler-550 b,1.85114
Kepler-550 b,1.85114
Kepler-550 b,1.85114
Kepler-550 b,1.85114
Kepler-551 b,3.18486
Kepler-551 b,3.18486
Kepler-551 b,3.18486
Kepler-551 b,3.18486
Kepler-551 b,3.18486
Kepler-551 b,3.18486
Kepler-551 b,3.18486
Kepler-551 b,3.18486
Kepler-551 b,3.18486
Kepler-551 b,3.18486
Kepler-551 b,3.18486
Kepler-552 b,1.1565
Kepler-552 b,1.1565
Kepler-552 b,1.1565
Kepler-552 b,1.1565
Kepler-552 b,1.1565
Kepler-552 b,1.1565
Kepler-552 b,1.1565
Kepler-552 b,1.1565
Kepler-552 b,1.1565
Kepler-552 b,1.1565
Kepler-553 b,1.34423
Kepler-553 b,1.34423
Kepler-553 b,1.34423
Kepler-553 b,1.34423
Kepler-553 b,1.34423
Kepler-553 b,1.34423
Kepler-553 b,1.34423
Kepler-553 b,1.34423
Kepler-553 b,1.34423
Kepler-553 b,1.34423
Kepler-553 b,1.34423
Kepler-553 b,1.34423
Kepler-553 c,1.34423
Kepler-553 c,1.34423
Kepler-553 c,1.34423
Kepler-553 c,1.34423
Kepler-553 c,1.34423
Kepler-553 c,1.34423
Kepler-553 c,1.34423
Kepler-553 c,1.34423
Kepler-553 c,1.34423
Kepler-553 c,1.34423
Kepler-553 c,1.34423
Kepler-554 b,1.41947
Kepler-554 b,1.41947
Kepler-554 b,1.41947
Kepler-554 b,1.41947
Kepler-554 b,1.41947
Kepler-554 b,1.41947
Kepler-554 b,1.41947
Kepler-554 b,1.41947
Kepler-554 b,1.41947
Kepler-554 b,1.41947
Kepler-554 b,1.41947
Kepler-555 b,0.998927
Kepler-555 b,0.998927
Kepler-555 b,0.998927
Kepler-555 b,0.998927
Kepler-555 b,0.998927
Kepler-555 b,0.998927
Kepler-555 b,0.998927
Kepler-555 b,0.998927
Kepler-555 b,0.998927
Kepler-555 b,0.998927
Kepler-556 b,1.45375
Kepler-556 b,1.45375
Kepler-556 b,1.45375
Kepler-556 b,1.45375
Kepler-556 b,1.45375
Kepler-556 b,1.45375
Kepler-556 b,1.45375
Kepler-556 b,1.45375
Kepler-556 b,1.45375
Kepler-556 b,1.45375
Kepler-556 b,1.45375
Kepler-557 b,0.448711
Kepler-557 b,0.448711
Kepler-557 b,0.448711
Kepler-557 b,0.448711
Kepler-557 b,0.448711
Kepler-557 b,0.448711
Kepler-557 b,0.448711
Kepler-557 b,0.448711
Kepler-557 b,0.448711
Kepler-557 b,0.448711
Kepler-558 b,1.48227
Kepler-558 b,1.48227
Kepler-558 b,1.48227
Kepler-558 b,1.48227
Kepler-558 b,1.48227
Kepler-558 b,1.48227
Kepler-558 b,1.48227
Kepler-558 b,1.48227
Kepler-558 b,1.48227
Kepler-558 b,1.48227
Kepler-559 b,1.25918
Kepler-559 b,1.25918
Kepler-559 b,1.25918
Kepler-559 b,1.25918
Kepler-559 b,1.25918
Kepler-559 b,1.25918
Kepler-559 b,1.25918
Kepler-559 b,1.25918
Kepler-559 b,1.25918
Kepler-559 b,1.25918
Kepler-56 b,1.06729
Kepler-56 b,1.06729
Kepler-56 b,1.06729
Kepler-56 b,1.06729
Kepler-56 b,1.06729
Kepler-56 b,1.06729
Kepler-56 b,1.06729
Kepler-56 b,1.06729
Kepler-56 b,1.06729
Kepler-56 b,1.06729
Kepler-56 b,1.06729
Kepler-56 b,1.06729
Kepler-56 b,1.06729
Kepler-56 b,1.06729
Kepler-56 b,1.06729
Kepler-56 b,1.06729
Kepler-56 c,1.06729
Kepler-56 c,1.06729
Kepler-56 c,1.06729
Kepler-56 c,1.06729
Kepler-56 c,1.06729
Kepler-56 c,1.06729
Kepler-56 c,1.06729
Kepler-56 c,1.06729
Kepler-56 c,1.06729
Kepler-56 c,1.06729
Kepler-56 c,1.06729
Kepler-56 c,1.06729
Kepler-56 c,1.06729
Kepler-56 c,1.06729
Kepler-56 c,1.06729
Kepler-56 c,1.06729
Kepler-56 d,1.06729
Kepler-56 d,1.06729
Kepler-560 b,9.11969
Kepler-560 b,9.11969
Kepler-560 b,9.11969
Kepler-560 b,9.11969
Kepler-560 b,9.11969
Kepler-560 b,9.11969
Kepler-560 b,9.11969
Kepler-560 b,9.11969
Kepler-560 b,9.11969
Kepler-560 b,9.11969
Kepler-560 b,9.11969
Kepler-560 b,9.11969
Kepler-561 b,1.58085
Kepler-561 b,1.58085
Kepler-561 b,1.58085
Kepler-561 b,1.58085
Kepler-561 b,1.58085
Kepler-561 b,1.58085
Kepler-561 b,1.58085
Kepler-561 b,1.58085
Kepler-561 b,1.58085
Kepler-561 b,1.58085
Kepler-561 b,1.58085
Kepler-561 c,1.58085
Kepler-561 c,1.58085
Kepler-561 c,1.58085
Kepler-561 c,1.58085
Kepler-561 c,1.58085
Kepler-561 c,1.58085
Kepler-561 c,1.58085
Kepler-561 c,1.58085
Kepler-561 c,1.58085
Kepler-561 c,1.58085
Kepler-561 c,1.58085
Kepler-562 b,0.978727
Kepler-562 b,0.978727
Kepler-562 b,0.978727
Kepler-562 b,0.978727
Kepler-562 b,0.978727
Kepler-562 b,0.978727
Kepler-562 b,0.978727
Kepler-562 b,0.978727
Kepler-562 b,0.978727
Kepler-562 b,0.978727
Kepler-563 b,1.7407
Kepler-563 b,1.7407
Kepler-563 b,1.7407
Kepler-563 b,1.7407
Kepler-563 b,1.7407
Kepler-563 b,1.7407
Kepler-563 b,1.7407
Kepler-563 b,1.7407
Kepler-563 b,1.7407
Kepler-563 b,1.7407
Kepler-564 b,1.13016
Kepler-564 b,1.13016
Kepler-564 b,1.13016
Kepler-564 b,1.13016
Kepler-564 b,1.13016
Kepler-564 b,1.13016
Kepler-564 b,1.13016
Kepler-564 b,1.13016
Kepler-564 b,1.13016
Kepler-564 b,1.13016
Kepler-566 b,1.74373
Kepler-566 b,1.74373
Kepler-566 b,1.74373
Kepler-566 b,1.74373
Kepler-566 b,1.74373
Kepler-566 b,1.74373
Kepler-566 b,1.74373
Kepler-566 b,1.74373
Kepler-566 b,1.74373
Kepler-566 b,1.74373
Kepler-567 b,1.76087
Kepler-567 b,1.76087
Kepler-567 b,1.76087
Kepler-567 b,1.76087
Kepler-567 b,1.76087
Kepler-567 b,1.76087
Kepler-567 b,1.76087
Kepler-567 b,1.76087
Kepler-567 b,1.76087
Kepler-567 b,1.76087
Kepler-568 b,7.62554
Kepler-568 b,7.62554
Kepler-568 b,7.62554
Kepler-568 b,7.62554
Kepler-568 b,7.62554
Kepler-568 b,7.62554
Kepler-568 b,7.62554
Kepler-568 b,7.62554
Kepler-568 b,7.62554
Kepler-568 b,7.62554
Kepler-568 b,7.62554
Kepler-569 b,1.53789
Kepler-569 b,1.53789
Kepler-569 b,1.53789
Kepler-569 b,1.53789
Kepler-569 b,1.53789
Kepler-569 b,1.53789
Kepler-569 b,1.53789
Kepler-569 b,1.53789
Kepler-569 b,1.53789
Kepler-569 b,1.53789
Kepler-569 b,1.53789
Kepler-57 b,1.52386
Kepler-57 b,1.52386
Kepler-57 b,1.52386
Kepler-57 b,1.52386
Kepler-57 b,1.52386
Kepler-57 b,1.52386
Kepler-57 b,1.52386
Kepler-57 b,1.52386
Kepler-57 b,1.52386
Kepler-57 b,1.52386
Kepler-57 b,1.52386
Kepler-57 b,1.52386
Kepler-57 b,1.52386
Kepler-57 b,1.52386
Kepler-57 c,1.52386
Kepler-57 c,1.52386
Kepler-57 c,1.52386
Kepler-57 c,1.52386
Kepler-57 c,1.52386
Kepler-57 c,1.52386
Kepler-57 c,1.52386
Kepler-57 c,1.52386
Kepler-57 c,1.52386
Kepler-57 c,1.52386
Kepler-57 c,1.52386
Kepler-57 c,1.52386
Kepler-57 c,1.52386
Kepler-570 b,1.7313
Kepler-570 b,1.7313
Kepler-570 b,1.7313
Kepler-570 b,1.7313
Kepler-570 b,1.7313
Kepler-570 b,1.7313
Kepler-570 b,1.7313
Kepler-570 b,1.7313
Kepler-570 b,1.7313
Kepler-570 b,1.7313
Kepler-571 b,1.35273
Kepler-571 b,1.35273
Kepler-571 b,1.35273
Kepler-571 b,1.35273
Kepler-571 b,1.35273
Kepler-571 b,1.35273
Kepler-571 b,1.35273
Kepler-571 b,1.35273
Kepler-571 b,1.35273
Kepler-571 b,1.35273
Kepler-572 b,1.95276
Kepler-572 b,1.95276
Kepler-572 b,1.95276
Kepler-572 b,1.95276
Kepler-572 b,1.95276
Kepler-572 b,1.95276
Kepler-572 b,1.95276
Kepler-572 b,1.95276
Kepler-572 b,1.95276
Kepler-572 b,1.95276
Kepler-573 b,1.26745
Kepler-573 b,1.26745
Kepler-573 b,1.26745
Kepler-573 b,1.26745
Kepler-573 b,1.26745
Kepler-573 b,1.26745
Kepler-573 b,1.26745
Kepler-573 b,1.26745
Kepler-573 b,1.26745
Kepler-573 b,1.26745
Kepler-573 b,1.26745
Kepler-574 b,1.43559
Kepler-574 b,1.43559
Kepler-574 b,1.43559
Kepler-574 b,1.43559
Kepler-574 b,1.43559
Kepler-574 b,1.43559
Kepler-574 b,1.43559
Kepler-574 b,1.43559
Kepler-574 b,1.43559
Kepler-574 b,1.43559
Kepler-575 b,1.14235
Kepler-575 b,1.14235
Kepler-575 b,1.14235
Kepler-575 b,1.14235
Kepler-575 b,1.14235
Kepler-575 b,1.14235
Kepler-575 b,1.14235
Kepler-575 b,1.14235
Kepler-575 b,1.14235
Kepler-575 b,1.14235
Kepler-576 b,1.59119
Kepler-576 b,1.59119
Kepler-576 b,1.59119
Kepler-576 b,1.59119
Kepler-576 b,1.59119
Kepler-576 b,1.59119
Kepler-576 b,1.59119
Kepler-576 b,1.59119
Kepler-576 b,1.59119
Kepler-576 b,1.59119
Kepler-577 b,1.87916
Kepler-577 b,1.87916
Kepler-577 b,1.87916
Kepler-577 b,1.87916
Kepler-577 b,1.87916
Kepler-577 b,1.87916
Kepler-577 b,1.87916
Kepler-577 b,1.87916
Kepler-577 b,1.87916
Kepler-577 b,1.87916
Kepler-578 b,1.81837
Kepler-578 b,1.81837
Kepler-578 b,1.81837
Kepler-578 b,1.81837
Kepler-578 b,1.81837
Kepler-578 b,1.81837
Kepler-578 b,1.81837
Kepler-578 b,1.81837
Kepler-578 b,1.81837
Kepler-578 b,1.81837
Kepler-579 b,1.85536
Kepler-579 b,1.85536
Kepler-579 b,1.85536
Kepler-579 b,1.85536
Kepler-579 b,1.85536
Kepler-579 b,1.85536
Kepler-579 b,1.85536
Kepler-579 b,1.85536
Kepler-579 b,1.85536
Kepler-579 b,1.85536
Kepler-58 b,1.0037
Kepler-58 b,1.0037
Kepler-58 b,1.0037
Kepler-58 b,1.0037
Kepler-58 b,1.0037
Kepler-58 b,1.0037
Kepler-58 b,1.0037
Kepler-58 b,1.0037
Kepler-58 b,1.0037
Kepler-58 b,1.0037
Kepler-58 b,1.0037
Kepler-58 b,1.0037
Kepler-58 b,1.0037
Kepler-58 b,1.0037
Kepler-58 b,1.0037
Kepler-58 c,1.0037
Kepler-58 c,1.0037
Kepler-58 c,1.0037
Kepler-58 c,1.0037
Kepler-58 c,1.0037
Kepler-58 c,1.0037
Kepler-58 c,1.0037
Kepler-58 c,1.0037
Kepler-58 c,1.0037
Kepler-58 c,1.0037
Kepler-58 c,1.0037
Kepler-58 c,1.0037
Kepler-58 c,1.0037
Kepler-58 c,1.0037
Kepler-58 c,1.0037
Kepler-58 d,1.0037
Kepler-58 d,1.0037
Kepler-58 d,1.0037
Kepler-58 d,1.0037
Kepler-58 d,1.0037
Kepler-58 d,1.0037
Kepler-58 d,1.0037
Kepler-58 d,1.0037
Kepler-58 d,1.0037
Kepler-58 d,1.0037
Kepler-58 d,1.0037
Kepler-58 d,1.0037
Kepler-58 d,1.0037
Kepler-58 e,1.0037
Kepler-58 e,1.0037
Kepler-58 e,1.0037
Kepler-58 e,1.0037
Kepler-58 e,1.0037
Kepler-58 e,1.0037
Kepler-58 e,1.0037
Kepler-58 e,1.0037
Kepler-58 e,1.0037
Kepler-580 b,3.05869
Kepler-580 b,3.05869
Kepler-580 b,3.05869
Kepler-580 b,3.05869
Kepler-580 b,3.05869
Kepler-580 b,3.05869
Kepler-580 b,3.05869
Kepler-580 b,3.05869
Kepler-580 b,3.05869
Kepler-580 b,3.05869
Kepler-581 b,1.39278
Kepler-581 b,1.39278
Kepler-581 b,1.39278
Kepler-581 b,1.39278
Kepler-581 b,1.39278
Kepler-581 b,1.39278
Kepler-581 b,1.39278
Kepler-581 b,1.39278
Kepler-581 b,1.39278
Kepler-581 b,1.39278
Kepler-582 b,1.60244
Kepler-582 b,1.60244
Kepler-582 b,1.60244
Kepler-582 b,1.60244
Kepler-582 b,1.60244
Kepler-582 b,1.60244
Kepler-582 b,1.60244
Kepler-582 b,1.60244
Kepler-582 b,1.60244
Kepler-582 b,1.60244
Kepler-583 b,1.12431
Kepler-583 b,1.12431
Kepler-583 b,1.12431
Kepler-583 b,1.12431
Kepler-583 b,1.12431
Kepler-583 b,1.12431
Kepler-583 b,1.12431
Kepler-583 b,1.12431
Kepler-583 b,1.12431
Kepler-583 b,1.12431
Kepler-584 b,0.5118
Kepler-584 b,0.5118
Kepler-584 b,0.5118
Kepler-584 b,0.5118
Kepler-584 b,0.5118
Kepler-584 b,0.5118
Kepler-584 b,0.5118
Kepler-584 b,0.5118
Kepler-584 b,0.5118
Kepler-584 b,0.5118
Kepler-585 b,1.68005
Kepler-585 b,1.68005
Kepler-585 b,1.68005
Kepler-585 b,1.68005
Kepler-585 b,1.68005
Kepler-585 b,1.68005
Kepler-585 b,1.68005
Kepler-585 b,1.68005
Kepler-585 b,1.68005
Kepler-585 b,1.68005
Kepler-585 b,1.68005
Kepler-586 b,1.41284
Kepler-586 b,1.41284
Kepler-586 b,1.41284
Kepler-586 b,1.41284
Kepler-586 b,1.41284
Kepler-586 b,1.41284
Kepler-586 b,1.41284
Kepler-586 b,1.41284
Kepler-586 b,1.41284
Kepler-586 b,1.41284
Kepler-587 b,1.24051
Kepler-587 b,1.24051
Kepler-587 b,1.24051
Kepler-587 b,1.24051
Kepler-587 b,1.24051
Kepler-587 b,1.24051
Kepler-587 b,1.24051
Kepler-587 b,1.24051
Kepler-587 b,1.24051
Kepler-587 b,1.24051
Kepler-588 b,0.798084
Kepler-588 b,0.798084
Kepler-588 b,0.798084
Kepler-588 b,0.798084
Kepler-588 b,0.798084
Kepler-588 b,0.798084
Kepler-588 b,0.798084
Kepler-588 b,0.798084
Kepler-588 b,0.798084
Kepler-588 b,0.798084
Kepler-589 b,1.60316
Kepler-589 b,1.60316
Kepler-589 b,1.60316
Kepler-589 b,1.60316
Kepler-589 b,1.60316
Kepler-589 b,1.60316
Kepler-589 b,1.60316
Kepler-589 b,1.60316
Kepler-589 b,1.60316
Kepler-589 b,1.60316
Kepler-589 c,1.60316
Kepler-589 c,1.60316
Kepler-589 c,1.60316
Kepler-589 c,1.60316
Kepler-589 c,1.60316
Kepler-589 c,1.60316
Kepler-589 c,1.60316
Kepler-59 b,0.830859
Kepler-59 b,0.830859
Kepler-59 b,0.830859
Kepler-59 b,0.830859
Kepler-59 b,0.830859
Kepler-59 b,0.830859
Kepler-59 b,0.830859
Kepler-59 b,0.830859
Kepler-59 b,0.830859
Kepler-59 b,0.830859
Kepler-59 b,0.830859
Kepler-59 b,0.830859
Kepler-59 c,0.830859
Kepler-59 c,0.830859
Kepler-59 c,0.830859
Kepler-59 c,0.830859
Kepler-59 c,0.830859
Kepler-59 c,0.830859
Kepler-59 c,0.830859
Kepler-59 c,0.830859
Kepler-59 c,0.830859
Kepler-59 c,0.830859
Kepler-59 c,0.830859
Kepler-59 c,0.830859
Kepler-590 b,0.674647
Kepler-590 b,0.674647
Kepler-590 b,0.674647
Kepler-590 b,0.674647
Kepler-590 b,0.674647
Kepler-590 b,0.674647
Kepler-590 b,0.674647
Kepler-590 b,0.674647
Kepler-590 b,0.674647
Kepler-590 b,0.674647
Kepler-591 b,1.24492
Kepler-591 b,1.24492
Kepler-591 b,1.24492
Kepler-591 b,1.24492
Kepler-591 b,1.24492
Kepler-591 b,1.24492
Kepler-591 b,1.24492
Kepler-591 b,1.24492
Kepler-591 b,1.24492
Kepler-591 b,1.24492
Kepler-592 b,0.838437
Kepler-592 b,0.838437
Kepler-592 b,0.838437
Kepler-592 b,0.838437
Kepler-592 b,0.838437
Kepler-592 b,0.838437
Kepler-592 b,0.838437
Kepler-592 b,0.838437
Kepler-592 b,0.838437
Kepler-592 b,0.838437
Kepler-593 b,0.998262
Kepler-593 b,0.998262
Kepler-593 b,0.998262
Kepler-593 b,0.998262
Kepler-593 b,0.998262
Kepler-593 b,0.998262
Kepler-593 b,0.998262
Kepler-593 b,0.998262
Kepler-593 b,0.998262
Kepler-593 b,0.998262
Kepler-594 b,1.27147
Kepler-594 b,1.27147
Kepler-594 b,1.27147
Kepler-594 b,1.27147
Kepler-594 b,1.27147
Kepler-594 b,1.27147
Kepler-594 b,1.27147
Kepler-594 b,1.27147
Kepler-594 b,1.27147
Kepler-594 b,1.27147
Kepler-595 b,1.52647
Kepler-595 b,1.52647
Kepler-595 b,1.52647
Kepler-595 b,1.52647
Kepler-595 b,1.52647
Kepler-595 b,1.52647
Kepler-595 b,1.52647
Kepler-595 b,1.52647
Kepler-595 b,1.52647
Kepler-595 b,1.52647
Kepler-595 b,1.52647
Kepler-595 b,1.52647
Kepler-595 c,1.52647
Kepler-595 c,1.52647
Kepler-595 c,1.52647
Kepler-595 c,1.52647
Kepler-595 c,1.52647
Kepler-596 b,0.948053
Kepler-596 b,0.948053
Kepler-596 b,0.948053
Kepler-596 b,0.948053
Kepler-596 b,0.948053
Kepler-596 b,0.948053
Kepler-596 b,0.948053
Kepler-596 b,0.948053
Kepler-596 b,0.948053
Kepler-596 b,0.948053
Kepler-596 b,0.948053
Kepler-597 b,1.47879
Kepler-597 b,1.47879
Kepler-597 b,1.47879
Kepler-597 b,1.47879
Kepler-597 b,1.47879
Kepler-597 b,1.47879
Kepler-597 b,1.47879
Kepler-597 b,1.47879
Kepler-597 b,1.47879
Kepler-597 b,1.47879
Kepler-597 b,1.47879
Kepler-598 b,1.4398
Kepler-598 b,1.4398
Kepler-598 b,1.4398
Kepler-598 b,1.4398
Kepler-598 b,1.4398
Kepler-598 b,1.4398
Kepler-598 b,1.4398
Kepler-598 b,1.4398
Kepler-598 b,1.4398
Kepler-598 b,1.4398
Kepler-598 c,1.4398
Kepler-598 c,1.4398
Kepler-598 c,1.4398
Kepler-598 c,1.4398
Kepler-598 c,1.4398
Kepler-598 c,1.4398
Kepler-598 c,1.4398
Kepler-598 c,1.4398
Kepler-598 c,1.4398
Kepler-599 b,1.76184
Kepler-599 b,1.76184
Kepler-599 b,1.76184
Kepler-599 b,1.76184
Kepler-599 b,1.76184
Kepler-599 b,1.76184
Kepler-599 b,1.76184
Kepler-599 b,1.76184
Kepler-599 b,1.76184
Kepler-599 b,1.76184
Kepler-6 b,1.67465
Kepler-6 b,1.67465
Kepler-6 b,1.67465
Kepler-6 b,1.67465
Kepler-6 b,1.67465
Kepler-6 b,1.67465
Kepler-6 b,1.67465
Kepler-6 b,1.67465
Kepler-6 b,1.67465
Kepler-6 b,1.67465
Kepler-6 b,1.67465
Kepler-6 b,1.67465
Kepler-6 b,1.67465
Kepler-6 b,1.67465
Kepler-6 b,1.67465
Kepler-6 b,1.67465
Kepler-6 b,1.67465
Kepler-6 b,1.67465
Kepler-60 b,0.946821
Kepler-60 b,0.946821
Kepler-60 b,0.946821
Kepler-60 b,0.946821
Kepler-60 b,0.946821
Kepler-60 b,0.946821
Kepler-60 b,0.946821
Kepler-60 b,0.946821
Kepler-60 b,0.946821
Kepler-60 b,0.946821
Kepler-60 b,0.946821
Kepler-60 b,0.946821
Kepler-60 b,0.946821
Kepler-60 b,0.946821
Kepler-60 b,0.946821
Kepler-60 c,0.946821
Kepler-60 c,0.946821
Kepler-60 c,0.946821
Kepler-60 c,0.946821
Kepler-60 c,0.946821
Kepler-60 c,0.946821
Kepler-60 c,0.946821
Kepler-60 c,0.946821
Kepler-60 c,0.946821
Kepler-60 c,0.946821
Kepler-60 c,0.946821
Kepler-60 c,0.946821
Kepler-60 c,0.946821
Kepler-60 c,0.946821
Kepler-60 c,0.946821
Kepler-60 c,0.946821
Kepler-60 d,0.946821
Kepler-60 d,0.946821
Kepler-60 d,0.946821
Kepler-60 d,0.946821
Kepler-60 d,0.946821
Kepler-60 d,0.946821
Kepler-60 d,0.946821
Kepler-60 d,0.946821
Kepler-60 d,0.946821
Kepler-60 d,0.946821
Kepler-60 d,0.946821
Kepler-60 d,0.946821
Kepler-60 d,0.946821
Kepler-60 d,0.946821
Kepler-600 b,1.58493
Kepler-600 b,1.58493
Kepler-600 b,1.58493
Kepler-600 b,1.58493
Kepler-600 b,1.58493
Kepler-600 b,1.58493
Kepler-600 b,1.58493
Kepler-600 b,1.58493
Kepler-600 b,1.58493
Kepler-600 b,1.58493
Kepler-601 b,2.38178
Kepler-601 b,2.38178
Kepler-601 b,2.38178
Kepler-601 b,2.38178
Kepler-601 b,2.38178
Kepler-601 b,2.38178
Kepler-601 b,2.38178
Kepler-601 b,2.38178
Kepler-601 b,2.38178
Kepler-601 b,2.38178
Kepler-601 b,2.38178
Kepler-602 b,0.83421
Kepler-602 b,0.83421
Kepler-602 b,0.83421
Kepler-602 b,0.83421
Kepler-602 b,0.83421
Kepler-602 b,0.83421
Kepler-602 b,0.83421
Kepler-602 b,0.83421
Kepler-602 b,0.83421
Kepler-602 b,0.83421
Kepler-603 b,0.622891
Kepler-603 b,0.622891
Kepler-603 b,0.622891
Kepler-603 b,0.622891
Kepler-603 b,0.622891
Kepler-603 b,0.622891
Kepler-603 b,0.622891
Kepler-603 b,0.622891
Kepler-603 b,0.622891
Kepler-603 b,0.622891
Kepler-603 b,0.622891
Kepler-603 c,0.622891
Kepler-603 c,0.622891
Kepler-603 c,0.622891
Kepler-603 c,0.622891
Kepler-603 c,0.622891
Kepler-603 c,0.622891
Kepler-603 c,0.622891
Kepler-603 c,0.622891
Kepler-603 c,0.622891
Kepler-603 c,0.622891
Kepler-603 c,0.622891
Kepler-603 d,0.622891
Kepler-603 d,0.622891
Kepler-603 d,0.622891
Kepler-603 d,0.622891
Kepler-603 d,0.622891
Kepler-603 d,0.622891
Kepler-603 d,0.622891
Kepler-603 d,0.622891
Kepler-603 d,0.622891
Kepler-603 d,0.622891
Kepler-604 b,0.945646
Kepler-604 b,0.945646
Kepler-604 b,0.945646
Kepler-604 b,0.945646
Kepler-604 b,0.945646
Kepler-604 b,0.945646
Kepler-604 b,0.945646
Kepler-604 b,0.945646
Kepler-604 b,0.945646
Kepler-604 b,0.945646
Kepler-605 b,1.7679
Kepler-605 b,1.7679
Kepler-605 b,1.7679
Kepler-605 b,1.7679
Kepler-605 b,1.7679
Kepler-605 b,1.7679
Kepler-605 b,1.7679
Kepler-605 b,1.7679
Kepler-605 b,1.7679
Kepler-605 b,1.7679
Kepler-605 b,1.7679
Kepler-605 c,1.7679
Kepler-605 c,1.7679
Kepler-605 c,1.7679
Kepler-605 c,1.7679
Kepler-605 c,1.7679
Kepler-605 c,1.7679
Kepler-605 c,1.7679
Kepler-605 c,1.7679
Kepler-605 c,1.7679
Kepler-605 c,1.7679
Kepler-606 b,0.794696
Kepler-606 b,0.794696
Kepler-606 b,0.794696
Kepler-606 b,0.794696
Kepler-606 b,0.794696
Kepler-606 b,0.794696
Kepler-606 b,0.794696
Kepler-606 b,0.794696
Kepler-606 b,0.794696
Kepler-606 b,0.794696
Kepler-607 b,1.89763
Kepler-607 b,1.89763
Kepler-607 b,1.89763
Kepler-607 b,1.89763
Kepler-607 b,1.89763
Kepler-607 b,1.89763
Kepler-607 b,1.89763
Kepler-607 b,1.89763
Kepler-607 b,1.89763
Kepler-607 b,1.89763
Kepler-607 c,1.89763
Kepler-607 c,1.89763
Kepler-607 c,1.89763
Kepler-607 c,1.89763
Kepler-607 c,1.89763
Kepler-607 c,1.89763
Kepler-607 c,1.89763
Kepler-607 c,1.89763
Kepler-607 c,1.89763
Kepler-608 b,1.02775
Kepler-608 b,1.02775
Kepler-608 b,1.02775
Kepler-608 b,1.02775
Kepler-608 b,1.02775
Kepler-608 b,1.02775
Kepler-608 b,1.02775
Kepler-608 b,1.02775
Kepler-608 b,1.02775
Kepler-608 b,1.02775
Kepler-609 b,0.909846
Kepler-609 b,0.909846
Kepler-609 b,0.909846
Kepler-609 b,0.909846
Kepler-609 b,0.909846
Kepler-609 b,0.909846
Kepler-609 b,0.909846
Kepler-609 b,0.909846
Kepler-609 b,0.909846
Kepler-609 b,0.909846
Kepler-61 b,2.95651
Kepler-61 b,2.95651
Kepler-61 b,2.95651
Kepler-61 b,2.95651
Kepler-61 b,2.95651
Kepler-61 b,2.95651
Kepler-61 b,2.95651
Kepler-61 b,2.95651
Kepler-61 b,2.95651
Kepler-61 b,2.95651
Kepler-61 b,2.95651
Kepler-61 b,2.95651
Kepler-61 b,2.95651
Kepler-61 b,2.95651
Kepler-610 b,1.15383
Kepler-610 b,1.15383
Kepler-610 b,1.15383
Kepler-610 b,1.15383
Kepler-610 b,1.15383
Kepler-610 b,1.15383
Kepler-610 b,1.15383
Kepler-610 b,1.15383
Kepler-610 b,1.15383
Kepler-610 b,1.15383
Kepler-610 c,1.15383
Kepler-610 c,1.15383
Kepler-610 c,1.15383
Kepler-610 c,1.15383
Kepler-610 c,1.15383
Kepler-610 c,1.15383
Kepler-610 c,1.15383
Kepler-610 c,1.15383
Kepler-610 c,1.15383
Kepler-610 c,1.15383
Kepler-611 b,0.687736
Kepler-611 b,0.687736
Kepler-611 b,0.687736
Kepler-611 b,0.687736
Kepler-611 b,0.687736
Kepler-611 b,0.687736
Kepler-611 b,0.687736
Kepler-611 b,0.687736
Kepler-611 b,0.687736
Kepler-611 b,0.687736
Kepler-612 b,0.663178
Kepler-612 b,0.663178
Kepler-612 b,0.663178
Kepler-612 b,0.663178
Kepler-612 b,0.663178
Kepler-612 b,0.663178
Kepler-612 b,0.663178
Kepler-612 b,0.663178
Kepler-612 b,0.663178
Kepler-612 b,0.663178
Kepler-613 b,1.13204
Kepler-613 b,1.13204
Kepler-613 b,1.13204
Kepler-613 b,1.13204
Kepler-613 b,1.13204
Kepler-613 b,1.13204
Kepler-613 b,1.13204
Kepler-613 b,1.13204
Kepler-613 b,1.13204
Kepler-613 b,1.13204
Kepler-614 b,1.86534
Kepler-614 b,1.86534
Kepler-614 b,1.86534
Kepler-614 b,1.86534
Kepler-614 b,1.86534
Kepler-614 b,1.86534
Kepler-614 b,1.86534
Kepler-614 b,1.86534
Kepler-614 b,1.86534
Kepler-614 b,1.86534
Kepler-616 b,1.02914
Kepler-616 b,1.02914
Kepler-616 b,1.02914
Kepler-616 b,1.02914
Kepler-616 b,1.02914
Kepler-616 b,1.02914
Kepler-616 b,1.02914
Kepler-616 b,1.02914
Kepler-616 b,1.02914
Kepler-616 c,1.02914
Kepler-616 c,1.02914
Kepler-616 c,1.02914
Kepler-616 c,1.02914
Kepler-616 c,1.02914
Kepler-616 c,1.02914
Kepler-616 c,1.02914
Kepler-616 c,1.02914
Kepler-616 c,1.02914
Kepler-616 d,1.02914
Kepler-616 d,1.02914
Kepler-616 d,1.02914
Kepler-616 d,1.02914
Kepler-616 d,1.02914
Kepler-616 d,1.02914
Kepler-616 d,1.02914
Kepler-616 d,1.02914
Kepler-617 b,5.73985
Kepler-617 b,5.73985
Kepler-617 b,5.73985
Kepler-617 b,5.73985
Kepler-617 b,5.73985
Kepler-617 b,5.73985
Kepler-617 b,5.73985
Kepler-617 b,5.73985
Kepler-617 b,5.73985
Kepler-617 b,5.73985
Kepler-617 b,5.73985
Kepler-618 b,0.789644
Kepler-618 b,0.789644
Kepler-618 b,0.789644
Kepler-618 b,0.789644
Kepler-618 b,0.789644
Kepler-618 b,0.789644
Kepler-618 b,0.789644
Kepler-618 b,0.789644
Kepler-618 b,0.789644
Kepler-618 b,0.789644
Kepler-618 b,0.789644
Kepler-619 b,1.08162
Kepler-619 b,1.08162
Kepler-619 b,1.08162
Kepler-619 b,1.08162
Kepler-619 b,1.08162
Kepler-619 b,1.08162
Kepler-619 b,1.08162
Kepler-619 b,1.08162
Kepler-619 b,1.08162
Kepler-619 b,1.08162
Kepler-619 b,1.08162
Kepler-619 c,1.08162
Kepler-619 c,1.08162
Kepler-619 c,1.08162
Kepler-619 c,1.08162
Kepler-619 c,1.08162
Kepler-619 c,1.08162
Kepler-619 c,1.08162
Kepler-619 c,1.08162
Kepler-619 c,1.08162
Kepler-619 c,1.08162
Kepler-619 d,1.08162
Kepler-619 d,1.08162
Kepler-619 d,1.08162
Kepler-619 d,1.08162
Kepler-619 d,1.08162
Kepler-619 d,1.08162
Kepler-619 d,1.08162
Kepler-619 d,1.08162
Kepler-619 d,1.08162
Kepler-62 b,3.29474
Kepler-62 b,3.29474
Kepler-62 b,3.29474
Kepler-62 b,3.29474
Kepler-62 b,3.29474
Kepler-62 b,3.29474
Kepler-62 b,3.29474
Kepler-62 b,3.29474
Kepler-62 b,3.29474
Kepler-62 b,3.29474
Kepler-62 b,3.29474
Kepler-62 b,3.29474
Kepler-62 b,3.29474
Kepler-62 c,3.29474
Kepler-62 c,3.29474
Kepler-62 c,3.29474
Kepler-62 c,3.29474
Kepler-62 c,3.29474
Kepler-62 c,3.29474
Kepler-62 c,3.29474
Kepler-62 c,3.29474
Kepler-62 c,3.29474
Kepler-62 c,3.29474
Kepler-62 c,3.29474
Kepler-62 d,3.29474
Kepler-62 d,3.29474
Kepler-62 d,3.29474
Kepler-62 d,3.29474
Kepler-62 d,3.29474
Kepler-62 d,3.29474
Kepler-62 d,3.29474
Kepler-62 d,3.29474
Kepler-62 d,3.29474
Kepler-62 d,3.29474
Kepler-62 d,3.29474
Kepler-62 d,3.29474
Kepler-62 d,3.29474
Kepler-62 e,3.29474
Kepler-62 e,3.29474
Kepler-62 e,3.29474
Kepler-62 e,3.29474
Kepler-62 e,3.29474
Kepler-62 e,3.29474
Kepler-62 e,3.29474
Kepler-62 e,3.29474
Kepler-62 e,3.29474
Kepler-62 e,3.29474
Kepler-62 e,3.29474
Kepler-62 e,3.29474
Kepler-62 e,3.29474
Kepler-62 e,3.29474
Kepler-62 f,3.29474
Kepler-62 f,3.29474
Kepler-62 f,3.29474
Kepler-62 f,3.29474
Kepler-62 f,3.29474
Kepler-62 f,3.29474
Kepler-62 f,3.29474
Kepler-62 f,3.29474
Kepler-62 f,3.29474
Kepler-62 f,3.29474
Kepler-62 f,3.29474
Kepler-62 f,3.29474
Kepler-620 b,0.709144
Kepler-620 b,0.709144
Kepler-620 b,0.709144
Kepler-620 b,0.709144
Kepler-620 b,0.709144
Kepler-620 b,0.709144
Kepler-620 b,0.709144
Kepler-620 b,0.709144
Kepler-620 b,0.709144
Kepler-620 b,0.709144
Kepler-622 b,3.48291
Kepler-622 b,3.48291
Kepler-622 b,3.48291
Kepler-622 b,3.48291
Kepler-622 b,3.48291
Kepler-622 b,3.48291
Kepler-622 b,3.48291
Kepler-622 b,3.48291
Kepler-622 b,3.48291
Kepler-622 b,3.48291
Kepler-622 b,3.48291
Kepler-623 b,1.32734
Kepler-623 b,1.32734
Kepler-623 b,1.32734
Kepler-623 b,1.32734
Kepler-623 b,1.32734
Kepler-623 b,1.32734
Kepler-623 b,1.32734
Kepler-623 b,1.32734
Kepler-623 b,1.32734
Kepler-623 b,1.32734
Kepler-624 b,1.3081
Kepler-624 b,1.3081
Kepler-624 b,1.3081
Kepler-624 b,1.3081
Kepler-624 b,1.3081
Kepler-624 b,1.3081
Kepler-624 b,1.3081
Kepler-624 b,1.3081
Kepler-624 b,1.3081
Kepler-624 b,1.3081
Kepler-624 b,1.3081
Kepler-625 b,1.28587
Kepler-625 b,1.28587
Kepler-625 b,1.28587
Kepler-625 b,1.28587
Kepler-625 b,1.28587
Kepler-625 b,1.28587
Kepler-625 b,1.28587
Kepler-625 b,1.28587
Kepler-625 b,1.28587
Kepler-625 b,1.28587
Kepler-625 b,1.28587
Kepler-625 c,1.28587
Kepler-625 c,1.28587
Kepler-625 c,1.28587
Kepler-625 c,1.28587
Kepler-625 c,1.28587
Kepler-625 c,1.28587
Kepler-625 c,1.28587
Kepler-625 c,1.28587
Kepler-625 c,1.28587
Kepler-625 c,1.28587
Kepler-626 b,1.54443
Kepler-626 b,1.54443
Kepler-626 b,1.54443
Kepler-626 b,1.54443
Kepler-626 b,1.54443
Kepler-626 b,1.54443
Kepler-626 b,1.54443
Kepler-626 b,1.54443
Kepler-626 b,1.54443
Kepler-626 b,1.54443
Kepler-626 b,1.54443
Kepler-627 b,0.987298
Kepler-627 b,0.987298
Kepler-627 b,0.987298
Kepler-627 b,0.987298
Kepler-627 b,0.987298
Kepler-627 b,0.987298
Kepler-627 b,0.987298
Kepler-627 b,0.987298
Kepler-627 b,0.987298
Kepler-627 b,0.987298
Kepler-627 b,0.987298
Kepler-629 b,2.65893
Kepler-629 b,2.65893
Kepler-629 b,2.65893
Kepler-629 b,2.65893
Kepler-629 b,2.65893
Kepler-629 b,2.65893
Kepler-629 b,2.65893
Kepler-629 b,2.65893
Kepler-629 b,2.65893
Kepler-629 b,2.65893
Kepler-629 b,2.65893
Kepler-63 b,5.12497
Kepler-63 b,5.12497
Kepler-63 b,5.12497
Kepler-63 b,5.12497
Kepler-63 b,5.12497
Kepler-63 b,5.12497
Kepler-63 b,5.12497
Kepler-63 b,5.12497
Kepler-63 b,5.12497
Kepler-63 b,5.12497
Kepler-63 b,5.12497
Kepler-63 b,5.12497
Kepler-63 b,5.12497
Kepler-63 b,5.12497
Kepler-630 b,1.16214
Kepler-630 b,1.16214
Kepler-630 b,1.16214
Kepler-630 b,1.16214
Kepler-630 b,1.16214
Kepler-630 b,1.16214
Kepler-630 b,1.16214
Kepler-630 b,1.16214
Kepler-630 b,1.16214
Kepler-630 b,1.16214
Kepler-630 b,1.16214
Kepler-631 b,1.28382
Kepler-631 b,1.28382
Kepler-631 b,1.28382
Kepler-631 b,1.28382
Kepler-631 b,1.28382
Kepler-631 b,1.28382
Kepler-631 b,1.28382
Kepler-631 b,1.28382
Kepler-631 b,1.28382
Kepler-631 b,1.28382
Kepler-631 b,1.28382
Kepler-634 b,1.09734
Kepler-634 b,1.09734
Kepler-634 b,1.09734
Kepler-634 b,1.09734
Kepler-634 b,1.09734
Kepler-634 b,1.09734
Kepler-634 b,1.09734
Kepler-634 b,1.09734
Kepler-634 b,1.09734
Kepler-634 b,1.09734
Kepler-634 b,1.09734
Kepler-635 b,0.847678
Kepler-635 b,0.847678
Kepler-635 b,0.847678
Kepler-635 b,0.847678
Kepler-635 b,0.847678
Kepler-635 b,0.847678
Kepler-635 b,0.847678
Kepler-635 b,0.847678
Kepler-635 b,0.847678
Kepler-635 b,0.847678
Kepler-635 b,0.847678
Kepler-637 b,1.24337
Kepler-637 b,1.24337
Kepler-637 b,1.24337
Kepler-637 b,1.24337
Kepler-637 b,1.24337
Kepler-637 b,1.24337
Kepler-637 b,1.24337
Kepler-637 b,1.24337
Kepler-637 b,1.24337
Kepler-637 b,1.24337
Kepler-637 b,1.24337
Kepler-638 b,0.980073
Kepler-638 b,0.980073
Kepler-638 b,0.980073
Kepler-638 b,0.980073
Kepler-638 b,0.980073
Kepler-638 b,0.980073
Kepler-638 b,0.980073
Kepler-638 b,0.980073
Kepler-638 b,0.980073
Kepler-638 b,0.980073
Kepler-638 b,0.980073
Kepler-639 b,1.1474
Kepler-639 b,1.1474
Kepler-639 b,1.1474
Kepler-639 b,1.1474
Kepler-639 b,1.1474
Kepler-639 b,1.1474
Kepler-639 b,1.1474
Kepler-639 b,1.1474
Kepler-639 b,1.1474
Kepler-639 b,1.1474
Kepler-639 b,1.1474
Kepler-640 b,1.76402
Kepler-640 b,1.76402
Kepler-640 b,1.76402
Kepler-640 b,1.76402
Kepler-640 b,1.76402
Kepler-640 b,1.76402
Kepler-640 b,1.76402
Kepler-640 b,1.76402
Kepler-640 b,1.76402
Kepler-640 b,1.76402
Kepler-640 b,1.76402
Kepler-641 b,1.00232
Kepler-641 b,1.00232
Kepler-641 b,1.00232
Kepler-641 b,1.00232
Kepler-641 b,1.00232
Kepler-641 b,1.00232
Kepler-641 b,1.00232
Kepler-641 b,1.00232
Kepler-641 b,1.00232
Kepler-641 b,1.00232
Kepler-641 b,1.00232
Kepler-642 b,1.25067
Kepler-642 b,1.25067
Kepler-642 b,1.25067
Kepler-642 b,1.25067
Kepler-642 b,1.25067
Kepler-642 b,1.25067
Kepler-642 b,1.25067
Kepler-642 b,1.25067
Kepler-642 b,1.25067
Kepler-642 b,1.25067
Kepler-642 b,1.25067
Kepler-643 b,0.91145
Kepler-643 b,0.91145
Kepler-643 b,0.91145
Kepler-643 b,0.91145
Kepler-643 b,0.91145
Kepler-643 b,0.91145
Kepler-643 b,0.91145
Kepler-643 b,0.91145
Kepler-643 b,0.91145
Kepler-643 b,0.91145
Kepler-643 b,0.91145
Kepler-643 b,0.91145
Kepler-644 b,0.730368
Kepler-644 b,0.730368
Kepler-644 b,0.730368
Kepler-644 b,0.730368
Kepler-644 b,0.730368
Kepler-644 b,0.730368
Kepler-644 b,0.730368
Kepler-644 b,0.730368
Kepler-644 b,0.730368
Kepler-644 b,0.730368
Kepler-644 b,0.730368
Kepler-645 b,0.823311
Kepler-645 b,0.823311
Kepler-645 b,0.823311
Kepler-645 b,0.823311
Kepler-645 b,0.823311
Kepler-645 b,0.823311
Kepler-645 b,0.823311
Kepler-645 b,0.823311
Kepler-645 b,0.823311
Kepler-645 b,0.823311
Kepler-645 b,0.823311
Kepler-646 b,2.18456
Kepler-646 b,2.18456
Kepler-646 b,2.18456
Kepler-646 b,2.18456
Kepler-646 b,2.18456
Kepler-646 b,2.18456
Kepler-646 b,2.18456
Kepler-646 b,2.18456
Kepler-646 b,2.18456
Kepler-646 b,2.18456
Kepler-646 b,2.18456
Kepler-647 b,0.890439
Kepler-647 b,0.890439
Kepler-647 b,0.890439
Kepler-647 b,0.890439
Kepler-647 b,0.890439
Kepler-647 b,0.890439
Kepler-647 b,0.890439
Kepler-647 b,0.890439
Kepler-647 b,0.890439
Kepler-647 b,0.890439
Kepler-647 b,0.890439
Kepler-647 c,0.890439
Kepler-647 c,0.890439
Kepler-647 c,0.890439
Kepler-647 c,0.890439
Kepler-647 c,0.890439
Kepler-647 c,0.890439
Kepler-647 c,0.890439
Kepler-647 c,0.890439
Kepler-647 c,0.890439
Kepler-648 b,1.54355
Kepler-648 b,1.54355
Kepler-648 b,1.54355
Kepler-648 b,1.54355
Kepler-648 b,1.54355
Kepler-648 b,1.54355
Kepler-648 b,1.54355
Kepler-648 b,1.54355
Kepler-648 b,1.54355
Kepler-648 b,1.54355
Kepler-648 b,1.54355
Kepler-649 b,1.91768
Kepler-649 b,1.91768
Kepler-649 b,1.91768
Kepler-649 b,1.91768
Kepler-649 b,1.91768
Kepler-649 b,1.91768
Kepler-649 b,1.91768
Kepler-649 b,1.91768
Kepler-649 b,1.91768
Kepler-649 b,1.91768
Kepler-649 b,1.91768
Kepler-65 b,3.26384
Kepler-65 b,3.26384
Kepler-65 b,3.26384
Kepler-65 b,3.26384
Kepler-65 b,3.26384
Kepler-65 b,3.26384
Kepler-65 b,3.26384
Kepler-65 b,3.26384
Kepler-65 b,3.26384
Kepler-65 b,3.26384
Kepler-65 b,3.26384
Kepler-65 b,3.26384
Kepler-65 b,3.26384
Kepler-65 b,3.26384
Kepler-65 b,3.26384
Kepler-65 c,3.26384
Kepler-65 c,3.26384
Kepler-65 c,3.26384
Kepler-65 c,3.26384
Kepler-65 c,3.26384
Kepler-65 c,3.26384
Kepler-65 c,3.26384
Kepler-65 c,3.26384
Kepler-65 c,3.26384
Kepler-65 c,3.26384
Kepler-65 c,3.26384
Kepler-65 c,3.26384
Kepler-65 c,3.26384
Kepler-65 c,3.26384
Kepler-65 c,3.26384
Kepler-65 c,3.26384
Kepler-65 c,3.26384
Kepler-65 d,3.26384
Kepler-65 d,3.26384
Kepler-65 d,3.26384
Kepler-65 d,3.26384
Kepler-65 d,3.26384
Kepler-65 d,3.26384
Kepler-65 d,3.26384
Kepler-65 d,3.26384
Kepler-65 d,3.26384
Kepler-65 d,3.26384
Kepler-65 d,3.26384
Kepler-65 d,3.26384
Kepler-65 d,3.26384
Kepler-65 d,3.26384
Kepler-65 d,3.26384
Kepler-65 d,3.26384
Kepler-65 e,3.26384
Kepler-65 e,3.26384
Kepler-651 b,1.93419
Kepler-651 b,1.93419
Kepler-651 b,1.93419
Kepler-651 b,1.93419
Kepler-651 b,1.93419
Kepler-651 b,1.93419
Kepler-651 b,1.93419
Kepler-651 b,1.93419
Kepler-651 b,1.93419
Kepler-651 b,1.93419
Kepler-652 b,2.50564
Kepler-652 b,2.50564
Kepler-652 b,2.50564
Kepler-652 b,2.50564
Kepler-652 b,2.50564
Kepler-652 b,2.50564
Kepler-652 b,2.50564
Kepler-652 b,2.50564
Kepler-652 b,2.50564
Kepler-652 b,2.50564
Kepler-652 b,2.50564
Kepler-653 b,1.65
Kepler-653 b,1.65
Kepler-653 b,1.65
Kepler-653 b,1.65
Kepler-653 b,1.65
Kepler-653 b,1.65
Kepler-653 b,1.65
Kepler-653 b,1.65
Kepler-653 b,1.65
Kepler-653 b,1.65
Kepler-653 b,1.65
Kepler-653 c,1.65
Kepler-653 c,1.65
Kepler-653 c,1.65
Kepler-653 c,1.65
Kepler-653 c,1.65
Kepler-653 c,1.65
Kepler-653 c,1.65
Kepler-653 c,1.65
Kepler-653 c,1.65
Kepler-653 c,1.65
Kepler-654 b,0.997899
Kepler-654 b,0.997899
Kepler-654 b,0.997899
Kepler-654 b,0.997899
Kepler-654 b,0.997899
Kepler-654 b,0.997899
Kepler-654 b,0.997899
Kepler-654 b,0.997899
Kepler-654 b,0.997899
Kepler-654 b,0.997899
Kepler-654 b,0.997899
Kepler-655 b,1.30007
Kepler-655 b,1.30007
Kepler-655 b,1.30007
Kepler-655 b,1.30007
Kepler-655 b,1.30007
Kepler-655 b,1.30007
Kepler-655 b,1.30007
Kepler-655 b,1.30007
Kepler-655 b,1.30007
Kepler-655 b,1.30007
Kepler-655 b,1.30007
Kepler-656 b,1.09472
Kepler-656 b,1.09472
Kepler-656 b,1.09472
Kepler-656 b,1.09472
Kepler-656 b,1.09472
Kepler-656 b,1.09472
Kepler-656 b,1.09472
Kepler-656 b,1.09472
Kepler-656 b,1.09472
Kepler-656 b,1.09472
Kepler-656 b,1.09472
Kepler-656 c,1.09472
Kepler-656 c,1.09472
Kepler-656 c,1.09472
Kepler-656 c,1.09472
Kepler-656 c,1.09472
Kepler-656 c,1.09472
Kepler-656 c,1.09472
Kepler-656 c,1.09472
Kepler-657 b,0.562187
Kepler-657 b,0.562187
Kepler-657 b,0.562187
Kepler-657 b,0.562187
Kepler-657 b,0.562187
Kepler-657 b,0.562187
Kepler-657 b,0.562187
Kepler-657 b,0.562187
Kepler-657 b,0.562187
Kepler-657 b,0.562187
Kepler-658 b,2.54642
Kepler-658 b,2.54642
Kepler-658 b,2.54642
Kepler-658 b,2.54642
Kepler-658 b,2.54642
Kepler-658 b,2.54642
Kepler-658 b,2.54642
Kepler-658 b,2.54642
Kepler-658 b,2.54642
Kepler-658 b,2.54642
Kepler-659 b,1.35546
Kepler-659 b,1.35546
Kepler-659 b,1.35546
Kepler-659 b,1.35546
Kepler-659 b,1.35546
Kepler-659 b,1.35546
Kepler-659 b,1.35546
Kepler-659 b,1.35546
Kepler-659 b,1.35546
Kepler-659 b,1.35546
Kepler-66 b,0.802988
Kepler-66 b,0.802988
Kepler-66 b,0.802988
Kepler-66 b,0.802988
Kepler-66 b,0.802988
Kepler-66 b,0.802988
Kepler-66 b,0.802988
Kepler-66 b,0.802988
Kepler-66 b,0.802988
Kepler-66 b,0.802988
Kepler-66 b,0.802988
Kepler-66 b,0.802988
Kepler-660 b,1.73079
Kepler-660 b,1.73079
Kepler-660 b,1.73079
Kepler-660 b,1.73079
Kepler-660 b,1.73079
Kepler-660 b,1.73079
Kepler-660 b,1.73079
Kepler-660 b,1.73079
Kepler-660 b,1.73079
Kepler-661 b,1.84175
Kepler-661 b,1.84175
Kepler-661 b,1.84175
Kepler-661 b,1.84175
Kepler-661 b,1.84175
Kepler-661 b,1.84175
Kepler-661 b,1.84175
Kepler-661 b,1.84175
Kepler-661 b,1.84175
Kepler-661 b,1.84175
Kepler-662 b,1.19793
Kepler-662 b,1.19793
Kepler-662 b,1.19793
Kepler-662 b,1.19793
Kepler-662 b,1.19793
Kepler-662 b,1.19793
Kepler-662 b,1.19793
Kepler-662 b,1.19793
Kepler-662 b,1.19793
Kepler-662 b,1.19793
Kepler-663 b,0.91283
Kepler-663 b,0.91283
Kepler-663 b,0.91283
Kepler-663 b,0.91283
Kepler-663 b,0.91283
Kepler-663 b,0.91283
Kepler-663 b,0.91283
Kepler-663 b,0.91283
Kepler-663 b,0.91283
Kepler-663 b,0.91283
Kepler-664 b,0.797882
Kepler-664 b,0.797882
Kepler-664 b,0.797882
Kepler-664 b,0.797882
Kepler-664 b,0.797882
Kepler-664 b,0.797882
Kepler-664 b,0.797882
Kepler-664 b,0.797882
Kepler-664 b,0.797882
Kepler-664 b,0.797882
Kepler-665 b,1.60366
Kepler-665 b,1.60366
Kepler-665 b,1.60366
Kepler-665 b,1.60366
Kepler-665 b,1.60366
Kepler-665 b,1.60366
Kepler-665 b,1.60366
Kepler-665 b,1.60366
Kepler-665 b,1.60366
Kepler-665 b,1.60366
Kepler-666 b,0.634662
Kepler-666 b,0.634662
Kepler-666 b,0.634662
Kepler-666 b,0.634662
Kepler-666 b,0.634662
Kepler-666 b,0.634662
Kepler-666 b,0.634662
Kepler-666 b,0.634662
Kepler-666 b,0.634662
Kepler-666 b,0.634662
Kepler-667 b,0.405112
Kepler-667 b,0.405112
Kepler-667 b,0.405112
Kepler-667 b,0.405112
Kepler-667 b,0.405112
Kepler-667 b,0.405112
Kepler-667 b,0.405112
Kepler-667 b,0.405112
Kepler-667 b,0.405112
Kepler-667 b,0.405112
Kepler-668 b,1.24609
Kepler-668 b,1.24609
Kepler-668 b,1.24609
Kepler-668 b,1.24609
Kepler-668 b,1.24609
Kepler-668 b,1.24609
Kepler-668 b,1.24609
Kepler-668 b,1.24609
Kepler-668 b,1.24609
Kepler-668 b,1.24609
Kepler-669 b,0.454876
Kepler-669 b,0.454876
Kepler-669 b,0.454876
Kepler-669 b,0.454876
Kepler-669 b,0.454876
Kepler-669 b,0.454876
Kepler-669 b,0.454876
Kepler-669 b,0.454876
Kepler-669 b,0.454876
Kepler-669 b,0.454876
Kepler-67 b,0.857968
Kepler-67 b,0.857968
Kepler-67 b,0.857968
Kepler-67 b,0.857968
Kepler-67 b,0.857968
Kepler-67 b,0.857968
Kepler-67 b,0.857968
Kepler-67 b,0.857968
Kepler-67 b,0.857968
Kepler-67 b,0.857968
Kepler-67 b,0.857968
Kepler-67 b,0.857968
Kepler-670 b,1.03558
Kepler-670 b,1.03558
Kepler-670 b,1.03558
Kepler-670 b,1.03558
Kepler-670 b,1.03558
Kepler-670 b,1.03558
Kepler-670 b,1.03558
Kepler-670 b,1.03558
Kepler-670 b,1.03558
Kepler-670 b,1.03558
Kepler-670 b,1.03558
Kepler-671 b,0.827859
Kepler-671 b,0.827859
Kepler-671 b,0.827859
Kepler-671 b,0.827859
Kepler-671 b,0.827859
Kepler-671 b,0.827859
Kepler-671 b,0.827859
Kepler-671 b,0.827859
Kepler-671 b,0.827859
Kepler-671 b,0.827859
Kepler-672 b,0.938519
Kepler-672 b,0.938519
Kepler-672 b,0.938519
Kepler-672 b,0.938519
Kepler-672 b,0.938519
Kepler-672 b,0.938519
Kepler-672 b,0.938519
Kepler-672 b,0.938519
Kepler-672 b,0.938519
Kepler-672 b,0.938519
Kepler-673 b,1.06061
Kepler-673 b,1.06061
Kepler-673 b,1.06061
Kepler-673 b,1.06061
Kepler-673 b,1.06061
Kepler-673 b,1.06061
Kepler-673 b,1.06061
Kepler-673 b,1.06061
Kepler-673 b,1.06061
Kepler-673 b,1.06061
Kepler-674 b,2.89322
Kepler-674 b,2.89322
Kepler-674 b,2.89322
Kepler-674 b,2.89322
Kepler-674 b,2.89322
Kepler-674 b,2.89322
Kepler-674 b,2.89322
Kepler-674 b,2.89322
Kepler-674 b,2.89322
Kepler-674 b,2.89322
Kepler-674 b,2.89322
Kepler-675 b,1.47401
Kepler-675 b,1.47401
Kepler-675 b,1.47401
Kepler-675 b,1.47401
Kepler-675 b,1.47401
Kepler-675 b,1.47401
Kepler-675 b,1.47401
Kepler-675 b,1.47401
Kepler-675 b,1.47401
Kepler-675 b,1.47401
Kepler-676 b,3.3591
Kepler-676 b,3.3591
Kepler-676 b,3.3591
Kepler-676 b,3.3591
Kepler-676 b,3.3591
Kepler-676 b,3.3591
Kepler-676 b,3.3591
Kepler-676 b,3.3591
Kepler-676 b,3.3591
Kepler-676 b,3.3591
Kepler-676 b,3.3591
Kepler-677 b,0.48221
Kepler-677 b,0.48221
Kepler-677 b,0.48221
Kepler-677 b,0.48221
Kepler-677 b,0.48221
Kepler-677 b,0.48221
Kepler-677 b,0.48221
Kepler-677 b,0.48221
Kepler-677 b,0.48221
Kepler-677 b,0.48221
Kepler-678 b,0.518784
Kepler-678 b,0.518784
Kepler-678 b,0.518784
Kepler-678 b,0.518784
Kepler-678 b,0.518784
Kepler-678 b,0.518784
Kepler-678 b,0.518784
Kepler-678 b,0.518784
Kepler-678 b,0.518784
Kepler-679 b,1.05616
Kepler-679 b,1.05616
Kepler-679 b,1.05616
Kepler-679 b,1.05616
Kepler-679 b,1.05616
Kepler-679 b,1.05616
Kepler-679 b,1.05616
Kepler-679 b,1.05616
Kepler-679 b,1.05616
Kepler-679 b,1.05616
Kepler-68 b,6.90758
Kepler-68 b,6.90758
Kepler-68 b,6.90758
Kepler-68 b,6.90758
Kepler-68 b,6.90758
Kepler-68 b,6.90758
Kepler-68 b,6.90758
Kepler-68 b,6.90758
Kepler-68 b,6.90758
Kepler-68 b,6.90758
Kepler-68 b,6.90758
Kepler-68 b,6.90758
Kepler-68 b,6.90758
Kepler-68 b,6.90758
Kepler-68 b,6.90758
Kepler-68 b,6.90758
Kepler-68 b,6.90758
Kepler-68 b,6.90758
Kepler-68 b,6.90758
Kepler-68 c,6.90758
Kepler-68 c,6.90758
Kepler-68 c,6.90758
Kepler-68 c,6.90758
Kepler-68 c,6.90758
Kepler-68 c,6.90758
Kepler-68 c,6.90758
Kepler-68 c,6.90758
Kepler-68 c,6.90758
Kepler-68 c,6.90758
Kepler-68 c,6.90758
Kepler-68 c,6.90758
Kepler-68 c,6.90758
Kepler-68 c,6.90758
Kepler-68 c,6.90758
Kepler-68 c,6.90758
Kepler-68 c,6.90758
Kepler-68 d,6.90758
Kepler-68 d,6.90758
Kepler-68 d,6.90758
Kepler-68 d,6.90758
Kepler-68 d,6.90758
Kepler-68 e,6.90758
Kepler-68 e,6.90758
Kepler-680 b,0.641207
Kepler-680 b,0.641207
Kepler-680 b,0.641207
Kepler-680 b,0.641207
Kepler-680 b,0.641207
Kepler-680 b,0.641207
Kepler-680 b,0.641207
Kepler-680 b,0.641207
Kepler-680 b,0.641207
Kepler-681 b,1.42719
Kepler-681 b,1.42719
Kepler-681 b,1.42719
Kepler-681 b,1.42719
Kepler-681 b,1.42719
Kepler-681 b,1.42719
Kepler-681 b,1.42719
Kepler-681 b,1.42719
Kepler-681 b,1.42719
Kepler-681 b,1.42719
Kepler-682 b,0.475647
Kepler-682 b,0.475647
Kepler-682 b,0.475647
Kepler-682 b,0.475647
Kepler-682 b,0.475647
Kepler-682 b,0.475647
Kepler-682 b,0.475647
Kepler-682 b,0.475647
Kepler-682 b,0.475647
Kepler-682 b,0.475647
Kepler-683 b,0.949519
Kepler-683 b,0.949519
Kepler-683 b,0.949519
Kepler-683 b,0.949519
Kepler-683 b,0.949519
Kepler-683 b,0.949519
Kepler-683 b,0.949519
Kepler-683 b,0.949519
Kepler-683 b,0.949519
Kepler-684 b,0.549575
Kepler-684 b,0.549575
Kepler-684 b,0.549575
Kepler-684 b,0.549575
Kepler-684 b,0.549575
Kepler-684 b,0.549575
Kepler-684 b,0.549575
Kepler-684 b,0.549575
Kepler-684 b,0.549575
Kepler-684 b,0.549575
Kepler-685 b,1.038
Kepler-685 b,1.038
Kepler-685 b,1.038
Kepler-685 b,1.038
Kepler-685 b,1.038
Kepler-685 b,1.038
Kepler-685 b,1.038
Kepler-685 b,1.038
Kepler-685 b,1.038
Kepler-685 b,1.038
Kepler-685 b,1.038
Kepler-686 b,0.642082
Kepler-686 b,0.642082
Kepler-686 b,0.642082
Kepler-686 b,0.642082
Kepler-686 b,0.642082
Kepler-686 b,0.642082
Kepler-686 b,0.642082
Kepler-686 b,0.642082
Kepler-686 b,0.642082
Kepler-686 b,0.642082
Kepler-686 b,0.642082
Kepler-687 b,1.54984
Kepler-687 b,1.54984
Kepler-687 b,1.54984
Kepler-687 b,1.54984
Kepler-687 b,1.54984
Kepler-687 b,1.54984
Kepler-687 b,1.54984
Kepler-687 b,1.54984
Kepler-687 b,1.54984
Kepler-687 b,1.54984
Kepler-688 b,0.709307
Kepler-688 b,0.709307
Kepler-688 b,0.709307
Kepler-688 b,0.709307
Kepler-688 b,0.709307
Kepler-688 b,0.709307
Kepler-688 b,0.709307
Kepler-688 b,0.709307
Kepler-688 b,0.709307
Kepler-688 b,0.709307
Kepler-689 b,0.856861
Kepler-689 b,0.856861
Kepler-689 b,0.856861
Kepler-689 b,0.856861
Kepler-689 b,0.856861
Kepler-689 b,0.856861
Kepler-689 b,0.856861
Kepler-689 b,0.856861
Kepler-689 b,0.856861
Kepler-689 b,0.856861
Kepler-69 b,1.33989
Kepler-69 b,1.33989
Kepler-69 b,1.33989
Kepler-69 b,1.33989
Kepler-69 b,1.33989
Kepler-69 b,1.33989
Kepler-69 b,1.33989
Kepler-69 b,1.33989
Kepler-69 b,1.33989
Kepler-69 b,1.33989
Kepler-69 b,1.33989
Kepler-69 b,1.33989
Kepler-69 b,1.33989
Kepler-69 c,1.33989
Kepler-69 c,1.33989
Kepler-69 c,1.33989
Kepler-69 c,1.33989
Kepler-69 c,1.33989
Kepler-69 c,1.33989
Kepler-69 c,1.33989
Kepler-69 c,1.33989
Kepler-69 c,1.33989
Kepler-69 c,1.33989
Kepler-69 c,1.33989
Kepler-69 c,1.33989
Kepler-69 c,1.33989
Kepler-690 b,0.57419
Kepler-690 b,0.57419
Kepler-690 b,0.57419
Kepler-690 b,0.57419
Kepler-690 b,0.57419
Kepler-690 b,0.57419
Kepler-690 b,0.57419
Kepler-690 b,0.57419
Kepler-690 b,0.57419
Kepler-690 b,0.57419
Kepler-691 b,3.55464
Kepler-691 b,3.55464
Kepler-691 b,3.55464
Kepler-691 b,3.55464
Kepler-691 b,3.55464
Kepler-691 b,3.55464
Kepler-691 b,3.55464
Kepler-691 b,3.55464
Kepler-691 b,3.55464
Kepler-691 b,3.55464
Kepler-691 b,3.55464
Kepler-692 b,0.981381
Kepler-692 b,0.981381
Kepler-692 b,0.981381
Kepler-692 b,0.981381
Kepler-692 b,0.981381
Kepler-692 b,0.981381
Kepler-692 b,0.981381
Kepler-692 b,0.981381
Kepler-692 b,0.981381
Kepler-692 b,0.981381
Kepler-693 b,0.840765
Kepler-693 b,0.840765
Kepler-693 b,0.840765
Kepler-693 b,0.840765
Kepler-693 b,0.840765
Kepler-693 b,0.840765
Kepler-693 b,0.840765
Kepler-693 b,0.840765
Kepler-693 b,0.840765
Kepler-694 b,0.949366
Kepler-694 b,0.949366
Kepler-694 b,0.949366
Kepler-694 b,0.949366
Kepler-694 b,0.949366
Kepler-694 b,0.949366
Kepler-694 b,0.949366
Kepler-694 b,0.949366
Kepler-694 b,0.949366
Kepler-694 b,0.949366
Kepler-695 b,1.15848
Kepler-695 b,1.15848
Kepler-695 b,1.15848
Kepler-695 b,1.15848
Kepler-695 b,1.15848
Kepler-695 b,1.15848
Kepler-695 b,1.15848
Kepler-695 b,1.15848
Kepler-695 b,1.15848
Kepler-696 b,0.67813
Kepler-696 b,0.67813
Kepler-696 b,0.67813
Kepler-696 b,0.67813
Kepler-696 b,0.67813
Kepler-696 b,0.67813
Kepler-696 b,0.67813
Kepler-696 b,0.67813
Kepler-696 b,0.67813
Kepler-696 b,0.67813
Kepler-697 b,0.754456
Kepler-697 b,0.754456
Kepler-697 b,0.754456
Kepler-697 b,0.754456
Kepler-697 b,0.754456
Kepler-697 b,0.754456
Kepler-697 b,0.754456
Kepler-697 b,0.754456
Kepler-697 b,0.754456
Kepler-697 b,0.754456
Kepler-698 b,0.471886
Kepler-698 b,0.471886
Kepler-698 b,0.471886
Kepler-698 b,0.471886
Kepler-698 b,0.471886
Kepler-698 b,0.471886
Kepler-698 b,0.471886
Kepler-698 b,0.471886
Kepler-698 b,0.471886
Kepler-698 b,0.471886
Kepler-7 b,1.05545
Kepler-7 b,1.05545
Kepler-7 b,1.05545
Kepler-7 b,1.05545
Kepler-7 b,1.05545
Kepler-7 b,1.05545
Kepler-7 b,1.05545
Kepler-7 b,1.05545
Kepler-7 b,1.05545
Kepler-7 b,1.05545
Kepler-7 b,1.05545
Kepler-7 b,1.05545
Kepler-7 b,1.05545
Kepler-7 b,1.05545
Kepler-7 b,1.05545
Kepler-7 b,1.05545
Kepler-7 b,1.05545
Kepler-7 b,1.05545
Kepler-7 b,1.05545
Kepler-700 b,0.641631
Kepler-700 b,0.641631
Kepler-700 b,0.641631
Kepler-700 b,0.641631
Kepler-700 b,0.641631
Kepler-700 b,0.641631
Kepler-700 b,0.641631
Kepler-700 b,0.641631
Kepler-700 b,0.641631
Kepler-700 b,0.641631
Kepler-701 b,1.26317
Kepler-701 b,1.26317
Kepler-701 b,1.26317
Kepler-701 b,1.26317
Kepler-701 b,1.26317
Kepler-701 b,1.26317
Kepler-701 b,1.26317
Kepler-701 b,1.26317
Kepler-701 b,1.26317
Kepler-701 b,1.26317
Kepler-702 b,0.980145
Kepler-702 b,0.980145
Kepler-702 b,0.980145
Kepler-702 b,0.980145
Kepler-702 b,0.980145
Kepler-702 b,0.980145
Kepler-702 b,0.980145
Kepler-702 b,0.980145
Kepler-702 b,0.980145
Kepler-702 b,0.980145
Kepler-703 b,0.837436
Kepler-703 b,0.837436
Kepler-703 b,0.837436
Kepler-703 b,0.837436
Kepler-703 b,0.837436
Kepler-703 b,0.837436
Kepler-703 b,0.837436
Kepler-703 b,0.837436
Kepler-703 b,0.837436
Kepler-703 b,0.837436
Kepler-704 b,0.785395
Kepler-704 b,0.785395
Kepler-704 b,0.785395
Kepler-704 b,0.785395
Kepler-704 b,0.785395
Kepler-704 b,0.785395
Kepler-704 b,0.785395
Kepler-704 b,0.785395
Kepler-704 b,0.785395
Kepler-705 b,3.58381
Kepler-705 b,3.58381
Kepler-705 b,3.58381
Kepler-705 b,3.58381
Kepler-705 b,3.58381
Kepler-705 b,3.58381
Kepler-705 b,3.58381
Kepler-705 b,3.58381
Kepler-705 b,3.58381
Kepler-705 b,3.58381
Kepler-705 b,3.58381
Kepler-705 b,3.58381
Kepler-707 b,1.66115
Kepler-707 b,1.66115
Kepler-707 b,1.66115
Kepler-707 b,1.66115
Kepler-707 b,1.66115
Kepler-707 b,1.66115
Kepler-707 b,1.66115
Kepler-707 b,1.66115
Kepler-707 b,1.66115
Kepler-708 b,0.689524
Kepler-708 b,0.689524
Kepler-708 b,0.689524
Kepler-708 b,0.689524
Kepler-708 b,0.689524
Kepler-708 b,0.689524
Kepler-708 b,0.689524
Kepler-708 b,0.689524
Kepler-708 b,0.689524
Kepler-708 b,0.689524
Kepler-709 b,1.47578
Kepler-709 b,1.47578
Kepler-709 b,1.47578
Kepler-709 b,1.47578
Kepler-709 b,1.47578
Kepler-709 b,1.47578
Kepler-709 b,1.47578
Kepler-709 b,1.47578
Kepler-709 b,1.47578
Kepler-709 b,1.47578
Kepler-710 b,0.661901
Kepler-710 b,0.661901
Kepler-710 b,0.661901
Kepler-710 b,0.661901
Kepler-710 b,0.661901
Kepler-710 b,0.661901
Kepler-710 b,0.661901
Kepler-710 b,0.661901
Kepler-710 b,0.661901
Kepler-710 b,0.661901
Kepler-711 b,1.57292
Kepler-711 b,1.57292
Kepler-711 b,1.57292
Kepler-711 b,1.57292
Kepler-711 b,1.57292
Kepler-711 b,1.57292
Kepler-711 b,1.57292
Kepler-711 b,1.57292
Kepler-711 b,1.57292
Kepler-711 b,1.57292
Kepler-712 b,1.11938
Kepler-712 b,1.11938
Kepler-712 b,1.11938
Kepler-712 b,1.11938
Kepler-712 b,1.11938
Kepler-712 b,1.11938
Kepler-712 b,1.11938
Kepler-712 b,1.11938
Kepler-712 b,1.11938
Kepler-712 b,1.11938
Kepler-712 b,1.11938
Kepler-712 c,1.11938
Kepler-712 c,1.11938
Kepler-712 c,1.11938
Kepler-712 c,1.11938
Kepler-712 c,1.11938
Kepler-712 c,1.11938
Kepler-712 c,1.11938
Kepler-712 c,1.11938
Kepler-712 c,1.11938
Kepler-712 c,1.11938
Kepler-712 c,1.11938
Kepler-713 b,0.889572
Kepler-713 b,0.889572
Kepler-713 b,0.889572
Kepler-713 b,0.889572
Kepler-713 b,0.889572
Kepler-713 b,0.889572
Kepler-713 b,0.889572
Kepler-713 b,0.889572
Kepler-713 b,0.889572
Kepler-713 b,0.889572
Kepler-714 b,0.4506
Kepler-714 b,0.4506
Kepler-714 b,0.4506
Kepler-714 b,0.4506
Kepler-714 b,0.4506
Kepler-714 b,0.4506
Kepler-714 b,0.4506
Kepler-714 b,0.4506
Kepler-714 b,0.4506
Kepler-714 b,0.4506
Kepler-715 b,0.724763
Kepler-715 b,0.724763
Kepler-715 b,0.724763
Kepler-715 b,0.724763
Kepler-715 b,0.724763
Kepler-715 b,0.724763
Kepler-715 b,0.724763
Kepler-715 b,0.724763
Kepler-715 b,0.724763
Kepler-715 b,0.724763
Kepler-716 b,1.54618
Kepler-716 b,1.54618
Kepler-716 b,1.54618
Kepler-716 b,1.54618
Kepler-716 b,1.54618
Kepler-716 b,1.54618
Kepler-716 b,1.54618
Kepler-716 b,1.54618
Kepler-716 b,1.54618
Kepler-716 b,1.54618
Kepler-716 b,1.54618
Kepler-716 c,1.54618
Kepler-716 c,1.54618
Kepler-716 c,1.54618
Kepler-716 c,1.54618
Kepler-716 c,1.54618
Kepler-716 c,1.54618
Kepler-716 c,1.54618
Kepler-716 c,1.54618
Kepler-717 b,0.326221
Kepler-717 b,0.326221
Kepler-717 b,0.326221
Kepler-717 b,0.326221
Kepler-717 b,0.326221
Kepler-717 b,0.326221
Kepler-717 b,0.326221
Kepler-717 b,0.326221
Kepler-717 b,0.326221
Kepler-718 b,0.740122
Kepler-718 b,0.740122
Kepler-718 b,0.740122
Kepler-718 b,0.740122
Kepler-718 b,0.740122
Kepler-718 b,0.740122
Kepler-718 b,0.740122
Kepler-718 b,0.740122
Kepler-718 b,0.740122
Kepler-718 b,0.740122
Kepler-718 b,0.740122
Kepler-719 b,0.372623
Kepler-719 b,0.372623
Kepler-719 b,0.372623
Kepler-719 b,0.372623
Kepler-719 b,0.372623
Kepler-719 b,0.372623
Kepler-719 b,0.372623
Kepler-719 b,0.372623
Kepler-720 b,0.91115
Kepler-720 b,0.91115
Kepler-720 b,0.91115
Kepler-720 b,0.91115
Kepler-720 b,0.91115
Kepler-720 b,0.91115
Kepler-720 b,0.91115
Kepler-720 b,0.91115
Kepler-720 b,0.91115
Kepler-720 b,0.91115
Kepler-720 b,0.91115
Kepler-721 b,1.0515
Kepler-721 b,1.0515
Kepler-721 b,1.0515
Kepler-721 b,1.0515
Kepler-721 b,1.0515
Kepler-721 b,1.0515
Kepler-721 b,1.0515
Kepler-721 b,1.0515
Kepler-721 b,1.0515
Kepler-721 b,1.0515
Kepler-722 b,0.778495
Kepler-722 b,0.778495
Kepler-722 b,0.778495
Kepler-722 b,0.778495
Kepler-722 b,0.778495
Kepler-722 b,0.778495
Kepler-722 b,0.778495
Kepler-722 b,0.778495
Kepler-722 b,0.778495
Kepler-722 c,0.778495
Kepler-722 c,0.778495
Kepler-722 c,0.778495
Kepler-722 c,0.778495
Kepler-722 c,0.778495
Kepler-722 c,0.778495
Kepler-722 c,0.778495
Kepler-722 c,0.778495
Kepler-722 c,0.778495
Kepler-722 c,0.778495
Kepler-724 b,1.14399
Kepler-724 b,1.14399
Kepler-724 b,1.14399
Kepler-724 b,1.14399
Kepler-724 b,1.14399
Kepler-724 b,1.14399
Kepler-724 b,1.14399
Kepler-724 b,1.14399
Kepler-724 b,1.14399
Kepler-724 b,1.14399
Kepler-725 b,1.28991
Kepler-725 b,1.28991
Kepler-725 b,1.28991
Kepler-725 b,1.28991
Kepler-725 b,1.28991
Kepler-725 b,1.28991
Kepler-725 b,1.28991
Kepler-725 b,1.28991
Kepler-725 b,1.28991
Kepler-725 b,1.28991
Kepler-725 b,1.28991
Kepler-725 c,1.28991
Kepler-726 b,1.28374
Kepler-726 b,1.28374
Kepler-726 b,1.28374
Kepler-726 b,1.28374
Kepler-726 b,1.28374
Kepler-726 b,1.28374
Kepler-726 b,1.28374
Kepler-726 b,1.28374
Kepler-726 b,1.28374
Kepler-726 b,1.28374
Kepler-727 b,1.17409
Kepler-727 b,1.17409
Kepler-727 b,1.17409
Kepler-727 b,1.17409
Kepler-727 b,1.17409
Kepler-727 b,1.17409
Kepler-727 b,1.17409
Kepler-727 b,1.17409
Kepler-727 b,1.17409
Kepler-728 b,0.537709
Kepler-728 b,0.537709
Kepler-728 b,0.537709
Kepler-728 b,0.537709
Kepler-728 b,0.537709
Kepler-728 b,0.537709
Kepler-728 b,0.537709
Kepler-728 b,0.537709
Kepler-728 b,0.537709
Kepler-728 b,0.537709
Kepler-729 b,0.4911
Kepler-729 b,0.4911
Kepler-729 b,0.4911
Kepler-729 b,0.4911
Kepler-729 b,0.4911
Kepler-729 b,0.4911
Kepler-729 b,0.4911
Kepler-729 b,0.4911
Kepler-729 b,0.4911
Kepler-729 b,0.4911
Kepler-730 b,0.487243
Kepler-730 b,0.487243
Kepler-730 b,0.487243
Kepler-730 b,0.487243
Kepler-730 b,0.487243
Kepler-730 b,0.487243
Kepler-730 b,0.487243
Kepler-730 b,0.487243
Kepler-730 b,0.487243
Kepler-730 b,0.487243
Kepler-730 b,0.487243
Kepler-730 c,0.487243
Kepler-730 c,0.487243
Kepler-730 c,0.487243
Kepler-731 b,0.767755
Kepler-731 b,0.767755
Kepler-731 b,0.767755
Kepler-731 b,0.767755
Kepler-731 b,0.767755
Kepler-731 b,0.767755
Kepler-731 b,0.767755
Kepler-731 b,0.767755
Kepler-731 b,0.767755
Kepler-731 b,0.767755
Kepler-731 b,0.767755
Kepler-732 b,5.6912
Kepler-732 b,5.6912
Kepler-732 b,5.6912
Kepler-732 b,5.6912
Kepler-732 b,5.6912
Kepler-732 b,5.6912
Kepler-732 b,5.6912
Kepler-732 b,5.6912
Kepler-732 b,5.6912
Kepler-732 b,5.6912
Kepler-732 b,5.6912
Kepler-732 c,5.6912
Kepler-732 c,5.6912
Kepler-732 c,5.6912
Kepler-732 c,5.6912
Kepler-732 c,5.6912
Kepler-732 c,5.6912
Kepler-732 c,5.6912
Kepler-732 c,5.6912
Kepler-732 c,5.6912
Kepler-732 c,5.6912
Kepler-732 c,5.6912
Kepler-733 b,1.06253
Kepler-733 b,1.06253
Kepler-733 b,1.06253
Kepler-733 b,1.06253
Kepler-733 b,1.06253
Kepler-733 b,1.06253
Kepler-733 b,1.06253
Kepler-733 b,1.06253
Kepler-733 b,1.06253
Kepler-734 b,0.835647
Kepler-734 b,0.835647
Kepler-734 b,0.835647
Kepler-734 b,0.835647
Kepler-734 b,0.835647
Kepler-734 b,0.835647
Kepler-734 b,0.835647
Kepler-734 b,0.835647
Kepler-734 b,0.835647
Kepler-734 b,0.835647
Kepler-735 b,1.41042
Kepler-735 b,1.41042
Kepler-735 b,1.41042
Kepler-735 b,1.41042
Kepler-735 b,1.41042
Kepler-735 b,1.41042
Kepler-735 b,1.41042
Kepler-735 b,1.41042
Kepler-735 b,1.41042
Kepler-735 b,1.41042
Kepler-736 b,0.966426
Kepler-736 b,0.966426
Kepler-736 b,0.966426
Kepler-736 b,0.966426
Kepler-736 b,0.966426
Kepler-736 b,0.966426
Kepler-736 b,0.966426
Kepler-736 b,0.966426
Kepler-736 b,0.966426
Kepler-736 b,0.966426
Kepler-737 b,4.84652
Kepler-737 b,4.84652
Kepler-737 b,4.84652
Kepler-737 b,4.84652
Kepler-737 b,4.84652
Kepler-737 b,4.84652
Kepler-737 b,4.84652
Kepler-737 b,4.84652
Kepler-737 b,4.84652
Kepler-737 b,4.84652
Kepler-737 b,4.84652
Kepler-738 b,0.869616
Kepler-738 b,0.869616
Kepler-738 b,0.869616
Kepler-738 b,0.869616
Kepler-738 b,0.869616
Kepler-738 b,0.869616
Kepler-738 b,0.869616
Kepler-738 b,0.869616
Kepler-738 b,0.869616
Kepler-738 b,0.869616
Kepler-739 b,0.700983
Kepler-739 b,0.700983
Kepler-739 b,0.700983
Kepler-739 b,0.700983
Kepler-739 b,0.700983
Kepler-739 b,0.700983
Kepler-739 b,0.700983
Kepler-739 b,0.700983
Kepler-739 b,0.700983
Kepler-739 b,0.700983
Kepler-74 b,0.820793
Kepler-74 b,0.820793
Kepler-74 b,0.820793
Kepler-74 b,0.820793
Kepler-74 b,0.820793
Kepler-74 b,0.820793
Kepler-74 b,0.820793
Kepler-74 b,0.820793
Kepler-74 b,0.820793
Kepler-74 b,0.820793
Kepler-74 b,0.820793
Kepler-74 b,0.820793
Kepler-74 b,0.820793
Kepler-74 b,0.820793
Kepler-740 b,0.664861
Kepler-740 b,0.664861
Kepler-740 b,0.664861
Kepler-740 b,0.664861
Kepler-740 b,0.664861
Kepler-740 b,0.664861
Kepler-740 b,0.664861
Kepler-740 b,0.664861
Kepler-740 b,0.664861
Kepler-740 b,0.664861
Kepler-741 b,0.572806
Kepler-741 b,0.572806
Kepler-741 b,0.572806
Kepler-741 b,0.572806
Kepler-741 b,0.572806
Kepler-741 b,0.572806
Kepler-741 b,0.572806
Kepler-741 b,0.572806
Kepler-741 b,0.572806
Kepler-741 b,0.572806
Kepler-742 b,2.0154
Kepler-742 b,2.0154
Kepler-742 b,2.0154
Kepler-742 b,2.0154
Kepler-742 b,2.0154
Kepler-742 b,2.0154
Kepler-742 b,2.0154
Kepler-742 b,2.0154
Kepler-742 b,2.0154
Kepler-742 b,2.0154
Kepler-743 b,3.55575
Kepler-743 b,3.55575
Kepler-743 b,3.55575
Kepler-743 b,3.55575
Kepler-743 b,3.55575
Kepler-743 b,3.55575
Kepler-743 b,3.55575
Kepler-743 b,3.55575
Kepler-743 b,3.55575
Kepler-743 b,3.55575
Kepler-743 b,3.55575
Kepler-744 b,2.19381
Kepler-744 b,2.19381
Kepler-744 b,2.19381
Kepler-744 b,2.19381
Kepler-744 b,2.19381
Kepler-744 b,2.19381
Kepler-744 b,2.19381
Kepler-744 b,2.19381
Kepler-744 b,2.19381
Kepler-744 b,2.19381
Kepler-744 b,2.19381
Kepler-745 b,0.533539
Kepler-745 b,0.533539
Kepler-745 b,0.533539
Kepler-745 b,0.533539
Kepler-745 b,0.533539
Kepler-745 b,0.533539
Kepler-745 b,0.533539
Kepler-745 b,0.533539
Kepler-745 b,0.533539
Kepler-745 b,0.533539
Kepler-747 b,0.263333
Kepler-747 b,0.263333
Kepler-747 b,0.263333
Kepler-747 b,0.263333
Kepler-747 b,0.263333
Kepler-747 b,0.263333
Kepler-747 b,0.263333
Kepler-747 b,0.263333
Kepler-747 b,0.263333
Kepler-748 b,0.558363
Kepler-748 b,0.558363
Kepler-748 b,0.558363
Kepler-748 b,0.558363
Kepler-748 b,0.558363
Kepler-748 b,0.558363
Kepler-748 b,0.558363
Kepler-748 b,0.558363
Kepler-748 b,0.558363
Kepler-749 b,1.3602
Kepler-749 b,1.3602
Kepler-749 b,1.3602
Kepler-749 b,1.3602
Kepler-749 b,1.3602
Kepler-749 b,1.3602
Kepler-749 b,1.3602
Kepler-749 b,1.3602
Kepler-749 b,1.3602
Kepler-749 b,1.3602
Kepler-75 b,1.16891
Kepler-75 b,1.16891
Kepler-75 b,1.16891
Kepler-75 b,1.16891
Kepler-75 b,1.16891
Kepler-75 b,1.16891
Kepler-75 b,1.16891
Kepler-75 b,1.16891
Kepler-75 b,1.16891
Kepler-75 b,1.16891
Kepler-75 b,1.16891
Kepler-75 b,1.16891
Kepler-75 b,1.16891
Kepler-75 b,1.16891
Kepler-75 b,1.16891
Kepler-750 b,0.742872
Kepler-750 b,0.742872
Kepler-750 b,0.742872
Kepler-750 b,0.742872
Kepler-750 b,0.742872
Kepler-750 b,0.742872
Kepler-750 b,0.742872
Kepler-750 b,0.742872
Kepler-750 b,0.742872
Kepler-750 b,0.742872
Kepler-750 b,0.742872
Kepler-750 c,0.742872
Kepler-750 c,0.742872
Kepler-750 c,0.742872
Kepler-750 c,0.742872
Kepler-750 c,0.742872
Kepler-750 c,0.742872
Kepler-750 c,0.742872
Kepler-750 c,0.742872
Kepler-750 c,0.742872
Kepler-750 c,0.742872
Kepler-751 b,1.28666
Kepler-751 b,1.28666
Kepler-751 b,1.28666
Kepler-751 b,1.28666
Kepler-751 b,1.28666
Kepler-751 b,1.28666
Kepler-751 b,1.28666
Kepler-751 b,1.28666
Kepler-751 b,1.28666
Kepler-751 b,1.28666
Kepler-752 b,0.783987
Kepler-752 b,0.783987
Kepler-752 b,0.783987
Kepler-752 b,0.783987
Kepler-752 b,0.783987
Kepler-752 b,0.783987
Kepler-752 b,0.783987
Kepler-752 b,0.783987
Kepler-752 b,0.783987
Kepler-752 b,0.783987
Kepler-753 b,3.61071
Kepler-753 b,3.61071
Kepler-753 b,3.61071
Kepler-753 b,3.61071
Kepler-753 b,3.61071
Kepler-753 b,3.61071
Kepler-753 b,3.61071
Kepler-753 b,3.61071
Kepler-753 b,3.61071
Kepler-753 b,3.61071
Kepler-754 b,0.537199
Kepler-754 b,0.537199
Kepler-754 b,0.537199
Kepler-754 b,0.537199
Kepler-754 b,0.537199
Kepler-754 b,0.537199
Kepler-754 b,0.537199
Kepler-754 b,0.537199
Kepler-755 b,2.47725
Kepler-755 b,2.47725
Kepler-755 b,2.47725
Kepler-755 b,2.47725
Kepler-755 b,2.47725
Kepler-755 b,2.47725
Kepler-755 b,2.47725
Kepler-755 b,2.47725
Kepler-755 b,2.47725
Kepler-755 b,2.47725
Kepler-755 b,2.47725
Kepler-755 c,2.47725
Kepler-755 c,2.47725
Kepler-755 c,2.47725
Kepler-755 c,2.47725
Kepler-755 c,2.47725
Kepler-755 c,2.47725
Kepler-755 c,2.47725
Kepler-755 c,2.47725
Kepler-755 c,2.47725
Kepler-755 c,2.47725
Kepler-755 c,2.47725
Kepler-757 b,0.908228
Kepler-757 b,0.908228
Kepler-757 b,0.908228
Kepler-757 b,0.908228
Kepler-757 b,0.908228
Kepler-757 b,0.908228
Kepler-757 b,0.908228
Kepler-757 b,0.908228
Kepler-757 b,0.908228
Kepler-758 b,0.637163
Kepler-758 b,0.637163
Kepler-758 b,0.637163
Kepler-758 b,0.637163
Kepler-758 b,0.637163
Kepler-758 b,0.637163
Kepler-758 b,0.637163
Kepler-758 b,0.637163
Kepler-758 b,0.637163
Kepler-758 b,0.637163
Kepler-758 c,0.637163
Kepler-758 c,0.637163
Kepler-758 c,0.637163
Kepler-758 c,0.637163
Kepler-758 c,0.637163
Kepler-758 c,0.637163
Kepler-758 c,0.637163
Kepler-758 c,0.637163
Kepler-758 c,0.637163
Kepler-758 c,0.637163
Kepler-758 d,0.637163
Kepler-758 d,0.637163
Kepler-758 d,0.637163
Kepler-758 d,0.637163
Kepler-758 d,0.637163
Kepler-758 d,0.637163
Kepler-758 d,0.637163
Kepler-758 d,0.637163
Kepler-758 d,0.637163
Kepler-758 d,0.637163
Kepler-758 e,0.637163
Kepler-758 e,0.637163
Kepler-758 e,0.637163
Kepler-758 e,0.637163
Kepler-758 e,0.637163
Kepler-758 e,0.637163
Kepler-758 e,0.637163
Kepler-758 e,0.637163
Kepler-758 e,0.637163
Kepler-758 e,0.637163
Kepler-76 b,1.18642
Kepler-76 b,1.18642
Kepler-76 b,1.18642
Kepler-76 b,1.18642
Kepler-76 b,1.18642
Kepler-76 b,1.18642
Kepler-76 b,1.18642
Kepler-76 b,1.18642
Kepler-76 b,1.18642
Kepler-76 b,1.18642
Kepler-76 b,1.18642
Kepler-76 b,1.18642
Kepler-76 b,1.18642
Kepler-760 b,1.23364
Kepler-760 b,1.23364
Kepler-760 b,1.23364
Kepler-760 b,1.23364
Kepler-760 b,1.23364
Kepler-760 b,1.23364
Kepler-760 b,1.23364
Kepler-760 b,1.23364
Kepler-760 b,1.23364
Kepler-760 b,1.23364
Kepler-760 b,1.23364
Kepler-760 c,1.23364
Kepler-760 c,1.23364
Kepler-760 c,1.23364
Kepler-760 c,1.23364
Kepler-760 c,1.23364
Kepler-760 c,1.23364
Kepler-760 c,1.23364
Kepler-760 c,1.23364
Kepler-760 c,1.23364
Kepler-760 c,1.23364
Kepler-761 b,1.1751
Kepler-761 b,1.1751
Kepler-761 b,1.1751
Kepler-761 b,1.1751
Kepler-761 b,1.1751
Kepler-761 b,1.1751
Kepler-761 b,1.1751
Kepler-761 b,1.1751
Kepler-761 b,1.1751
Kepler-761 b,1.1751
Kepler-762 b,0.4976
Kepler-762 b,0.4976
Kepler-762 b,0.4976
Kepler-762 b,0.4976
Kepler-762 b,0.4976
Kepler-762 b,0.4976
Kepler-762 b,0.4976
Kepler-762 b,0.4976
Kepler-762 b,0.4976
Kepler-762 b,0.4976
Kepler-762 b,0.4976
Kepler-763 b,1.01093
Kepler-763 b,1.01093
Kepler-763 b,1.01093
Kepler-763 b,1.01093
Kepler-763 b,1.01093
Kepler-763 b,1.01093
Kepler-763 b,1.01093
Kepler-763 b,1.01093
Kepler-763 b,1.01093
Kepler-763 c,1.01093
Kepler-763 c,1.01093
Kepler-763 c,1.01093
Kepler-763 c,1.01093
Kepler-763 c,1.01093
Kepler-763 c,1.01093
Kepler-763 c,1.01093
Kepler-763 d,1.01093
Kepler-763 d,1.01093
Kepler-763 d,1.01093
Kepler-763 d,1.01093
Kepler-763 d,1.01093
Kepler-763 d,1.01093
Kepler-763 d,1.01093
Kepler-764 b,0.926132
Kepler-764 b,0.926132
Kepler-764 b,0.926132
Kepler-764 b,0.926132
Kepler-764 b,0.926132
Kepler-764 b,0.926132
Kepler-764 b,0.926132
Kepler-764 b,0.926132
Kepler-764 b,0.926132
Kepler-765 b,0.900302
Kepler-765 b,0.900302
Kepler-765 b,0.900302
Kepler-765 b,0.900302
Kepler-765 b,0.900302
Kepler-765 b,0.900302
Kepler-765 b,0.900302
Kepler-765 b,0.900302
Kepler-765 b,0.900302
Kepler-765 b,0.900302
Kepler-766 b,0.409475
Kepler-766 b,0.409475
Kepler-766 b,0.409475
Kepler-766 b,0.409475
Kepler-766 b,0.409475
Kepler-766 b,0.409475
Kepler-766 b,0.409475
Kepler-766 b,0.409475
Kepler-766 b,0.409475
Kepler-767 b,0.416048
Kepler-767 b,0.416048
Kepler-767 b,0.416048
Kepler-767 b,0.416048
Kepler-767 b,0.416048
Kepler-767 b,0.416048
Kepler-767 b,0.416048
Kepler-767 b,0.416048
Kepler-767 b,0.416048
Kepler-768 b,1.24681
Kepler-768 b,1.24681
Kepler-768 b,1.24681
Kepler-768 b,1.24681
Kepler-768 b,1.24681
Kepler-768 b,1.24681
Kepler-768 b,1.24681
Kepler-768 b,1.24681
Kepler-768 b,1.24681
Kepler-769 b,0.82685
Kepler-769 b,0.82685
Kepler-769 b,0.82685
Kepler-769 b,0.82685
Kepler-769 b,0.82685
Kepler-769 b,0.82685
Kepler-769 b,0.82685
Kepler-769 b,0.82685
Kepler-769 b,0.82685
Kepler-769 b,0.82685
Kepler-769 c,0.82685
Kepler-769 c,0.82685
Kepler-769 c,0.82685
Kepler-769 c,0.82685
Kepler-769 c,0.82685
Kepler-769 c,0.82685
Kepler-769 c,0.82685
Kepler-769 c,0.82685
Kepler-769 c,0.82685
Kepler-77 b,1.53518
Kepler-77 b,1.53518
Kepler-77 b,1.53518
Kepler-77 b,1.53518
Kepler-77 b,1.53518
Kepler-77 b,1.53518
Kepler-77 b,1.53518
Kepler-77 b,1.53518
Kepler-77 b,1.53518
Kepler-77 b,1.53518
Kepler-77 b,1.53518
Kepler-77 b,1.53518
Kepler-77 b,1.53518
Kepler-77 b,1.53518
Kepler-77 b,1.53518
Kepler-770 b,1.04616
Kepler-770 b,1.04616
Kepler-770 b,1.04616
Kepler-770 b,1.04616
Kepler-770 b,1.04616
Kepler-770 b,1.04616
Kepler-770 b,1.04616
Kepler-770 b,1.04616
Kepler-770 b,1.04616
Kepler-770 b,1.04616
Kepler-770 c,1.04616
Kepler-770 c,1.04616
Kepler-770 c,1.04616
Kepler-770 c,1.04616
Kepler-770 c,1.04616
Kepler-770 c,1.04616
Kepler-770 c,1.04616
Kepler-770 c,1.04616
Kepler-770 c,1.04616
Kepler-770 d,1.04616
Kepler-770 d,1.04616
Kepler-770 d,1.04616
Kepler-770 d,1.04616
Kepler-770 d,1.04616
Kepler-770 d,1.04616
Kepler-770 d,1.04616
Kepler-770 d,1.04616
Kepler-770 d,1.04616
Kepler-771 b,0.688804
Kepler-771 b,0.688804
Kepler-771 b,0.688804
Kepler-771 b,0.688804
Kepler-771 b,0.688804
Kepler-771 b,0.688804
Kepler-771 b,0.688804
Kepler-771 b,0.688804
Kepler-771 b,0.688804
Kepler-772 b,0.856267
Kepler-772 b,0.856267
Kepler-772 b,0.856267
Kepler-772 b,0.856267
Kepler-772 b,0.856267
Kepler-772 b,0.856267
Kepler-772 b,0.856267
Kepler-772 b,0.856267
Kepler-772 b,0.856267
Kepler-772 b,0.856267
Kepler-772 b,0.856267
Kepler-773 b,1.79924
Kepler-773 b,1.79924
Kepler-773 b,1.79924
Kepler-773 b,1.79924
Kepler-773 b,1.79924
Kepler-773 b,1.79924
Kepler-773 b,1.79924
Kepler-773 b,1.79924
Kepler-773 b,1.79924
Kepler-773 b,1.79924
Kepler-773 b,1.79924
Kepler-774 b,1.06113
Kepler-774 b,1.06113
Kepler-774 b,1.06113
Kepler-774 b,1.06113
Kepler-774 b,1.06113
Kepler-774 b,1.06113
Kepler-774 b,1.06113
Kepler-774 b,1.06113
Kepler-774 b,1.06113
Kepler-774 b,1.06113
Kepler-774 b,1.06113
Kepler-775 b,2.47942
Kepler-775 b,2.47942
Kepler-775 b,2.47942
Kepler-775 b,2.47942
Kepler-775 b,2.47942
Kepler-775 b,2.47942
Kepler-775 b,2.47942
Kepler-775 b,2.47942
Kepler-775 b,2.47942
Kepler-775 b,2.47942
Kepler-775 b,2.47942
Kepler-776 b,1.34537
Kepler-776 b,1.34537
Kepler-776 b,1.34537
Kepler-776 b,1.34537
Kepler-776 b,1.34537
Kepler-776 b,1.34537
Kepler-776 b,1.34537
Kepler-776 b,1.34537
Kepler-776 b,1.34537
Kepler-777 b,2.2286
Kepler-777 b,2.2286
Kepler-777 b,2.2286
Kepler-777 b,2.2286
Kepler-777 b,2.2286
Kepler-777 b,2.2286
Kepler-777 b,2.2286
Kepler-777 b,2.2286
Kepler-777 b,2.2286
Kepler-777 b,2.2286
Kepler-778 b,1.03769
Kepler-778 b,1.03769
Kepler-778 b,1.03769
Kepler-778 b,1.03769
Kepler-778 b,1.03769
Kepler-778 b,1.03769
Kepler-778 b,1.03769
Kepler-778 b,1.03769
Kepler-778 b,1.03769
Kepler-779 b,3.50313
Kepler-779 b,3.50313
Kepler-779 b,3.50313
Kepler-779 b,3.50313
Kepler-779 b,3.50313
Kepler-779 b,3.50313
Kepler-779 b,3.50313
Kepler-779 b,3.50313
Kepler-779 b,3.50313
Kepler-78 b,8.01126
Kepler-78 b,8.01126
Kepler-78 b,8.01126
Kepler-78 b,8.01126
Kepler-78 b,8.01126
Kepler-78 b,8.01126
Kepler-78 b,8.01126
Kepler-78 b,8.01126
Kepler-781 b,0.911324
Kepler-781 b,0.911324
Kepler-781 b,0.911324
Kepler-781 b,0.911324
Kepler-781 b,0.911324
Kepler-781 b,0.911324
Kepler-781 b,0.911324
Kepler-781 b,0.911324
Kepler-781 b,0.911324
Kepler-781 b,0.911324
Kepler-782 b,2.20945
Kepler-782 b,2.20945
Kepler-782 b,2.20945
Kepler-782 b,2.20945
Kepler-782 b,2.20945
Kepler-782 b,2.20945
Kepler-782 b,2.20945
Kepler-782 b,2.20945
Kepler-782 b,2.20945
Kepler-782 b,2.20945
Kepler-782 b,2.20945
Kepler-783 b,1.90887
Kepler-783 b,1.90887
Kepler-783 b,1.90887
Kepler-783 b,1.90887
Kepler-783 b,1.90887
Kepler-783 b,1.90887
Kepler-783 b,1.90887
Kepler-783 b,1.90887
Kepler-783 b,1.90887
Kepler-783 b,1.90887
Kepler-783 c,1.90887
Kepler-783 c,1.90887
Kepler-783 c,1.90887
Kepler-783 c,1.90887
Kepler-783 c,1.90887
Kepler-783 c,1.90887
Kepler-783 c,1.90887
Kepler-783 c,1.90887
Kepler-783 c,1.90887
Kepler-784 b,0.738217
Kepler-784 b,0.738217
Kepler-784 b,0.738217
Kepler-784 b,0.738217
Kepler-784 b,0.738217
Kepler-784 b,0.738217
Kepler-784 b,0.738217
Kepler-784 b,0.738217
Kepler-784 b,0.738217
Kepler-784 b,0.738217
Kepler-784 b,0.738217
Kepler-784 c,0.738217
Kepler-784 c,0.738217
Kepler-784 c,0.738217
Kepler-784 c,0.738217
Kepler-784 c,0.738217
Kepler-784 c,0.738217
Kepler-784 c,0.738217
Kepler-784 c,0.738217
Kepler-784 c,0.738217
Kepler-785 b,1.53004
Kepler-785 b,1.53004
Kepler-785 b,1.53004
Kepler-785 b,1.53004
Kepler-785 b,1.53004
Kepler-785 b,1.53004
Kepler-785 b,1.53004
Kepler-785 b,1.53004
Kepler-785 b,1.53004
Kepler-785 b,1.53004
Kepler-785 b,1.53004
Kepler-786 b,2.0321
Kepler-786 b,2.0321
Kepler-786 b,2.0321
Kepler-786 b,2.0321
Kepler-786 b,2.0321
Kepler-786 b,2.0321
Kepler-786 b,2.0321
Kepler-786 b,2.0321
Kepler-786 b,2.0321
Kepler-786 b,2.0321
Kepler-786 b,2.0321
Kepler-787 b,1.95791
Kepler-787 b,1.95791
Kepler-787 b,1.95791
Kepler-787 b,1.95791
Kepler-787 b,1.95791
Kepler-787 b,1.95791
Kepler-787 b,1.95791
Kepler-787 b,1.95791
Kepler-787 b,1.95791
Kepler-787 b,1.95791
Kepler-788 b,0.534883
Kepler-788 b,0.534883
Kepler-788 b,0.534883
Kepler-788 b,0.534883
Kepler-788 b,0.534883
Kepler-788 b,0.534883
Kepler-788 b,0.534883
Kepler-788 b,0.534883
Kepler-788 b,0.534883
Kepler-788 b,0.534883
Kepler-789 b,0.647406
Kepler-789 b,0.647406
Kepler-789 b,0.647406
Kepler-789 b,0.647406
Kepler-789 b,0.647406
Kepler-789 b,0.647406
Kepler-789 b,0.647406
Kepler-789 b,0.647406
Kepler-789 b,0.647406
Kepler-789 b,0.647406
Kepler-79 b,0.951089
Kepler-79 b,0.951089
Kepler-79 b,0.951089
Kepler-79 b,0.951089
Kepler-79 b,0.951089
Kepler-79 b,0.951089
Kepler-79 b,0.951089
Kepler-79 b,0.951089
Kepler-79 b,0.951089
Kepler-79 b,0.951089
Kepler-79 b,0.951089
Kepler-79 b,0.951089
Kepler-79 b,0.951089
Kepler-79 b,0.951089
Kepler-79 b,0.951089
Kepler-79 b,0.951089
Kepler-79 c,0.951089
Kepler-79 c,0.951089
Kepler-79 c,0.951089
Kepler-79 c,0.951089
Kepler-79 c,0.951089
Kepler-79 c,0.951089
Kepler-79 c,0.951089
Kepler-79 c,0.951089
Kepler-79 c,0.951089
Kepler-79 c,0.951089
Kepler-79 c,0.951089
Kepler-79 c,0.951089
Kepler-79 c,0.951089
Kepler-79 c,0.951089
Kepler-79 c,0.951089
Kepler-79 c,0.951089
Kepler-79 d,0.951089
Kepler-79 d,0.951089
Kepler-79 d,0.951089
Kepler-79 d,0.951089
Kepler-79 d,0.951089
Kepler-79 d,0.951089
Kepler-79 d,0.951089
Kepler-79 d,0.951089
Kepler-79 d,0.951089
Kepler-79 d,0.951089
Kepler-79 d,0.951089
Kepler-79 d,0.951089
Kepler-79 d,0.951089
Kepler-79 d,0.951089
Kepler-79 d,0.951089
Kepler-79 d,0.951089
Kepler-79 d,0.951089
Kepler-79 e,0.951089
Kepler-79 e,0.951089
Kepler-79 e,0.951089
Kepler-79 e,0.951089
Kepler-79 e,0.951089
Kepler-79 e,0.951089
Kepler-79 e,0.951089
Kepler-79 e,0.951089
Kepler-79 e,0.951089
Kepler-79 e,0.951089
Kepler-79 e,0.951089
Kepler-79 e,0.951089
Kepler-79 e,0.951089
Kepler-79 e,0.951089
Kepler-79 e,0.951089
Kepler-79 e,0.951089
Kepler-79 e,0.951089
Kepler-790 b,1.39356
Kepler-790 b,1.39356
Kepler-790 b,1.39356
Kepler-790 b,1.39356
Kepler-790 b,1.39356
Kepler-790 b,1.39356
Kepler-790 b,1.39356
Kepler-790 b,1.39356
Kepler-790 b,1.39356
Kepler-790 b,1.39356
Kepler-791 b,0.761688
Kepler-791 b,0.761688
Kepler-791 b,0.761688
Kepler-791 b,0.761688
Kepler-791 b,0.761688
Kepler-791 b,0.761688
Kepler-791 b,0.761688
Kepler-791 b,0.761688
Kepler-791 b,0.761688
Kepler-792 b,0.673536
Kepler-792 b,0.673536
Kepler-792 b,0.673536
Kepler-792 b,0.673536
Kepler-792 b,0.673536
Kepler-792 b,0.673536
Kepler-792 b,0.673536
Kepler-792 b,0.673536
Kepler-792 b,0.673536
Kepler-793 b,0.988411
Kepler-793 b,0.988411
Kepler-793 b,0.988411
Kepler-793 b,0.988411
Kepler-793 b,0.988411
Kepler-793 b,0.988411
Kepler-793 b,0.988411
Kepler-793 b,0.988411
Kepler-793 b,0.988411
Kepler-794 b,1.04516
Kepler-794 b,1.04516
Kepler-794 b,1.04516
Kepler-794 b,1.04516
Kepler-794 b,1.04516
Kepler-794 b,1.04516
Kepler-794 b,1.04516
Kepler-794 b,1.04516
Kepler-794 b,1.04516
Kepler-794 b,1.04516
Kepler-794 b,1.04516
Kepler-795 b,2.00331
Kepler-795 b,2.00331
Kepler-795 b,2.00331
Kepler-795 b,2.00331
Kepler-795 b,2.00331
Kepler-795 b,2.00331
Kepler-795 b,2.00331
Kepler-795 b,2.00331
Kepler-795 b,2.00331
Kepler-795 b,2.00331
Kepler-796 b,1.1944
Kepler-796 b,1.1944
Kepler-796 b,1.1944
Kepler-796 b,1.1944
Kepler-796 b,1.1944
Kepler-796 b,1.1944
Kepler-796 b,1.1944
Kepler-796 b,1.1944
Kepler-796 b,1.1944
Kepler-796 b,1.1944
Kepler-797 b,0.731986
Kepler-797 b,0.731986
Kepler-797 b,0.731986
Kepler-797 b,0.731986
Kepler-797 b,0.731986
Kepler-797 b,0.731986
Kepler-797 b,0.731986
Kepler-797 b,0.731986
Kepler-797 b,0.731986
Kepler-797 b,0.731986
Kepler-798 b,0.99993
Kepler-798 b,0.99993
Kepler-798 b,0.99993
Kepler-798 b,0.99993
Kepler-798 b,0.99993
Kepler-798 b,0.99993
Kepler-798 b,0.99993
Kepler-798 b,0.99993
Kepler-798 b,0.99993
Kepler-798 b,0.99993
Kepler-8 b,0.949758
Kepler-8 b,0.949758
Kepler-8 b,0.949758
Kepler-8 b,0.949758
Kepler-8 b,0.949758
Kepler-8 b,0.949758
Kepler-8 b,0.949758
Kepler-8 b,0.949758
Kepler-8 b,0.949758
Kepler-8 b,0.949758
Kepler-8 b,0.949758
Kepler-8 b,0.949758
Kepler-8 b,0.949758
Kepler-8 b,0.949758
Kepler-8 b,0.949758
Kepler-8 b,0.949758
Kepler-80 b,2.67801
Kepler-80 b,2.67801
Kepler-80 b,2.67801
Kepler-80 b,2.67801
Kepler-80 b,2.67801
Kepler-80 b,2.67801
Kepler-80 b,2.67801
Kepler-80 b,2.67801
Kepler-80 b,2.67801
Kepler-80 b,2.67801
Kepler-80 b,2.67801
Kepler-80 b,2.67801
Kepler-80 b,2.67801
Kepler-80 b,2.67801
Kepler-80 b,2.67801
Kepler-80 b,2.67801
Kepler-80 b,2.67801
Kepler-80 b,2.67801
Kepler-80 c,2.67801
Kepler-80 c,2.67801
Kepler-80 c,2.67801
Kepler-80 c,2.67801
Kepler-80 c,2.67801
Kepler-80 c,2.67801
Kepler-80 c,2.67801
Kepler-80 c,2.67801
Kepler-80 c,2.67801
Kepler-80 c,2.67801
Kepler-80 c,2.67801
Kepler-80 c,2.67801
Kepler-80 c,2.67801
Kepler-80 c,2.67801
Kepler-80 c,2.67801
Kepler-80 c,2.67801
Kepler-80 c,2.67801
Kepler-80 c,2.67801
Kepler-80 d,2.67801
Kepler-80 d,2.67801
Kepler-80 d,2.67801
Kepler-80 d,2.67801
Kepler-80 d,2.67801
Kepler-80 d,2.67801
Kepler-80 d,2.67801
Kepler-80 d,2.67801
Kepler-80 d,2.67801
Kepler-80 d,2.67801
Kepler-80 d,2.67801
Kepler-80 d,2.67801
Kepler-80 d,2.67801
Kepler-80 d,2.67801
Kepler-80 d,2.67801
Kepler-80 d,2.67801
Kepler-80 d,2.67801
Kepler-80 d,2.67801
Kepler-80 d,2.67801
Kepler-80 d,2.67801
Kepler-80 e,2.67801
Kepler-80 e,2.67801
Kepler-80 e,2.67801
Kepler-80 e,2.67801
Kepler-80 e,2.67801
Kepler-80 e,2.67801
Kepler-80 e,2.67801
Kepler-80 e,2.67801
Kepler-80 e,2.67801
Kepler-80 e,2.67801
Kepler-80 e,2.67801
Kepler-80 e,2.67801
Kepler-80 e,2.67801
Kepler-80 e,2.67801
Kepler-80 e,2.67801
Kepler-80 e,2.67801
Kepler-80 e,2.67801
Kepler-80 e,2.67801
Kepler-80 e,2.67801
Kepler-80 f,2.67801
Kepler-80 f,2.67801
Kepler-80 f,2.67801
Kepler-80 f,2.67801
Kepler-80 f,2.67801
Kepler-80 f,2.67801
Kepler-80 f,2.67801
Kepler-80 f,2.67801
Kepler-80 f,2.67801
Kepler-80 f,2.67801
Kepler-80 f,2.67801
Kepler-80 f,2.67801
Kepler-80 f,2.67801
Kepler-80 f,2.67801
Kepler-80 g,2.67801
Kepler-80 g,2.67801
Kepler-80 g,2.67801
Kepler-80 g,2.67801
Kepler-80 g,2.67801
Kepler-80 g,2.67801
Kepler-800 b,0.952861
Kepler-800 b,0.952861
Kepler-800 b,0.952861
Kepler-800 b,0.952861
Kepler-800 b,0.952861
Kepler-800 b,0.952861
Kepler-800 b,0.952861
Kepler-800 b,0.952861
Kepler-800 b,0.952861
Kepler-800 b,0.952861
Kepler-801 b,2.24188
Kepler-801 b,2.24188
Kepler-801 b,2.24188
Kepler-801 b,2.24188
Kepler-801 b,2.24188
Kepler-801 b,2.24188
Kepler-801 b,2.24188
Kepler-801 b,2.24188
Kepler-801 b,2.24188
Kepler-801 b,2.24188
Kepler-801 b,2.24188
Kepler-802 b,1.25238
Kepler-802 b,1.25238
Kepler-802 b,1.25238
Kepler-802 b,1.25238
Kepler-802 b,1.25238
Kepler-802 b,1.25238
Kepler-802 b,1.25238
Kepler-802 b,1.25238
Kepler-802 b,1.25238
Kepler-802 b,1.25238
Kepler-803 b,1.53433
Kepler-803 b,1.53433
Kepler-803 b,1.53433
Kepler-803 b,1.53433
Kepler-803 b,1.53433
Kepler-803 b,1.53433
Kepler-803 b,1.53433
Kepler-803 b,1.53433
Kepler-803 b,1.53433
Kepler-803 b,1.53433
Kepler-803 b,1.53433
Kepler-804 b,1.5105
Kepler-804 b,1.5105
Kepler-804 b,1.5105
Kepler-804 b,1.5105
Kepler-804 b,1.5105
Kepler-804 b,1.5105
Kepler-804 b,1.5105
Kepler-804 b,1.5105
Kepler-804 b,1.5105
Kepler-804 b,1.5105
Kepler-804 b,1.5105
Kepler-804 c,1.5105
Kepler-804 c,1.5105
Kepler-804 c,1.5105
Kepler-804 c,1.5105
Kepler-804 c,1.5105
Kepler-804 c,1.5105
Kepler-804 c,1.5105
Kepler-804 c,1.5105
Kepler-804 c,1.5105
Kepler-804 c,1.5105
Kepler-805 b,1.53774
Kepler-805 b,1.53774
Kepler-805 b,1.53774
Kepler-805 b,1.53774
Kepler-805 b,1.53774
Kepler-805 b,1.53774
Kepler-805 b,1.53774
Kepler-805 b,1.53774
Kepler-805 b,1.53774
Kepler-805 b,1.53774
Kepler-805 b,1.53774
Kepler-806 b,2.73453
Kepler-806 b,2.73453
Kepler-806 b,2.73453
Kepler-806 b,2.73453
Kepler-806 b,2.73453
Kepler-806 b,2.73453
Kepler-806 b,2.73453
Kepler-806 b,2.73453
Kepler-806 b,2.73453
Kepler-806 b,2.73453
Kepler-809 b,1.01149
Kepler-809 b,1.01149
Kepler-809 b,1.01149
Kepler-809 b,1.01149
Kepler-809 b,1.01149
Kepler-809 b,1.01149
Kepler-809 b,1.01149
Kepler-809 b,1.01149
Kepler-809 b,1.01149
Kepler-81 b,2.84257
Kepler-81 b,2.84257
Kepler-81 b,2.84257
Kepler-81 b,2.84257
Kepler-81 b,2.84257
Kepler-81 b,2.84257
Kepler-81 b,2.84257
Kepler-81 b,2.84257
Kepler-81 b,2.84257
Kepler-81 b,2.84257
Kepler-81 b,2.84257
Kepler-81 b,2.84257
Kepler-81 b,2.84257
Kepler-81 b,2.84257
Kepler-81 b,2.84257
Kepler-81 c,2.84257
Kepler-81 c,2.84257
Kepler-81 c,2.84257
Kepler-81 c,2.84257
Kepler-81 c,2.84257
Kepler-81 c,2.84257
Kepler-81 c,2.84257
Kepler-81 c,2.84257
Kepler-81 c,2.84257
Kepler-81 c,2.84257
Kepler-81 c,2.84257
Kepler-81 c,2.84257
Kepler-81 c,2.84257
Kepler-81 c,2.84257
Kepler-81 c,2.84257
Kepler-81 d,2.84257
Kepler-81 d,2.84257
Kepler-81 d,2.84257
Kepler-81 d,2.84257
Kepler-81 d,2.84257
Kepler-81 d,2.84257
Kepler-81 d,2.84257
Kepler-81 d,2.84257
Kepler-81 d,2.84257
Kepler-81 d,2.84257
Kepler-81 d,2.84257
Kepler-81 d,2.84257
Kepler-81 d,2.84257
Kepler-810 b,0.658354
Kepler-810 b,0.658354
Kepler-810 b,0.658354
Kepler-810 b,0.658354
Kepler-810 b,0.658354
Kepler-810 b,0.658354
Kepler-810 b,0.658354
Kepler-810 b,0.658354
Kepler-810 b,0.658354
Kepler-811 b,0.986417
Kepler-811 b,0.986417
Kepler-811 b,0.986417
Kepler-811 b,0.986417
Kepler-811 b,0.986417
Kepler-811 b,0.986417
Kepler-811 b,0.986417
Kepler-811 b,0.986417
Kepler-811 b,0.986417
Kepler-811 b,0.986417
Kepler-811 b,0.986417
Kepler-812 b,0.645507
Kepler-812 b,0.645507
Kepler-812 b,0.645507
Kepler-812 b,0.645507
Kepler-812 b,0.645507
Kepler-812 b,0.645507
Kepler-812 b,0.645507
Kepler-812 b,0.645507
Kepler-812 b,0.645507
Kepler-812 b,0.645507
Kepler-814 b,0.456804
Kepler-814 b,0.456804
Kepler-814 b,0.456804
Kepler-814 b,0.456804
Kepler-814 b,0.456804
Kepler-814 b,0.456804
Kepler-814 b,0.456804
Kepler-814 b,0.456804
Kepler-814 b,0.456804
Kepler-815 b,0.765236
Kepler-815 b,0.765236
Kepler-815 b,0.765236
Kepler-815 b,0.765236
Kepler-815 b,0.765236
Kepler-815 b,0.765236
Kepler-815 b,0.765236
Kepler-815 b,0.765236
Kepler-815 b,0.765236
Kepler-815 b,0.765236
Kepler-815 b,0.765236
Kepler-816 b,0.989507
Kepler-816 b,0.989507
Kepler-816 b,0.989507
Kepler-816 b,0.989507
Kepler-816 b,0.989507
Kepler-816 b,0.989507
Kepler-816 b,0.989507
Kepler-816 b,0.989507
Kepler-816 b,0.989507
Kepler-816 b,0.989507
Kepler-817 b,0.646594
Kepler-817 b,0.646594
Kepler-817 b,0.646594
Kepler-817 b,0.646594
Kepler-817 b,0.646594
Kepler-817 b,0.646594
Kepler-817 b,0.646594
Kepler-817 b,0.646594
Kepler-817 b,0.646594
Kepler-817 b,0.646594
Kepler-818 b,1.05377
Kepler-818 b,1.05377
Kepler-818 b,1.05377
Kepler-818 b,1.05377
Kepler-818 b,1.05377
Kepler-818 b,1.05377
Kepler-818 b,1.05377
Kepler-818 b,1.05377
Kepler-818 b,1.05377
Kepler-818 b,1.05377
Kepler-819 b,1.47698
Kepler-819 b,1.47698
Kepler-819 b,1.47698
Kepler-819 b,1.47698
Kepler-819 b,1.47698
Kepler-819 b,1.47698
Kepler-819 b,1.47698
Kepler-819 b,1.47698
Kepler-819 b,1.47698
Kepler-819 b,1.47698
Kepler-82 b,1.07762
Kepler-82 b,1.07762
Kepler-82 b,1.07762
Kepler-82 b,1.07762
Kepler-82 b,1.07762
Kepler-82 b,1.07762
Kepler-82 b,1.07762
Kepler-82 b,1.07762
Kepler-82 b,1.07762
Kepler-82 b,1.07762
Kepler-82 b,1.07762
Kepler-82 b,1.07762
Kepler-82 b,1.07762
Kepler-82 b,1.07762
Kepler-82 c,1.07762
Kepler-82 c,1.07762
Kepler-82 c,1.07762
Kepler-82 c,1.07762
Kepler-82 c,1.07762
Kepler-82 c,1.07762
Kepler-82 c,1.07762
Kepler-82 c,1.07762
Kepler-82 c,1.07762
Kepler-82 c,1.07762
Kepler-82 c,1.07762
Kepler-82 c,1.07762
Kepler-82 c,1.07762
Kepler-82 c,1.07762
Kepler-82 d,1.07762
Kepler-82 d,1.07762
Kepler-82 d,1.07762
Kepler-82 d,1.07762
Kepler-82 d,1.07762
Kepler-82 d,1.07762
Kepler-82 d,1.07762
Kepler-82 d,1.07762
Kepler-82 d,1.07762
Kepler-82 d,1.07762
Kepler-82 d,1.07762
Kepler-82 d,1.07762
Kepler-82 e,1.07762
Kepler-82 e,1.07762
Kepler-82 e,1.07762
Kepler-82 e,1.07762
Kepler-82 e,1.07762
Kepler-82 e,1.07762
Kepler-82 e,1.07762
Kepler-82 e,1.07762
Kepler-82 e,1.07762
Kepler-82 e,1.07762
Kepler-82 e,1.07762
Kepler-82 e,1.07762
Kepler-82 e,1.07762
Kepler-82 f,1.07762
Kepler-820 b,0.692312
Kepler-820 b,0.692312
Kepler-820 b,0.692312
Kepler-820 b,0.692312
Kepler-820 b,0.692312
Kepler-820 b,0.692312
Kepler-820 b,0.692312
Kepler-820 b,0.692312
Kepler-820 b,0.692312
Kepler-820 b,0.692312
Kepler-820 b,0.692312
Kepler-821 b,1.59853
Kepler-821 b,1.59853
Kepler-821 b,1.59853
Kepler-821 b,1.59853
Kepler-821 b,1.59853
Kepler-821 b,1.59853
Kepler-821 b,1.59853
Kepler-821 b,1.59853
Kepler-821 b,1.59853
Kepler-822 b,1.13365
Kepler-822 b,1.13365
Kepler-822 b,1.13365
Kepler-822 b,1.13365
Kepler-822 b,1.13365
Kepler-822 b,1.13365
Kepler-822 b,1.13365
Kepler-822 b,1.13365
Kepler-822 b,1.13365
Kepler-822 b,1.13365
Kepler-823 b,0.691059
Kepler-823 b,0.691059
Kepler-823 b,0.691059
Kepler-823 b,0.691059
Kepler-823 b,0.691059
Kepler-823 b,0.691059
Kepler-823 b,0.691059
Kepler-823 b,0.691059
Kepler-823 b,0.691059
Kepler-824 b,0.804038
Kepler-824 b,0.804038
Kepler-824 b,0.804038
Kepler-824 b,0.804038
Kepler-824 b,0.804038
Kepler-824 b,0.804038
Kepler-824 b,0.804038
Kepler-824 b,0.804038
Kepler-824 b,0.804038
Kepler-825 b,1.20931
Kepler-825 b,1.20931
Kepler-825 b,1.20931
Kepler-825 b,1.20931
Kepler-825 b,1.20931
Kepler-825 b,1.20931
Kepler-825 b,1.20931
Kepler-825 b,1.20931
Kepler-825 b,1.20931
Kepler-825 c,1.20931
Kepler-825 c,1.20931
Kepler-825 c,1.20931
Kepler-825 c,1.20931
Kepler-825 c,1.20931
Kepler-825 c,1.20931
Kepler-825 c,1.20931
Kepler-825 c,1.20931
Kepler-825 c,1.20931
Kepler-825 c,1.20931
Kepler-826 b,1.2539
Kepler-826 b,1.2539
Kepler-826 b,1.2539
Kepler-826 b,1.2539
Kepler-826 b,1.2539
Kepler-826 b,1.2539
Kepler-826 b,1.2539
Kepler-826 b,1.2539
Kepler-826 b,1.2539
Kepler-826 b,1.2539
Kepler-827 b,0.461482
Kepler-827 b,0.461482
Kepler-827 b,0.461482
Kepler-827 b,0.461482
Kepler-827 b,0.461482
Kepler-827 b,0.461482
Kepler-827 b,0.461482
Kepler-827 b,0.461482
Kepler-827 b,0.461482
Kepler-827 b,0.461482
Kepler-828 b,1.70945
Kepler-828 b,1.70945
Kepler-828 b,1.70945
Kepler-828 b,1.70945
Kepler-828 b,1.70945
Kepler-828 b,1.70945
Kepler-828 b,1.70945
Kepler-828 b,1.70945
Kepler-828 b,1.70945
Kepler-828 b,1.70945
Kepler-829 b,0.902722
Kepler-829 b,0.902722
Kepler-829 b,0.902722
Kepler-829 b,0.902722
Kepler-829 b,0.902722
Kepler-829 b,0.902722
Kepler-829 b,0.902722
Kepler-829 b,0.902722
Kepler-829 b,0.902722
Kepler-829 b,0.902722
Kepler-83 b,2.46907
Kepler-83 b,2.46907
Kepler-83 b,2.46907
Kepler-83 b,2.46907
Kepler-83 b,2.46907
Kepler-83 b,2.46907
Kepler-83 b,2.46907
Kepler-83 b,2.46907
Kepler-83 b,2.46907
Kepler-83 b,2.46907
Kepler-83 b,2.46907
Kepler-83 b,2.46907
Kepler-83 b,2.46907
Kepler-83 b,2.46907
Kepler-83 b,2.46907
Kepler-83 b,2.46907
Kepler-83 b,2.46907
Kepler-83 c,2.46907
Kepler-83 c,2.46907
Kepler-83 c,2.46907
Kepler-83 c,2.46907
Kepler-83 c,2.46907
Kepler-83 c,2.46907
Kepler-83 c,2.46907
Kepler-83 c,2.46907
Kepler-83 c,2.46907
Kepler-83 c,2.46907
Kepler-83 c,2.46907
Kepler-83 c,2.46907
Kepler-83 c,2.46907
Kepler-83 c,2.46907
Kepler-83 c,2.46907
Kepler-83 c,2.46907
Kepler-83 c,2.46907
Kepler-83 c,2.46907
Kepler-83 d,2.46907
Kepler-83 d,2.46907
Kepler-83 d,2.46907
Kepler-83 d,2.46907
Kepler-83 d,2.46907
Kepler-83 d,2.46907
Kepler-83 d,2.46907
Kepler-83 d,2.46907
Kepler-83 d,2.46907
Kepler-83 d,2.46907
Kepler-83 d,2.46907
Kepler-83 d,2.46907
Kepler-83 d,2.46907
Kepler-83 d,2.46907
Kepler-83 d,2.46907
Kepler-83 d,2.46907
Kepler-83 d,2.46907
Kepler-83 d,2.46907
Kepler-831 b,1.65604
Kepler-831 b,1.65604
Kepler-831 b,1.65604
Kepler-831 b,1.65604
Kepler-831 b,1.65604
Kepler-831 b,1.65604
Kepler-831 b,1.65604
Kepler-831 b,1.65604
Kepler-831 b,1.65604
Kepler-831 b,1.65604
Kepler-831 b,1.65604
Kepler-832 b,0.56484
Kepler-832 b,0.56484
Kepler-832 b,0.56484
Kepler-832 b,0.56484
Kepler-832 b,0.56484
Kepler-832 b,0.56484
Kepler-832 b,0.56484
Kepler-832 b,0.56484
Kepler-832 b,0.56484
Kepler-832 b,0.56484
Kepler-833 b,2.11112
Kepler-833 b,2.11112
Kepler-833 b,2.11112
Kepler-833 b,2.11112
Kepler-833 b,2.11112
Kepler-833 b,2.11112
Kepler-833 b,2.11112
Kepler-833 b,2.11112
Kepler-833 b,2.11112
Kepler-833 b,2.11112
Kepler-833 b,2.11112
Kepler-834 b,1.54978
Kepler-834 b,1.54978
Kepler-834 b,1.54978
Kepler-834 b,1.54978
Kepler-834 b,1.54978
Kepler-834 b,1.54978
Kepler-834 b,1.54978
Kepler-834 b,1.54978
Kepler-834 b,1.54978
Kepler-834 b,1.54978
Kepler-834 b,1.54978
Kepler-835 b,0.38296
Kepler-835 b,0.38296
Kepler-835 b,0.38296
Kepler-835 b,0.38296
Kepler-835 b,0.38296
Kepler-835 b,0.38296
Kepler-835 b,0.38296
Kepler-835 b,0.38296
Kepler-836 b,0.991756
Kepler-836 b,0.991756
Kepler-836 b,0.991756
Kepler-836 b,0.991756
Kepler-836 b,0.991756
Kepler-836 b,0.991756
Kepler-836 b,0.991756
Kepler-836 b,0.991756
Kepler-836 b,0.991756
Kepler-836 b,0.991756
Kepler-837 b,1.08016
Kepler-837 b,1.08016
Kepler-837 b,1.08016
Kepler-837 b,1.08016
Kepler-837 b,1.08016
Kepler-837 b,1.08016
Kepler-837 b,1.08016
Kepler-837 b,1.08016
Kepler-837 b,1.08016
Kepler-837 b,1.08016
Kepler-838 b,0.877122
Kepler-838 b,0.877122
Kepler-838 b,0.877122
Kepler-838 b,0.877122
Kepler-838 b,0.877122
Kepler-838 b,0.877122
Kepler-838 b,0.877122
Kepler-838 b,0.877122
Kepler-838 b,0.877122
Kepler-838 b,0.877122
Kepler-839 b,1.02991
Kepler-839 b,1.02991
Kepler-839 b,1.02991
Kepler-839 b,1.02991
Kepler-839 b,1.02991
Kepler-839 b,1.02991
Kepler-839 b,1.02991
Kepler-839 b,1.02991
Kepler-839 b,1.02991
Kepler-839 b,1.02991
Kepler-839 b,1.02991
Kepler-841 b,0.973052
Kepler-841 b,0.973052
Kepler-841 b,0.973052
Kepler-841 b,0.973052
Kepler-841 b,0.973052
Kepler-841 b,0.973052
Kepler-841 b,0.973052
Kepler-841 b,0.973052
Kepler-841 b,0.973052
Kepler-842 b,1.84875
Kepler-842 b,1.84875
Kepler-842 b,1.84875
Kepler-842 b,1.84875
Kepler-842 b,1.84875
Kepler-842 b,1.84875
Kepler-842 b,1.84875
Kepler-842 b,1.84875
Kepler-842 b,1.84875
Kepler-842 b,1.84875
Kepler-843 b,0.830221
Kepler-843 b,0.830221
Kepler-843 b,0.830221
Kepler-843 b,0.830221
Kepler-843 b,0.830221
Kepler-843 b,0.830221
Kepler-843 b,0.830221
Kepler-843 b,0.830221
Kepler-843 b,0.830221
Kepler-843 b,0.830221
Kepler-844 b,2.28848
Kepler-844 b,2.28848
Kepler-844 b,2.28848
Kepler-844 b,2.28848
Kepler-844 b,2.28848
Kepler-844 b,2.28848
Kepler-844 b,2.28848
Kepler-844 b,2.28848
Kepler-844 b,2.28848
Kepler-845 b,2.29111
Kepler-845 b,2.29111
Kepler-845 b,2.29111
Kepler-845 b,2.29111
Kepler-845 b,2.29111
Kepler-845 b,2.29111
Kepler-845 b,2.29111
Kepler-845 b,2.29111
Kepler-845 b,2.29111
Kepler-845 b,2.29111
Kepler-845 b,2.29111
Kepler-846 b,0.858834
Kepler-846 b,0.858834
Kepler-846 b,0.858834
Kepler-846 b,0.858834
Kepler-846 b,0.858834
Kepler-846 b,0.858834
Kepler-846 b,0.858834
Kepler-846 b,0.858834
Kepler-846 b,0.858834
Kepler-846 b,0.858834
Kepler-847 b,1.9202
Kepler-847 b,1.9202
Kepler-847 b,1.9202
Kepler-847 b,1.9202
Kepler-847 b,1.9202
Kepler-847 b,1.9202
Kepler-847 b,1.9202
Kepler-847 b,1.9202
Kepler-848 b,0.696616
Kepler-848 b,0.696616
Kepler-848 b,0.696616
Kepler-848 b,0.696616
Kepler-848 b,0.696616
Kepler-848 b,0.696616
Kepler-848 b,0.696616
Kepler-848 b,0.696616
Kepler-848 b,0.696616
Kepler-848 b,0.696616
Kepler-848 b,0.696616
Kepler-849 b,1.18782
Kepler-849 b,1.18782
Kepler-849 b,1.18782
Kepler-849 b,1.18782
Kepler-849 b,1.18782
Kepler-849 b,1.18782
Kepler-849 b,1.18782
Kepler-849 b,1.18782
Kepler-849 b,1.18782
Kepler-849 b,1.18782
Kepler-85 b,1.27862
Kepler-85 b,1.27862
Kepler-85 b,1.27862
Kepler-85 b,1.27862
Kepler-85 b,1.27862
Kepler-85 b,1.27862
Kepler-85 b,1.27862
Kepler-85 b,1.27862
Kepler-85 b,1.27862
Kepler-85 b,1.27862
Kepler-85 b,1.27862
Kepler-85 b,1.27862
Kepler-85 b,1.27862
Kepler-85 b,1.27862
Kepler-85 b,1.27862
Kepler-85 c,1.27862
Kepler-85 c,1.27862
Kepler-85 c,1.27862
Kepler-85 c,1.27862
Kepler-85 c,1.27862
Kepler-85 c,1.27862
Kepler-85 c,1.27862
Kepler-85 c,1.27862
Kepler-85 c,1.27862
Kepler-85 c,1.27862
Kepler-85 c,1.27862
Kepler-85 c,1.27862
Kepler-85 c,1.27862
Kepler-85 c,1.27862
Kepler-85 d,1.27862
Kepler-85 d,1.27862
Kepler-85 d,1.27862
Kepler-85 d,1.27862
Kepler-85 d,1.27862
Kepler-85 d,1.27862
Kepler-85 d,1.27862
Kepler-85 d,1.27862
Kepler-85 d,1.27862
Kepler-85 d,1.27862
Kepler-85 e,1.27862
Kepler-85 e,1.27862
Kepler-85 e,1.27862
Kepler-85 e,1.27862
Kepler-85 e,1.27862
Kepler-85 e,1.27862
Kepler-85 e,1.27862
Kepler-85 e,1.27862
Kepler-85 e,1.27862
Kepler-85 e,1.27862
Kepler-85 e,1.27862
Kepler-85 e,1.27862
Kepler-85 e,1.27862
Kepler-850 b,0.573328
Kepler-850 b,0.573328
Kepler-850 b,0.573328
Kepler-850 b,0.573328
Kepler-850 b,0.573328
Kepler-850 b,0.573328
Kepler-850 b,0.573328
Kepler-850 b,0.573328
Kepler-850 b,0.573328
Kepler-851 b,1.16312
Kepler-851 b,1.16312
Kepler-851 b,1.16312
Kepler-851 b,1.16312
Kepler-851 b,1.16312
Kepler-851 b,1.16312
Kepler-851 b,1.16312
Kepler-851 b,1.16312
Kepler-851 b,1.16312
Kepler-852 b,0.589092
Kepler-852 b,0.589092
Kepler-852 b,0.589092
Kepler-852 b,0.589092
Kepler-852 b,0.589092
Kepler-852 b,0.589092
Kepler-852 b,0.589092
Kepler-852 b,0.589092
Kepler-852 b,0.589092
Kepler-852 b,0.589092
Kepler-852 b,0.589092
Kepler-853 b,1.72981
Kepler-853 b,1.72981
Kepler-853 b,1.72981
Kepler-853 b,1.72981
Kepler-853 b,1.72981
Kepler-853 b,1.72981
Kepler-853 b,1.72981
Kepler-853 b,1.72981
Kepler-853 b,1.72981
Kepler-853 b,1.72981
Kepler-853 b,1.72981
Kepler-855 b,0.635666
Kepler-855 b,0.635666
Kepler-855 b,0.635666
Kepler-855 b,0.635666
Kepler-855 b,0.635666
Kepler-855 b,0.635666
Kepler-855 b,0.635666
Kepler-855 b,0.635666
Kepler-855 b,0.635666
Kepler-855 b,0.635666
Kepler-856 b,0.711619
Kepler-856 b,0.711619
Kepler-856 b,0.711619
Kepler-856 b,0.711619
Kepler-856 b,0.711619
Kepler-856 b,0.711619
Kepler-856 b,0.711619
Kepler-856 b,0.711619
Kepler-856 b,0.711619
Kepler-856 b,0.711619
Kepler-856 b,0.711619
Kepler-857 b,0.988522
Kepler-857 b,0.988522
Kepler-857 b,0.988522
Kepler-857 b,0.988522
Kepler-857 b,0.988522
Kepler-857 b,0.988522
Kepler-857 b,0.988522
Kepler-857 b,0.988522
Kepler-857 b,0.988522
Kepler-857 b,0.988522
Kepler-858 b,3.32096
Kepler-858 b,3.32096
Kepler-858 b,3.32096
Kepler-858 b,3.32096
Kepler-858 b,3.32096
Kepler-858 b,3.32096
Kepler-858 b,3.32096
Kepler-858 b,3.32096
Kepler-858 b,3.32096
Kepler-858 b,3.32096
Kepler-858 b,3.32096
Kepler-858 b,3.32096
Kepler-859 b,1.16288
Kepler-859 b,1.16288
Kepler-859 b,1.16288
Kepler-859 b,1.16288
Kepler-859 b,1.16288
Kepler-859 b,1.16288
Kepler-859 b,1.16288
Kepler-859 b,1.16288
Kepler-859 b,1.16288
Kepler-859 b,1.16288
Kepler-859 b,1.16288
Kepler-860 b,0.91836
Kepler-860 b,0.91836
Kepler-860 b,0.91836
Kepler-860 b,0.91836
Kepler-860 b,0.91836
Kepler-860 b,0.91836
Kepler-860 b,0.91836
Kepler-860 b,0.91836
Kepler-860 b,0.91836
Kepler-860 b,0.91836
Kepler-861 b,1.14798
Kepler-861 b,1.14798
Kepler-861 b,1.14798
Kepler-861 b,1.14798
Kepler-861 b,1.14798
Kepler-861 b,1.14798
Kepler-861 b,1.14798
Kepler-861 b,1.14798
Kepler-861 b,1.14798
Kepler-861 b,1.14798
Kepler-862 b,0.936437
Kepler-862 b,0.936437
Kepler-862 b,0.936437
Kepler-862 b,0.936437
Kepler-862 b,0.936437
Kepler-862 b,0.936437
Kepler-862 b,0.936437
Kepler-862 b,0.936437
Kepler-862 b,0.936437
Kepler-862 b,0.936437
Kepler-863 b,0.639816
Kepler-863 b,0.639816
Kepler-863 b,0.639816
Kepler-863 b,0.639816
Kepler-863 b,0.639816
Kepler-863 b,0.639816
Kepler-863 b,0.639816
Kepler-863 b,0.639816
Kepler-863 b,0.639816
Kepler-863 b,0.639816
Kepler-864 b,0.464331
Kepler-864 b,0.464331
Kepler-864 b,0.464331
Kepler-864 b,0.464331
Kepler-864 b,0.464331
Kepler-864 b,0.464331
Kepler-864 b,0.464331
Kepler-864 b,0.464331
Kepler-864 b,0.464331
Kepler-864 b,0.464331
Kepler-864 c,0.464331
Kepler-864 c,0.464331
Kepler-864 c,0.464331
Kepler-864 c,0.464331
Kepler-864 c,0.464331
Kepler-864 c,0.464331
Kepler-864 c,0.464331
Kepler-865 b,1.67758
Kepler-865 b,1.67758
Kepler-865 b,1.67758
Kepler-865 b,1.67758
Kepler-865 b,1.67758
Kepler-865 b,1.67758
Kepler-865 b,1.67758
Kepler-865 b,1.67758
Kepler-865 b,1.67758
Kepler-865 b,1.67758
Kepler-865 c,1.67758
Kepler-865 c,1.67758
Kepler-865 c,1.67758
Kepler-865 c,1.67758
Kepler-865 c,1.67758
Kepler-865 c,1.67758
Kepler-865 c,1.67758
Kepler-866 b,1.51859
Kepler-866 b,1.51859
Kepler-866 b,1.51859
Kepler-866 b,1.51859
Kepler-866 b,1.51859
Kepler-866 b,1.51859
Kepler-866 b,1.51859
Kepler-866 b,1.51859
Kepler-866 b,1.51859
Kepler-867 b,0.810876
Kepler-867 b,0.810876
Kepler-867 b,0.810876
Kepler-867 b,0.810876
Kepler-867 b,0.810876
Kepler-867 b,0.810876
Kepler-867 b,0.810876
Kepler-867 b,0.810876
Kepler-867 b,0.810876
Kepler-867 b,0.810876
Kepler-868 b,0.598854
Kepler-868 b,0.598854
Kepler-868 b,0.598854
Kepler-868 b,0.598854
Kepler-868 b,0.598854
Kepler-868 b,0.598854
Kepler-868 b,0.598854
Kepler-868 b,0.598854
Kepler-869 b,1.0358
Kepler-869 b,1.0358
Kepler-869 b,1.0358
Kepler-869 b,1.0358
Kepler-869 b,1.0358
Kepler-869 b,1.0358
Kepler-869 b,1.0358
Kepler-869 b,1.0358
Kepler-869 b,1.0358
Kepler-869 b,1.0358
Kepler-87 b,0.782544
Kepler-87 b,0.782544
Kepler-87 b,0.782544
Kepler-87 b,0.782544
Kepler-87 b,0.782544
Kepler-87 b,0.782544
Kepler-87 b,0.782544
Kepler-87 b,0.782544
Kepler-87 b,0.782544
Kepler-87 b,0.782544
Kepler-87 b,0.782544
Kepler-87 c,0.782544
Kepler-87 c,0.782544
Kepler-87 c,0.782544
Kepler-87 c,0.782544
Kepler-87 c,0.782544
Kepler-87 c,0.782544
Kepler-87 c,0.782544
Kepler-87 c,0.782544
Kepler-87 c,0.782544
Kepler-870 b,0.765653
Kepler-870 b,0.765653
Kepler-870 b,0.765653
Kepler-870 b,0.765653
Kepler-870 b,0.765653
Kepler-870 b,0.765653
Kepler-870 b,0.765653
Kepler-870 b,0.765653
Kepler-870 b,0.765653
Kepler-870 b,0.765653
Kepler-871 b,0.478474
Kepler-871 b,0.478474
Kepler-871 b,0.478474
Kepler-871 b,0.478474
Kepler-871 b,0.478474
Kepler-871 b,0.478474
Kepler-871 b,0.478474
Kepler-871 b,0.478474
Kepler-871 b,0.478474
Kepler-871 b,0.478474
Kepler-872 b,1.10888
Kepler-872 b,1.10888
Kepler-872 b,1.10888
Kepler-872 b,1.10888
Kepler-872 b,1.10888
Kepler-872 b,1.10888
Kepler-872 b,1.10888
Kepler-872 b,1.10888
Kepler-872 b,1.10888
Kepler-873 b,0.817409
Kepler-873 b,0.817409
Kepler-873 b,0.817409
Kepler-873 b,0.817409
Kepler-873 b,0.817409
Kepler-873 b,0.817409
Kepler-873 b,0.817409
Kepler-873 b,0.817409
Kepler-873 b,0.817409
Kepler-873 b,0.817409
Kepler-874 b,0.895723
Kepler-874 b,0.895723
Kepler-874 b,0.895723
Kepler-874 b,0.895723
Kepler-874 b,0.895723
Kepler-874 b,0.895723
Kepler-874 b,0.895723
Kepler-874 b,0.895723
Kepler-874 b,0.895723
Kepler-875 b,0.7776
Kepler-875 b,0.7776
Kepler-875 b,0.7776
Kepler-875 b,0.7776
Kepler-875 b,0.7776
Kepler-875 b,0.7776
Kepler-875 b,0.7776
Kepler-875 b,0.7776
Kepler-875 b,0.7776
Kepler-875 b,0.7776
Kepler-876 b,1.19
Kepler-876 b,1.19
Kepler-876 b,1.19
Kepler-876 b,1.19
Kepler-876 b,1.19
Kepler-876 b,1.19
Kepler-876 b,1.19
Kepler-876 b,1.19
Kepler-876 b,1.19
Kepler-878 b,1.23686
Kepler-878 b,1.23686
Kepler-878 b,1.23686
Kepler-878 b,1.23686
Kepler-878 b,1.23686
Kepler-878 b,1.23686
Kepler-878 b,1.23686
Kepler-878 b,1.23686
Kepler-878 b,1.23686
Kepler-878 b,1.23686
Kepler-879 b,1.2171
Kepler-879 b,1.2171
Kepler-879 b,1.2171
Kepler-879 b,1.2171
Kepler-879 b,1.2171
Kepler-879 b,1.2171
Kepler-879 b,1.2171
Kepler-879 b,1.2171
Kepler-879 b,1.2171
Kepler-879 b,1.2171
Kepler-879 c,1.2171
Kepler-88 d,2.62461
Kepler-88 d,2.62461
Kepler-880 b,1.63439
Kepler-880 b,1.63439
Kepler-880 b,1.63439
Kepler-880 b,1.63439
Kepler-880 b,1.63439
Kepler-880 b,1.63439
Kepler-880 b,1.63439
Kepler-880 b,1.63439
Kepler-880 b,1.63439
Kepler-880 b,1.63439
Kepler-880 c,1.63439
Kepler-880 c,1.63439
Kepler-880 c,1.63439
Kepler-880 c,1.63439
Kepler-880 c,1.63439
Kepler-880 c,1.63439
Kepler-881 b,0.69854
Kepler-881 b,0.69854
Kepler-881 b,0.69854
Kepler-881 b,0.69854
Kepler-881 b,0.69854
Kepler-881 b,0.69854
Kepler-881 b,0.69854
Kepler-881 b,0.69854
Kepler-882 b,1.95296
Kepler-882 b,1.95296
Kepler-882 b,1.95296
Kepler-882 b,1.95296
Kepler-882 b,1.95296
Kepler-882 b,1.95296
Kepler-882 b,1.95296
Kepler-882 b,1.95296
Kepler-882 b,1.95296
Kepler-882 b,1.95296
Kepler-883 b,1.56498
Kepler-883 b,1.56498
Kepler-883 b,1.56498
Kepler-883 b,1.56498
Kepler-883 b,1.56498
Kepler-883 b,1.56498
Kepler-883 b,1.56498
Kepler-883 b,1.56498
Kepler-883 b,1.56498
Kepler-883 b,1.56498
Kepler-883 b,1.56498
Kepler-885 b,1.50668
Kepler-885 b,1.50668
Kepler-885 b,1.50668
Kepler-885 b,1.50668
Kepler-885 b,1.50668
Kepler-885 b,1.50668
Kepler-885 b,1.50668
Kepler-885 b,1.50668
Kepler-885 b,1.50668
Kepler-885 b,1.50668
Kepler-885 b,1.50668
Kepler-886 b,1.37704
Kepler-886 b,1.37704
Kepler-886 b,1.37704
Kepler-886 b,1.37704
Kepler-886 b,1.37704
Kepler-886 b,1.37704
Kepler-886 b,1.37704
Kepler-886 b,1.37704
Kepler-886 b,1.37704
Kepler-886 b,1.37704
Kepler-886 b,1.37704
Kepler-887 b,1.09917
Kepler-887 b,1.09917
Kepler-887 b,1.09917
Kepler-887 b,1.09917
Kepler-887 b,1.09917
Kepler-887 b,1.09917
Kepler-887 b,1.09917
Kepler-887 b,1.09917
Kepler-887 b,1.09917
Kepler-887 b,1.09917
Kepler-887 b,1.09917
Kepler-887 c,1.09917
Kepler-887 c,1.09917
Kepler-887 c,1.09917
Kepler-887 c,1.09917
Kepler-887 c,1.09917
Kepler-887 c,1.09917
Kepler-887 c,1.09917
Kepler-887 c,1.09917
Kepler-887 c,1.09917
Kepler-887 c,1.09917
Kepler-888 b,2.34754
Kepler-888 b,2.34754
Kepler-888 b,2.34754
Kepler-888 b,2.34754
Kepler-888 b,2.34754
Kepler-888 b,2.34754
Kepler-888 b,2.34754
Kepler-888 b,2.34754
Kepler-888 b,2.34754
Kepler-888 b,2.34754
Kepler-888 b,2.34754
Kepler-889 b,1.6427
Kepler-889 b,1.6427
Kepler-889 b,1.6427
Kepler-889 b,1.6427
Kepler-889 b,1.6427
Kepler-889 b,1.6427
Kepler-889 b,1.6427
Kepler-889 b,1.6427
Kepler-889 b,1.6427
Kepler-889 b,1.6427
Kepler-890 b,0.555104
Kepler-890 b,0.555104
Kepler-890 b,0.555104
Kepler-890 b,0.555104
Kepler-890 b,0.555104
Kepler-890 b,0.555104
Kepler-890 b,0.555104
Kepler-890 b,0.555104
Kepler-890 b,0.555104
Kepler-890 b,0.555104
Kepler-891 b,0.398285
Kepler-891 b,0.398285
Kepler-891 b,0.398285
Kepler-891 b,0.398285
Kepler-891 b,0.398285
Kepler-891 b,0.398285
Kepler-891 b,0.398285
Kepler-891 b,0.398285
Kepler-891 b,0.398285
Kepler-891 b,0.398285
Kepler-892 b,1.72404
Kepler-892 b,1.72404
Kepler-892 b,1.72404
Kepler-892 b,1.72404
Kepler-892 b,1.72404
Kepler-892 b,1.72404
Kepler-892 b,1.72404
Kepler-892 b,1.72404
Kepler-892 b,1.72404
Kepler-892 b,1.72404
Kepler-893 b,0.749115
Kepler-893 b,0.749115
Kepler-893 b,0.749115
Kepler-893 b,0.749115
Kepler-893 b,0.749115
Kepler-893 b,0.749115
Kepler-893 b,0.749115
Kepler-893 b,0.749115
Kepler-893 b,0.749115
Kepler-893 b,0.749115
Kepler-894 b,0.831461
Kepler-894 b,0.831461
Kepler-894 b,0.831461
Kepler-894 b,0.831461
Kepler-894 b,0.831461
Kepler-894 b,0.831461
Kepler-894 b,0.831461
Kepler-894 b,0.831461
Kepler-894 b,0.831461
Kepler-894 b,0.831461
Kepler-895 b,1.82328
Kepler-895 b,1.82328
Kepler-895 b,1.82328
Kepler-895 b,1.82328
Kepler-895 b,1.82328
Kepler-895 b,1.82328
Kepler-895 b,1.82328
Kepler-895 b,1.82328
Kepler-895 b,1.82328
Kepler-896 b,0.397545
Kepler-896 b,0.397545
Kepler-896 b,0.397545
Kepler-896 b,0.397545
Kepler-896 b,0.397545
Kepler-896 b,0.397545
Kepler-896 b,0.397545
Kepler-896 b,0.397545
Kepler-896 b,0.397545
Kepler-896 b,0.397545
Kepler-896 b,0.397545
Kepler-896 c,0.397545
Kepler-896 c,0.397545
Kepler-896 c,0.397545
Kepler-896 c,0.397545
Kepler-896 c,0.397545
Kepler-896 c,0.397545
Kepler-896 c,0.397545
Kepler-896 c,0.397545
Kepler-896 c,0.397545
Kepler-897 b,0.629308
Kepler-897 b,0.629308
Kepler-897 b,0.629308
Kepler-897 b,0.629308
Kepler-897 b,0.629308
Kepler-897 b,0.629308
Kepler-897 b,0.629308
Kepler-897 b,0.629308
Kepler-897 b,0.629308
Kepler-898 b,2.0341
Kepler-898 b,2.0341
Kepler-898 b,2.0341
Kepler-898 b,2.0341
Kepler-898 b,2.0341
Kepler-898 b,2.0341
Kepler-898 b,2.0341
Kepler-898 b,2.0341
Kepler-898 b,2.0341
Kepler-898 b,2.0341
Kepler-899 b,0.774428
Kepler-899 b,0.774428
Kepler-899 b,0.774428
Kepler-899 b,0.774428
Kepler-899 b,0.774428
Kepler-899 b,0.774428
Kepler-899 b,0.774428
Kepler-899 b,0.774428
Kepler-899 b,0.774428
Kepler-899 b,0.774428
Kepler-9 b,1.56294
Kepler-9 b,1.56294
Kepler-9 b,1.56294
Kepler-9 b,1.56294
Kepler-9 b,1.56294
Kepler-9 b,1.56294
Kepler-9 b,1.56294
Kepler-9 b,1.56294
Kepler-9 b,1.56294
Kepler-9 b,1.56294
Kepler-9 b,1.56294
Kepler-9 b,1.56294
Kepler-9 b,1.56294
Kepler-9 b,1.56294
Kepler-9 b,1.56294
Kepler-9 b,1.56294
Kepler-9 b,1.56294
Kepler-9 b,1.56294
Kepler-9 c,1.56294
Kepler-9 c,1.56294
Kepler-9 c,1.56294
Kepler-9 c,1.56294
Kepler-9 c,1.56294
Kepler-9 c,1.56294
Kepler-9 c,1.56294
Kepler-9 c,1.56294
Kepler-9 c,1.56294
Kepler-9 c,1.56294
Kepler-9 c,1.56294
Kepler-9 c,1.56294
Kepler-9 c,1.56294
Kepler-9 d,1.56294
Kepler-9 d,1.56294
Kepler-9 d,1.56294
Kepler-9 d,1.56294
Kepler-9 d,1.56294
Kepler-9 d,1.56294
Kepler-9 d,1.56294
Kepler-9 d,1.56294
Kepler-90 i,1.15007
Kepler-90 i,1.15007
Kepler-900 b,2.02253
Kepler-900 b,2.02253
Kepler-900 b,2.02253
Kepler-900 b,2.02253
Kepler-900 b,2.02253
Kepler-900 b,2.02253
Kepler-900 b,2.02253
Kepler-900 b,2.02253
Kepler-900 b,2.02253
Kepler-900 b,2.02253
Kepler-901 b,3.91031
Kepler-901 b,3.91031
Kepler-901 b,3.91031
Kepler-901 b,3.91031
Kepler-901 b,3.91031
Kepler-901 b,3.91031
Kepler-901 b,3.91031
Kepler-901 b,3.91031
Kepler-901 b,3.91031
Kepler-901 b,3.91031
Kepler-901 b,3.91031
Kepler-902 b,0.829996
Kepler-902 b,0.829996
Kepler-902 b,0.829996
Kepler-902 b,0.829996
Kepler-902 b,0.829996
Kepler-902 b,0.829996
Kepler-902 b,0.829996
Kepler-902 b,0.829996
Kepler-902 b,0.829996
Kepler-902 b,0.829996
Kepler-903 b,0.701622
Kepler-903 b,0.701622
Kepler-903 b,0.701622
Kepler-903 b,0.701622
Kepler-903 b,0.701622
Kepler-903 b,0.701622
Kepler-903 b,0.701622
Kepler-903 b,0.701622
Kepler-903 b,0.701622
Kepler-903 b,0.701622
Kepler-903 b,0.701622
Kepler-903 c,0.701622
Kepler-903 c,0.701622
Kepler-903 c,0.701622
Kepler-903 c,0.701622
Kepler-903 c,0.701622
Kepler-903 c,0.701622
Kepler-903 c,0.701622
Kepler-903 c,0.701622
Kepler-903 c,0.701622
Kepler-903 c,0.701622
Kepler-903 c,0.701622
Kepler-904 b,0.993715
Kepler-904 b,0.993715
Kepler-904 b,0.993715
Kepler-904 b,0.993715
Kepler-904 b,0.993715
Kepler-904 b,0.993715
Kepler-904 b,0.993715
Kepler-904 b,0.993715
Kepler-904 b,0.993715
Kepler-905 b,1.86055
Kepler-905 b,1.86055
Kepler-905 b,1.86055
Kepler-905 b,1.86055
Kepler-905 b,1.86055
Kepler-905 b,1.86055
Kepler-905 b,1.86055
Kepler-905 b,1.86055
Kepler-905 b,1.86055
Kepler-905 b,1.86055
Kepler-905 b,1.86055
Kepler-906 b,1.29093
Kepler-906 b,1.29093
Kepler-906 b,1.29093
Kepler-906 b,1.29093
Kepler-906 b,1.29093
Kepler-906 b,1.29093
Kepler-906 b,1.29093
Kepler-906 b,1.29093
Kepler-906 b,1.29093
Kepler-906 b,1.29093
Kepler-906 b,1.29093
Kepler-908 b,3.40956
Kepler-908 b,3.40956
Kepler-908 b,3.40956
Kepler-908 b,3.40956
Kepler-908 b,3.40956
Kepler-908 b,3.40956
Kepler-908 b,3.40956
Kepler-908 b,3.40956
Kepler-908 b,3.40956
Kepler-908 b,3.40956
Kepler-908 b,3.40956
Kepler-909 b,3.20126
Kepler-909 b,3.20126
Kepler-909 b,3.20126
Kepler-909 b,3.20126
Kepler-909 b,3.20126
Kepler-909 b,3.20126
Kepler-909 b,3.20126
Kepler-909 b,3.20126
Kepler-909 b,3.20126
Kepler-909 b,3.20126
Kepler-909 b,3.20126
Kepler-91 b,0.743739
Kepler-91 b,0.743739
Kepler-91 b,0.743739
Kepler-91 b,0.743739
Kepler-91 b,0.743739
Kepler-91 b,0.743739
Kepler-91 b,0.743739
Kepler-91 b,0.743739
Kepler-91 b,0.743739
Kepler-91 b,0.743739
Kepler-91 b,0.743739
Kepler-91 b,0.743739
Kepler-91 b,0.743739
Kepler-91 b,0.743739
Kepler-91 b,0.743739
Kepler-91 b,0.743739
Kepler-910 b,2.46984
Kepler-910 b,2.46984
Kepler-910 b,2.46984
Kepler-910 b,2.46984
Kepler-910 b,2.46984
Kepler-910 b,2.46984
Kepler-910 b,2.46984
Kepler-910 b,2.46984
Kepler-910 b,2.46984
Kepler-910 b,2.46984
Kepler-911 b,1.76966
Kepler-911 b,1.76966
Kepler-911 b,1.76966
Kepler-911 b,1.76966
Kepler-911 b,1.76966
Kepler-911 b,1.76966
Kepler-911 b,1.76966
Kepler-911 b,1.76966
Kepler-911 b,1.76966
Kepler-911 b,1.76966
Kepler-911 b,1.76966
Kepler-912 b,0.471225
Kepler-912 b,0.471225
Kepler-912 b,0.471225
Kepler-912 b,0.471225
Kepler-912 b,0.471225
Kepler-912 b,0.471225
Kepler-912 b,0.471225
Kepler-912 b,0.471225
Kepler-912 b,0.471225
Kepler-913 b,0.981103
Kepler-913 b,0.981103
Kepler-913 b,0.981103
Kepler-913 b,0.981103
Kepler-913 b,0.981103
Kepler-913 b,0.981103
Kepler-913 b,0.981103
Kepler-913 b,0.981103
Kepler-913 b,0.981103
Kepler-913 c,0.981103
Kepler-913 c,0.981103
Kepler-913 c,0.981103
Kepler-913 c,0.981103
Kepler-913 c,0.981103
Kepler-913 c,0.981103
Kepler-913 c,0.981103
Kepler-914 b,1.29797
Kepler-914 b,1.29797
Kepler-914 b,1.29797
Kepler-914 b,1.29797
Kepler-914 b,1.29797
Kepler-914 b,1.29797
Kepler-914 b,1.29797
Kepler-914 b,1.29797
Kepler-914 b,1.29797
Kepler-914 b,1.29797
Kepler-915 b,1.14897
Kepler-915 b,1.14897
Kepler-915 b,1.14897
Kepler-915 b,1.14897
Kepler-915 b,1.14897
Kepler-915 b,1.14897
Kepler-915 b,1.14897
Kepler-915 b,1.14897
Kepler-915 b,1.14897
Kepler-916 b,1.17529
Kepler-916 b,1.17529
Kepler-916 b,1.17529
Kepler-916 b,1.17529
Kepler-916 b,1.17529
Kepler-916 b,1.17529
Kepler-916 b,1.17529
Kepler-916 b,1.17529
Kepler-916 b,1.17529
Kepler-916 b,1.17529
Kepler-917 b,0.251495
Kepler-917 b,0.251495
Kepler-917 b,0.251495
Kepler-917 b,0.251495
Kepler-917 b,0.251495
Kepler-917 b,0.251495
Kepler-917 b,0.251495
Kepler-917 b,0.251495
Kepler-918 b,0.947726
Kepler-918 b,0.947726
Kepler-918 b,0.947726
Kepler-918 b,0.947726
Kepler-918 b,0.947726
Kepler-918 b,0.947726
Kepler-918 b,0.947726
Kepler-918 b,0.947726
Kepler-919 b,0.865098
Kepler-919 b,0.865098
Kepler-919 b,0.865098
Kepler-919 b,0.865098
Kepler-919 b,0.865098
Kepler-919 b,0.865098
Kepler-919 b,0.865098
Kepler-919 b,0.865098
Kepler-919 b,0.865098
Kepler-919 b,0.865098
Kepler-92 b,2.06347
Kepler-92 b,2.06347
Kepler-92 b,2.06347
Kepler-92 b,2.06347
Kepler-92 b,2.06347
Kepler-92 b,2.06347
Kepler-92 b,2.06347
Kepler-92 b,2.06347
Kepler-92 b,2.06347
Kepler-92 b,2.06347
Kepler-92 b,2.06347
Kepler-92 b,2.06347
Kepler-92 b,2.06347
Kepler-92 b,2.06347
Kepler-92 c,2.06347
Kepler-92 c,2.06347
Kepler-92 c,2.06347
Kepler-92 c,2.06347
Kepler-92 c,2.06347
Kepler-92 c,2.06347
Kepler-92 c,2.06347
Kepler-92 c,2.06347
Kepler-92 c,2.06347
Kepler-92 c,2.06347
Kepler-92 c,2.06347
Kepler-92 c,2.06347
Kepler-92 c,2.06347
Kepler-92 c,2.06347
Kepler-92 d,2.06347
Kepler-92 d,2.06347
Kepler-92 d,2.06347
Kepler-92 d,2.06347
Kepler-92 d,2.06347
Kepler-92 d,2.06347
Kepler-92 d,2.06347
Kepler-92 d,2.06347
Kepler-92 d,2.06347
Kepler-92 d,2.06347
Kepler-92 d,2.06347
Kepler-92 d,2.06347
Kepler-92 d,2.06347
Kepler-920 b,0.969818
Kepler-920 b,0.969818
Kepler-920 b,0.969818
Kepler-920 b,0.969818
Kepler-920 b,0.969818
Kepler-920 b,0.969818
Kepler-920 b,0.969818
Kepler-920 b,0.969818
Kepler-920 b,0.969818
Kepler-920 b,0.969818
Kepler-920 c,0.969818
Kepler-920 c,0.969818
Kepler-920 c,0.969818
Kepler-920 c,0.969818
Kepler-920 c,0.969818
Kepler-920 c,0.969818
Kepler-920 c,0.969818
Kepler-920 c,0.969818
Kepler-920 c,0.969818
Kepler-921 b,1.04143
Kepler-921 b,1.04143
Kepler-921 b,1.04143
Kepler-921 b,1.04143
Kepler-921 b,1.04143
Kepler-921 b,1.04143
Kepler-921 b,1.04143
Kepler-921 b,1.04143
Kepler-921 b,1.04143
Kepler-922 b,1.83567
Kepler-922 b,1.83567
Kepler-922 b,1.83567
Kepler-922 b,1.83567
Kepler-922 b,1.83567
Kepler-922 b,1.83567
Kepler-922 b,1.83567
Kepler-922 b,1.83567
Kepler-922 b,1.83567
Kepler-922 b,1.83567
Kepler-923 b,0.971283
Kepler-923 b,0.971283
Kepler-923 b,0.971283
Kepler-923 b,0.971283
Kepler-923 b,0.971283
Kepler-923 b,0.971283
Kepler-923 b,0.971283
Kepler-923 b,0.971283
Kepler-923 b,0.971283
Kepler-924 b,0.921048
Kepler-924 b,0.921048
Kepler-924 b,0.921048
Kepler-924 b,0.921048
Kepler-924 b,0.921048
Kepler-924 b,0.921048
Kepler-924 b,0.921048
Kepler-924 b,0.921048
Kepler-924 b,0.921048
Kepler-924 b,0.921048
Kepler-924 b,0.921048
Kepler-925 b,1.60877
Kepler-925 b,1.60877
Kepler-925 b,1.60877
Kepler-925 b,1.60877
Kepler-925 b,1.60877
Kepler-925 b,1.60877
Kepler-925 b,1.60877
Kepler-925 b,1.60877
Kepler-925 b,1.60877
Kepler-925 b,1.60877
Kepler-926 b,1.05753
Kepler-926 b,1.05753
Kepler-926 b,1.05753
Kepler-926 b,1.05753
Kepler-926 b,1.05753
Kepler-926 b,1.05753
Kepler-926 b,1.05753
Kepler-926 b,1.05753
Kepler-926 b,1.05753
Kepler-927 b,1.1737
Kepler-927 b,1.1737
Kepler-927 b,1.1737
Kepler-927 b,1.1737
Kepler-927 b,1.1737
Kepler-927 b,1.1737
Kepler-927 b,1.1737
Kepler-927 b,1.1737
Kepler-927 b,1.1737
Kepler-927 b,1.1737
Kepler-928 b,1.93693
Kepler-928 b,1.93693
Kepler-928 b,1.93693
Kepler-928 b,1.93693
Kepler-928 b,1.93693
Kepler-928 b,1.93693
Kepler-928 b,1.93693
Kepler-928 b,1.93693
Kepler-928 b,1.93693
Kepler-928 b,1.93693
Kepler-929 b,0.734355
Kepler-929 b,0.734355
Kepler-929 b,0.734355
Kepler-929 b,0.734355
Kepler-929 b,0.734355
Kepler-929 b,0.734355
Kepler-929 b,0.734355
Kepler-929 b,0.734355
Kepler-929 b,0.734355
Kepler-929 b,0.734355
Kepler-93 b,10.3974
Kepler-93 b,10.3974
Kepler-93 b,10.3974
Kepler-93 b,10.3974
Kepler-93 b,10.3974
Kepler-93 b,10.3974
Kepler-93 b,10.3974
Kepler-93 b,10.3974
Kepler-93 b,10.3974
Kepler-93 b,10.3974
Kepler-93 b,10.3974
Kepler-93 b,10.3974
Kepler-93 b,10.3974
Kepler-93 b,10.3974
Kepler-93 b,10.3974
Kepler-93 b,10.3974
Kepler-93 b,10.3974
Kepler-93 b,10.3974
Kepler-93 c,10.3974
Kepler-93 c,10.3974
Kepler-930 b,1.15004
Kepler-930 b,1.15004
Kepler-930 b,1.15004
Kepler-930 b,1.15004
Kepler-930 b,1.15004
Kepler-930 b,1.15004
Kepler-930 b,1.15004
Kepler-930 b,1.15004
Kepler-930 b,1.15004
Kepler-930 b,1.15004
Kepler-930 b,1.15004
Kepler-932 b,2.119
Kepler-932 b,2.119
Kepler-932 b,2.119
Kepler-932 b,2.119
Kepler-932 b,2.119
Kepler-932 b,2.119
Kepler-932 b,2.119
Kepler-932 b,2.119
Kepler-932 b,2.119
Kepler-932 b,2.119
Kepler-933 b,0.95477
Kepler-933 b,0.95477
Kepler-933 b,0.95477
Kepler-933 b,0.95477
Kepler-933 b,0.95477
Kepler-933 b,0.95477
Kepler-933 b,0.95477
Kepler-933 b,0.95477
Kepler-933 b,0.95477
Kepler-933 b,0.95477
Kepler-934 b,1.61421
Kepler-934 b,1.61421
Kepler-934 b,1.61421
Kepler-934 b,1.61421
Kepler-934 b,1.61421
Kepler-934 b,1.61421
Kepler-934 b,1.61421
Kepler-934 b,1.61421
Kepler-934 b,1.61421
Kepler-934 b,1.61421
Kepler-935 b,2.09087
Kepler-935 b,2.09087
Kepler-935 b,2.09087
Kepler-935 b,2.09087
Kepler-935 b,2.09087
Kepler-935 b,2.09087
Kepler-935 b,2.09087
Kepler-935 b,2.09087
Kepler-935 b,2.09087
Kepler-935 b,2.09087
Kepler-937 b,0.607898
Kepler-937 b,0.607898
Kepler-937 b,0.607898
Kepler-937 b,0.607898
Kepler-937 b,0.607898
Kepler-937 b,0.607898
Kepler-937 b,0.607898
Kepler-937 b,0.607898
Kepler-937 b,0.607898
Kepler-937 b,0.607898
Kepler-937 c,0.607898
Kepler-937 c,0.607898
Kepler-937 c,0.607898
Kepler-937 c,0.607898
Kepler-937 c,0.607898
Kepler-937 c,0.607898
Kepler-937 c,0.607898
Kepler-937 c,0.607898
Kepler-939 b,0.448708
Kepler-939 b,0.448708
Kepler-939 b,0.448708
Kepler-939 b,0.448708
Kepler-939 b,0.448708
Kepler-939 b,0.448708
Kepler-939 b,0.448708
Kepler-939 b,0.448708
Kepler-939 b,0.448708
Kepler-939 b,0.448708
Kepler-94 b,5.1821
Kepler-94 b,5.1821
Kepler-94 b,5.1821
Kepler-94 b,5.1821
Kepler-94 b,5.1821
Kepler-94 b,5.1821
Kepler-94 b,5.1821
Kepler-94 b,5.1821
Kepler-94 b,5.1821
Kepler-94 b,5.1821
Kepler-94 b,5.1821
Kepler-94 b,5.1821
Kepler-94 b,5.1821
Kepler-94 b,5.1821
Kepler-94 b,5.1821
Kepler-94 c,5.1821
Kepler-94 c,5.1821
Kepler-940 b,0.765579
Kepler-940 b,0.765579
Kepler-940 b,0.765579
Kepler-940 b,0.765579
Kepler-940 b,0.765579
Kepler-940 b,0.765579
Kepler-940 b,0.765579
Kepler-940 b,0.765579
Kepler-940 b,0.765579
Kepler-940 b,0.765579
Kepler-941 b,0.890934
Kepler-941 b,0.890934
Kepler-941 b,0.890934
Kepler-941 b,0.890934
Kepler-941 b,0.890934
Kepler-941 b,0.890934
Kepler-941 b,0.890934
Kepler-941 b,0.890934
Kepler-941 b,0.890934
Kepler-941 b,0.890934
Kepler-942 b,4.59312
Kepler-942 b,4.59312
Kepler-942 b,4.59312
Kepler-942 b,4.59312
Kepler-942 b,4.59312
Kepler-942 b,4.59312
Kepler-942 b,4.59312
Kepler-942 b,4.59312
Kepler-942 b,4.59312
Kepler-942 b,4.59312
Kepler-943 b,0.404364
Kepler-943 b,0.404364
Kepler-943 b,0.404364
Kepler-943 b,0.404364
Kepler-943 b,0.404364
Kepler-943 b,0.404364
Kepler-943 b,0.404364
Kepler-943 b,0.404364
Kepler-943 b,0.404364
Kepler-943 b,0.404364
Kepler-944 b,0.713352
Kepler-944 b,0.713352
Kepler-944 b,0.713352
Kepler-944 b,0.713352
Kepler-944 b,0.713352
Kepler-944 b,0.713352
Kepler-944 b,0.713352
Kepler-944 b,0.713352
Kepler-944 b,0.713352
Kepler-944 b,0.713352
Kepler-945 b,0.577611
Kepler-945 b,0.577611
Kepler-945 b,0.577611
Kepler-945 b,0.577611
Kepler-945 b,0.577611
Kepler-945 b,0.577611
Kepler-945 b,0.577611
Kepler-945 b,0.577611
Kepler-945 b,0.577611
Kepler-945 b,0.577611
Kepler-946 b,0.851055
Kepler-946 b,0.851055
Kepler-946 b,0.851055
Kepler-946 b,0.851055
Kepler-946 b,0.851055
Kepler-946 b,0.851055
Kepler-946 b,0.851055
Kepler-946 b,0.851055
Kepler-946 b,0.851055
Kepler-947 b,0.550184
Kepler-947 b,0.550184
Kepler-947 b,0.550184
Kepler-947 b,0.550184
Kepler-947 b,0.550184
Kepler-947 b,0.550184
Kepler-947 b,0.550184
Kepler-947 b,0.550184
Kepler-947 b,0.550184
Kepler-947 b,0.550184
Kepler-948 b,1.12353
Kepler-948 b,1.12353
Kepler-948 b,1.12353
Kepler-948 b,1.12353
Kepler-948 b,1.12353
Kepler-948 b,1.12353
Kepler-948 b,1.12353
Kepler-948 b,1.12353
Kepler-948 b,1.12353
Kepler-948 b,1.12353
Kepler-949 b,2.02859
Kepler-949 b,2.02859
Kepler-949 b,2.02859
Kepler-949 b,2.02859
Kepler-949 b,2.02859
Kepler-949 b,2.02859
Kepler-949 b,2.02859
Kepler-949 b,2.02859
Kepler-949 b,2.02859
Kepler-949 b,2.02859
Kepler-949 b,2.02859
Kepler-949 c,2.02859
Kepler-949 c,2.02859
Kepler-949 c,2.02859
Kepler-949 c,2.02859
Kepler-949 c,2.02859
Kepler-949 c,2.02859
Kepler-949 c,2.02859
Kepler-949 c,2.02859
Kepler-949 c,2.02859
Kepler-95 b,2.21542
Kepler-95 b,2.21542
Kepler-95 b,2.21542
Kepler-95 b,2.21542
Kepler-95 b,2.21542
Kepler-95 b,2.21542
Kepler-95 b,2.21542
Kepler-95 b,2.21542
Kepler-95 b,2.21542
Kepler-95 b,2.21542
Kepler-95 b,2.21542
Kepler-95 b,2.21542
Kepler-95 b,2.21542
Kepler-950 b,0.432279
Kepler-950 b,0.432279
Kepler-950 b,0.432279
Kepler-950 b,0.432279
Kepler-950 b,0.432279
Kepler-950 b,0.432279
Kepler-950 b,0.432279
Kepler-950 b,0.432279
Kepler-950 b,0.432279
Kepler-950 b,0.432279
Kepler-951 b,2.58565
Kepler-951 b,2.58565
Kepler-951 b,2.58565
Kepler-951 b,2.58565
Kepler-951 b,2.58565
Kepler-951 b,2.58565
Kepler-951 b,2.58565
Kepler-951 b,2.58565
Kepler-951 b,2.58565
Kepler-951 b,2.58565
Kepler-952 b,0.738088
Kepler-952 b,0.738088
Kepler-952 b,0.738088
Kepler-952 b,0.738088
Kepler-952 b,0.738088
Kepler-952 b,0.738088
Kepler-952 b,0.738088
Kepler-952 b,0.738088
Kepler-952 b,0.738088
Kepler-952 b,0.738088
Kepler-954 b,4.60485
Kepler-954 b,4.60485
Kepler-954 b,4.60485
Kepler-954 b,4.60485
Kepler-954 b,4.60485
Kepler-954 b,4.60485
Kepler-954 b,4.60485
Kepler-954 b,4.60485
Kepler-954 b,4.60485
Kepler-954 b,4.60485
Kepler-954 b,4.60485
Kepler-955 b,1.78829
Kepler-955 b,1.78829
Kepler-955 b,1.78829
Kepler-955 b,1.78829
Kepler-955 b,1.78829
Kepler-955 b,1.78829
Kepler-955 b,1.78829
Kepler-955 b,1.78829
Kepler-955 b,1.78829
Kepler-955 b,1.78829
Kepler-956 b,1.80622
Kepler-956 b,1.80622
Kepler-956 b,1.80622
Kepler-956 b,1.80622
Kepler-956 b,1.80622
Kepler-956 b,1.80622
Kepler-956 b,1.80622
Kepler-956 b,1.80622
Kepler-956 b,1.80622
Kepler-956 b,1.80622
Kepler-957 b,1.18431
Kepler-957 b,1.18431
Kepler-957 b,1.18431
Kepler-957 b,1.18431
Kepler-957 b,1.18431
Kepler-957 b,1.18431
Kepler-957 b,1.18431
Kepler-957 b,1.18431
Kepler-957 b,1.18431
Kepler-957 b,1.18431
Kepler-958 b,2.19447
Kepler-958 b,2.19447
Kepler-958 b,2.19447
Kepler-958 b,2.19447
Kepler-958 b,2.19447
Kepler-958 b,2.19447
Kepler-958 b,2.19447
Kepler-958 b,2.19447
Kepler-958 b,2.19447
Kepler-958 b,2.19447
Kepler-959 b,1.20954
Kepler-959 b,1.20954
Kepler-959 b,1.20954
Kepler-959 b,1.20954
Kepler-959 b,1.20954
Kepler-959 b,1.20954
Kepler-959 b,1.20954
Kepler-959 b,1.20954
Kepler-959 b,1.20954
Kepler-959 b,1.20954
Kepler-96 b,8.10912
Kepler-96 b,8.10912
Kepler-96 b,8.10912
Kepler-96 b,8.10912
Kepler-96 b,8.10912
Kepler-96 b,8.10912
Kepler-96 b,8.10912
Kepler-96 b,8.10912
Kepler-96 b,8.10912
Kepler-96 b,8.10912
Kepler-96 b,8.10912
Kepler-96 b,8.10912
Kepler-96 b,8.10912
Kepler-960 b,3.48098
Kepler-960 b,3.48098
Kepler-960 b,3.48098
Kepler-960 b,3.48098
Kepler-960 b,3.48098
Kepler-960 b,3.48098
Kepler-960 b,3.48098
Kepler-960 b,3.48098
Kepler-960 b,3.48098
Kepler-960 b,3.48098
Kepler-960 b,3.48098
Kepler-961 b,1.71244
Kepler-961 b,1.71244
Kepler-961 b,1.71244
Kepler-961 b,1.71244
Kepler-961 b,1.71244
Kepler-961 b,1.71244
Kepler-961 b,1.71244
Kepler-961 b,1.71244
Kepler-961 b,1.71244
Kepler-961 b,1.71244
Kepler-961 b,1.71244
Kepler-962 b,2.40134
Kepler-962 b,2.40134
Kepler-962 b,2.40134
Kepler-962 b,2.40134
Kepler-962 b,2.40134
Kepler-962 b,2.40134
Kepler-962 b,2.40134
Kepler-962 b,2.40134
Kepler-962 b,2.40134
Kepler-962 b,2.40134
Kepler-962 b,2.40134
Kepler-963 b,1.26769
Kepler-963 b,1.26769
Kepler-963 b,1.26769
Kepler-963 b,1.26769
Kepler-963 b,1.26769
Kepler-963 b,1.26769
Kepler-963 b,1.26769
Kepler-963 b,1.26769
Kepler-963 b,1.26769
Kepler-963 b,1.26769
Kepler-963 c,1.26769
Kepler-964 b,2.171
Kepler-964 b,2.171
Kepler-964 b,2.171
Kepler-964 b,2.171
Kepler-964 b,2.171
Kepler-964 b,2.171
Kepler-964 b,2.171
Kepler-964 b,2.171
Kepler-964 b,2.171
Kepler-964 b,2.171
Kepler-964 b,2.171
Kepler-965 b,1.6871
Kepler-965 b,1.6871
Kepler-965 b,1.6871
Kepler-965 b,1.6871
Kepler-965 b,1.6871
Kepler-965 b,1.6871
Kepler-965 b,1.6871
Kepler-965 b,1.6871
Kepler-965 b,1.6871
Kepler-965 b,1.6871
Kepler-965 b,1.6871
Kepler-966 b,0.944376
Kepler-966 b,0.944376
Kepler-966 b,0.944376
Kepler-966 b,0.944376
Kepler-966 b,0.944376
Kepler-966 b,0.944376
Kepler-966 b,0.944376
Kepler-966 b,0.944376
Kepler-966 b,0.944376
Kepler-966 b,0.944376
Kepler-968 b,3.41557
Kepler-968 b,3.41557
Kepler-968 b,3.41557
Kepler-968 b,3.41557
Kepler-968 b,3.41557
Kepler-968 b,3.41557
Kepler-968 b,3.41557
Kepler-968 b,3.41557
Kepler-968 b,3.41557
Kepler-968 b,3.41557
Kepler-968 c,3.41557
Kepler-968 c,3.41557
Kepler-968 c,3.41557
Kepler-968 c,3.41557
Kepler-968 c,3.41557
Kepler-968 c,3.41557
Kepler-968 c,3.41557
Kepler-968 c,3.41557
Kepler-968 c,3.41557
Kepler-969 b,2.53294
Kepler-969 b,2.53294
Kepler-969 b,2.53294
Kepler-969 b,2.53294
Kepler-969 b,2.53294
Kepler-969 b,2.53294
Kepler-969 b,2.53294
Kepler-969 b,2.53294
Kepler-969 b,2.53294
Kepler-969 b,2.53294
Kepler-969 b,2.53294
Kepler-969 c,2.53294
Kepler-969 c,2.53294
Kepler-969 c,2.53294
Kepler-969 c,2.53294
Kepler-969 c,2.53294
Kepler-969 c,2.53294
Kepler-969 c,2.53294
Kepler-969 c,2.53294
Kepler-969 c,2.53294
Kepler-97 b,2.46563
Kepler-97 b,2.46563
Kepler-97 b,2.46563
Kepler-97 b,2.46563
Kepler-97 b,2.46563
Kepler-97 b,2.46563
Kepler-97 b,2.46563
Kepler-97 b,2.46563
Kepler-97 b,2.46563
Kepler-97 b,2.46563
Kepler-97 b,2.46563
Kepler-97 b,2.46563
Kepler-97 b,2.46563
Kepler-97 c,2.46563
Kepler-970 b,2.98745
Kepler-970 b,2.98745
Kepler-970 b,2.98745
Kepler-970 b,2.98745
Kepler-970 b,2.98745
Kepler-970 b,2.98745
Kepler-970 b,2.98745
Kepler-970 b,2.98745
Kepler-970 b,2.98745
Kepler-970 b,2.98745
Kepler-971 b,2.92682
Kepler-971 b,2.92682
Kepler-971 b,2.92682
Kepler-971 b,2.92682
Kepler-971 b,2.92682
Kepler-971 b,2.92682
Kepler-971 b,2.92682
Kepler-971 b,2.92682
Kepler-971 b,2.92682
Kepler-971 b,2.92682
Kepler-971 b,2.92682
Kepler-972 b,0.806644
Kepler-972 b,0.806644
Kepler-972 b,0.806644
Kepler-972 b,0.806644
Kepler-972 b,0.806644
Kepler-972 b,0.806644
Kepler-972 b,0.806644
Kepler-972 b,0.806644
Kepler-972 b,0.806644
Kepler-973 b,3.01592
Kepler-973 b,3.01592
Kepler-973 b,3.01592
Kepler-973 b,3.01592
Kepler-973 b,3.01592
Kepler-973 b,3.01592
Kepler-973 b,3.01592
Kepler-973 b,3.01592
Kepler-973 b,3.01592
Kepler-973 b,3.01592
Kepler-974 b,7.41656
Kepler-974 b,7.41656
Kepler-974 b,7.41656
Kepler-974 b,7.41656
Kepler-974 b,7.41656
Kepler-974 b,7.41656
Kepler-974 b,7.41656
Kepler-974 b,7.41656
Kepler-974 b,7.41656
Kepler-974 b,7.41656
Kepler-974 b,7.41656
Kepler-975 b,2.3182
Kepler-975 b,2.3182
Kepler-975 b,2.3182
Kepler-975 b,2.3182
Kepler-975 b,2.3182
Kepler-975 b,2.3182
Kepler-975 b,2.3182
Kepler-975 b,2.3182
Kepler-975 b,2.3182
Kepler-975 b,2.3182
Kepler-975 b,2.3182
Kepler-975 c,2.3182
Kepler-975 c,2.3182
Kepler-975 c,2.3182
Kepler-975 c,2.3182
Kepler-975 c,2.3182
Kepler-975 c,2.3182
Kepler-975 c,2.3182
Kepler-975 c,2.3182
Kepler-975 c,2.3182
Kepler-976 b,0.959626
Kepler-976 b,0.959626
Kepler-976 b,0.959626
Kepler-976 b,0.959626
Kepler-976 b,0.959626
Kepler-976 b,0.959626
Kepler-976 b,0.959626
Kepler-976 b,0.959626
Kepler-976 b,0.959626
Kepler-976 b,0.959626
Kepler-977 b,1.72957
Kepler-977 b,1.72957
Kepler-977 b,1.72957
Kepler-977 b,1.72957
Kepler-977 b,1.72957
Kepler-977 b,1.72957
Kepler-977 b,1.72957
Kepler-977 b,1.72957
Kepler-977 b,1.72957
Kepler-977 b,1.72957
Kepler-979 b,1.70602
Kepler-979 b,1.70602
Kepler-979 b,1.70602
Kepler-979 b,1.70602
Kepler-979 b,1.70602
Kepler-979 b,1.70602
Kepler-979 b,1.70602
Kepler-979 b,1.70602
Kepler-979 b,1.70602
Kepler-979 b,1.70602
Kepler-98 b,2.82589
Kepler-98 b,2.82589
Kepler-98 b,2.82589
Kepler-98 b,2.82589
Kepler-98 b,2.82589
Kepler-98 b,2.82589
Kepler-98 b,2.82589
Kepler-98 b,2.82589
Kepler-98 b,2.82589
Kepler-98 b,2.82589
Kepler-98 b,2.82589
Kepler-98 b,2.82589
Kepler-98 b,2.82589
Kepler-980 b,1.01146
Kepler-980 b,1.01146
Kepler-980 b,1.01146
Kepler-980 b,1.01146
Kepler-980 b,1.01146
Kepler-980 b,1.01146
Kepler-980 b,1.01146
Kepler-980 b,1.01146
Kepler-980 b,1.01146
Kepler-980 b,1.01146
Kepler-980 b,1.01146
Kepler-981 b,1.11012
Kepler-981 b,1.11012
Kepler-981 b,1.11012
Kepler-981 b,1.11012
Kepler-981 b,1.11012
Kepler-981 b,1.11012
Kepler-981 b,1.11012
Kepler-981 b,1.11012
Kepler-981 b,1.11012
Kepler-981 b,1.11012
Kepler-982 b,1.21915
Kepler-982 b,1.21915
Kepler-982 b,1.21915
Kepler-982 b,1.21915
Kepler-982 b,1.21915
Kepler-982 b,1.21915
Kepler-982 b,1.21915
Kepler-982 b,1.21915
Kepler-982 b,1.21915
Kepler-982 b,1.21915
Kepler-982 b,1.21915
Kepler-984 b,2.1442
Kepler-984 b,2.1442
Kepler-984 b,2.1442
Kepler-984 b,2.1442
Kepler-984 b,2.1442
Kepler-984 b,2.1442
Kepler-984 b,2.1442
Kepler-984 b,2.1442
Kepler-984 b,2.1442
Kepler-984 b,2.1442
Kepler-985 b,1.44331
Kepler-985 b,1.44331
Kepler-985 b,1.44331
Kepler-985 b,1.44331
Kepler-985 b,1.44331
Kepler-985 b,1.44331
Kepler-985 b,1.44331
Kepler-985 b,1.44331
Kepler-985 b,1.44331
Kepler-985 b,1.44331
Kepler-986 b,1.79493
Kepler-986 b,1.79493
Kepler-986 b,1.79493
Kepler-986 b,1.79493
Kepler-986 b,1.79493
Kepler-986 b,1.79493
Kepler-986 b,1.79493
Kepler-986 b,1.79493
Kepler-986 b,1.79493
Kepler-986 b,1.79493
Kepler-986 b,1.79493
Kepler-987 b,1.06528
Kepler-987 b,1.06528
Kepler-987 b,1.06528
Kepler-987 b,1.06528
Kepler-987 b,1.06528
Kepler-987 b,1.06528
Kepler-987 b,1.06528
Kepler-987 b,1.06528
Kepler-987 b,1.06528
Kepler-987 b,1.06528
Kepler-988 b,3.2513
Kepler-988 b,3.2513
Kepler-988 b,3.2513
Kepler-988 b,3.2513
Kepler-988 b,3.2513
Kepler-988 b,3.2513
Kepler-988 b,3.2513
Kepler-988 b,3.2513
Kepler-988 b,3.2513
Kepler-988 b,3.2513
Kepler-989 b,2.00386
Kepler-989 b,2.00386
Kepler-989 b,2.00386
Kepler-989 b,2.00386
Kepler-989 b,2.00386
Kepler-989 b,2.00386
Kepler-989 b,2.00386
Kepler-989 b,2.00386
Kepler-989 b,2.00386
Kepler-989 b,2.00386
Kepler-99 b,4.77039
Kepler-99 b,4.77039
Kepler-99 b,4.77039
Kepler-99 b,4.77039
Kepler-99 b,4.77039
Kepler-99 b,4.77039
Kepler-99 b,4.77039
Kepler-99 b,4.77039
Kepler-99 b,4.77039
Kepler-99 b,4.77039
Kepler-99 b,4.77039
Kepler-99 b,4.77039
Kepler-99 b,4.77039
Kepler-990 b,1.21805
Kepler-990 b,1.21805
Kepler-990 b,1.21805
Kepler-990 b,1.21805
Kepler-990 b,1.21805
Kepler-990 b,1.21805
Kepler-990 b,1.21805
Kepler-990 b,1.21805
Kepler-990 b,1.21805
Kepler-990 b,1.21805
Kepler-990 c,1.21805
Kepler-990 c,1.21805
Kepler-990 c,1.21805
Kepler-990 c,1.21805
Kepler-990 c,1.21805
Kepler-990 c,1.21805
Kepler-990 c,1.21805
Kepler-990 c,1.21805
Kepler-991 b,2.5384
Kepler-991 b,2.5384
Kepler-991 b,2.5384
Kepler-991 b,2.5384
Kepler-991 b,2.5384
Kepler-991 b,2.5384
Kepler-991 b,2.5384
Kepler-991 b,2.5384
Kepler-991 b,2.5384
Kepler-992 b,3.82261
Kepler-992 b,3.82261
Kepler-992 b,3.82261
Kepler-992 b,3.82261
Kepler-992 b,3.82261
Kepler-992 b,3.82261
Kepler-992 b,3.82261
Kepler-992 b,3.82261
Kepler-992 b,3.82261
Kepler-992 b,3.82261
Kepler-992 b,3.82261
Kepler-993 b,3.05439
Kepler-993 b,3.05439
Kepler-993 b,3.05439
Kepler-993 b,3.05439
Kepler-993 b,3.05439
Kepler-993 b,3.05439
Kepler-993 b,3.05439
Kepler-993 b,3.05439
Kepler-993 b,3.05439
Kepler-993 b,3.05439
Kepler-994 b,5.28582
Kepler-994 b,5.28582
Kepler-994 b,5.28582
Kepler-994 b,5.28582
Kepler-994 b,5.28582
Kepler-994 b,5.28582
Kepler-994 b,5.28582
Kepler-994 b,5.28582
Kepler-994 b,5.28582
Kepler-994 b,5.28582
Kepler-994 b,5.28582
Kepler-995 b,1.61178
Kepler-995 b,1.61178
Kepler-995 b,1.61178
Kepler-995 b,1.61178
Kepler-995 b,1.61178
Kepler-995 b,1.61178
Kepler-995 b,1.61178
Kepler-995 b,1.61178
Kepler-995 b,1.61178
Kepler-995 b,1.61178
Kepler-996 b,0.79341
Kepler-996 b,0.79341
Kepler-996 b,0.79341
Kepler-996 b,0.79341
Kepler-996 b,0.79341
Kepler-996 b,0.79341
Kepler-996 b,0.79341
Kepler-996 b,0.79341
Kepler-996 b,0.79341
Kepler-996 b,0.79341
Kepler-997 b,2.11017
Kepler-997 b,2.11017
Kepler-997 b,2.11017
Kepler-997 b,2.11017
Kepler-997 b,2.11017
Kepler-997 b,2.11017
Kepler-997 b,2.11017
Kepler-997 b,2.11017
Kepler-997 b,2.11017
Kepler-997 b,2.11017
Kepler-997 b,2.11017
Kepler-998 b,0.985108
Kepler-998 b,0.985108
Kepler-998 b,0.985108
Kepler-998 b,0.985108
Kepler-998 b,0.985108
Kepler-998 b,0.985108
Kepler-998 b,0.985108
Kepler-998 b,0.985108
Kepler-998 b,0.985108
Kepler-998 b,0.985108
Kepler-999 b,1.80632
Kepler-999 b,1.80632
Kepler-999 b,1.80632
Kepler-999 b,1.80632
Kepler-999 b,1.80632
Kepler-999 b,1.80632
Kepler-999 b,1.80632
Kepler-999 b,1.80632
Kepler-999 b,1.80632
Kepler-999 b,1.80632
Kepler-999 b,1.80632
L 168-9 b,39.7331
L 168-9 b,39.7331
L 168-9 b,39.7331
L 168-9 b,39.7331
L 168-9 b,39.7331
L 363-38 b,97.7275
L 98-59 b,94.1385
L 98-59 b,94.1385
L 98-59 b,94.1385
L 98-59 b,94.1385
L 98-59 b,94.1385
L 98-59 b,94.1385
L 98-59 b,94.1385
L 98-59 b,94.1385
L 98-59 c,94.1385
L 98-59 c,94.1385
L 98-59 c,94.1385
L 98-59 c,94.1385
L 98-59 c,94.1385
L 98-59 c,94.1385
L 98-59 c,94.1385
L 98-59 c,94.1385
L 98-59 c,94.1385
L 98-59 d,94.1385
L 98-59 d,94.1385
L 98-59 d,94.1385
L 98-59 d,94.1385
L 98-59 d,94.1385
L 98-59 d,94.1385
L 98-59 d,94.1385
L 98-59 d,94.1385
L 98-59 d,94.1385
L 98-59 e,94.1385
L 98-59 e,94.1385
L 98-59 e,94.1385
L 98-59 e,94.1385
L 98-59 f,94.1385
L 98-59 f,94.1385
LHS 1140 b,66.6996
LHS 1140 b,66.6996
LHS 1140 b,66.6996
LHS 1140 b,66.6996
LHS 1140 b,66.6996
LHS 1140 b,66.6996
LHS 1140 c,66.6996
LHS 1140 c,66.6996
LHS 1140 c,66.6996
LHS 1140 c,66.6996
LHS 1140 c,66.6996
LHS 1478 b,54.8329
LHS 1478 b,54.8329
LHS 1678 b,50.2773
LHS 1678 b,50.2773
LHS 1678 b,50.2773
LHS 1678 c,50.2773
LHS 1678 c,50.2773
LHS 1678 c,50.2773
LHS 1678 d,50.2773
LHS 1678 d,50.2773
LHS 1815 b,33.4805
LHS 1815 b,33.4805
LHS 1815 b,33.4805
LHS 1815 b,33.4805
LHS 1903 b,27.989
LHS 1903 b,27.989
LHS 1903 c,27.989
LHS 1903 c,27.989
LHS 1903 d,27.989
LHS 1903 d,27.989
LHS 1903 e,27.989
LHS 3154 b,63.4206
LHS 3844 b,67.1548
LHS 3844 b,67.1548
LHS 3844 b,67.1548
LHS 3844 b,67.1548
LHS 475 b,80.0903
LHS 475 b,80.0903
LHS 475 b,80.0903
LP 261-75 b,29.4464
LP 714-47 b,18.9768
LP 714-47 b,18.9768
LP 714-47 b,18.9768
LP 714-47 b,18.9768
LP 791-18 b,37.7177
LP 791-18 b,37.7177
LP 791-18 b,37.7177
LP 791-18 c,37.7177
LP 791-18 c,37.7177
LP 791-18 c,37.7177
LP 791-18 c,37.7177
LP 791-18 c,37.7177
LP 791-18 c,37.7177
LP 791-18 d,37.7177
LP 791-18 d,37.7177
LP 890-9 b,30.8071
LP 890-9 b,30.8071
LP 890-9 c,30.8071
LSPM J2116+0234 b,56.6935
LTT 1445 A b,145.547
LTT 1445 A b,145.547
LTT 1445 A b,145.547
LTT 1445 A b,145.547
LTT 1445 A b,145.547
LTT 1445 A b,145.547
LTT 1445 A b,145.547
LTT 1445 A c,145.547
LTT 1445 A c,145.547
LTT 1445 A c,145.547
LTT 3780 b,45.4644
LTT 3780 b,45.4644
LTT 3780 b,45.4644
LTT 3780 b,45.4644
LTT 3780 b,45.4644
LTT 3780 c,45.4644
LTT 3780 c,45.4644
LTT 3780 c,45.4644
LTT 3780 c,45.4644
LTT 3780 c,45.4644
LTT 3780 c,45.4644
LTT 9779 b,12.4034
LTT 9779 b,12.4034
LTT 9779 b,12.4034
LTT 9779 b,12.4034
LkCa 15 b,6.29465
LkCa 15 c,6.29465
Lupus-TR-3 b,1.37032
MASCARA-1 b,5.45835
MASCARA-1 b,5.45835
MASCARA-1 b,5.45835
MASCARA-4 b,5.8297
MASCARA-4 b,5.8297
MASCARA-4 b,5.8297
MASCARA-4 b,5.8297
MASCARA-4 b,5.8297
MWC 758 c,6.24048
NGC 2682 Sand 1429 b,1.14349
NGC 2682 Sand 978 b,1.18764
NGC 2682 YBP 1194 b,1.11641
NGC 2682 YBP 1194 b,1.11641
NGC 2682 YBP 1194 b,1.11641
NGC 2682 YBP 1514 b,1.06454
NGC 2682 YBP 1514 b,1.06454
NGC 2682 YBP 1514 b,1.06454
NGC 2682 YBP 401 b,1.1746
NGC 2682 YBP 401 b,1.1746
NGTS-1 b,4.55577
NGTS-1 b,4.55577
NGTS-1 b,4.55577
NGTS-1 b,4.55577
NGTS-11 b,5.22313
NGTS-11 b,5.22313
NGTS-11 b,5.22313
NGTS-12 b,2.21177
NGTS-12 b,2.21177
NGTS-12 b,2.21177
NGTS-13 b,1.51604
NGTS-13 b,1.51604
NGTS-14 A b,3.07577
NGTS-14 A b,3.07577
NGTS-15 b,1.2425
NGTS-16 b,1.08419
NGTS-17 b,0.932059
NGTS-18 b,0.883723
NGTS-18 b,0.883723
NGTS-2 b,2.77925
NGTS-2 b,2.77925
NGTS-2 b,2.77925
NGTS-2 b,2.77925
NGTS-20 b,2.58347
NGTS-20 b,2.58347
NGTS-21 b,1.65937
NGTS-21 b,1.65937
NGTS-23 b,0.901091
NGTS-24 b,1.43538
NGTS-24 b,1.43538
NGTS-25 b,1.89029
NGTS-26 b,0.886713
NGTS-27 b,1.0334
NGTS-27 b,1.0334
NGTS-3 A b,1.31535
NGTS-3 A b,1.31535
NGTS-30 b,4.16669
NGTS-30 b,4.16669
NGTS-32 b,1.16564
NGTS-33 b,2.25521
NGTS-33 b,2.25521
NGTS-34 b,8.27168
NGTS-35 b,5.4336
NGTS-35 b,5.4336
NGTS-4 b,3.53558
NGTS-4 b,3.53558
NGTS-4 b,3.53558
NGTS-5 b,3.23104
NGTS-5 b,3.23104
NGTS-6 b,3.21508
NGTS-6 b,3.21508
NGTS-6 b,3.21508
NGTS-6 b,3.21508
NGTS-8 b,2.30266
NGTS-8 b,2.30266
NGTS-9 b,1.61358
NGTS-9 b,1.61358
NGTS-9 b,1.61358
NN Ser c,1.91664
NN Ser c,1.91664
NN Ser c,1.91664
NN Ser d,1.91664
NN Ser d,1.91664
NN Ser d,1.91664
NSVS 14256825 b,1.19288
NY Vir b,1.81161
NY Vir b,1.81161
NY Vir b,1.81161
NY Vir c,1.81161
OGLE-TR-10 b,0.72138
OGLE-TR-10 b,0.72138
OGLE-TR-10 b,0.72138
OGLE-TR-10 b,0.72138
OGLE-TR-10 b,0.72138
OGLE-TR-10 b,0.72138
OGLE-TR-10 b,0.72138
OGLE-TR-10 b,0.72138
OGLE-TR-111 b,0.911592
OGLE-TR-111 b,0.911592
OGLE-TR-111 b,0.911592
OGLE-TR-111 b,0.911592
OGLE-TR-111 b,0.911592
OGLE-TR-111 b,0.911592
OGLE-TR-111 b,0.911592
OGLE-TR-111 b,0.911592
OGLE-TR-111 b,0.911592
OGLE-TR-111 b,0.911592
OGLE-TR-111 b,0.911592
OGLE-TR-111 b,0.911592
OGLE-TR-113 b,1.73751
OGLE-TR-113 b,1.73751
OGLE-TR-113 b,1.73751
OGLE-TR-113 b,1.73751
OGLE-TR-113 b,1.73751
OGLE-TR-113 b,1.73751
OGLE-TR-113 b,1.73751
OGLE-TR-113 b,1.73751
OGLE-TR-113 b,1.73751
OGLE-TR-113 b,1.73751
OGLE-TR-113 b,1.73751
OGLE-TR-113 b,1.73751
OGLE-TR-132 b,0.473468
OGLE-TR-132 b,0.473468
OGLE-TR-132 b,0.473468
OGLE-TR-132 b,0.473468
OGLE-TR-132 b,0.473468
OGLE-TR-132 b,0.473468
OGLE-TR-132 b,0.473468
OGLE-TR-182 b,0.374594
OGLE-TR-182 b,0.374594
OGLE-TR-182 b,0.374594
OGLE-TR-211 b,0.635107
OGLE-TR-211 b,0.635107
OGLE-TR-211 b,0.635107
OGLE-TR-56 b,0.451979
OGLE2-TR-L9 b,0.586731
OGLE2-TR-L9 b,0.586731
OGLE2-TR-L9 b,0.586731
OGLE2-TR-L9 b,0.586731
PDS 70 b,8.81593
PDS 70 b,8.81593
PDS 70 b,8.81593
PDS 70 b,8.81593
PDS 70 c,8.81593
PDS 70 c,8.81593
PH2 b,2.87962
PH2 b,2.87962
PH2 b,2.87962
PH2 b,2.87962
PH2 b,2.87962
PH2 b,2.87962
PH2 b,2.87962
PH2 b,2.87962
PH2 b,2.87962
PH2 b,2.87962
PH2 b,2.87962
PH2 b,2.87962
PH2 b,2.87962
PH2 b,2.87962
PH2 b,2.87962
POTS-1 b,1.31575
PSR J2322-2650 b,4.4
PZ Tel b,21.2186
Pr0201 b,5.50844
Pr0201 b,5.50844
Pr0211 b,5.44431
Pr0211 b,5.44431
Pr0211 c,5.44431
Proxima Cen b,768.5
Proxima Cen b,768.5
Proxima Cen b,768.5
Proxima Cen b,768.5
Proxima Cen b,768.5
Proxima Cen d,768.5
Proxima Cen d,768.5
Qatar-1 b,5.35866
Qatar-1 b,5.35866
Qatar-1 b,5.35866
Qatar-1 b,5.35866
Qatar-1 b,5.35866
Qatar-1 b,5.35866
Qatar-1 b,5.35866
Qatar-1 b,5.35866
Qatar-1 b,5.35866
Qatar-1 b,5.35866
Qatar-1 b,5.35866
Qatar-1 b,5.35866
Qatar-1 b,5.35866
Qatar-1 b,5.35866
Qatar-1 b,5.35866
Qatar-10 b,1.7599
Qatar-10 b,1.7599
Qatar-10 b,1.7599
Qatar-10 b,1.7599
Qatar-10 b,1.7599
Qatar-2 b,5.4849
Qatar-2 b,5.4849
Qatar-2 b,5.4849
Qatar-2 b,5.4849
Qatar-2 b,5.4849
Qatar-2 b,5.4849
Qatar-2 b,5.4849
Qatar-2 b,5.4849
Qatar-2 b,5.4849
Qatar-2 b,5.4849
Qatar-2 b,5.4849
Qatar-2 b,5.4849
Qatar-2 b,5.4849
Qatar-3 b,1.33157
Qatar-3 b,1.33157
Qatar-3 b,1.33157
Qatar-3 b,1.33157
Qatar-3 b,1.33157
Qatar-4 b,3.01051
Qatar-4 b,3.01051
Qatar-4 b,3.01051
Qatar-4 b,3.01051
Qatar-4 b,3.01051
Qatar-4 b,3.01051
Qatar-5 b,2.69255
Qatar-5 b,2.69255
Qatar-5 b,2.69255
Qatar-5 b,2.69255
Qatar-5 b,2.69255
Qatar-5 b,2.69255
Qatar-6 b,9.8873
Qatar-6 b,9.8873
Qatar-6 b,9.8873
Qatar-6 b,9.8873
Qatar-7 b,1.38842
Qatar-7 b,1.38842
Qatar-7 b,1.38842
Qatar-7 b,1.38842
Qatar-8 b,3.5238
Qatar-8 b,3.5238
Qatar-8 b,3.5238
Qatar-8 b,3.5238
Qatar-8 b,3.5238
Qatar-9 b,4.649
Qatar-9 b,4.649
Qatar-9 b,4.649
Qatar-9 b,4.649
ROXs 12 b,7.28941
ROXs 12 b,7.28941
ROXs 42 B b,6.93678
ROXs 42 B b,6.93678
ROXs 42 B b,6.93678
RR Cae b,47.1596
Ross 128 b,296.307
Ross 176 b,21.5002
Ross 176 b,21.5002
Ross 458 c,86.857
Ross 508 b,89.175
TAP 26 b,8.20837
TIC 139270665 b,5.23819
TIC 139270665 c,5.23819
TIC 172900988 b,3.95663
TIC 172900988 b,3.95663
TIC 172900988 b,3.95663
TIC 172900988 b,3.95663
TIC 172900988 b,3.95663
TIC 172900988 b,3.95663
TIC 172900988 b,3.95663
TIC 237913194 b,3.2385
TIC 237913194 b,3.2385
TIC 241249530 b,3.05372
TIC 257060897 b,1.94861
TIC 257060897 b,1.94861
TIC 257060897 b,1.94861
TIC 257060897 b,1.94861
TIC 279401253 b,3.47298
TIC 279401253 c,3.47298
TIC 365102760 b,1.77157
TIC 393818343 b,10.6397
TIC 393818343 b,10.6397
TIC 393818343 b,10.6397
TIC 434398831 b,4.57988
TIC 434398831 c,4.57988
TIC 46432937 b,11.0163
TIC 4672985 b,3.91792
TIC 88785435 b,8.14234
TOI-1011 b,18.9753
TOI-1011 b,18.9753
TOI-1052 b,7.67517
TOI-1052 b,7.67517
TOI-1052 c,7.67517
TOI-1054.01,11.279
TOI-1054.01,11.279
TOI-1062 b,12.1405
TOI-1062 b,12.1405
TOI-1062 c,12.1405
TOI-1064 b,14.662
TOI-1064 b,14.662
TOI-1064 c,14.662
TOI-1064 c,14.662
TOI-1075 b,16.242
TOI-1075 b,16.242
TOI-1075 b,16.242
TOI-1107 b,3.52605
TOI-1107 b,3.52605
TOI-1117 b,5.93799
TOI-1117 b,5.93799
TOI-1117 c,5.93799
TOI-1117 d,5.93799
TOI-1130 b,17.1355
TOI-1130 b,17.1355
TOI-1130 b,17.1355
TOI-1130 b,17.1355
TOI-1130 b,17.1355
TOI-1130 c,17.1355
TOI-1130 c,17.1355
TOI-1130 c,17.1355
TOI-1130 c,17.1355
TOI-1130 c,17.1355
TOI-1130 c,17.1355
TOI-1135 b,8.73936
TOI-1135 b,8.73936
TOI-1135 b,8.73936
TOI-1136 b,11.8003
TOI-1136 b,11.8003
TOI-1136 b,11.8003
TOI-1136 c,11.8003
TOI-1136 c,11.8003
TOI-1136 c,11.8003
TOI-1136 c,11.8003
TOI-1136 d,11.8003
TOI-1136 d,11.8003
TOI-1136 d,11.8003
TOI-1136 d,11.8003
TOI-1136 e,11.8003
TOI-1136 e,11.8003
TOI-1136 e,11.8003
TOI-1136 e,11.8003
TOI-1136 f,11.8003
TOI-1136 f,11.8003
TOI-1136 f,11.8003
TOI-1136 f,11.8003
TOI-1136 g,11.8003
TOI-1136 g,11.8003
TOI-1136 g,11.8003
TOI-1173 b,7.52671
TOI-1173 b,7.52671
TOI-1173 b,7.52671
TOI-1174 b,10.5378
TOI-1174 b,10.5378
TOI-1174 b,10.5378
TOI-1180 b,13.8554
TOI-1180 b,13.8554
TOI-1180 b,13.8554
TOI-1181 b,3.274
TOI-1181 b,3.274
TOI-1181 b,3.274
TOI-1181 b,3.274
TOI-1184 b,17.0375
TOI-1184 b,17.0375
TOI-1184 b,17.0375
TOI-1194 b,6.65269
TOI-1194 b,6.65269
TOI-1194 b,6.65269
TOI-1199 b,3.9966
TOI-1199 b,3.9966
TOI-1201 b,26.3653
TOI-1201 b,26.3653
TOI-1201 b,26.3653
TOI-1203 b,15.3572
TOI-1203 c,15.3572
TOI-1203 e,15.3572
TOI-1203.01,15.3572
TOI-1203.01,15.3572
TOI-1203.01,15.3572
TOI-122 b,16.0698
TOI-122 b,16.0698
TOI-122 b,16.0698
TOI-1221 b,7.19597
TOI-1221 b,7.19597
TOI-1224 b,26.7584
TOI-1224 b,26.7584
TOI-1224 c,26.7584
TOI-1224 c,26.7584
TOI-1227 b,9.9079
TOI-1227 b,9.9079
TOI-1230.01,6.95739
TOI-1230.01,6.95739
TOI-1231 b,36.1735
TOI-1231 b,36.1735
TOI-1233.01,15.4517
TOI-1233.01,15.4517
TOI-1233.01,15.4517
TOI-1233.01,15.4517
TOI-1233.01,15.4517
TOI-1235 b,25.2016
TOI-1235 b,25.2016
TOI-1235 b,25.2016
TOI-1235 b,25.2016
TOI-1235 b,25.2016
TOI-1238 b,14.1124
TOI-1238 b,14.1124
TOI-1238 c,14.1124
TOI-1238 c,14.1124
TOI-1243 b,23.1265
TOI-1243 b,23.1265
TOI-1244 b,9.72237
TOI-1244 b,9.72237
TOI-1244 b,9.72237
TOI-1246 b,5.87358
TOI-1246 b,5.87358
TOI-1246 c,5.87358
TOI-1246 c,5.87358
TOI-1246 c,5.87358
TOI-1246 d,5.87358
TOI-1246 d,5.87358
TOI-1246 d,5.87358
TOI-1246 e,5.87358
TOI-1246 e,5.87358
TOI-1246 e,5.87358
TOI-1248 b,5.89757
TOI-1248 b,5.89757
TOI-1249 b,7.14014
TOI-1249 b,7.14014
TOI-125 b,8.97546
TOI-125 b,8.97546
TOI-125 b,8.97546
TOI-125 b,8.97546
TOI-125 c,8.97546
TOI-125 c,8.97546
TOI-125 c,8.97546
TOI-125 c,8.97546
TOI-125 d,8.97546
TOI-125 d,8.97546
TOI-1259 A b,8.43809
TOI-1259 A b,8.43809
TOI-1259 A b,8.43809
TOI-1260 b,13.5585
TOI-1260 b,13.5585
TOI-1260 b,13.5585
TOI-1260 c,13.5585
TOI-1260 c,13.5585
TOI-1260 c,13.5585
TOI-1260 d,13.5585
TOI-1260 d,13.5585
TOI-1266 b,27.7397
TOI-1266 b,27.7397
TOI-1266 b,27.7397
TOI-1266 b,27.7397
TOI-1266 b,27.7397
TOI-1266 c,27.7397
TOI-1266 c,27.7397
TOI-1266 c,27.7397
TOI-1266 c,27.7397
TOI-1266 c,27.7397
TOI-1266 c,27.7397
TOI-1266 d,27.7397
TOI-1266 d,27.7397
TOI-1268 b,9.09906
TOI-1268 b,9.09906
TOI-1268 b,9.09906
TOI-1268 b,9.09906
TOI-1268 b,9.09906
TOI-1269 b,5.78043
TOI-1269 b,5.78043
TOI-1272 b,7.24003
TOI-1272 b,7.24003
TOI-1272 b,7.24003
TOI-1272 c,7.24003
TOI-1272 c,7.24003
TOI-1273 b,5.61738
TOI-1273 b,5.61738
TOI-1278 b,13.2028
TOI-1278 b,13.2028
TOI-1279 b,9.31209
TOI-1279 b,9.31209
TOI-128.01,14.5754
TOI-128.01,14.5754
TOI-1288 b,8.67701
TOI-1288 b,8.67701
TOI-1288 b,8.67701
TOI-1288 b,8.67701
TOI-1288 c,8.67701
TOI-1288 c,8.67701
TOI-1294 b,2.97735
TOI-1294 b,2.97735
TOI-1294 c,2.97735
TOI-1295 b,2.54722
TOI-1295 b,2.54722
TOI-1296 b,3.06475
TOI-1296 b,3.06475
TOI-1296 b,3.06475
TOI-1296 b,3.06475
TOI-1298 b,3.1056
TOI-1298 b,3.1056
TOI-1298 b,3.1056
TOI-1298 b,3.1056
TOI-1301.01,10.9759
TOI-1301.01,10.9759
TOI-132 b,6.08093
TOI-132 b,6.08093
TOI-132 b,6.08093
TOI-1333 b,4.95904
TOI-1333 b,4.95904
TOI-1338 b,2.47735
TOI-1338 b,2.47735
TOI-1338 b,2.47735
TOI-1338 b,2.47735
TOI-1338 c,2.47735
TOI-1338 c,2.47735
TOI-1346 b,8.63285
TOI-1346 b,8.63285
TOI-1346 c,8.63285
TOI-1346 c,8.63285
TOI-1347 b,6.75233
TOI-1347 b,6.75233
TOI-1347 b,6.75233
TOI-1347 c,6.75233
TOI-1347 c,6.75233
TOI-1347 c,6.75233
TOI-1386 b,6.78055
TOI-1386 b,6.78055
TOI-1386 b,6.78055
TOI-1386 c,6.78055
TOI-1386 c,6.78055
TOI-139 b,23.5527
TOI-139 b,23.5527
TOI-1408 b,7.14041
TOI-1408 b,7.14041
TOI-1408 b,7.14041
TOI-1408 c,7.14041
TOI-1408 c,7.14041
TOI-1410 c,13.7166
TOI-1410.01,13.7166
TOI-1410.01,13.7166
TOI-1410.01,13.7166
TOI-1411 b,30.7613
TOI-1411 b,30.7613
TOI-1411 b,30.7613
TOI-1416 b,18.1484
TOI-1416 b,18.1484
TOI-1420 b,4.9237
TOI-1420 b,4.9237
TOI-1422 b,6.41693
TOI-1422 b,6.41693
TOI-1422 b,6.41693
TOI-1422 b,6.41693
TOI-1422 c,6.41693
TOI-1431 b,6.68637
TOI-1431 b,6.68637
TOI-1437 b,9.65191
TOI-1437 b,9.65191
TOI-1437 b,9.65191
TOI-1438 b,9.01977
TOI-1438 b,9.01977
TOI-1438 c,9.01977
TOI-1438 c,9.01977
TOI-1439 b,4.3137
TOI-1439 b,4.3137
TOI-1442 b,24.263
TOI-1442 b,24.263
TOI-1443 b,11.6257
TOI-1443 b,11.6257
TOI-1444 b,7.94156
TOI-1444 b,7.94156
TOI-1444 b,7.94156
TOI-1444 b,7.94156
TOI-1448 b,13.6073
TOI-1448 b,13.6073
TOI-1450 A b,44.5209
TOI-1450 A b,44.5209
TOI-1450 A c,44.5209
TOI-1451 b,10.8482
TOI-1451 b,10.8482
TOI-1452 b,32.7352
TOI-1452 b,32.7352
TOI-1453 b,12.6708
TOI-1453 b,12.6708
TOI-1453 c,12.6708
TOI-1453 c,12.6708
TOI-1467 b,26.6793
TOI-1467 b,26.6793
TOI-1467 b,26.6793
TOI-1467 b,26.6793
TOI-1468 b,40.3917
TOI-1468 b,40.3917
TOI-1468 b,40.3917
TOI-1468 c,40.3917
TOI-1468 c,40.3917
TOI-1468 c,40.3917
TOI-1470 b,19.2202
TOI-1470 b,19.2202
TOI-1470 c,19.2202
TOI-1472 b,8.18019
TOI-1472 b,8.18019
TOI-1472 b,8.18019
TOI-1472 c,8.18019
TOI-1478 b,6.51199
TOI-1478 b,6.51199
TOI-1478 b,6.51199
TOI-1478 b,6.51199
TOI-150.01,2.94497
TOI-150.01,2.94497
TOI-150.01,2.94497
TOI-150.01,2.94497
TOI-1516 b,4.01892
TOI-1516 b,4.01892
TOI-1518 b,4.39842
TOI-1518 b,4.39842
TOI-1518 b,4.39842
TOI-1518 b,4.39842
TOI-157 b,2.78274
TOI-157 b,2.78274
TOI-157 b,2.78274
TOI-157 b,2.78274
TOI-1601 b,2.94419
TOI-1601 b,2.94419
TOI-1601 b,2.94419
TOI-163 b,2.40097
TOI-163 b,2.40097
TOI-163 b,2.40097
TOI-1630.01,15.1013
TOI-1630.01,15.1013
TOI-1634 b,28.321
TOI-1634 b,28.321
TOI-1634 b,28.321
TOI-1634 b,28.321
TOI-1634 c,28.321
TOI-1648 b,14.2906
TOI-1648 b,14.2906
TOI-1659.01,8.13472
TOI-1659.01,8.13472
TOI-1669 b,8.95781
TOI-1669 b,8.95781
TOI-1669 c,8.95781
TOI-1669 c,8.95781
TOI-1670 b,5.92116
TOI-1670 b,5.92116
TOI-1670 c,5.92116
TOI-1670 c,5.92116
TOI-1670 c,5.92116
TOI-1680 b,26.8377
TOI-1680 b,26.8377
TOI-1683.01,19.5069
TOI-1683.01,19.5069
TOI-1685 b,26.5561
TOI-1685 b,26.5561
TOI-1685 b,26.5561
TOI-1685 b,26.5561
TOI-1685 b,26.5561
TOI-1685 b,26.5561
TOI-1685 b,26.5561
TOI-169 b,2.42328
TOI-169 b,2.42328
TOI-169 b,2.42328
TOI-169 b,2.42328
TOI-1691 b,8.9442
TOI-1691 b,8.9442
TOI-1691 b,8.9442
TOI-1693 b,32.4443
TOI-1693 b,32.4443
TOI-1694 b,7.99182
TOI-1694 b,7.99182
TOI-1694 b,7.99182
TOI-1694 b,7.99182
TOI-1694 c,7.99182
TOI-1694 c,7.99182
TOI-1695 b,22.1289
TOI-1695 b,22.1289
TOI-1695 b,22.1289
TOI-1696 b,15.3761
TOI-1696 b,15.3761
TOI-1696 b,15.3761
TOI-1710 b,12.2823
TOI-1710 b,12.2823
TOI-1710 b,12.2823
TOI-1710 b,12.2823
TOI-1716.01,9.57286
TOI-1716.01,9.57286
TOI-172 b,2.88999
TOI-172 b,2.88999
TOI-172 b,2.88999
TOI-1723 b,9.89898
TOI-1723 b,9.89898
TOI-1723 b,9.89898
TOI-1728 b,16.4191
TOI-1728 b,16.4191
TOI-1728 b,16.4191
TOI-1728 b,16.4191
TOI-1736 b,11.2138
TOI-1736 b,11.2138
TOI-1736 b,11.2138
TOI-1736 b,11.2138
TOI-1736 c,11.2138
TOI-1736 c,11.2138
TOI-1736 c,11.2138
TOI-1739 b,14.0592
TOI-1739 b,14.0592
TOI-1739 b,14.0592
TOI-1742 b,13.6909
TOI-1742 b,13.6909
TOI-1743 b,24.1985
TOI-1743 b,24.1985
TOI-1744.01,8.71326
TOI-1744.01,8.71326
TOI-1749 b,10.0156
TOI-1749 b,10.0156
TOI-1749 c,10.0156
TOI-1749 c,10.0156
TOI-1749 d,10.0156
TOI-1749 d,10.0156
TOI-1751 b,8.7945
TOI-1751 b,8.7945
TOI-1751 b,8.7945
TOI-1753 b,4.38361
TOI-1753 b,4.38361
TOI-1758 b,10.3209
TOI-1758 b,10.3209
TOI-1758 b,10.3209
TOI-1759 b,24.9302
TOI-1759 b,24.9302
TOI-1759 b,24.9302
TOI-1759 b,24.9302
TOI-1768.01,6.31656
TOI-1768.01,6.31656
TOI-1772.01,10.2012
TOI-1772.01,10.2012
TOI-1774.01,18.4989
TOI-1774.01,18.4989
TOI-1774.01,18.4989
TOI-1775 b,6.67231
TOI-1775 b,6.67231
TOI-1776 b,22.3694
TOI-1776 b,22.3694
TOI-1777.01,12.508
TOI-1777.01,12.508
TOI-178 b,15.9205
TOI-178 b,15.9205
TOI-178 c,15.9205
TOI-178 c,15.9205
TOI-178 c,15.9205
TOI-178 d,15.9205
TOI-178 d,15.9205
TOI-178 d,15.9205
TOI-178 e,15.9205
TOI-178 e,15.9205
TOI-178 e,15.9205
TOI-178 f,15.9205
TOI-178 f,15.9205
TOI-178 f,15.9205
TOI-178 g,15.9205
TOI-178 g,15.9205
TOI-178 g,15.9205
TOI-1782.01,10.4681
TOI-1782.01,10.4681
TOI-1782.02,10.4681
TOI-1782.02,10.4681
TOI-1789 b,4.33716
TOI-1789 b,4.33716
TOI-1789 b,4.33716
TOI-1794 b,6.39001
TOI-1794 b,6.39001
TOI-1798.01,8.80653
TOI-1798.01,8.80653
TOI-1798.01,8.80653
TOI-1798.02,8.80653
TOI-1798.02,8.80653
TOI-1798.02,8.80653
TOI-1798.02,8.80653
TOI-1799 b,16.0673
TOI-1799 b,16.0673
TOI-1799 b,16.0673
TOI-1801 b,32.5678
TOI-1801 b,32.5678
TOI-1801 b,32.5678
TOI-1803 b,8.35829
TOI-1803 b,8.35829
TOI-1803 c,8.35829
TOI-1803 c,8.35829
TOI-1806.01,17.9826
TOI-1806.01,17.9826
TOI-1807 b,23.4577
TOI-1807 b,23.4577
TOI-1807 b,23.4577
TOI-1807 b,23.4577
TOI-181 b,10.363
TOI-181 b,10.363
TOI-1811 b,7.76991
TOI-1811 b,7.76991
TOI-1820 b,3.99626
TOI-1820 b,3.99626
TOI-1823 b,13.9287
TOI-1823 b,13.9287
TOI-1824 b,16.7973
TOI-1824 b,16.7973
TOI-1836 b,5.18907
TOI-1836 b,5.18907
TOI-1836 b,5.18907
TOI-1836 b,5.18907
TOI-1836 c,5.18907
TOI-1836 c,5.18907
TOI-1842 b,4.44667
TOI-1842 b,4.44667
TOI-1842 b,4.44667
TOI-1842 b,4.44667
TOI-1846 b,21.1354
TOI-1846 b,21.1354
TOI-1853 b,6.02811
TOI-1853 b,6.02811
TOI-1855 b,5.62645
TOI-1855 b,5.62645
TOI-1859 b,4.42782
TOI-1859 b,4.42782
TOI-1860 b,21.7747
TOI-1860 b,21.7747
TOI-1883 b,8.63966
TOI-1883 b,8.63966
TOI-1898 b,12.5237
TOI-1898 b,12.5237
TOI-1898 b,12.5237
TOI-1899 b,7.75689
TOI-1899 b,7.75689
TOI-1899 b,7.75689
TOI-1937 A b,2.38003
TOI-1937 A b,2.38003
TOI-198 b,42.1185
TOI-198 b,42.1185
TOI-199 b,9.74907
TOI-199 b,9.74907
TOI-199 c,9.74907
TOI-1994 b,1.9114
TOI-1994 b,1.9114
TOI-2000 b,5.6623
TOI-2000 b,5.6623
TOI-2000 c,5.6623
TOI-2000 c,5.6623
TOI-2005 b,3.01597
TOI-2005 b,3.01597
TOI-201 b,8.75659
TOI-201 b,8.75659
TOI-201 b,8.75659
TOI-201 b,8.75659
TOI-201 c,8.75659
TOI-2010 b,9.12952
TOI-2010 b,9.12952
TOI-2015 b,21.093
TOI-2015 b,21.093
TOI-2015 b,21.093
TOI-2015 c,21.093
TOI-2018 b,35.6909
TOI-2018 b,35.6909
TOI-2019 b,5.02147
TOI-2019 b,5.02147
TOI-2025 b,2.94753
TOI-2025 b,2.94753
TOI-2025 b,2.94753
TOI-2031 A b,3.59298
TOI-2031 A b,3.59298
TOI-2046 b,3.42356
TOI-2046 b,3.42356
TOI-2048 b,8.54982
TOI-2048 b,8.54982
TOI-206 b,20.9152
TOI-206 b,20.9152
TOI-2068 b,18.8629
TOI-2068 b,18.8629
TOI-2076 b,23.8322
TOI-2076 b,23.8322
TOI-2076 b,23.8322
TOI-2076 b,23.8322
TOI-2076 b,23.8322
TOI-2076 b,23.8322
TOI-2076 c,23.8322
TOI-2076 c,23.8322
TOI-2076 c,23.8322
TOI-2076 c,23.8322
TOI-2076 d,23.8322
TOI-2076 d,23.8322
TOI-2076 d,23.8322
TOI-2076 d,23.8322
TOI-2076 e,23.8322
TOI-2081 b,16.0109
TOI-2081 b,16.0109
TOI-2084 b,8.70101
TOI-2084 b,8.70101
TOI-2088 b,7.87874
TOI-2088 b,7.87874
TOI-2093 b,12.0486
TOI-2093 c,12.0486
TOI-2093 c,12.0486
TOI-2094 b,19.9612
TOI-2094 b,19.9612
TOI-2095 b,23.8274
TOI-2095 b,23.8274
TOI-2095 b,23.8274
TOI-2095 c,23.8274
TOI-2095 c,23.8274
TOI-2095 c,23.8274
TOI-2096 b,20.5978
TOI-2096 b,20.5978
TOI-2096 c,20.5978
TOI-2096 c,20.5978
TOI-2107 b,4.19617
TOI-2107 b,4.19617
TOI-2109 b,3.78791
TOI-2109 b,3.78791
TOI-2120 b,31.0507
TOI-2120 b,31.0507
TOI-2128 b,27.3099
TOI-2128 b,27.3099
TOI-2133 b,13.2694
TOI-2133 b,13.2694
TOI-2134 b,44.1793
TOI-2134 b,44.1793
TOI-2134 c,44.1793
TOI-2134 c,44.1793
TOI-2134 c,44.1793
TOI-2136 b,29.9445
TOI-2136 b,29.9445
TOI-2136 b,29.9445
TOI-2136 b,29.9445
TOI-2141 b,12.8442
TOI-2141 b,12.8442
TOI-2141 b,12.8442
TOI-2141 c,12.8442
TOI-2141 d,12.8442
TOI-2145 b,4.42095
TOI-2145 b,4.42095
TOI-2145 b,4.42095
TOI-2145 b,4.42095
TOI-2152 A b,3.27181
TOI-2152 A b,3.27181
TOI-2154 b,3.34439
TOI-2154 b,3.34439
TOI-2158 b,5.0099
TOI-2158 b,5.0099
TOI-216.01,5.59094
TOI-216.01,5.59094
TOI-216.01,5.59094
TOI-216.01,5.59094
TOI-216.02,5.59094
TOI-216.02,5.59094
TOI-216.02,5.59094
TOI-216.02,5.59094
TOI-2169 A b,2.81653
TOI-2169 A b,2.81653
TOI-2180 b,8.54116
TOI-2180 b,8.54116
TOI-2180 b,8.54116
TOI-2180 b,8.54116
TOI-2184 b,1.23976
TOI-2184 b,1.23976
TOI-2193 A b,2.93802
TOI-2193 A b,2.93802
TOI-2194 b,51.0671
TOI-2194 b,51.0671
TOI-2196 b,3.81833
TOI-2196 b,3.81833
TOI-220 b,10.9915
TOI-220 b,10.9915
TOI-2202 b,4.20961
TOI-2202 b,4.20961
TOI-2202 b,4.20961
TOI-2202 c,4.20961
TOI-2207 b,2.6508
TOI-2207 b,2.6508
TOI-2211.01,14.1973
TOI-2211.01,14.1973
TOI-2236 b,2.78342
TOI-2236 b,2.78342
TOI-2257 b,17.2748
TOI-2257 b,17.2748
TOI-2260 b,9.847611
TOI-2260 b,9.847611
TOI-2266 b,19.3509
TOI-2266 b,19.3509
TOI-2274 b,20.431
TOI-2274 b,20.431
TOI-2285 b,23.551
TOI-2285 b,23.551
TOI-2285 b,23.551
TOI-2295 b,7.89012
TOI-2295 b,7.89012
TOI-2295 c,7.89012
TOI-2322 b,16.6764
TOI-2322 b,16.6764
TOI-2322 c,16.6764
TOI-2322 c,16.6764
TOI-2328 b,4.28555
TOI-2328 b,4.28555
TOI-2337 b,1.8368
TOI-2337 b,1.8368
TOI-2338 b,3.15591
TOI-2338 b,3.15591
TOI-2345 b,12.2179
TOI-2345 b,12.2179
TOI-2345 c,12.2179
TOI-2345 c,12.2179
TOI-2346 b,2.25735
TOI-2346 b,2.25735
TOI-2364 b,4.52489
TOI-2364 b,4.52489
TOI-2368 b,4.71251
TOI-2368 b,4.71251
TOI-237 b,26.2368
TOI-237 b,26.2368
TOI-237 b,26.2368
TOI-2373 b,1.93709
TOI-2373 b,1.93709
TOI-2374 b,7.39795
TOI-2374 b,7.39795
TOI-2379 b,4.705
TOI-2379 b,4.705
TOI-238 b,12.3873
TOI-238 b,12.3873
TOI-238 b,12.3873
TOI-238 b,12.3873
TOI-238 c,12.3873
TOI-2382 b,2.2733
TOI-2382 b,2.2733
TOI-2384 b,5.1936
TOI-2384 b,5.1936
TOI-2406 b,18.016
TOI-2406 b,18.016
TOI-2406 b,18.016
TOI-2407 b,10.7893
TOI-2407 b,10.7893
TOI-2411 b,16.7682
TOI-2411 b,16.7682
TOI-2416 b,1.76414
TOI-2416 b,1.76414
TOI-2420 b,2.26946
TOI-2420 b,2.26946
TOI-2421 b,3.02078
TOI-2421 b,3.02078
TOI-2427 b,35.0407
TOI-2427 b,35.0407
TOI-244 b,45.3562
TOI-244 b,45.3562
TOI-244 b,45.3562
TOI-2443 b,41.767
TOI-2443 b,41.767
TOI-2443 b,41.767
TOI-2445 b,20.5557
TOI-2445 b,20.5557
TOI-2447 b,6.68318
TOI-2447 b,6.68318
TOI-2449 b,6.34925
TOI-2449 b,6.34925
TOI-2458 b,8.82419
TOI-2458 b,8.82419
TOI-2458 c,8.82419
TOI-2459 b,27.285
TOI-2459 b,27.285
TOI-2485 b,2.48508
TOI-2485 b,2.48508
TOI-2497 b,3.47715
TOI-2497 b,3.47715
TOI-2498 b,3.60532
TOI-2498 b,3.60532
TOI-251 b,10.0193
TOI-251 b,10.0193
TOI-251 b,10.0193
TOI-2524 b,2.25039
TOI-2524 b,2.25039
TOI-2525 b,2.5002
TOI-2525 b,2.5002
TOI-2525 c,2.5002
TOI-2525 c,2.5002
TOI-2529 b,3.34745
TOI-2529 b,3.34745
TOI-2537 b,5.37763
TOI-2537 b,5.37763
TOI-2537 c,5.37763
TOI-2545 b,9.30678
TOI-2545 b,9.30678
TOI-2567 b,1.95233
TOI-2567 b,1.95233
TOI-257 b,12.9746
TOI-257 b,12.9746
TOI-257 b,12.9746
TOI-2570 b,2.7359
TOI-2570 b,2.7359
TOI-2580 b,2.60834
TOI-2580 b,2.60834
TOI-2583 A b,1.73744
TOI-2583 A b,1.73744
TOI-2587 A b,2.64807
TOI-2587 A b,2.64807
TOI-2589 b,4.96434
TOI-2589 b,4.96434
TOI-260 b,49.5123
TOI-260 b,49.5123
TOI-260 b,49.5123
TOI-261.01,8.70535
TOI-261.01,8.70535
TOI-261.01,8.70535
TOI-261.02,8.70535
TOI-261.02,8.70535
TOI-262 b,22.7337
TOI-262 b,22.7337
TOI-2641 b,2.87801
TOI-2641 b,2.87801
TOI-2669 b,2.51349
TOI-2669 b,2.51349
TOI-269 b,17.508
TOI-269 b,17.508
TOI-269 b,17.508
TOI-270 b,44.4565
TOI-270 b,44.4565
TOI-270 b,44.4565
TOI-270 b,44.4565
TOI-270 b,44.4565
TOI-270 b,44.4565
TOI-270 c,44.4565
TOI-270 c,44.4565
TOI-270 c,44.4565
TOI-270 c,44.4565
TOI-270 c,44.4565
TOI-270 d,44.4565
TOI-270 d,44.4565
TOI-270 d,44.4565
TOI-270 d,44.4565
TOI-270 d,44.4565
TOI-270 d,44.4565
TOI-2714 b,1.6437
TOI-2714 b,1.6437
TOI-2719 b,1.67111
TOI-2719 b,1.67111
TOI-2768 b,12.7177
TOI-2768 b,12.7177
TOI-277 b,15.4345
TOI-277 b,15.4345
TOI-2796 b,2.82651
TOI-2796 b,2.82651
TOI-2803 A b,1.99238
TOI-2803 A b,1.99238
TOI-2818 b,3.16952
TOI-2818 b,3.16952
TOI-283 b,12.0629
TOI-283 b,12.0629
TOI-2842 b,2.14117
TOI-2842 b,2.14117
TOI-286 b,16.8546
TOI-286 b,16.8546
TOI-286 c,16.8546
TOI-286 c,16.8546
TOI-2876 b,4.40115
TOI-2876 b,4.40115
TOI-2886 b,2.38939
TOI-2886 b,2.38939
TOI-2969 b,6.06893
TOI-2969 b,6.06893
TOI-2981 b,1.86604
TOI-2981 b,1.86604
TOI-2986 b,1.74891
TOI-2986 b,1.74891
TOI-2989 b,5.07859
TOI-2989 b,5.07859
TOI-2992 b,1.81705
TOI-2992 b,1.81705
TOI-3023 b,2.53593
TOI-3023 b,2.53593
TOI-3071 b,2.03305
TOI-3071 b,2.03305
TOI-3082 b,8.81708
TOI-3082 b,8.81708
TOI-3135 b,4.48246
TOI-3135 b,4.48246
TOI-3160 A b,1.74223
TOI-3160 A b,1.74223
TOI-3235 b,13.7066
TOI-3235 b,13.7066
TOI-3261 b,3.30283
TOI-3261 b,3.30283
TOI-3288 b,4.95908
TOI-3288 b,4.95908
TOI-329 b,3.48838
TOI-329 b,3.48838
TOI-332 b,4.46023
TOI-332 b,4.46023
TOI-3321 b,3.46961
TOI-3321 b,3.46961
TOI-333 b,2.81042
TOI-333 b,2.81042
TOI-3331 A b,4.57654
TOI-3331 A b,4.57654
TOI-3353.01,12.6682
TOI-3353.01,12.6682
TOI-3362 b,2.69649
TOI-3362 b,2.69649
TOI-3364 b,3.56992
TOI-3364 b,3.56992
TOI-3464 b,1.64526
TOI-3464 b,1.64526
TOI-3474 b,2.35248
TOI-3474 b,2.35248
TOI-3486 b,6.43489
TOI-3486 b,6.43489
TOI-3493 b,10.3102
TOI-3493 b,10.3102
TOI-3523 A b,1.5239
TOI-3523 A b,1.5239
TOI-3568 b,5.02429
TOI-3568 b,5.02429
TOI-3593 b,4.38388
TOI-3593 b,4.38388
TOI-3629 b,7.65818
TOI-3629 b,7.65818
TOI-3629 b,7.65818
TOI-3682 b,2.4459
TOI-3682 b,2.4459
TOI-3688 A b,2.49471
TOI-3688 A b,2.49471
TOI-3693 b,5.63925
TOI-3693 b,5.63925
TOI-3714 b,8.84375
TOI-3714 b,8.84375
TOI-3714 b,8.84375
TOI-3714 b,8.84375
TOI-375 b,2.49513
TOI-375 b,2.49513
TOI-375 c,2.49513
TOI-375 d,2.49513
TOI-3757 b,5.49203
TOI-3757 b,5.49203
TOI-3785 b,12.5083
TOI-3785 b,12.5083
TOI-3807 b,2.34236
TOI-3807 b,2.34236
TOI-3819 b,1.76329
TOI-3819 b,1.76329
TOI-3837 b,3.17985
TOI-3837 b,3.17985
TOI-3856 b,3.15198
TOI-3856 b,3.15198
TOI-3877 b,1.99715
TOI-3877 b,1.99715
TOI-3884 b,23.1494
TOI-3884 b,23.1494
TOI-3884 b,23.1494
TOI-3894 b,2.36719
TOI-3894 b,2.36719
TOI-3894 b,2.36719
TOI-3894 b,2.36719
TOI-3912 b,2.11743
TOI-3912 b,2.11743
TOI-3919 b,1.62523
TOI-3919 b,1.62523
TOI-3976 A b,1.90888
TOI-3976 A b,1.90888
TOI-3980 b,2.02638
TOI-3980 b,2.02638
TOI-3984 A b,9.15538
TOI-3984 A b,9.15538
TOI-4010 b,5.60499
TOI-4010 b,5.60499
TOI-4010 c,5.60499
TOI-4010 c,5.60499
TOI-4010 d,5.60499
TOI-4010 d,5.60499
TOI-4010 e,5.60499
TOI-406 c,32.1671
TOI-406 c,32.1671
TOI-406.01,32.1671
TOI-406.01,32.1671
TOI-406.01,32.1671
TOI-4087 b,3.28605
TOI-4087 b,3.28605
TOI-411 b,15.8999
TOI-411 b,15.8999
TOI-411 b,15.8999
TOI-411 c,15.8999
TOI-411 c,15.8999
TOI-411 c,15.8999
TOI-4127 b,3.10004
TOI-4127 b,3.10004
TOI-4137 b,2.95656
TOI-4137 b,2.95656
TOI-4145 A b,4.84014
TOI-4145 A b,4.84014
TOI-4153 b,2.33061
TOI-4153 b,2.33061
TOI-4155 b,4.12509
TOI-4155 b,4.12509
TOI-4184 b,14.3881
TOI-4184 b,14.3881
TOI-4201 b,5.26193
TOI-4201 b,5.26193
TOI-4201 b,5.26193
TOI-4201 b,5.26193
TOI-4201 b,5.26193
TOI-421 b,13.3407
TOI-421 b,13.3407
TOI-421 b,13.3407
TOI-421 c,13.3407
TOI-421 c,13.3407
TOI-421 c,13.3407
TOI-421 c,13.3407
TOI-4214 b,2.85485
TOI-4214 b,2.85485
TOI-4308 b,9.15159
TOI-4308 b,9.15159
TOI-431 b,30.6754
TOI-431 b,30.6754
TOI-431 b,30.6754
TOI-431 c,30.6754
TOI-431 d,30.6754
TOI-431 d,30.6754
TOI-431 d,30.6754
TOI-4329 b,1.36581
TOI-4329 b,1.36581
TOI-4336 A b,44.326
TOI-4336 A b,44.326
TOI-4336 A b,44.326
TOI-4336 A c,44.326
TOI-4342 b,16.2259
TOI-4342 b,16.2259
TOI-4342 b,16.2259
TOI-4342 c,16.2259
TOI-4342 c,16.2259
TOI-4342 c,16.2259
TOI-4364 b,22.716
TOI-4364 b,22.716
TOI-4377 b,2.16521
TOI-4377 b,2.16521
TOI-4379 b,1.52314
TOI-4379 b,1.52314
TOI-4406 b,3.79045
TOI-4406 b,3.79045
TOI-4438 b,33.266
TOI-4438 b,33.266
TOI-4438 b,33.266
TOI-444 b,17.3935
TOI-444 b,17.3935
TOI-4443.01,17.8047
TOI-4443.01,17.8047
TOI-4463 A b,5.74805
TOI-4463 A b,5.74805
TOI-4465 b,8.22639
TOI-4465 b,8.22639
TOI-4479 b,12.37
TOI-4479 b,12.37
TOI-4487 A b,2.05861
TOI-4487 A b,2.05861
TOI-4495 b,7.53469
TOI-4495 b,7.53469
TOI-4495 c,7.53469
TOI-4495 c,7.53469
TOI-4495 c,7.53469
TOI-4504 b,2.88993
TOI-4504 b,2.88993
TOI-4504 c,2.88993
TOI-4504 c,2.88993
TOI-4504 d,2.88993
TOI-4507 b,5.58109
TOI-4507 b,5.58109
TOI-451 b,8.05268
TOI-451 b,8.05268
TOI-451 c,8.05268
TOI-451 c,8.05268
TOI-451 c,8.05268
TOI-451 d,8.05268
TOI-451 d,8.05268
TOI-451 d,8.05268
TOI-4515 b,5.13958
TOI-4515 b,5.13958
TOI-4527.01,55.2084
TOI-4527.01,55.2084
TOI-4529 b,35.2022
TOI-4529 b,35.2022
TOI-4551 b,4.60188
TOI-4551 b,4.60188
TOI-4559 b,31.5815
TOI-4559 b,31.5815
TOI-4562 b,2.91584
TOI-4562 b,2.91584
TOI-4562 b,2.91584
TOI-4562 c,2.91584
TOI-4582 b,2.57649
TOI-4582 b,2.57649
TOI-4600 b,4.59965
TOI-4600 b,4.59965
TOI-4600 c,4.59965
TOI-4600 c,4.59965
TOI-4602.01,15.8283
TOI-4602.01,15.8283
TOI-4603 b,4.40371
TOI-4603 b,4.40371
TOI-4633 c,10.4751
TOI-4633 c,10.4751
TOI-4638.01,5.91556
TOI-4638.01,5.91556
TOI-4641 b,11.5524
TOI-4641 b,11.5524
TOI-4666 b,6.4332
TOI-4666 b,6.4332
TOI-469.01,14.6357
TOI-469.01,14.6357
TOI-469.01,14.6357
TOI-469.01,14.6357
TOI-469.01,14.6357
TOI-469.01,14.6357
TOI-470 b,7.6363
TOI-470 b,7.6363
TOI-4734 b,1.7501
TOI-4734 b,1.7501
TOI-4773 b,2.00063
TOI-4773 b,2.00063
TOI-4791 b,3.013
TOI-4791 b,3.013
TOI-4794 b,1.81365
TOI-4794 b,1.81365
TOI-480 b,18.3095
TOI-480 b,18.3095
TOI-481 b,5.54651
TOI-481 b,5.54651
TOI-481 b,5.54651
TOI-481 b,5.54651
TOI-4860 b,12.4503
TOI-4860 b,12.4503
TOI-4860 b,12.4503
TOI-4914 b,3.30627
TOI-4914 b,3.30627
TOI-4940 b,2.86443
TOI-4940 b,2.86443
TOI-4961 b,4.66457
TOI-4961 b,4.66457
TOI-4994 b,3.00799
TOI-4994 b,3.00799
TOI-500 b,21.0715
TOI-500 b,21.0715
TOI-500 b,21.0715
TOI-500 c,21.0715
TOI-500 d,21.0715
TOI-500 e,21.0715
TOI-5005 b,4.78202
TOI-5005 b,4.78202
TOI-5027 b,4.8629
TOI-5027 b,4.8629
TOI-5076 b,12.0403
TOI-5076 b,12.0403
TOI-5076 b,12.0403
TOI-5082.01,23.1513
TOI-5082.01,23.1513
TOI-5108 b,7.61136
TOI-5108 b,7.61136
TOI-5110 b,2.52202
TOI-5110 b,2.52202
TOI-512 b,14.8084
TOI-512 b,14.8084
TOI-5126 b,6.20581
TOI-5126 b,6.20581
TOI-5126 c,6.20581
TOI-5126 c,6.20581
TOI-5143 c,5.48542
TOI-5143 c,5.48542
TOI-5153 b,2.53238
TOI-5153 b,2.53238
TOI-5174 b,5.04184
TOI-5174 b,5.04184
TOI-5181 A b,2.0543
TOI-5181 A b,2.0543
TOI-519 b,8.62578
TOI-519 b,8.62578
TOI-519 b,8.62578
TOI-519 b,8.62578
TOI-5205 b,11.539
TOI-5205 b,11.539
TOI-521 b,16.3803
TOI-521 b,16.3803
TOI-5210 b,3.28174
TOI-5210 b,3.28174
TOI-5218 b,2.62046
TOI-5218 b,2.62046
TOI-5232 b,1.61256
TOI-5232 b,1.61256
TOI-5238 b,3.41174
TOI-5238 b,3.41174
TOI-5261 b,2.62497
TOI-5261 b,2.62497
TOI-5293 A b,6.13575
TOI-5293 A b,6.13575
TOI-5293 A b,6.13575
TOI-530 b,6.69383
TOI-530 b,6.69383
TOI-530 b,6.69383
TOI-5300 b,6.12472
TOI-5300 b,6.12472
TOI-5301 b,1.56081
TOI-5301 b,1.56081
TOI-5301 b,1.56081
TOI-5301 b,1.56081
TOI-5319 b,16.319
TOI-5319 b,16.319
TOI-532 b,7.37607
TOI-532 b,7.37607
TOI-5322 b,2.06874
TOI-5322 b,2.06874
TOI-5340 b,1.8492
TOI-5340 b,1.8492
TOI-5344 b,7.19927
TOI-5344 b,7.19927
TOI-5344 b,7.19927
TOI-5349 b,5.28165
TOI-5349 b,5.28165
TOI-5350 b,3.57686
TOI-5350 b,3.57686
TOI-5386 A b,2.5065
TOI-5386 A b,2.5065
TOI-5388.01,53.9592
TOI-5388.01,53.9592
TOI-5388.01,53.9592
TOI-5398 b,7.61335
TOI-5398 b,7.61335
TOI-5398 b,7.61335
TOI-5398 c,7.61335
TOI-5398 c,7.61335
TOI-540 b,71.3886
TOI-540 b,71.3886
TOI-540 b,71.3886
TOI-5422 b,2.86209
TOI-5422 b,2.86209
TOI-544 b,24.2922
TOI-544 b,24.2922
TOI-544 b,24.2922
TOI-544 c,24.2922
TOI-5489 b,22.1489
TOI-5489 b,22.1489
TOI-5489 c,22.1489
TOI-5489 c,22.1489
TOI-5542 b,2.83809
TOI-5542 b,2.83809
TOI-5573 b,5.33155
TOI-5573 b,5.33155
TOI-558 b,2.45491
TOI-558 b,2.45491
TOI-559 b,4.25819
TOI-559 b,4.25819
TOI-5592 b,1.64624
TOI-5592 b,1.64624
TOI-561 b,11.6268
TOI-561 b,11.6268
TOI-561 b,11.6268
TOI-561 b,11.6268
TOI-561 b,11.6268
TOI-561 b,11.6268
TOI-561 b,11.6268
TOI-561 c,11.6268
TOI-561 c,11.6268
TOI-561 c,11.6268
TOI-561 c,11.6268
TOI-561 c,11.6268
TOI-561 c,11.6268
TOI-561 c,11.6268
TOI-561 c,11.6268
TOI-561 d,11.6268
TOI-561 d,11.6268
TOI-561 d,11.6268
TOI-561 d,11.6268
TOI-561 d,11.6268
TOI-561 d,11.6268
TOI-561 e,11.6268
TOI-561 e,11.6268
TOI-561 e,11.6268
TOI-561 e,11.6268
TOI-561 e,11.6268
TOI-561 e,11.6268
TOI-5616 b,2.53292
TOI-5616 b,2.53292
TOI-5634 A b,3.24127
TOI-5634 A b,3.24127
TOI-564 b,4.98182
TOI-564 b,4.98182
TOI-564 b,4.98182
TOI-5678 b,6.01739
TOI-5678 b,6.01739
TOI-5688 A b,4.39012
TOI-5688 A b,4.39012
TOI-5704 b,11.1273
TOI-5704 b,11.1273
TOI-5713 b,24.4409
TOI-5713 b,24.4409
TOI-5716 b,25.344
TOI-5716 b,25.344
TOI-5720 b,27.8846
TOI-5720 b,27.8846
TOI-5726.01,9.15828
TOI-5726.01,9.15828
TOI-5728 b,18.2511
TOI-5728 b,18.2511
TOI-5734 b,30.731
TOI-5734 b,30.731
TOI-5734 b,30.731
TOI-5736 b,10.7982
TOI-5736 b,10.7982
TOI-5786 b,5.16683
TOI-5786 b,5.16683
TOI-5788 b,10.2155
TOI-5788 b,10.2155
TOI-5788 c,10.2155
TOI-5788 c,10.2155
TOI-5789 b,48.8517
TOI-5789 c,48.8517
TOI-5789 c,48.8517
TOI-5789 d,48.8517
TOI-5789 e,48.8517
TOI-5795 b,6.36075
TOI-5795 b,6.36075
TOI-5799 b,35.9264
TOI-5799 b,35.9264
TOI-5799 b,35.9264
TOI-5799 b,35.9264
TOI-5799 c,35.9264
TOI-5800 b,23.2783
TOI-5800 b,23.2783
TOI-5800 b,23.2783
TOI-5803 b,11.8746
TOI-5803 b,11.8746
TOI-5817 b,12.3548
TOI-5817 b,12.3548
TOI-5882 b,2.37459
TOI-5882 b,2.37459
TOI-5882 b,2.37459
TOI-5938 b,8.74045
TOI-5938 b,8.74045
TOI-6000 b,13.1696
TOI-6000 b,13.1696
TOI-6002 b,31.1952
TOI-6002 b,31.1952
TOI-6008 b,43.2596
TOI-6008 b,43.2596
TOI-6016 b,2.7133
TOI-6016 b,2.7133
TOI-6029 b,1.6299
TOI-6029 b,1.6299
TOI-6034 b,8.44634
TOI-6034 b,8.44634
TOI-6038 A b,5.55363
TOI-6038 A b,5.55363
TOI-6041 b,13.7694
TOI-6041 b,13.7694
TOI-6041 c,13.7694
TOI-6054.01,12.5645
TOI-6054.01,12.5645
TOI-6054.01,12.5645
TOI-6054.02,12.5645
TOI-6054.02,12.5645
TOI-6054.02,12.5645
TOI-6086 b,31.7609
TOI-6086 b,31.7609
TOI-6109 b,6.56189
TOI-6109 b,6.56189
TOI-6109 c,6.56189
TOI-6109 c,6.56189
TOI-6130 b,4.49927
TOI-6130 b,4.49927
TOI-615 b,2.74617
TOI-615 b,2.74617
TOI-620 b,30.253
TOI-620 b,30.253
TOI-622 b,8.08171
TOI-622 b,8.08171
TOI-6223 b,7.48311
TOI-6223 b,7.48311
TOI-6255 b,49.1918
TOI-6255 b,49.1918
TOI-628 b,5.57048
TOI-628 b,5.57048
TOI-6303 b,6.54115
TOI-6303 b,6.54115
TOI-6324 b,48.6356
TOI-6324 b,48.6356
TOI-6324 b,48.6356
TOI-6330 b,7.16392
TOI-6330 b,7.16392
TOI-6383 A b,5.80871
TOI-6383 A b,5.80871
TOI-640 b,2.8953
TOI-640 b,2.8953
TOI-640 b,2.8953
TOI-640 b,2.8953
TOI-6420 b,1.54751
TOI-6420 b,1.54751
TOI-6448 b,2.55628
TOI-6448 b,2.55628
TOI-6478 b,25.8742
TOI-6478 b,25.8742
TOI-654.01,17.2857
TOI-654.01,17.2857
TOI-654.01,17.2857
TOI-6628 b,3.09271
TOI-6628 b,3.09271
TOI-663 b,15.5401
TOI-663 b,15.5401
TOI-663 c,15.5401
TOI-663 c,15.5401
TOI-663 d,15.5401
TOI-663 d,15.5401
TOI-6651 b,4.68614
TOI-6651 b,4.68614
TOI-669 b,6.97093
TOI-669 b,6.97093
TOI-669 b,6.97093
TOI-6692 b,3.16718
TOI-6692 b,3.16718
TOI-6695 b,3.51126
TOI-6695 b,3.51126
TOI-6695 c,3.51126
TOI-6716 b,52.9167
TOI-6716 b,52.9167
TOI-672 b,14.9172
TOI-672 b,14.9172
TOI-674 b,21.6702
TOI-674 b,21.6702
TOI-674 b,21.6702
TOI-677 b,7.02284
TOI-677 b,7.02284
TOI-677 b,7.02284
TOI-677 b,7.02284
TOI-677 b,7.02284
TOI-677 b,7.02284
TOI-682.01,11.9971
TOI-682.01,11.9971
TOI-6894 b,13.52
TOI-6894 b,13.52
TOI-700 b,32.098
TOI-700 b,32.098
TOI-700 b,32.098
TOI-700 b,32.098
TOI-700 c,32.098
TOI-700 c,32.098
TOI-700 c,32.098
TOI-700 c,32.098
TOI-700 c,32.098
TOI-700 d,32.098
TOI-700 d,32.098
TOI-700 d,32.098
TOI-700 d,32.098
TOI-700 e,32.098
TOI-700 e,32.098
TOI-7009 b,5.40231
TOI-7009 b,5.40231
TOI-7041 b,2.24667
TOI-7041 b,2.24667
TOI-712 b,17.0297
TOI-712 b,17.0297
TOI-712 c,17.0297
TOI-712 c,17.0297
TOI-712 d,17.0297
TOI-712 d,17.0297
TOI-7149 b,7.9007
TOI-7149 b,7.9007
TOI-715 b,23.5534
TOI-715 b,23.5534
TOI-7166 b,28.2078
TOI-7166 b,28.2078
TOI-7166 b,28.2078
TOI-733 b,13.2674
TOI-733 b,13.2674
TOI-7384 b,14.9435
TOI-7384 b,14.9435
TOI-7510 b,3.98775
TOI-7510 b,3.98775
TOI-7510 b,3.98775
TOI-7510 c,3.98775
TOI-7510 c,3.98775
TOI-7510 c,3.98775
TOI-7510 d,3.98775
TOI-7510 d,3.98775
TOI-7510 d,3.98775
TOI-756 b,11.5755
TOI-756 b,11.5755
TOI-756 c,11.5755
TOI-757 b,16.5436
TOI-757 b,16.5436
TOI-762 A b,10.1292
TOI-762 A b,10.1292
TOI-763 b,10.4837
TOI-763 b,10.4837
TOI-763 c,10.4837
TOI-763 c,10.4837
TOI-771 b,39.53
TOI-771 b,39.53
TOI-771 b,39.53
TOI-771 c,39.53
TOI-776 b,36.7762
TOI-776 b,36.7762
TOI-776 b,36.7762
TOI-776 b,36.7762
TOI-776 c,36.7762
TOI-776 c,36.7762
TOI-776 c,36.7762
TOI-776 c,36.7762
TOI-778 b,6.15415
TOI-778 b,6.15415
TOI-782 b,19.0147
TOI-782 b,19.0147
TOI-784 b,15.451
TOI-784 b,15.451
TOI-813 b,3.77138
TOI-813 b,3.77138
TOI-813 b,3.77138
TOI-813 b,3.77138
TOI-815 b,16.7183
TOI-815 b,16.7183
TOI-815 c,16.7183
TOI-815 c,16.7183
TOI-824 b,15.6142
TOI-824 b,15.6142
TOI-824 b,15.6142
TOI-824 b,15.6142
TOI-833 b,23.9434
TOI-833 b,23.9434
TOI-836 b,36.3316
TOI-836 b,36.3316
TOI-836.01,36.3316
TOI-836.01,36.3316
TOI-836.01,36.3316
TOI-837 b,6.98927
TOI-837 b,6.98927
TOI-837 b,6.98927
TOI-837 b,6.98927
TOI-837 b,6.98927
TOI-837 b,6.98927
TOI-849 b,4.40128
TOI-849 b,4.40128
TOI-849 b,4.40128
TOI-858 B b,3.9634
TOI-858 B b,3.9634
TOI-871 b,14.6667
TOI-871 b,14.6667
TOI-880 c,16.4543
TOI-880 c,16.4543
TOI-880.02,16.4543
TOI-880.02,16.4543
TOI-880.02,16.4543
TOI-892 b,2.9083
TOI-892 b,2.9083
TOI-892 b,2.9083
TOI-892 b,2.9083
TOI-892 b,2.9083
TOI-904 b,21.6681
TOI-904 b,21.6681
TOI-904 c,21.6681
TOI-904 c,21.6681
TOI-905 b,6.27445
TOI-905 b,6.27445
TOI-905 b,6.27445
TOI-905 b,6.27445
TOI-907.01,3.17173
TOI-907.01,3.17173
TOI-908 b,5.66109
TOI-908 b,5.66109
TOI-912 b,38.2746
TOI-912 b,38.2746
TOI-913 b,15.3139
TOI-913 b,15.3139
TOI-942 b,6.52427
TOI-942 b,6.52427
TOI-942 b,6.52427
TOI-942 b,6.52427
TOI-942 c,6.52427
TOI-942 c,6.52427
TOI-942 c,6.52427
TOI-954 b,4.15951
TOI-954 b,4.15951
TOI-954 b,4.15951
TOI-969 b,12.9155
TOI-969 b,12.9155
TOI-969 c,12.9155
TYC 0434-04538-1 b,1.60524
TYC 1422-614-1 b,1.45875
TYC 1422-614-1 c,1.45875
TYC 2187-512-1 b,64.5938
TYC 3318-01333-1 b,2.01041
TYC 3667-1280-1 b,2.06632
TYC 4282-00605-1 b,2.12621
TYC 8998-760-1 b,10.54
TYC 8998-760-1 b,10.54
TYC 8998-760-1 c,10.54
TYC 8998-760-1 c,10.54
Teegarden's Star b,261.015
Teegarden's Star b,261.015
Teegarden's Star c,261.015
Teegarden's Star c,261.015
Teegarden's Star d,261.015
TrES-1 b,6.23464
TrES-1 b,6.23464
TrES-1 b,6.23464
TrES-1 b,6.23464
TrES-1 b,6.23464
TrES-1 b,6.23464
TrES-1 b,6.23464
TrES-1 b,6.23464
TrES-1 b,6.23464
TrES-1 b,6.23464
TrES-1 b,6.23464
TrES-1 b,6.23464
TrES-1 b,6.23464
TrES-1 b,6.23464
TrES-2 b,4.61543
TrES-2 b,4.61543
TrES-2 b,4.61543
TrES-2 b,4.61543
TrES-2 b,4.61543
TrES-2 b,4.61543
TrES-2 b,4.61543
TrES-2 b,4.61543
TrES-2 b,4.61543
TrES-2 b,4.61543
TrES-2 b,4.61543
TrES-2 b,4.61543
TrES-2 b,4.61543
TrES-2 b,4.61543
TrES-2 b,4.61543
TrES-2 b,4.61543
TrES-2 b,4.61543
TrES-2 b,4.61543
TrES-2 b,4.61543
TrES-2 b,4.61543
TrES-2 b,4.61543
TrES-2 b,4.61543
TrES-2 b,4.61543
TrES-2 b,4.61543
TrES-2 b,4.61543
TrES-2 b,4.61543
TrES-2 b,4.61543
TrES-2 b,4.61543
TrES-2 b,4.61543
TrES-2 b,4.61543
TrES-2 b,4.61543
TrES-2 b,4.61543
TrES-2 b,4.61543
TrES-2 b,4.61543
TrES-3 b,4.29392
TrES-3 b,4.29392
TrES-3 b,4.29392
TrES-3 b,4.29392
TrES-3 b,4.29392
TrES-3 b,4.29392
TrES-3 b,4.29392
TrES-3 b,4.29392
TrES-3 b,4.29392
TrES-3 b,4.29392
TrES-3 b,4.29392
TrES-3 b,4.29392
TrES-3 b,4.29392
TrES-3 b,4.29392
TrES-3 b,4.29392
TrES-3 b,4.29392
TrES-3 b,4.29392
TrES-4 b,1.9095
TrES-4 b,1.9095
TrES-4 b,1.9095
TrES-4 b,1.9095
TrES-4 b,1.9095
TrES-4 b,1.9095
TrES-4 b,1.9095
TrES-4 b,1.9095
TrES-4 b,1.9095
TrES-4 b,1.9095
TrES-4 b,1.9095
TrES-4 b,1.9095
TrES-4 b,1.9095
TrES-4 b,1.9095
TrES-4 b,1.9095
TrES-4 b,1.9095
TrES-5 b,2.74649
TrES-5 b,2.74649
TrES-5 b,2.74649
TrES-5 b,2.74649
TrES-5 b,2.74649
TrES-5 b,2.74649
TrES-5 b,2.74649
TrES-5 b,2.74649
TrES-5 b,2.74649
UCAC3 113-933 b,18.9887
UCAC4 328-061594 b,25.0284
USco CTIO 108 b,6.93055
USco1556 b,7.08346
USco1621 b,7.22324
V0391 Peg b,0.8073
V1298 Tau b,9.21392
V1298 Tau b,9.21392
V1298 Tau b,9.21392
V1298 Tau b,9.21392
V1298 Tau b,9.21392
V1298 Tau b,9.21392
V1298 Tau c,9.21392
V1298 Tau c,9.21392
V1298 Tau c,9.21392
V1298 Tau c,9.21392
V1298 Tau c,9.21392
V1298 Tau d,9.21392
V1298 Tau d,9.21392
V1298 Tau d,9.21392
V1298 Tau d,9.21392
V1298 Tau e,9.21392
V1298 Tau e,9.21392
V1298 Tau e,9.21392
V1298 Tau e,9.21392
V1298 Tau e,9.21392
V830 Tau b,7.65714
V830 Tau b,7.65714
WASP-1 b,2.51707
WASP-1 b,2.51707
WASP-1 b,2.51707
WASP-1 b,2.51707
WASP-1 b,2.51707
WASP-1 b,2.51707
WASP-1 b,2.51707
WASP-1 b,2.51707
WASP-1 b,2.51707
WASP-1 b,2.51707
WASP-1 b,2.51707
WASP-1 b,2.51707
WASP-1 b,2.51707
WASP-10 b,7.06364
WASP-10 b,7.06364
WASP-10 b,7.06364
WASP-10 b,7.06364
WASP-10 b,7.06364
WASP-10 b,7.06364
WASP-10 b,7.06364
WASP-10 b,7.06364
WASP-10 b,7.06364
WASP-10 b,7.06364
WASP-10 b,7.06364
WASP-100 b,2.71534
WASP-100 b,2.71534
WASP-100 b,2.71534
WASP-100 b,2.71534
WASP-100 b,2.71534
WASP-100 b,2.71534
WASP-100 b,2.71534
WASP-100 b,2.71534
WASP-100 b,2.71534
WASP-101 b,4.94086
WASP-101 b,4.94086
WASP-101 b,4.94086
WASP-101 b,4.94086
WASP-101 b,4.94086
WASP-101 b,4.94086
WASP-101 b,4.94086
WASP-101 b,4.94086
WASP-101 b,4.94086
WASP-102 b,1.83929
WASP-102 b,1.83929
WASP-104 b,5.34982
WASP-104 b,5.34982
WASP-104 b,5.34982
WASP-104 b,5.34982
WASP-104 b,5.34982
WASP-104 b,5.34982
WASP-104 b,5.34982
WASP-106 b,2.81147
WASP-106 b,2.81147
WASP-106 b,2.81147
WASP-106 b,2.81147
WASP-106 b,2.81147
WASP-106 b,2.81147
WASP-106 b,2.81147
WASP-106 b,2.81147
WASP-106 b,2.81147
WASP-106 b,2.81147
WASP-107 b,15.4175
WASP-107 b,15.4175
WASP-107 b,15.4175
WASP-107 b,15.4175
WASP-107 b,15.4175
WASP-107 b,15.4175
WASP-107 b,15.4175
WASP-107 b,15.4175
WASP-107 b,15.4175
WASP-107 b,15.4175
WASP-107 b,15.4175
WASP-107 b,15.4175
WASP-107 c,15.4175
WASP-107 c,15.4175
WASP-107 c,15.4175
WASP-108 b,3.83639
WASP-108 b,3.83639
WASP-108 b,3.83639
WASP-11 b,7.99213
WASP-11 b,7.99213
WASP-11 b,7.99213
WASP-11 b,7.99213
WASP-11 b,7.99213
WASP-11 b,7.99213
WASP-11 b,7.99213
WASP-11 b,7.99213
WASP-11 b,7.99213
WASP-11 b,7.99213
WASP-11 b,7.99213
WASP-110 b,3.60869
WASP-110 b,3.60869
WASP-110 b,3.60869
WASP-110 b,3.60869
WASP-113 b,2.26927
WASP-113 b,2.26927
WASP-113 b,2.26927
WASP-113 b,2.26927
WASP-113 b,2.26927
WASP-113 b,2.26927
WASP-113 b,2.26927
WASP-114 b,1.88406
WASP-114 b,1.88406
WASP-114 b,1.88406
WASP-114 b,1.88406
WASP-114 b,1.88406
WASP-114 b,1.88406
WASP-116 b,1.7596
WASP-116 b,1.7596
WASP-117 b,6.30176
WASP-117 b,6.30176
WASP-117 b,6.30176
WASP-117 b,6.30176
WASP-117 b,6.30176
WASP-117 b,6.30176
WASP-117 b,6.30176
WASP-117 b,6.30176
WASP-118 b,2.62793
WASP-118 b,2.62793
WASP-118 b,2.62793
WASP-118 b,2.62793
WASP-118 b,2.62793
WASP-118 b,2.62793
WASP-118 b,2.62793
WASP-119 b,3.27755
WASP-119 b,3.27755
WASP-119 b,3.27755
WASP-119 b,3.27755
WASP-119 b,3.27755
WASP-119 b,3.27755
WASP-119 b,3.27755
WASP-12 b,2.31224
WASP-12 b,2.31224
WASP-12 b,2.31224
WASP-12 b,2.31224
WASP-12 b,2.31224
WASP-12 b,2.31224
WASP-12 b,2.31224
WASP-12 b,2.31224
WASP-12 b,2.31224
WASP-12 b,2.31224
WASP-12 b,2.31224
WASP-12 b,2.31224
WASP-12 b,2.31224
WASP-12 b,2.31224
WASP-12 b,2.31224
WASP-12 b,2.31224
WASP-12 b,2.31224
WASP-12 b,2.31224
WASP-12 b,2.31224
WASP-120 b,2.59467
WASP-120 b,2.59467
WASP-120 b,2.59467
WASP-120 b,2.59467
WASP-120 b,2.59467
WASP-120 b,2.59467
WASP-121 b,3.67631
WASP-121 b,3.67631
WASP-121 b,3.67631
WASP-121 b,3.67631
WASP-121 b,3.67631
WASP-121 b,3.67631
WASP-121 b,3.67631
WASP-121 b,3.67631
WASP-121 b,3.67631
WASP-121 b,3.67631
WASP-121 b,3.67631
WASP-123 b,5.02385
WASP-123 b,5.02385
WASP-123 b,5.02385
WASP-123 b,5.02385
WASP-123 b,5.02385
WASP-124 b,2.20081
WASP-124 b,2.20081
WASP-124 b,2.20081
WASP-124 b,2.20081
WASP-124 b,2.20081
WASP-124 b,2.20081
WASP-124 b,2.20081
WASP-124 b,2.20081
WASP-126 b,4.58952
WASP-126 b,4.58952
WASP-126 b,4.58952
WASP-126 b,4.58952
WASP-126 b,4.58952
WASP-126 b,4.58952
WASP-126 b,4.58952
WASP-126 c,4.58952
WASP-127 b,6.24087
WASP-127 b,6.24087
WASP-127 b,6.24087
WASP-127 b,6.24087
WASP-127 b,6.24087
WASP-127 b,6.24087
WASP-127 b,6.24087
WASP-127 b,6.24087
WASP-129 b,3.28882
WASP-129 b,3.28882
WASP-129 b,3.28882
WASP-129 b,3.28882
WASP-13 b,4.36696
WASP-13 b,4.36696
WASP-13 b,4.36696
WASP-13 b,4.36696
WASP-13 b,4.36696
WASP-13 b,4.36696
WASP-13 b,4.36696
WASP-13 b,4.36696
WASP-13 b,4.36696
WASP-130 b,5.77699
WASP-130 b,5.77699
WASP-130 b,5.77699
WASP-130 b,5.77699
WASP-130 b,5.77699
WASP-130 b,5.77699
WASP-131 b,4.97065
WASP-131 b,4.97065
WASP-131 b,4.97065
WASP-131 b,4.97065
WASP-131 b,4.97065
WASP-131 b,4.97065
WASP-132 b,8.10734
WASP-132 b,8.10734
WASP-132 b,8.10734
WASP-132 b,8.10734
WASP-132 b,8.10734
WASP-132 b,8.10734
WASP-132 b,8.10734
WASP-132 b,8.10734
WASP-132 c,8.10734
WASP-132 c,8.10734
WASP-132 c,8.10734
WASP-132 d,8.10734
WASP-133 b,1.7619
WASP-133 b,1.7619
WASP-133 b,1.7619
WASP-133 b,1.7619
WASP-135 b,3.32442
WASP-135 b,3.32442
WASP-135 b,3.32442
WASP-135 b,3.32442
WASP-135 b,3.32442
WASP-135 b,3.32442
WASP-136 b,3.60091
WASP-136 b,3.60091
WASP-136 b,3.60091
WASP-136 b,3.60091
WASP-136 b,3.60091
WASP-136 b,3.60091
WASP-136 b,3.60091
WASP-138 b,2.38571
WASP-138 b,2.38571
WASP-138 b,2.38571
WASP-138 b,2.38571
WASP-138 b,2.38571
WASP-139 b,4.67768
WASP-139 b,4.67768
WASP-139 b,4.67768
WASP-139 b,4.67768
WASP-14 b,6.14422
WASP-14 b,6.14422
WASP-14 b,6.14422
WASP-14 b,6.14422
WASP-14 b,6.14422
WASP-14 b,6.14422
WASP-14 b,6.14422
WASP-14 b,6.14422
WASP-14 b,6.14422
WASP-14 b,6.14422
WASP-14 b,6.14422
WASP-14 b,6.14422
WASP-140 b,8.47488
WASP-140 b,8.47488
WASP-140 b,8.47488
WASP-140 b,8.47488
WASP-140 b,8.47488
WASP-140 b,8.47488
WASP-141 b,1.90731
WASP-141 b,1.90731
WASP-141 b,1.90731
WASP-141 b,1.90731
WASP-141 b,1.90731
WASP-142 b,1.34024
WASP-142 b,1.34024
WASP-142 b,1.34024
WASP-142 b,1.34024
WASP-142 b,1.34024
WASP-144 b,2.78766
WASP-144 b,2.78766
WASP-144 b,2.78766
WASP-144 b,2.78766
WASP-144 b,2.78766
WASP-145 A b,10.9242
WASP-145 A b,10.9242
WASP-145 A b,10.9242
WASP-145 A b,10.9242
WASP-147 b,2.2651
WASP-147 b,2.2651
WASP-147 b,2.2651
WASP-147 b,2.2651
WASP-148 b,4.03046
WASP-148 b,4.03046
WASP-148 b,4.03046
WASP-148 b,4.03046
WASP-148 b,4.03046
WASP-148 b,4.03046
WASP-148 c,4.03046
WASP-148 c,4.03046
WASP-148 c,4.03046
WASP-149 b,4.69449
WASP-149 b,4.69449
WASP-15 b,3.51679
WASP-15 b,3.51679
WASP-15 b,3.51679
WASP-15 b,3.51679
WASP-15 b,3.51679
WASP-15 b,3.51679
WASP-15 b,3.51679
WASP-15 b,3.51679
WASP-15 b,3.51679
WASP-15 b,3.51679
WASP-15 b,3.51679
WASP-150 b,1.8652
WASP-150 b,1.8652
WASP-150 b,1.8652
WASP-151 b,2.17906
WASP-151 b,2.17906
WASP-151 b,2.17906
WASP-151 b,2.17906
WASP-151 b,2.17906
WASP-153 b,1.61032
WASP-153 b,1.61032
WASP-153 b,1.61032
WASP-153 b,1.61032
WASP-153 b,1.61032
WASP-153 b,1.61032
WASP-154 b,4.61199
WASP-154 b,4.61199
WASP-155 b,2.47376
WASP-155 b,2.47376
WASP-156 b,8.16366
WASP-156 b,8.16366
WASP-156 b,8.16366
WASP-156 b,8.16366
WASP-156 b,8.16366
WASP-156 b,8.16366
WASP-156 b,8.16366
WASP-157 b,2.96628
WASP-157 b,2.96628
WASP-157 b,2.96628
WASP-157 b,2.96628
WASP-157 b,2.96628
WASP-157 b,2.96628
WASP-157 b,2.96628
WASP-157 b,2.96628
WASP-157 b,2.96628
WASP-158 b,1.87646
WASP-158 b,1.87646
WASP-158 b,1.87646
WASP-159 b,1.36892
WASP-159 b,1.36892
WASP-159 b,1.36892
WASP-159 b,1.36892
WASP-159 b,1.36892
WASP-16 b,5.12299
WASP-16 b,5.12299
WASP-16 b,5.12299
WASP-16 b,5.12299
WASP-16 b,5.12299
WASP-16 b,5.12299
WASP-16 b,5.12299
WASP-16 b,5.12299
WASP-16 b,5.12299
WASP-16 b,5.12299
WASP-16 b,5.12299
WASP-160 B b,3.43954
WASP-160 B b,3.43954
WASP-160 B b,3.43954
WASP-160 B b,3.43954
WASP-161 b,2.88635
WASP-161 b,2.88635
WASP-161 b,2.88635
WASP-161 b,2.88635
WASP-161 b,2.88635
WASP-162 b,3.1888
WASP-162 b,3.1888
WASP-162 b,3.1888
WASP-162 b,3.1888
WASP-163 b,3.79808
WASP-163 b,3.79808
WASP-164 b,3.02504
WASP-164 b,3.02504
WASP-164 b,3.02504
WASP-164 b,3.02504
WASP-164 b,3.02504
WASP-165 b,1.63358
WASP-165 b,1.63358
WASP-165 b,1.63358
WASP-165 b,1.63358
WASP-166 b,8.73006
WASP-166 b,8.73006
WASP-166 b,8.73006
WASP-166 b,8.73006
WASP-166 b,8.73006
WASP-167 b,2.33416
WASP-167 b,2.33416
WASP-167 b,2.33416
WASP-167 b,2.33416
WASP-167 b,2.33416
WASP-167 b,2.33416
WASP-168 b,3.2613
WASP-168 b,3.2613
WASP-168 b,3.2613
WASP-168 b,3.2613
WASP-169 b,1.56647
WASP-169 b,1.56647
WASP-169 b,1.56647
WASP-169 b,1.56647
WASP-169 b,1.56647
WASP-17 b,2.43656
WASP-17 b,2.43656
WASP-17 b,2.43656
WASP-17 b,2.43656
WASP-17 b,2.43656
WASP-17 b,2.43656
WASP-17 b,2.43656
WASP-17 b,2.43656
WASP-17 b,2.43656
WASP-17 b,2.43656
WASP-17 b,2.43656
WASP-17 b,2.43656
WASP-17 b,2.43656
WASP-17 b,2.43656
WASP-17 b,2.43656
WASP-17 b,2.43656
WASP-170 b,3.24391
WASP-170 b,3.24391
WASP-170 b,3.24391
WASP-170 b,3.24391
WASP-171 b,1.29143
WASP-171 b,1.29143
WASP-171 b,1.29143
WASP-172 b,1.83142
WASP-172 b,1.83142
WASP-172 b,1.83142
WASP-172 b,1.83142
WASP-172 b,1.83142
WASP-173 A b,4.26358
WASP-173 A b,4.26358
WASP-173 A b,4.26358
WASP-173 A b,4.26358
WASP-173 A b,4.26358
WASP-173 A b,4.26358
WASP-174 b,2.41143
WASP-174 b,2.41143
WASP-174 b,2.41143
WASP-174 b,2.41143
WASP-174 b,2.41143
WASP-175 b,1.82602
WASP-175 b,1.82602
WASP-175 b,1.82602
WASP-175 b,1.82602
WASP-176 b,1.73126
WASP-176 b,1.73126
WASP-177 b,5.62826
WASP-177 b,5.62826
WASP-177 b,5.62826
WASP-177 b,5.62826
WASP-178 b,2.31187
WASP-178 b,2.31187
WASP-178 b,2.31187
WASP-178 b,2.31187
WASP-18 b,8.06943
WASP-18 b,8.06943
WASP-18 b,8.06943
WASP-18 b,8.06943
WASP-18 b,8.06943
WASP-18 b,8.06943
WASP-18 b,8.06943
WASP-18 b,8.06943
WASP-18 b,8.06943
WASP-18 b,8.06943
WASP-18 b,8.06943
WASP-18 b,8.06943
WASP-18 b,8.06943
WASP-18 b,8.06943
WASP-18 b,8.06943
WASP-18 b,8.06943
WASP-18 b,8.06943
WASP-18 c,8.06943
WASP-180 A b,3.90929
WASP-180 A b,3.90929
WASP-180 A b,3.90929
WASP-180 A b,3.90929
WASP-181 b,2.25727
WASP-181 b,2.25727
WASP-181 b,2.25727
WASP-181 b,2.25727
WASP-182 b,3.02448
WASP-182 b,3.02448
WASP-182 b,3.02448
WASP-182 b,3.02448
WASP-183 b,3.04488
WASP-183 b,3.04488
WASP-183 b,3.04488
WASP-183 b,3.04488
WASP-184 b,1.48
WASP-184 b,1.48
WASP-184 b,1.48
WASP-185 b,3.55163
WASP-185 b,3.55163
WASP-186 b,3.56212
WASP-186 b,3.56212
WASP-186 b,3.56212
WASP-186 b,3.56212
WASP-186 b,3.56212
WASP-187 b,2.66418
WASP-187 b,2.66418
WASP-187 b,2.66418
WASP-188 b,1.45225
WASP-188 b,1.45225
WASP-189 b,9.99903
WASP-189 b,9.99903
WASP-189 b,9.99903
WASP-19 b,3.69808
WASP-19 b,3.69808
WASP-19 b,3.69808
WASP-19 b,3.69808
WASP-19 b,3.69808
WASP-19 b,3.69808
WASP-19 b,3.69808
WASP-19 b,3.69808
WASP-19 b,3.69808
WASP-19 b,3.69808
WASP-19 b,3.69808
WASP-19 b,3.69808
WASP-19 b,3.69808
WASP-19 b,3.69808
WASP-19 b,3.69808
WASP-19 b,3.69808
WASP-19 b,3.69808
WASP-190 b,1.81569
WASP-190 b,1.81569
WASP-190 b,1.81569
WASP-190 b,1.81569
WASP-190 b,1.81569
WASP-192 b,1.93929
WASP-192 b,1.93929
WASP-192 b,1.93929
WASP-192 b,1.93929
WASP-193 b,2.73356
WASP-193 b,2.73356
WASP-193 b,2.73356
WASP-194 b,2.06837
WASP-194 b,2.06837
WASP-195 b,2.03373
WASP-195 b,2.03373
WASP-197 b,2.03934
WASP-197 b,2.03934
WASP-2 b,6.49795
WASP-2 b,6.49795
WASP-2 b,6.49795
WASP-2 b,6.49795
WASP-2 b,6.49795
WASP-2 b,6.49795
WASP-2 b,6.49795
WASP-2 b,6.49795
WASP-2 b,6.49795
WASP-2 b,6.49795
WASP-2 b,6.49795
WASP-2 b,6.49795
WASP-2 b,6.49795
WASP-2 b,6.49795
WASP-2 b,6.49795
WASP-2 b,6.49795
WASP-21 b,3.84125
WASP-21 b,3.84125
WASP-21 b,3.84125
WASP-21 b,3.84125
WASP-21 b,3.84125
WASP-21 b,3.84125
WASP-21 b,3.84125
WASP-21 b,3.84125
WASP-21 b,3.84125
WASP-21 b,3.84125
WASP-21 b,3.84125
WASP-22 b,3.12015
WASP-22 b,3.12015
WASP-22 b,3.12015
WASP-22 b,3.12015
WASP-22 b,3.12015
WASP-22 b,3.12015
WASP-22 b,3.12015
WASP-22 b,3.12015
WASP-22 b,3.12015
WASP-22 b,3.12015
WASP-23 b,4.79072
WASP-23 b,4.79072
WASP-23 b,4.79072
WASP-23 b,4.79072
WASP-23 b,4.79072
WASP-23 b,4.79072
WASP-24 b,3.07644
WASP-24 b,3.07644
WASP-24 b,3.07644
WASP-24 b,3.07644
WASP-24 b,3.07644
WASP-24 b,3.07644
WASP-24 b,3.07644
WASP-24 b,3.07644
WASP-24 b,3.07644
WASP-24 b,3.07644
WASP-25 b,4.70138
WASP-25 b,4.70138
WASP-25 b,4.70138
WASP-25 b,4.70138
WASP-25 b,4.70138
WASP-25 b,4.70138
WASP-25 b,4.70138
WASP-25 b,4.70138
WASP-25 b,4.70138
WASP-25 b,4.70138
WASP-25 b,4.70138
WASP-25 b,4.70138
WASP-26 b,3.92919
WASP-26 b,3.92919
WASP-26 b,3.92919
WASP-26 b,3.92919
WASP-26 b,3.92919
WASP-26 b,3.92919
WASP-26 b,3.92919
WASP-26 b,3.92919
WASP-26 b,3.92919
WASP-26 b,3.92919
WASP-26 b,3.92919
WASP-28 b,2.84134
WASP-28 b,2.84134
WASP-28 b,2.84134
WASP-28 b,2.84134
WASP-28 b,2.84134
WASP-28 b,2.84134
WASP-28 b,2.84134
WASP-28 b,2.84134
WASP-28 b,2.84134
WASP-29 b,11.3874
WASP-29 b,11.3874
WASP-29 b,11.3874
WASP-29 b,11.3874
WASP-29 b,11.3874
WASP-29 b,11.3874
WASP-29 b,11.3874
WASP-29 b,11.3874
WASP-29 b,11.3874
WASP-3 b,4.29737
WASP-3 b,4.29737
WASP-3 b,4.29737
WASP-3 b,4.29737
WASP-3 b,4.29737
WASP-3 b,4.29737
WASP-3 b,4.29737
WASP-3 b,4.29737
WASP-3 b,4.29737
WASP-3 b,4.29737
WASP-3 b,4.29737
WASP-3 b,4.29737
WASP-3 b,4.29737
WASP-31 b,2.57716
WASP-31 b,2.57716
WASP-31 b,2.57716
WASP-31 b,2.57716
WASP-31 b,2.57716
WASP-31 b,2.57716
WASP-31 b,2.57716
WASP-31 b,2.57716
WASP-31 b,2.57716
WASP-31 b,2.57716
WASP-32 b,3.59493
WASP-32 b,3.59493
WASP-32 b,3.59493
WASP-32 b,3.59493
WASP-32 b,3.59493
WASP-32 b,3.59493
WASP-32 b,3.59493
WASP-32 b,3.59493
WASP-33 b,8.17244
WASP-33 b,8.17244
WASP-33 b,8.17244
WASP-33 b,8.17244
WASP-33 b,8.17244
WASP-33 b,8.17244
WASP-33 b,8.17244
WASP-33 b,8.17244
WASP-33 b,8.17244
WASP-33 b,8.17244
WASP-33 b,8.17244
WASP-34 b,7.54178
WASP-34 b,7.54178
WASP-34 b,7.54178
WASP-34 b,7.54178
WASP-34 b,7.54178
WASP-34 b,7.54178
WASP-34 b,7.54178
WASP-35 b,4.91668
WASP-35 b,4.91668
WASP-35 b,4.91668
WASP-35 b,4.91668
WASP-35 b,4.91668
WASP-35 b,4.91668
WASP-35 b,4.91668
WASP-35 b,4.91668
WASP-36 b,2.55993
WASP-36 b,2.55993
WASP-36 b,2.55993
WASP-36 b,2.55993
WASP-36 b,2.55993
WASP-36 b,2.55993
WASP-36 b,2.55993
WASP-36 b,2.55993
WASP-36 b,2.55993
WASP-37 b,2.51833
WASP-37 b,2.51833
WASP-37 b,2.51833
WASP-37 b,2.51833
WASP-37 b,2.51833
WASP-37 b,2.51833
WASP-37 b,2.51833
WASP-38 b,7.31146
WASP-38 b,7.31146
WASP-38 b,7.31146
WASP-38 b,7.31146
WASP-38 b,7.31146
WASP-38 b,7.31146
WASP-38 b,7.31146
WASP-38 b,7.31146
WASP-38 b,7.31146
WASP-39 b,4.64482
WASP-39 b,4.64482
WASP-39 b,4.64482
WASP-39 b,4.64482
WASP-39 b,4.64482
WASP-39 b,4.64482
WASP-39 b,4.64482
WASP-39 b,4.64482
WASP-39 b,4.64482
WASP-39 b,4.64482
WASP-39 b,4.64482
WASP-39 b,4.64482
WASP-39 b,4.64482
WASP-4 b,3.71451
WASP-4 b,3.71451
WASP-4 b,3.71451
WASP-4 b,3.71451
WASP-4 b,3.71451
WASP-4 b,3.71451
WASP-4 b,3.71451
WASP-4 b,3.71451
WASP-4 b,3.71451
WASP-4 b,3.71451
WASP-4 b,3.71451
WASP-4 b,3.71451
WASP-4 b,3.71451
WASP-4 b,3.71451
WASP-4 b,3.71451
WASP-4 b,3.71451
WASP-4 b,3.71451
WASP-4 b,3.71451
WASP-4 b,3.71451
WASP-4 b,3.71451
WASP-4 b,3.71451
WASP-4 b,3.71451
WASP-41 b,6.09247
WASP-41 b,6.09247
WASP-41 b,6.09247
WASP-41 b,6.09247
WASP-41 b,6.09247
WASP-41 b,6.09247
WASP-41 b,6.09247
WASP-41 b,6.09247
WASP-41 c,6.09247
WASP-42 b,5.612
WASP-42 b,5.612
WASP-42 b,5.612
WASP-42 b,5.612
WASP-42 b,5.612
WASP-42 b,5.612
WASP-42 b,5.612
WASP-43 b,11.4991
WASP-43 b,11.4991
WASP-43 b,11.4991
WASP-43 b,11.4991
WASP-43 b,11.4991
WASP-43 b,11.4991
WASP-43 b,11.4991
WASP-43 b,11.4991
WASP-43 b,11.4991
WASP-43 b,11.4991
WASP-43 b,11.4991
WASP-43 b,11.4991
WASP-43 b,11.4991
WASP-43 b,11.4991
WASP-44 b,2.71508
WASP-44 b,2.71508
WASP-44 b,2.71508
WASP-44 b,2.71508
WASP-44 b,2.71508
WASP-44 b,2.71508
WASP-44 b,2.71508
WASP-44 b,2.71508
WASP-44 b,2.71508
WASP-44 b,2.71508
WASP-44 b,2.71508
WASP-45 b,4.70643
WASP-45 b,4.70643
WASP-45 b,4.70643
WASP-45 b,4.70643
WASP-45 b,4.70643
WASP-45 b,4.70643
WASP-45 b,4.70643
WASP-45 b,4.70643
WASP-45 b,4.70643
WASP-45 b,4.70643
WASP-46 b,2.63604
WASP-46 b,2.63604
WASP-46 b,2.63604
WASP-46 b,2.63604
WASP-46 b,2.63604
WASP-46 b,2.63604
WASP-46 b,2.63604
WASP-46 b,2.63604
WASP-47 b,3.74964
WASP-47 b,3.74964
WASP-47 b,3.74964
WASP-47 b,3.74964
WASP-47 b,3.74964
WASP-47 b,3.74964
WASP-47 b,3.74964
WASP-47 b,3.74964
WASP-47 b,3.74964
WASP-47 b,3.74964
WASP-47 b,3.74964
WASP-47 b,3.74964
WASP-47 b,3.74964
WASP-47 b,3.74964
WASP-47 b,3.74964
WASP-47 b,3.74964
WASP-47 b,3.74964
WASP-47 b,3.74964
WASP-47 b,3.74964
WASP-47 c,3.74964
WASP-47 c,3.74964
WASP-47 c,3.74964
WASP-47 c,3.74964
WASP-47 c,3.74964
WASP-47 c,3.74964
WASP-47 c,3.74964
WASP-47 d,3.74964
WASP-47 d,3.74964
WASP-47 d,3.74964
WASP-47 d,3.74964
WASP-47 d,3.74964
WASP-47 d,3.74964
WASP-47 d,3.74964
WASP-47 d,3.74964
WASP-47 d,3.74964
WASP-47 d,3.74964
WASP-47 d,3.74964
WASP-47 e,3.74964
WASP-47 e,3.74964
WASP-47 e,3.74964
WASP-47 e,3.74964
WASP-47 e,3.74964
WASP-47 e,3.74964
WASP-47 e,3.74964
WASP-47 e,3.74964
WASP-47 e,3.74964
WASP-47 e,3.74964
WASP-47 e,3.74964
WASP-47 e,3.74964
WASP-47 e,3.74964
WASP-48 b,2.17324
WASP-48 b,2.17324
WASP-48 b,2.17324
WASP-48 b,2.17324
WASP-48 b,2.17324
WASP-48 b,2.17324
WASP-48 b,2.17324
WASP-48 b,2.17324
WASP-48 b,2.17324
WASP-48 b,2.17324
WASP-49 b,5.11132
WASP-49 b,5.11132
WASP-49 b,5.11132
WASP-49 b,5.11132
WASP-49 b,5.11132
WASP-49 b,5.11132
WASP-49 b,5.11132
WASP-49 b,5.11132
WASP-5 b,3.20634
WASP-5 b,3.20634
WASP-5 b,3.20634
WASP-5 b,3.20634
WASP-5 b,3.20634
WASP-5 b,3.20634
WASP-5 b,3.20634
WASP-5 b,3.20634
WASP-5 b,3.20634
WASP-5 b,3.20634
WASP-5 b,3.20634
WASP-5 b,3.20634
WASP-5 b,3.20634
WASP-5 b,3.20634
WASP-5 b,3.20634
WASP-50 b,5.38163
WASP-50 b,5.38163
WASP-50 b,5.38163
WASP-50 b,5.38163
WASP-50 b,5.38163
WASP-50 b,5.38163
WASP-50 b,5.38163
WASP-50 b,5.38163
WASP-50 b,5.38163
WASP-50 b,5.38163
WASP-50 b,5.38163
WASP-52 b,5.69176
WASP-52 b,5.69176
WASP-52 b,5.69176
WASP-52 b,5.69176
WASP-52 b,5.69176
WASP-52 b,5.69176
WASP-52 b,5.69176
WASP-52 b,5.69176
WASP-52 b,5.69176
WASP-52 b,5.69176
WASP-53 b,4.9381
WASP-53 b,4.9381
WASP-53 b,4.9381
WASP-53 b,4.9381
WASP-53 b,4.9381
WASP-53 c,4.9381
WASP-54 b,3.95218
WASP-54 b,3.95218
WASP-54 b,3.95218
WASP-54 b,3.95218
WASP-54 b,3.95218
WASP-54 b,3.95218
WASP-55 b,3.33369
WASP-55 b,3.33369
WASP-55 b,3.33369
WASP-55 b,3.33369
WASP-55 b,3.33369
WASP-55 b,3.33369
WASP-55 b,3.33369
WASP-55 b,3.33369
WASP-55 b,3.33369
WASP-55 b,3.33369
WASP-55 b,3.33369
WASP-55 b,3.33369
WASP-55 b,3.33369
WASP-56 b,3.08648
WASP-56 b,3.08648
WASP-56 b,3.08648
WASP-56 b,3.08648
WASP-56 b,3.08648
WASP-56 b,3.08648
WASP-56 b,3.08648
WASP-57 b,2.48261
WASP-57 b,2.48261
WASP-57 b,2.48261
WASP-57 b,2.48261
WASP-57 b,2.48261
WASP-57 b,2.48261
WASP-57 b,2.48261
WASP-58 b,3.41469
WASP-58 b,3.41469
WASP-58 b,3.41469
WASP-58 b,3.41469
WASP-58 b,3.41469
WASP-58 b,3.41469
WASP-58 b,3.41469
WASP-58 b,3.41469
WASP-59 b,8.59679
WASP-59 b,8.59679
WASP-59 b,8.59679
WASP-59 b,8.59679
WASP-6 b,5.04464
WASP-6 b,5.04464
WASP-6 b,5.04464
WASP-6 b,5.04464
WASP-6 b,5.04464
WASP-6 b,5.04464
WASP-6 b,5.04464
WASP-6 b,5.04464
WASP-6 b,5.04464
WASP-6 b,5.04464
WASP-6 b,5.04464
WASP-6 b,5.04464
WASP-6 b,5.04464
WASP-60 b,2.29163
WASP-60 b,2.29163
WASP-60 b,2.29163
WASP-60 b,2.29163
WASP-60 b,2.29163
WASP-60 b,2.29163
WASP-60 b,2.29163
WASP-60 b,2.29163
WASP-61 b,2.01762
WASP-61 b,2.01762
WASP-61 b,2.01762
WASP-61 b,2.01762
WASP-61 b,2.01762
WASP-61 b,2.01762
WASP-61 b,2.01762
WASP-61 b,2.01762
WASP-61 b,2.01762
WASP-62 b,5.66486
WASP-62 b,5.66486
WASP-62 b,5.66486
WASP-62 b,5.66486
WASP-62 b,5.66486
WASP-62 b,5.66486
WASP-62 b,5.66486
WASP-62 b,5.66486
WASP-62 b,5.66486
WASP-62 b,5.66486
WASP-62 b,5.66486
WASP-62 b,5.66486
WASP-63 b,3.41141
WASP-63 b,3.41141
WASP-63 b,3.41141
WASP-63 b,3.41141
WASP-63 b,3.41141
WASP-63 b,3.41141
WASP-63 b,3.41141
WASP-64 b,2.67451
WASP-64 b,2.67451
WASP-64 b,2.67451
WASP-64 b,2.67451
WASP-64 b,2.67451
WASP-64 b,2.67451
WASP-65 b,3.62506
WASP-65 b,3.62506
WASP-65 b,3.62506
WASP-65 b,3.62506
WASP-65 b,3.62506
WASP-65 b,3.62506
WASP-66 b,1.9717
WASP-66 b,1.9717
WASP-66 b,1.9717
WASP-66 b,1.9717
WASP-66 b,1.9717
WASP-66 b,1.9717
WASP-66 b,1.9717
WASP-66 b,1.9717
WASP-67 b,5.24956
WASP-67 b,5.24956
WASP-67 b,5.24956
WASP-67 b,5.24956
WASP-67 b,5.24956
WASP-67 b,5.24956
WASP-67 b,5.24956
WASP-67 b,5.24956
WASP-68 b,4.38839
WASP-68 b,4.38839
WASP-68 b,4.38839
WASP-68 b,4.38839
WASP-68 b,4.38839
WASP-69 b,19.9871
WASP-69 b,19.9871
WASP-69 b,19.9871
WASP-69 b,19.9871
WASP-69 b,19.9871
WASP-69 b,19.9871
WASP-69 b,19.9871
WASP-69 b,19.9871
WASP-7 b,6.13303
WASP-7 b,6.13303
WASP-7 b,6.13303
WASP-7 b,6.13303
WASP-7 b,6.13303
WASP-7 b,6.13303
WASP-7 b,6.13303
WASP-7 b,6.13303
WASP-7 b,6.13303
WASP-7 b,6.13303
WASP-7 b,6.13303
WASP-7 b,6.13303
WASP-70 A b,4.46958
WASP-70 A b,4.46958
WASP-70 A b,4.46958
WASP-70 A b,4.46958
WASP-70 A b,4.46958
WASP-71 b,2.72889
WASP-71 b,2.72889
WASP-71 b,2.72889
WASP-71 b,2.72889
WASP-71 b,2.72889
WASP-71 b,2.72889
WASP-71 b,2.72889
WASP-71 b,2.72889
WASP-72 b,2.27183
WASP-72 b,2.27183
WASP-72 b,2.27183
WASP-72 b,2.27183
WASP-72 b,2.27183
WASP-72 b,2.27183
WASP-72 b,2.27183
WASP-72 b,2.27183
WASP-73 b,3.12923
WASP-73 b,3.12923
WASP-73 b,3.12923
WASP-73 b,3.12923
WASP-73 b,3.12923
WASP-73 b,3.12923
WASP-73 b,3.12923
WASP-73 b,3.12923
WASP-74 b,6.67342
WASP-74 b,6.67342
WASP-74 b,6.67342
WASP-74 b,6.67342
WASP-74 b,6.67342
WASP-74 b,6.67342
WASP-74 b,6.67342
WASP-74 b,6.67342
WASP-74 b,6.67342
WASP-74 b,6.67342
WASP-75 b,3.37341
WASP-75 b,3.37341
WASP-75 b,3.37341
WASP-75 b,3.37341
WASP-75 b,3.37341
WASP-75 b,3.37341
WASP-75 b,3.37341
WASP-75 b,3.37341
WASP-75 b,3.37341
WASP-75 b,3.37341
WASP-76 b,5.12043
WASP-76 b,5.12043
WASP-76 b,5.12043
WASP-76 b,5.12043
WASP-76 b,5.12043
WASP-76 b,5.12043
WASP-76 b,5.12043
WASP-76 b,5.12043
WASP-76 b,5.12043
WASP-76 b,5.12043
WASP-77 A b,9.48182
WASP-77 A b,9.48182
WASP-77 A b,9.48182
WASP-77 A b,9.48182
WASP-77 A b,9.48182
WASP-77 A b,9.48182
WASP-77 A b,9.48182
WASP-77 A b,9.48182
WASP-77 A b,9.48182
WASP-77 A b,9.48182
WASP-77 A b,9.48182
WASP-77 A b,9.48182
WASP-78 b,1.29679
WASP-78 b,1.29679
WASP-78 b,1.29679
WASP-78 b,1.29679
WASP-78 b,1.29679
WASP-78 b,1.29679
WASP-78 b,1.29679
WASP-78 b,1.29679
WASP-78 b,1.29679
WASP-79 b,4.02497
WASP-79 b,4.02497
WASP-79 b,4.02497
WASP-79 b,4.02497
WASP-79 b,4.02497
WASP-79 b,4.02497
WASP-79 b,4.02497
WASP-79 b,4.02497
WASP-79 b,4.02497
WASP-79 b,4.02497
WASP-79 b,4.02497
WASP-8 b,11.0873
WASP-8 b,11.0873
WASP-8 b,11.0873
WASP-8 b,11.0873
WASP-8 b,11.0873
WASP-8 b,11.0873
WASP-8 b,11.0873
WASP-8 b,11.0873
WASP-8 b,11.0873
WASP-8 b,11.0873
WASP-8 b,11.0873
WASP-8 c,11.0873
WASP-80 b,20.0565
WASP-80 b,20.0565
WASP-80 b,20.0565
WASP-80 b,20.0565
WASP-80 b,20.0565
WASP-80 b,20.0565
WASP-80 b,20.0565
WASP-80 b,20.0565
WASP-80 b,20.0565
WASP-80 b,20.0565
WASP-81 b,2.48163
WASP-81 b,2.48163
WASP-81 b,2.48163
WASP-81 b,2.48163
WASP-82 b,3.59924
WASP-82 b,3.59924
WASP-82 b,3.59924
WASP-82 b,3.59924
WASP-82 b,3.59924
WASP-82 b,3.59924
WASP-82 b,3.59924
WASP-83 b,3.66066
WASP-83 b,3.66066
WASP-83 b,3.66066
WASP-83 b,3.66066
WASP-83 b,3.66066
WASP-83 b,3.66066
WASP-83 b,3.66066
WASP-84 b,9.91295
WASP-84 b,9.91295
WASP-84 b,9.91295
WASP-84 b,9.91295
WASP-84 b,9.91295
WASP-84 b,9.91295
WASP-84 b,9.91295
WASP-84 b,9.91295
WASP-84 c,9.91295
WASP-84 c,9.91295
WASP-85 A b,7.0197
WASP-85 A b,7.0197
WASP-85 A b,7.0197
WASP-85 A b,7.0197
WASP-85 A b,7.0197
WASP-85 A b,7.0197
WASP-85 A b,7.0197
WASP-85 A b,7.0197
WASP-87 b,3.32313
WASP-87 b,3.32313
WASP-87 b,3.32313
WASP-87 b,3.32313
WASP-88 b,1.88108
WASP-88 b,1.88108
WASP-88 b,1.88108
WASP-88 b,1.88108
WASP-88 b,1.88108
WASP-88 b,1.88108
WASP-89 b,3.40855
WASP-89 b,3.40855
WASP-89 b,3.40855
WASP-89 b,3.40855
WASP-89 b,3.40855
WASP-90 b,2.11996
WASP-90 b,2.11996
WASP-90 b,2.11996
WASP-90 b,2.11996
WASP-91 b,6.64038
WASP-91 b,6.64038
WASP-91 b,6.64038
WASP-91 b,6.64038
WASP-91 b,6.64038
WASP-92 b,1.70764
WASP-92 b,1.70764
WASP-92 b,1.70764
WASP-92 b,1.70764
WASP-92 b,1.70764
WASP-92 b,1.70764
WASP-92 b,1.70764
WASP-93 b,2.67335
WASP-93 b,2.67335
WASP-93 b,2.67335
WASP-93 b,2.67335
WASP-93 b,2.67335
WASP-93 b,2.67335
WASP-93 b,2.67335
WASP-93 b,2.67335
WASP-93 b,2.67335
WASP-94 A b,4.70676
WASP-94 A b,4.70676
WASP-94 A b,4.70676
WASP-94 A b,4.70676
WASP-94 A b,4.70676
WASP-94 A b,4.70676
WASP-94 B b,4.76348
WASP-95 b,7.24182
WASP-95 b,7.24182
WASP-95 b,7.24182
WASP-95 b,7.24182
WASP-95 b,7.24182
WASP-95 b,7.24182
WASP-95 b,7.24182
WASP-95 b,7.24182
WASP-96 b,2.80882
WASP-96 b,2.80882
WASP-96 b,2.80882
WASP-96 b,2.80882
WASP-96 b,2.80882
WASP-96 b,2.80882
WASP-96 b,2.80882
WASP-96 b,2.80882
WASP-96 b,2.80882
WASP-97 b,6.59064
WASP-97 b,6.59064
WASP-97 b,6.59064
WASP-97 b,6.59064
WASP-97 b,6.59064
WASP-97 b,6.59064
WASP-97 b,6.59064
WASP-97 b,6.59064
WASP-98 b,3.52049
WASP-98 b,3.52049
WASP-98 b,3.52049
WASP-98 b,3.52049
WASP-98 b,3.52049
WASP-98 b,3.52049
WASP-98 b,3.52049
WASP-99 b,6.27403
WASP-99 b,6.27403
WASP-99 b,6.27403
WASP-99 b,6.27403
WASP-99 b,6.27403
WASP-99 b,6.27403
WASP-99 b,6.27403
WASP-99 b,6.27403
WD 0806-661 b,51.9342
WD 0806-661 b,51.9342
WD 1856+534 b,40.3983
WD 1856+534 b,40.3983
WD 1856+534 b,40.3983
WISPIT 1 b,4.31891
WISPIT 1 c,4.31891
WISPIT 2 b,7.38768
WISPIT 2 b,7.38768
WTS-1 b,0.403034
Wendelstein-1 b,3.24702
Wendelstein-1 b,3.24702
Wendelstein-2 b,1.74094
Wendelstein-2 b,1.74094
Wolf 1061 b,232.21
Wolf 1061 b,232.21
Wolf 1061 c,232.21
Wolf 1061 c,232.21
Wolf 1061 d,232.21
Wolf 1061 d,232.21
Wolf 1069 b,104.318
Wolf 327 b,35.0195
Wolf 327 b,35.0195
Wolf 503 b,22.43
Wolf 503 b,22.43
Wolf 503 b,22.43
Wolf 503 b,22.43
XO-1 b,6.08537
XO-1 b,6.08537
XO-1 b,6.08537
XO-1 b,6.08537
XO-1 b,6.08537
XO-1 b,6.08537
XO-1 b,6.08537
XO-1 b,6.08537
XO-1 b,6.08537
XO-1 b,6.08537
XO-1 b,6.08537
XO-1 b,6.08537
XO-1 b,6.08537
XO-1 b,6.08537
XO-1 b,6.08537
XO-2 N b,6.45395
XO-2 N b,6.45395
XO-2 N b,6.45395
XO-2 N b,6.45395
XO-2 N b,6.45395
XO-2 N b,6.45395
XO-2 N b,6.45395
XO-2 N b,6.45395
XO-2 N b,6.45395
XO-2 N b,6.45395
XO-2 N b,6.45395
XO-2 N b,6.45395
XO-2 N b,6.45395
XO-2 N b,6.45395
XO-2 N b,6.45395
XO-2 S b,6.57655
XO-2 S b,6.57655
XO-2 S c,6.57655
XO-3 b,4.66603
XO-3 b,4.66603
XO-3 b,4.66603
XO-3 b,4.66603
XO-3 b,4.66603
XO-3 b,4.66603
XO-3 b,4.66603
XO-3 b,4.66603
XO-3 b,4.66603
XO-3 b,4.66603
XO-3 b,4.66603
XO-3 b,4.66603
XO-3 b,4.66603
XO-3 b,4.66603
XO-3 b,4.66603
XO-3 b,4.66603
XO-3 b,4.66603
XO-4 b,3.63921
XO-4 b,3.63921
XO-4 b,3.63921
XO-4 b,3.63921
XO-4 b,3.63921
XO-4 b,3.63921
XO-4 b,3.63921
XO-4 b,3.63921
XO-4 b,3.63921
XO-4 b,3.63921
XO-5 b,3.59238
XO-5 b,3.59238
XO-5 b,3.59238
XO-5 b,3.59238
XO-5 b,3.59238
XO-5 b,3.59238
XO-5 b,3.59238
XO-5 b,3.59238
XO-5 b,3.59238
XO-5 b,3.59238
XO-5 b,3.59238
XO-6 b,4.21833
XO-6 b,4.21833
XO-6 b,4.21833
XO-6 b,4.21833
XO-6 b,4.21833
XO-6 b,4.21833
XO-7 b,4.24195
XO-7 b,4.24195
XO-7 b,4.24195
XO-7 b,4.24195
XO-7 b,4.24195
XO-7 b,4.24195
YZ Cet b,269.363
YZ Cet b,269.363
YZ Cet b,269.363
YZ Cet c,269.363
YZ Cet c,269.363
YZ Cet c,269.363
YZ Cet d,269.363
YZ Cet d,269.363
YZ Cet d,269.363
ZTF J1230-2655 b,5.37615
ZTF J1828+2308 b,4.9326
alf Ari b,49.48
alf Tau b,48.94
b Cen AB b,10.2435
bet Cnc b,11.23
bet Pic b,50.6231
bet Pic b,50.6231
bet Pic b,50.6231
bet Pic b,50.6231
bet Pic b,50.6231
bet Pic b,50.6231
bet Pic b,50.6231
bet Pic b,50.6231
bet Pic b,50.6231
bet Pic b,50.6231
bet Pic c,50.6231
bet Pic c,50.6231
bet Pic c,50.6231
bet UMi b,25.79
eps CrB b,14.2898
eps Eri b,312.219
eps Eri b,312.219
eps Eri b,312.219
eps Eri b,312.219
eps Eri b,312.219
eps Eri b,312.219
eps Ind A b,274.805
eps Ind A b,274.805
eps Tau b,21.04
eps Tau b,21.04
eps Tau b,21.04
eps Tau b,21.04
gam Cep b,70.91
gam Cep b,70.91
gam Cep b,70.91
gam Cep b,70.91
gam Cep b,70.91
gam Lib b,21.0823
gam Lib b,21.0823
gam Lib c,21.0823
gam Lib c,21.0823
gam Psc b,24.1899
gam1 Leo b,25.07
iot Dra b,31.92
iot Dra b,31.92
iot Dra b,31.92
iot Dra b,31.92
iot Dra c,31.92
kap And b,19.9751
kap And b,19.9751
kap CrB b,33.2328
kap CrB b,33.2328
kap CrB b,33.2328
kap CrB b,33.2328
kap CrB b,33.2328
kap CrB b,33.2328
kap CrB b,33.2328
kap CrB b,33.2328
kap CrB b,33.2328
kap CrB b,33.2328
kap CrB b,33.2328
mu Leo b,30.6493
mu2 Sco b,6.31
nu Oct A b,47.17
nu Oct A b,47.17
nu Oct A b,47.17
nu Oph b,21.64
nu Oph b,21.64
nu Oph b,21.64
nu Oph c,21.64
nu Oph c,21.64
nu Oph c,21.64
ome Ser b,13.002
ome Ser b,13.002
omi CrB b,11.766
omi CrB b,11.766
omi UMa b,18.21
omi UMa b,18.21
pi Men c,54.7052
pi Men c,54.7052
pi Men c,54.7052
pi Men c,54.7052
pi Men c,54.7052
pi Men c,54.7052
pi Men c,54.7052
pi Men c,54.7052
pi Men c,54.7052
pi Men d,54.7052
pi Men d,54.7052
psi1 Dra B b,43.9875
rho CrB b,57.2216
rho CrB b,57.2216
rho CrB b,57.2216
rho CrB b,57.2216
rho CrB b,57.2216
rho CrB c,57.2216
rho CrB c,57.2216
rho CrB c,57.2216
rho CrB c,57.2216
rho CrB d,57.2216
rho CrB d,57.2216
rho CrB e,57.2216
tau Boo b,63.8638
tau Boo b,63.8638
tau Boo b,63.8638
tau Boo b,63.8638
tau Boo b,63.8638
tau Cet e,277.516
tau Cet f,277.516
tau Cet g,277.516
tau Cet h,277.516
tau Gem b,8.87786
tau Gem b,8.87786
ups And b,74.5711
ups And b,74.5711
ups And b,74.5711
ups And b,74.5711
ups And b,74.5711
ups And b,74.5711
ups And b,74.5711
ups And b,74.5711
ups And c,74.5711
ups And c,74.5711
ups And c,74.5711
ups And c,74.5711
ups And c,74.5711
ups And c,74.5711
ups And c,74.5711
ups And d,74.5711
ups And d,74.5711
ups And d,74.5711
ups And d,74.5711
ups And d,74.5711
ups And d,74.5711
ups And d,74.5711
ups Leo b,18.9939
xi Aql b,17.7725
xi Aql b,17.7725
xi Aql b,17.7725
